v,CO2share,E_appl,Vcell,CO_out,H2_out,Predicted,Actual,Difference,Absolute_Error
0.0183154,0.577311,-0.639834,2.72166,0.000245371,23.2883,0.0001577938616119015,0.000245371,-8.757713838809848e-05,8.757713838809848e-05
0.02329777,0.6539297,-1.135584,3.573997,0.1230977,26.12271,0.13725772488607302,0.1230977,0.014160024886073014,0.014160024886073014
0.0222259,0.505009,-0.862385,3.08523,0.00308114,20.366,0.004088302273531799,0.00308114,0.001007162273531799,0.001007162273531799
0.0196048,0.733391,-0.840229,3.06642,0.00381725,29.5772,0.004925315683658875,0.00381725,0.0011080656836588748,0.0011080656836588748
0.01528505,0.7566868,-1.232025,3.809148,0.6775396,28.98023,0.6438318388912595,0.6775396,-0.03370776110874052,0.03370776110874052
0.01646725,0.8660199,-1.141808,3.607602,0.2479573,34.40726,0.2746076807470418,0.2479573,0.02665038074704179,0.02665038074704179
0.01342521,0.8394425,-1.14455,3.610703,0.3043569,33.21578,0.3360284208369278,0.3043569,0.03167152083692781,0.03167152083692781
0.0215891,0.93322,-1.00639,3.35972,0.0370739,37.5684,0.04961741812700912,0.0370739,0.012543518127009122,0.012543518127009122
0.019856236,0.86593638,-1.3127854,4.1481047,1.2114613,31.558763,1.2150742746612435,1.2114613,0.00361297466124344,0.00361297466124344
0.0230931,0.506372,-1.09615,3.48398,0.0588033,20.3061,0.0701643028426104,0.0588033,0.011361002842610393,0.011361002842610393
0.014152,0.662025,-0.874323,3.11829,0.0073925,26.6905,0.00992677815963239,0.0073925,0.00253427815963239,0.00253427815963239
0.02131681,0.6704307,-1.257387,3.867203,0.5648033,25.72133,0.5223338588677945,0.5648033,-0.04246944113220552,0.04246944113220552
0.024635689,0.71629905,-1.3539568,4.325364,1.1562496,25.548145,1.1734815461122423,1.1562496,0.017231946112242325,0.017231946112242325
0.0151,0.23121,-0.95507,3.2037,0.0068099,9.3128,0.009378664876123311,0.0068099,0.0025687648761233113,0.0025687648761233113
0.0111057,0.63993,-0.830272,3.04315,0.00517392,25.8034,0.006575369255302269,0.00517392,0.0014014492553022688,0.0014014492553022688
0.0136908,0.57391,-0.947434,3.2338,0.0169073,23.1164,0.023318009033518106,0.0169073,0.0064107090335181055,0.0064107090335181055
0.00991193,0.39908,-0.945284,3.2125,0.0157944,16.0662,0.02179406945611881,0.0157944,0.0059996694561188085,0.0059996694561188085
0.01245349,0.229693,-1.220899,3.67018,0.2259312,8.78069,0.2151307290263328,0.2259312,-0.010800470973667209,0.010800470973667209
0.02062221,0.769878,-1.14185,3.598495,0.1766167,30.68424,0.19502230635538437,0.1766167,0.01840560635538438,0.01840560635538438
0.0230644,0.682145,-0.967068,3.27567,0.0153413,27.4862,0.02104299742669667,0.0153413,0.005701697426696668,0.005701697426696668
0.01781383,0.9271918,-1.273633,3.985068,1.046521,34.66633,1.008399973679515,1.046521,-0.038121026320484974,0.038121026320484974
0.0236428,0.867608,-0.725075,2.88303,0.00085371,34.9979,0.0008239649227425505,0.00085371,-2.9745077257449536e-05,2.9745077257449536e-05
0.0201441,0.57144,-0.543841,2.5618,6.43554e-05,23.0519,2.0191799592433054e-05,6.43554e-05,-4.416360040756695e-05,4.416360040756695e-05
0.0226547,0.550953,-0.743665,2.89188,0.000718332,22.2242,0.0007399003838788693,0.000718332,2.156838387886925e-05,2.156838387886925e-05
0.017013475,0.61545323,-1.3870094,4.4911422,2.386888,20.054657,1.9500412105869471,2.386888,-0.43684678941305277,0.43684678941305277
0.00943039,0.533057,-1.06174,3.42557,0.0978705,21.301,0.12335338097694354,0.0978705,0.02548288097694354,0.02548288097694354
0.0110507,0.732276,-0.889689,3.14896,0.0127511,29.5127,0.017331357195129522,0.0127511,0.004580257195129523,0.004580257195129523
0.01949536,0.7805977,-1.179131,3.679735,0.2988297,30.84778,0.30755982517250857,0.2988297,0.008730125172508596,0.008730125172508596
0.0164186,0.7298319,-1.148169,3.6072,0.2267664,28.96358,0.24811066450138788,0.2267664,0.021344264501387877,0.021344264501387877
0.01443749,0.3777112,-1.229717,3.727202,0.353952,14.50257,0.33267425905043013,0.353952,-0.021277740949569857,0.021277740949569857
0.022508,0.20138,-0.57259,2.562,2.9361e-05,8.1224,1.1816624831127266e-05,2.9361e-05,-1.7544375168872734e-05,1.7544375168872734e-05
0.0156214,0.221641,-1.11689,3.47652,0.0492457,8.84116,0.05685175650138603,0.0492457,0.00760605650138603,0.00760605650138603
0.0143548,0.279002,-0.66109,2.72316,0.000198799,11.2545,0.00014402110329493205,0.000198799,-5.477789670506794e-05,5.477789670506794e-05
0.0186223,0.235142,-1.14328,3.52619,0.0610551,9.36174,0.06696025095485852,0.0610551,0.0059051509548585235,0.0059051509548585235
0.0180698,0.444398,-0.684192,2.78289,0.000338434,17.9264,0.0002751969149890793,0.000338434,-6.323708501092067e-05,6.323708501092067e-05
0.024028,0.415576,-1.08895,3.46006,0.0423841,16.6777,0.05113485340129173,0.0423841,0.008750753401291729,0.008750753401291729
0.0206209,0.439993,-0.800407,2.97551,0.00130596,17.7468,0.0015687639385024844,0.00130596,0.0002628039385024843,0.0002628039385024843
0.0219474,0.410679,-0.963984,3.24529,0.00933076,16.5479,0.012812864506406304,0.00933076,0.003482104506406304,0.003482104506406304
0.012215144,0.76580521,-1.3187699,4.133588,1.7958996,25.96743,1.8447475744478659,1.7958996,0.048847974447865816,0.048847974447865816
0.0170471,0.369796,-0.963633,3.23967,0.0107668,14.8956,0.014789060291701265,0.0107668,0.004022260291701265,0.004022260291701265
0.009485862,0.9071647,-1.22178,3.803779,1.157111,33.9109,1.1251602708124506,1.157111,-0.031950729187549376,0.031950729187549376
0.0104671,0.967573,-1.07438,3.48351,0.187657,38.6337,0.2325097979342837,0.187657,0.044852797934283706,0.044852797934283706
0.02381984,0.3509716,-1.330565,4.002668,0.5118007,12.93322,0.4824531966828072,0.5118007,-0.029347503317192825,0.029347503317192825
0.02125553,0.8467839,-1.226999,3.811019,0.5166539,32.96191,0.4933101690485321,0.5166539,-0.02334373095146791,0.02334373095146791
0.0124432,0.797216,-0.8499,3.08666,0.00740078,32.1437,0.009677134664562293,0.00740078,0.0022763546645622927,0.0022763546645622927
0.01906078,0.8261058,-1.244205,3.858782,0.6691246,31.72685,0.6342890571211027,0.6691246,-0.03483554287889723,0.03483554287889723
0.0227069,0.905385,-0.619311,2.70944,0.000238465,36.5231,0.00013498014277952292,0.000238465,-0.00010348485722047707,0.00010348485722047707
0.00876582,0.480299,-1.00592,3.32385,0.0466256,19.2787,0.06254165349081114,0.0466256,0.01591605349081114,0.01591605349081114
0.015330767,0.61917785,-1.3496523,4.2308698,1.6230533,20.417237,1.5689287712134456,1.6230533,-0.05412452878655438,0.05412452878655438
0.01155393,0.7063803,-1.243417,3.831305,0.9398175,26.34244,0.887972190609495,0.9398175,-0.05184530939050502,0.05184530939050502
0.0233973,0.977279,-0.652443,2.76822,0.000382307,39.423,0.0002642729081533163,0.000382307,-0.00011803409184668373,0.00011803409184668373
0.0175571,0.590554,-0.886301,3.13271,0.00619844,23.8102,0.008403701415521391,0.00619844,0.0022052614155213908,0.0022052614155213908
0.01395228,0.3231293,-1.297874,3.881768,0.6408342,11.64491,0.5626138956883938,0.6408342,-0.0782203043116062,0.0782203043116062
0.0128681,0.567117,-0.530514,2.53931,8.42502e-05,22.877,2.3292137125086337e-05,8.42502e-05,-6.0958062874913665e-05,6.0958062874913665e-05
0.008475733,0.3554524,-1.256085,3.781524,0.7424805,12.78988,0.6878938788571086,0.7424805,-0.05458662114289137,0.05458662114289137
0.00844787,0.595125,-0.531945,2.54399,0.000137168,24.006,3.8454808653248165e-05,0.000137168,-9.871319134675184e-05,9.871319134675184e-05
0.01714383,0.2526029,-1.269752,3.783143,0.3111404,9.537196,0.27519862291916264,0.3111404,-0.035941777080837345,0.035941777080837345
0.0120819,0.983841,-0.508484,2.52952,0.000117302,39.687,2.587057565459633e-05,0.000117302,-9.143142434540366e-05,9.143142434540366e-05
0.0214059,0.741762,-1.08369,3.48409,0.0793767,29.7571,0.09666756691486945,0.0793767,0.01729086691486946,0.01729086691486946
0.00972847,0.905707,-0.515564,2.53721,0.000146877,36.5345,3.491588893497049e-05,0.000146877,-0.00011196111106502952,0.00011196111106502952
0.024872,0.21806,-0.75201,2.8633,0.00028824,8.7963,0.00030495629082665947,0.00028824,1.6716290826659474e-05,1.6716290826659474e-05
0.0126414,0.850529,-0.781372,2.97567,0.00322487,34.303,0.0037057574927520823,0.00322487,0.00048088749275208235,0.00048088749275208235
0.0186321,0.983666,-0.827394,3.05956,0.00456885,39.6715,0.005778607135095589,0.00456885,0.001209757135095589,0.001209757135095589
0.0246956,0.439742,-0.539558,2.54226,3.82343e-05,17.7394,1.152722866634136e-05,3.82343e-05,-2.670707133365864e-05,2.670707133365864e-05
0.00859066,0.764905,-1.02423,3.37976,0.0957154,30.6552,0.12619431352276034,0.0957154,0.03047891352276033,0.03047891352276033
0.0108844,0.745868,-0.8531,3.08872,0.00824729,30.0703,0.010827936341236685,0.00824729,0.0025806463412366854,0.0025806463412366854
0.016915,0.70101,-0.519874,2.53186,6.91055e-05,28.2785,1.7175852269302966e-05,6.91055e-05,-5.192964773069704e-05,5.192964773069704e-05
0.01986257,0.647415,-1.21759,3.752241,0.3849928,25.28158,0.3680010830936775,0.3849928,-0.016991716906322507,0.016991716906322507
0.02093342,0.2824139,-1.210324,3.663602,0.1464837,11.09332,0.14176027018907578,0.1464837,-0.004723429810924218,0.004723429810924218
0.0182887,0.270113,-0.662229,2.72361,0.000153294,10.8961,0.00011172488139781124,0.000153294,-4.156911860218876e-05,4.156911860218876e-05
0.0216312,0.971333,-0.643799,2.75357,0.000367816,39.1831,0.00024209176300784188,0.000367816,-0.0001257242369921581,0.0001257242369921581
0.0211467,0.397768,-1.0688,3.42237,0.0357082,15.973,0.04444608250491556,0.0357082,0.008737882504915556,0.008737882504915556
0.0216843,0.831873,-1.0011,3.34426,0.0307509,33.4937,0.04133615405686888,0.0307509,0.010585254056868876,0.010585254056868876
0.013583,0.20046,-0.78884,2.9209,0.00077882,8.085,0.0009111461142928888,0.00077882,0.00013232611429288884,0.00013232611429288884
0.0163691,0.386078,-0.672045,2.75615,0.000277689,15.5738,0.00021287242793263688,0.000277689,-6.481657206736314e-05,6.481657206736314e-05
0.0110802,0.522157,-0.728517,2.86414,0.00114583,21.0609,0.0011200017472163936,0.00114583,-2.5828252783606422e-05,2.5828252783606422e-05
0.0248491,0.848782,-0.645109,2.74911,0.000284538,34.2397,0.0001886998766183889,0.000284538,-9.583812338161108e-05,9.583812338161108e-05
0.0126362,0.709668,-0.653571,2.75443,0.000521537,28.6264,0.00036277798466994476,0.000521537,-0.00015875901533005522,0.00015875901533005522
0.024875216,0.57012163,-1.3636052,4.2957279,0.93139908,20.356838,1.0072872831382664,0.93139908,0.07588820313826639,0.07588820313826639
0.01391022,0.2756276,-1.194317,3.630004,0.1778709,10.75596,0.17746511031473694,0.1778709,-0.00040578968526305825,0.00040578968526305825
0.0166787,0.452507,-0.599033,2.64235,0.000125056,18.2539,6.1597202321399e-05,0.000125056,-6.345879767860099e-05,6.345879767860099e-05
0.0172961,0.302108,-1.15351,3.55854,0.0957505,11.9918,0.10307641693750091,0.0957505,0.007325916937500912,0.007325916937500912
0.01041263,0.2353876,-1.286619,3.815422,0.5690443,8.322873,0.4946654515725218,0.5690443,-0.07437884842747816,0.07437884842747816
0.01687646,0.4465278,-1.246328,3.783219,0.4338583,17.0901,0.3952248842515899,0.4338583,-0.03863341574841006,0.03863341574841006
0.00909793,0.310676,-0.89363,3.11451,0.00691167,12.5182,0.009417744482967633,0.00691167,0.0025060744829676334,0.0025060744829676334
0.0113569,0.39581,-0.650149,2.72095,0.000309735,15.966,0.00021138329158118004,0.000309735,-9.835170841881996e-05,9.835170841881996e-05
0.0243783,0.964306,-0.576944,2.64219,0.000137286,38.9003,5.7214261337970956e-05,0.000137286,-8.007173866202904e-05,8.007173866202904e-05
0.02029913,0.7039631,-1.269719,3.91522,0.6938982,26.70603,0.6475194228680892,0.6938982,-0.04637877713191085,0.04637877713191085
0.0158479,0.8305757,-1.187841,3.706015,0.4316091,32.56581,0.43974017565602436,0.4316091,0.008131075656024334,0.008131075656024334
0.0193163,0.730448,-1.08701,3.48923,0.0902862,29.2779,0.10943512657023594,0.0902862,0.01914892657023594,0.01914892657023594
0.010243,0.21925,-0.61548,2.6368,0.00012187,8.8442,6.726183010234678e-05,0.00012187,-5.4608169897653214e-05,5.4608169897653214e-05
0.01042724,0.6168364,-1.24837,3.826334,0.9614705,22.72632,0.9011755795710102,0.9614705,-0.06029492042898976,0.06029492042898976
0.0138187,0.89087,-0.875541,3.13506,0.010348,35.9156,0.013910857834930773,0.010348,0.003562857834930773,0.003562857834930773
0.021658769,0.51362944,-1.3416645,4.1365063,0.8704474,18.386949,0.8578911581170464,0.8704474,-0.012556241882953567,0.012556241882953567
0.0203206,0.667332,-0.811269,3.01355,0.00231072,26.9155,0.0028383954789841896,0.00231072,0.0005276754789841896,0.0005276754789841896
0.01773026,0.6485359,-1.198708,3.706856,0.3442161,25.42785,0.3423486908907876,0.3442161,-0.0018674091092124034,0.0018674091092124034
0.0207516,0.94172,-0.577358,2.64172,0.000158342,37.9889,6.62066128641767e-05,0.000158342,-9.213538713582332e-05,9.213538713582332e-05
0.011892184,0.95376466,-1.292955,4.0727903,1.8405203,33.4779,1.8615274076562818,1.8405203,0.021007107656281665,0.021007107656281665
0.01287659,0.6461227,-1.29815,3.999206,1.258906,22.87582,1.2220854478908045,1.258906,-0.03682055210919555,0.03682055210919555
0.0209276,0.495589,-0.974592,3.27234,0.0135245,19.9644,0.01849120643181741,0.0135245,0.004966706431817411,0.004966706431817411
0.010482,0.21884,-0.86206,3.0463,0.002827,8.8223,0.0037395676038419826,0.002827,0.0009125676038419825,0.0009125676038419825
0.0238781,0.6608953,-1.226708,3.778182,0.363288,25.85997,0.3417560222616679,0.363288,-0.021531977738332098,0.021531977738332098
0.00980722,0.341952,-0.673655,2.75323,0.000419082,13.7931,0.0003238609534244399,0.000419082,-9.522104657556007e-05,9.522104657556007e-05
0.02050624,0.8259998,-1.256479,3.898882,0.7111497,31.57103,0.6632016969893518,0.7111497,-0.047948003010648166,0.047948003010648166
0.0169308,0.644115,-0.924218,3.20049,0.0113992,25.96,0.015713318487284158,0.0113992,0.004314118487284158,0.004314118487284158
0.01246409,0.3653519,-1.342158,4.048931,1.061377,12.12162,1.0650829569828024,1.061377,0.0037059569828024053,0.0037059569828024053
0.01306321,0.5483849,-1.242767,3.796947,0.6543117,20.69573,0.605900121978171,0.6543117,-0.04841157802182905,0.04841157802182905
0.0157369,0.961691,-0.812215,3.03312,0.00435223,38.7852,0.005356206905230622,0.00435223,0.0010039769052306215,0.0010039769052306215
0.02235336,0.7521909,-1.174361,3.665655,0.2367281,29.83866,0.24620315424667474,0.2367281,0.009475054246674747,0.009475054246674747
0.014322695,0.5118905,-1.3309739,4.0816239,1.1722309,17.60329,1.1745613476549195,1.1722309,0.0023304476549195208,0.0023304476549195208
0.0208455,0.441338,-0.990245,3.29308,0.0147696,17.7735,0.020015194448850016,0.0147696,0.0052455944488500154,0.0052455944488500154
0.019938,0.499075,-0.527352,2.52797,4.59479e-05,20.1327,1.2313465613202197e-05,4.59479e-05,-3.36344343867978e-05,3.36344343867978e-05
0.0153201,0.943024,-1.06787,3.46991,0.115292,37.7979,0.1439364163207706,0.115292,0.028644416320770583,0.028644416320770583
0.0244281,0.8841,-0.776474,2.96943,0.00162908,35.6616,0.001848517759809922,0.00162908,0.00021943775980992207,0.00021943775980992207
0.00963306,0.463354,-0.637129,2.70671,0.000361643,18.6903,0.00022885796839811328,0.000361643,-0.0001327850316018867,0.0001327850316018867
0.00884675,0.872868,-0.717481,2.87071,0.00208191,35.2055,0.0019524439886894251,0.00208191,-0.00012946601131057505,0.00012946601131057505
0.0162083,0.780325,-0.806372,3.01305,0.00318101,31.4716,0.0038694766797374705,0.00318101,0.0006884666797374703,0.0006884666797374703
0.0126215,0.7410115,-1.269967,3.923219,1.150999,27.06375,1.0987834699300918,1.150999,-0.05221553006990831,0.05221553006990831
0.01972686,0.5294183,-1.136545,3.561445,0.119142,21.11029,0.1325774081266468,0.119142,0.013435408126646814,0.013435408126646814
0.00857671,0.695916,-0.841065,3.06523,0.00836739,28.0546,0.010811345161868626,0.00836739,0.0024439551618686255,0.0024439551618686255
0.0217066,0.550642,-0.970442,3.27056,0.0137392,22.1848,0.018819212669192904,0.0137392,0.005080012669192904,0.005080012669192904
0.009560946,0.2679159,-1.328348,3.943615,0.9686169,8.677016,0.8993503885611672,0.9686169,-0.06926651143883278,0.06926651143883278
0.01049543,0.2922611,-1.238432,3.72418,0.4128757,10.9421,0.38541238861576516,0.4128757,-0.027463311384234856,0.027463311384234856
0.02340206,0.75453448,-1.3309243,4.2017755,1.1375557,27.217119,1.0591419380198657,1.1375557,-0.07841376198013439,0.07841376198013439
0.0162082,0.890466,-0.559577,2.60944,0.000152552,35.9209,5.506678621320118e-05,0.000152552,-9.748521378679882e-05,9.748521378679882e-05
0.024656198,0.41327516,-1.3669652,4.200875,0.79660116,14.503166,0.7587375970179379,0.79660116,-0.03786356298206217,0.03786356298206217
0.0173201,0.727045,-0.521078,2.53562,7.10867e-05,29.3288,1.788680023823732e-05,7.10867e-05,-5.319989976176268e-05,5.319989976176268e-05
0.0182687,0.452337,-0.951114,3.22832,0.0104705,18.2259,0.014428934786505088,0.0104705,0.003958434786505087,0.003958434786505087
0.0134002,0.377824,-0.739415,2.86704,0.00078857,15.2397,0.0008008040279856317,0.00078857,1.223402798563168e-05,1.223402798563168e-05
0.0130364,0.257047,-1.16132,3.56358,0.119044,10.1271,0.12617306007572707,0.119044,0.00712906007572707,0.00712906007572707
0.0218409,0.9253885,-1.131432,3.591516,0.1762175,36.95457,0.19828230923162707,0.1762175,0.02206480923162707,0.02206480923162707
0.0243004,0.388837,-1.02195,3.34065,0.0167283,15.6517,0.02207998867427079,0.0167283,0.005351688674270789,0.005351688674270789
0.008440376,0.9732283,-1.12949,3.591096,0.4636344,38.26644,0.5286040994430761,0.4636344,0.06496969944307607,0.06496969944307607
0.0121461,0.258457,-0.673198,2.73986,0.000254268,10.4256,0.00019604427323639405,0.000254268,-5.8223726763605935e-05,5.8223726763605935e-05
0.01056296,0.262588,-1.236988,3.712677,0.3642175,9.847801,0.3392844752982161,0.3642175,-0.024933024701783935,0.024933024701783935
0.01688443,0.4709156,-1.163743,3.606223,0.1726117,18.64004,0.1829913507292009,0.1726117,0.010379650729200884,0.010379650729200884
0.0158487,0.514849,-0.703404,2.82176,0.000572135,20.7678,0.0005067959571792844,0.000572135,-6.53390428207156e-05,6.53390428207156e-05
0.0132238,0.598812,-0.682108,2.79361,0.000606679,24.1545,0.0004884958168604003,0.000606679,-0.00011818318313959973,0.00011818318313959973
0.0111048,0.287807,-0.754569,2.87979,0.000880562,11.6082,0.0009390031073318768,0.000880562,5.844110733187679e-05,5.844110733187679e-05
0.0207331,0.564958,-0.75546,2.91268,0.000936481,22.7887,0.0010013329819009936,0.000936481,6.485198190099367e-05,6.485198190099367e-05
0.0126977,0.559339,-1.09269,3.48344,0.112866,22.3301,0.13570710039553088,0.112866,0.02284110039553089,0.02284110039553089
0.0243419,0.703746,-0.800269,2.99783,0.00176637,28.3858,0.0021212033388745997,0.00176637,0.00035483333887459975,0.00035483333887459975
0.0188985,0.955293,-0.620207,2.71357,0.000305811,38.5359,0.00017411578005190577,0.000305811,-0.00013169521994809425,0.00013169521994809425
0.0103078,0.621642,-0.559965,2.59261,0.000168295,25.0759,6.095282904605251e-05,0.000168295,-0.0001073421709539475,0.0001073421709539475
0.00838945,0.566319,-0.708683,2.83507,0.00127221,22.8416,0.0011519688375730493,0.00127221,-0.00012024116242695068,0.00012024116242695068
0.02363592,0.2714337,-1.31927,3.923137,0.3922688,10.06211,0.33945671607109035,0.3922688,-0.052812083928909626,0.052812083928909626
0.020075,0.997036,-0.507389,2.52836,7.05458e-05,40.2205,1.5375766197379883e-05,7.05458e-05,-5.5170033802620115e-05,5.5170033802620115e-05
0.0246125,0.526393,-0.641745,2.72042,0.000170627,21.2346,0.00011096683752410086,0.000170627,-5.966016247589913e-05,5.966016247589913e-05
0.0242719,0.685458,-0.996938,3.32683,0.0214667,27.6071,0.02894568200170826,0.0214667,0.007478982001708261,0.007478982001708261
0.0119828,0.83782,-0.596497,2.66775,0.000311943,33.7963,0.00015086221752169302,0.000311943,-0.000161080782478307,0.000161080782478307
0.0119571,0.209037,-1.14308,3.51967,0.0841597,8.26185,0.09251363073949148,0.0841597,0.008353930739491477,0.008353930739491477
0.018088,0.340128,-0.595493,2.62322,8.28229e-05,13.7207,3.9761309024662516e-05,8.28229e-05,-4.306159097533748e-05,4.306159097533748e-05
0.0155094,0.288503,-1.02317,3.32828,0.0197426,11.5981,0.026038611385146033,0.0197426,0.006296011385146034,0.006296011385146034
0.0102892,0.484533,-1.11026,3.50682,0.150179,19.2362,0.17568188511164506,0.150179,0.025502885111645057,0.025502885111645057
0.0207494,0.478612,-0.938903,3.21056,0.00834289,19.2903,0.011511069341078314,0.00834289,0.0031681793410783133,0.0031681793410783133
0.01061002,0.7385615,-1.148828,3.609244,0.3562565,29.04167,0.3912186180239572,0.3562565,0.03496211802395721,0.03496211802395721
0.0127254,0.859615,-0.77676,2.96852,0.00305164,34.6699,0.0034654823277220415,0.00305164,0.00041384232772204155,0.00041384232772204155
0.010352969,0.76352658,-1.3689044,4.4417538,3.9825585,22.836792,3.395670868965188,3.9825585,-0.5868876310348119,0.5868876310348119
0.0098271478,0.96009087,-1.342804,4.3550464,3.2883922,29.074922,3.570469077687976,3.2883922,0.28207687768797607,0.28207687768797607
0.01731,0.301441,-0.76018,2.89119,0.000635886,12.1589,0.0006895907619155405,0.000635886,5.3704761915540546e-05,5.3704761915540546e-05
0.01028648,0.7595027,-1.156187,3.626742,0.4129636,29.7632,0.448010742937019,0.4129636,0.035047142937018994,0.035047142937018994
0.0113783,0.914168,-1.01661,3.37636,0.0784317,36.7118,0.10410943085585073,0.0784317,0.025677730855850733,0.025677730855850733
0.0149856,0.481842,-0.875375,3.10464,0.00515033,19.4268,0.006922278977684173,0.00515033,0.001771948977684173,0.001771948977684173
0.020243,0.358379,-1.00028,3.29991,0.0140384,14.4285,0.01888928905192733,0.0140384,0.004850889051927331,0.004850889051927331
0.0157207,0.802272,-0.507804,2.51838,7.28753e-05,32.3633,1.5954826075640584e-05,7.28753e-05,-5.692047392435942e-05,5.692047392435942e-05
0.0228239,0.935228,-0.78361,2.98409,0.00202139,37.7232,0.0023356953115713235,0.00202139,0.0003143053115713234,0.0003143053115713234
0.0200628,0.669407,-0.541465,2.56547,7.34183e-05,27.0039,2.2533688497975082e-05,7.34183e-05,-5.0884611502024916e-05,5.0884611502024916e-05
0.0229326,0.915515,-1.04434,3.42551,0.0555584,36.8153,0.07145029526060274,0.0555584,0.015891895260602744,0.015891895260602744
0.0226512,0.308996,-1.16107,3.57399,0.0820873,12.2975,0.08706656231537532,0.0820873,0.004979262315375321,0.004979262315375321
0.022951605,0.70003119,-1.3564263,4.3310677,1.218961,24.711802,1.258194145745958,1.218961,0.03923314574595804,0.03923314574595804
0.0124567,0.88948,-1.0106,3.36435,0.0645836,35.7454,0.08617347727505932,0.0645836,0.021589877275059316,0.021589877275059316
0.014221,0.21474,-0.5771,2.572,5.2193e-05,8.6064,2.191213086988586e-05,5.2193e-05,-3.028086913011414e-05,3.028086913011414e-05
0.0220565,0.967435,-0.758648,2.94423,0.00157039,39.0233,0.0016953443098982528,0.00157039,0.0001249543098982527,0.0001249543098982527
0.02138542,0.7911869,-1.117811,3.552657,0.1299415,31.64334,0.14971687768178035,0.1299415,0.019775377681780365,0.019775377681780365
0.00955345,0.685042,-1.0664,3.44793,0.131654,27.3598,0.16492538625152892,0.131654,0.03327138625152892,0.03327138625152892
0.01423558,0.941097,-1.18535,3.713154,0.52864,36.79482,0.5408880420525397,0.52864,0.01224804205253971,0.01224804205253971
0.0111941,0.864842,-0.528885,2.55706,0.000144633,34.8865,3.9352424858561376e-05,0.000144633,-0.00010528057514143862,0.00010528057514143862
0.013085,0.945892,-0.839373,3.07759,0.00729518,38.1414,0.009401922714959094,0.00729518,0.0021067427149590937,0.0021067427149590937
0.015625,0.523327,-0.913667,3.1726,0.00876606,21.0929,0.01205305937689637,0.00876606,0.003286999376896369,0.003286999376896369
0.00917107,0.303214,-1.12247,3.50231,0.122792,11.9811,0.14064200881549063,0.122792,0.017850008815490634,0.017850008815490634
0.0196539,0.698757,-1.00644,3.34415,0.0305085,28.1246,0.04083391377359341,0.0305085,0.01032541377359341,0.01032541377359341
0.009056792,0.6325128,-1.273915,3.906075,1.441591,22.08985,1.3566544696247786,1.441591,-0.08493653037522142,0.08493653037522142
0.01784626,0.4877467,-1.216355,3.720384,0.3179217,19.00814,0.30483172895918165,0.3179217,-0.013089971040818327,0.013089971040818327
0.0106224,0.583194,-0.78515,2.96356,0.0027623,23.5197,0.0032041358801059593,0.0027623,0.00044183588010595926,0.00044183588010595926
0.0192108,0.487553,-1.13712,3.55719,0.113465,19.4339,0.12613652685335755,0.113465,0.012671526853357554,0.012671526853357554
0.0136701,0.59697,-0.815417,3.01505,0.00324059,24.0748,0.004012609176216443,0.00324059,0.000772019176216443,0.000772019176216443
0.0172189,0.698848,-0.651759,2.75067,0.00036823,28.1907,0.00025357747633584035,0.00036823,-0.00011465252366415964,0.00011465252366415964
0.0142733,0.583003,-0.649578,2.73831,0.000360352,23.5174,0.00024513820256188604,0.000360352,-0.00011521379743811394,0.00011521379743811394
0.016297935,0.79226377,-1.311785,4.1132717,1.3286029,28.335003,1.3420789050090947,1.3286029,0.013476005009094738,0.013476005009094738
0.0215818,0.698236,-0.608731,2.67919,0.000168907,28.1667,8.906529494032519e-05,0.000168907,-7.98417050596748e-05,7.98417050596748e-05
0.02313872,0.3920347,-1.187092,3.639964,0.1394994,15.52765,0.1410868788769307,0.1394994,0.001587478876930698,0.001587478876930698
0.0207735,0.675234,-1.11764,3.5415,0.113989,27.0013,0.13129759668652255,0.113989,0.017308596686522557,0.017308596686522557
0.0247648,0.942577,-0.688393,2.82616,0.000552799,38.0228,0.00045836164392911756,0.000552799,-9.443735607088242e-05,9.443735607088242e-05
0.0208801,0.21093,-1.06319,3.38083,0.0175133,8.3117,0.02240914490663639,0.0175133,0.004895844906636391,0.004895844906636391
0.0126297,0.969205,-0.674763,2.80489,0.000935565,39.095,0.0007269870011481414,0.000935565,-0.00020857799885185858,0.00020857799885185858
0.0147735,0.868473,-0.507275,2.52139,8.33777e-05,35.0337,1.8150280793533062e-05,8.33777e-05,-6.522741920646695e-05,6.522741920646695e-05
0.01615961,0.869004,-1.260554,3.921543,0.9665716,32.63406,0.9204861695332108,0.9665716,-0.046085430466789146,0.046085430466789146
0.012740741,0.4880208,-1.350714,4.1587881,1.3938335,15.968229,1.5020810594562632,1.3938335,0.1082475594562633,0.1082475594562633
0.0205051,0.781786,-0.544198,2.57754,8.68914e-05,31.5372,2.7352574061540476e-05,8.68914e-05,-5.953882593845953e-05,5.953882593845953e-05
0.0162376,0.918494,-0.607587,2.69068,0.000291007,37.0513,0.00015224571245537344,0.000291007,-0.00013876128754462653,0.00013876128754462653
0.0109994,0.33782,-1.07181,3.41912,0.0604773,13.504,0.07506179180463425,0.0604773,0.014584491804634253,0.014584491804634253
0.01373896,0.2032698,-1.284197,3.797124,0.3671586,7.448478,0.31651020858385287,0.3671586,-0.05064839141614713,0.05064839141614713
0.022152,0.22074,-0.82907,2.9919,0.00088117,8.9029,0.0011175099782904045,0.00088117,0.00023633997829040443,0.00023633997829040443
0.0119033,0.856281,-0.636593,2.7354,0.000537146,34.5405,0.00033882866356742356,0.000537146,-0.0001983173364325764,0.0001983173364325764
0.0242702,0.733656,-0.503795,2.50737,4.10003e-05,29.5959,8.593187003267594e-06,4.10003e-05,-3.2407112996732403e-05,3.2407112996732403e-05
0.017077,0.512497,-0.563333,2.58896,8.74525e-05,20.674,3.259499907740864e-05,8.74525e-05,-5.485750092259136e-05,5.485750092259136e-05
0.016236,0.22471,-0.94517,3.186,0.0054237,9.0539,0.007480857954484106,0.0054237,0.002057157954484106,0.002057157954484106
0.009895567,0.7253814,-1.270234,3.918629,1.428298,25.78025,1.3753696578799666,1.428298,-0.0529283421200335,0.0529283421200335
0.0106021,0.250803,-0.623227,2.65557,0.000148781,10.1169,8.637436338272198e-05,0.000148781,-6.240663661727803e-05,6.240663661727803e-05
0.0197815,0.586103,-1.04221,3.39667,0.0401148,23.5606,0.05174477035075141,0.0401148,0.01162997035075141,0.01162997035075141
0.014023013,0.21057188,-1.3947665,4.1484204,0.79988496,6.4756014,0.8654979437178252,0.79988496,0.0656129837178252,0.0656129837178252
0.01459893,0.4572314,-1.285356,3.893534,0.749755,16.73714,0.6773062456167217,0.749755,-0.07244875438327825,0.07244875438327825
0.0219323,0.26448,-1.07858,3.41872,0.0259133,10.6166,0.03178527131693799,0.0259133,0.005871971316937986,0.005871971316937986
0.0170981,0.294866,-0.931945,3.17606,0.00570507,11.8834,0.007871348595091802,0.00570507,0.002166278595091803,0.002166278595091803
0.0123967,0.38296337,-1.3684667,4.1760249,1.2811533,12.060908,1.4169380402106222,1.2811533,0.13578474021062226,0.13578474021062226
0.0225748,0.946462,-0.517353,2.54234,6.76833e-05,38.1805,1.6391241201228715e-05,6.76833e-05,-5.129205879877129e-05,5.129205879877129e-05
0.01580811,0.200736,-1.337948,3.936976,0.5152812,6.991541,0.4443293915215831,0.5152812,-0.07095180847841692,0.07095180847841692
0.02125853,0.5624752,-1.246024,3.809796,0.4311353,21.73916,0.39407233486692334,0.4311353,-0.037062965133076664,0.037062965133076664
0.0125921,0.963766,-1.05289,3.44391,0.118533,38.6274,0.15106308763965517,0.118533,0.032530087639655175,0.032530087639655175
0.0238727,0.453063,-1.09765,3.48033,0.051929,18.1701,0.06173231246826191,0.051929,0.00980331246826191,0.00980331246826191
0.00952328,0.389246,-0.676198,2.76343,0.000507569,15.7007,0.00039720352757273506,0.000507569,-0.00011036547242726497,0.00011036547242726497
0.0147268,0.717852,-0.967867,3.27963,0.0255357,28.9048,0.03502705512642843,0.0255357,0.00949135512642843,0.00949135512642843
0.0245201,0.53875,-0.654849,2.74329,0.000207422,21.7331,0.00014529409995292413,0.000207422,-6.212790004707586e-05,6.212790004707586e-05
0.01615961,0.3426398,-1.268708,3.810863,0.445174,12.88434,0.39213533880405277,0.445174,-0.053038661195947245,0.053038661195947245
0.01890063,0.8242663,-1.18529,3.699327,0.3502436,32.4907,0.3565953020780737,0.3502436,0.006351702078073729,0.006351702078073729
0.0197721,0.674568,-0.724531,2.86984,0.000788173,27.2106,0.0007591813152148486,0.000788173,-2.8991684785151348e-05,2.8991684785151348e-05
0.02340171,0.8605683,-1.14909,3.622522,0.190206,34.30981,0.2072407725538181,0.190206,0.017034772553818106,0.017034772553818106
0.02264226,0.2170172,-1.306392,3.859675,0.3003564,8.12877,0.25185202003022455,0.3003564,-0.04850437996977547,0.04850437996977547
0.02155459,0.2427451,-1.195571,3.624693,0.1034116,9.582024,0.10214193494492865,0.1034116,-0.0012696650550713534,0.0012696650550713534
0.01705932,0.7687773,-1.13841,3.59134,0.2040035,30.58223,0.22704511834213226,0.2040035,0.023041618342132253,0.023041618342132253
0.0093372084,0.80384893,-1.3453221,4.2908954,3.0382487,23.712204,3.2178190125410118,3.0382487,0.17957031254101175,0.17957031254101175
0.0240426,0.313148,-1.314672,3.929868,0.4237284,11.68023,0.36920373081033636,0.4237284,-0.054524669189663644,0.054524669189663644
0.02349157,0.6428418,-1.24999,3.838958,0.4584878,24.88465,0.4234083694717475,0.4584878,-0.03507943052825252,0.03507943052825252
0.00898914,0.386484,-0.677673,2.76555,0.000544119,15.5891,0.0004288885743462072,0.000544119,-0.00011523042565379283,0.00011523042565379283
0.019599652,0.92578532,-1.3176875,4.1978793,1.370315,33.451303,1.3762583022908725,1.370315,0.0059433022908725874,0.0059433022908725874
0.02398044,0.7313322,-1.212642,3.753683,0.340822,28.75279,0.3278972158524471,0.340822,-0.012924784147552937,0.012924784147552937
0.020053,0.20107,-0.63409,2.6639,7.2252e-05,8.0854,4.5047187671020865e-05,7.2252e-05,-2.7204812328979133e-05,2.7204812328979133e-05
0.0176244,0.550136,-0.784279,2.95931,0.00155312,22.1893,0.0017975942510953234,0.00155312,0.0002444742510953233,0.0002444742510953233
0.01520813,0.7649474,-1.269674,3.929151,0.9896684,28.40361,0.9387530943612631,0.9896684,-0.05091530563873692,0.05091530563873692
0.0136422,0.668723,-0.670415,2.77952,0.000565152,26.9748,0.00042970996989773674,0.000565152,-0.00013544203010226323,0.00013544203010226323
0.0200496,0.650698,-0.606984,2.67287,0.000165679,26.2489,8.631565843548459e-05,0.000165679,-7.936334156451542e-05,7.936334156451542e-05
0.023189,0.89084,-0.816808,3.03697,0.00290227,35.9308,0.00360285173055523,0.00290227,0.0007005817305552296,0.0007005817305552296
0.0108053,0.51485,-0.587397,2.62913,0.000189133,20.7681,8.548963964360522e-05,0.000189133,-0.00010364336035639477,0.00010364336035639477
0.0201127,0.61557,-0.924334,3.19844,0.00918483,24.8133,0.012660274336347425,0.00918483,0.003475444336347425,0.003475444336347425
0.024369,0.720699,-0.659157,2.76446,0.000295072,29.0727,0.00021157850412649524,0.000295072,-8.349349587350477e-05,8.349349587350477e-05
0.0172164,0.768083,-0.675672,2.79499,0.000550293,30.9833,0.0004295223648327638,0.000550293,-0.00012077063516723616,0.00012077063516723616
0.0124174,0.517751,-0.959303,3.24869,0.0195736,20.8455,0.026930772781540806,0.0195736,0.007357172781540806,0.007357172781540806
0.0208364,0.732477,-1.0162,3.36352,0.0341651,29.4772,0.045332586833243885,0.0341651,0.011167486833243888,0.011167486833243888
0.00950805,0.984546,-0.736499,2.90826,0.00278942,39.7091,0.0028047838769912708,0.00278942,1.5363876991270845e-05,1.5363876991270845e-05
0.0220396,0.48085,-1.11206,3.50981,0.0715025,19.2504,0.08299147024604825,0.0715025,0.011488970246048252,0.011488970246048252
0.01334195,0.8789002,-1.170922,3.672053,0.4432885,34.49577,0.4653125370034407,0.4432885,0.022024037003440744,0.022024037003440744
0.0101552,0.903658,-1.06295,3.45822,0.156429,36.1231,0.196860489647511,0.156429,0.040431489647510976,0.040431489647510976
0.0147798,0.872919,-0.694447,2.83244,0.000927154,35.2113,0.0007900663618668957,0.000927154,-0.00013708763813310434,0.00013708763813310434
0.0235565,0.37554,-0.5679,2.58196,4.92629e-05,15.1494,1.907641541691712e-05,4.92629e-05,-3.0186484583082877e-05,3.0186484583082877e-05
0.0224238,0.755104,-0.581117,2.63714,0.000123309,30.4609,5.310671451979673e-05,0.000123309,-7.020228548020326e-05,7.020228548020326e-05
0.0228719,0.888651,-0.980742,3.31276,0.0240095,35.7982,0.032717129292409594,0.0240095,0.008707629292409595,0.008707629292409595
0.02042481,0.4230788,-1.198148,3.668406,0.194108,16.66548,0.19278700362578988,0.194108,-0.001320996374210126,0.001320996374210126
0.00992661,0.678731,-0.90975,3.1788,0.0170149,27.3438,0.02336955302499524,0.0170149,0.00635465302499524,0.00635465302499524
0.017267446,0.49537769,-1.3632252,4.2347569,1.1915622,16.691684,1.256633156007475,1.1915622,0.06507095600747514,0.06507095600747514
0.0164629,0.713084,-0.539916,2.56596,9.34329e-05,28.7655,2.826426085356409e-05,9.34329e-05,-6.516863914643591e-05,6.516863914643591e-05
0.0104046,0.449913,-0.653322,2.73221,0.000400279,18.1482,0.00027804779615887474,0.000400279,-0.00012223120384112528,0.00012223120384112528
0.01491044,0.3785256,-1.204461,3.672747,0.2554085,14.74316,0.25165560825949623,0.2554085,-0.00375289174050375,0.00375289174050375
0.014162326,0.87884797,-1.3478679,4.3595612,2.4989247,28.06989,2.3726629155309684,2.4989247,-0.12626178446903147,0.12626178446903147
0.0183588,0.351671,-0.630729,2.68325,0.00013266,14.1862,8.074112026800887e-05,0.00013266,-5.1918879731991126e-05,5.1918879731991126e-05
0.0191792,0.320319,-0.880479,3.094,0.00285649,12.916,0.0038553973777712683,0.00285649,0.000998907377771268,0.000998907377771268
0.022547416,0.95678066,-1.2926999,4.0784964,0.99939764,35.866507,0.9826007742077894,0.99939764,-0.016796865792210625,0.016796865792210625
0.0226913,0.458886,-0.520769,2.51308,3.41118e-05,18.5116,8.556099505756283e-06,3.41118e-05,-2.5555700494243718e-05,2.5555700494243718e-05
0.0226728,0.755016,-0.835798,3.06046,0.00321021,30.451,0.004114867335357224,0.00321021,0.0009046573353572243,0.0009046573353572243
0.01687239,0.309085,-1.181048,3.611781,0.1401763,12.18208,0.14348312103562394,0.1401763,0.003306821035623936,0.003306821035623936
0.021540541,0.59527549,-1.3185496,4.0691071,0.82365137,21.855123,0.8115363168387272,0.82365137,-0.012115053161272815,0.012115053161272815
0.0190022,0.628995,-0.510818,2.51158,4.91347e-05,25.3736,1.1110318925381408e-05,4.91347e-05,-3.80243810746186e-05,3.80243810746186e-05
0.0203777,0.974614,-0.829542,3.06268,0.00425482,39.3072,0.005400412615201181,0.00425482,0.0011455926152011808,0.0011455926152011808
0.0139007,0.251337,-1.13922,3.52235,0.0829828,9.97025,0.09187553365226032,0.0829828,0.008892733652260329,0.008892733652260329
0.0247314,0.359202,-1.00314,3.30487,0.011948,14.4661,0.01603679329202603,0.011948,0.004088793292026029,0.004088793292026029
0.0161069,0.962422,-0.922254,3.21748,0.0174565,38.7873,0.02405742047944616,0.0174565,0.0066009204794461596,0.0066009204794461596
0.0216,0.505118,-1.0583,3.41672,0.0388455,20.2967,0.04908327768526779,0.0388455,0.01023777768526779,0.01023777768526779
0.0228862,0.623865,-1.04646,3.4075,0.0389661,25.0863,0.049989343282018275,0.0389661,0.011023243282018279,0.011023243282018279
0.0206852,0.800637,-1.0919,3.50408,0.098249,32.0918,0.1182113651988407,0.098249,0.019962365198840704,0.019962365198840704
0.0114333,0.579675,-0.84167,3.05734,0.00526965,23.3727,0.006814030184674933,0.00526965,0.001544380184674933,0.001544380184674933
0.0127451,0.752235,-1.10449,3.52358,0.175115,29.9779,0.20684291796206652,0.175115,0.03172791796206653,0.03172791796206653
0.00841333,0.899976,-0.587946,2.65706,0.000427587,36.3023,0.00019408912137345276,0.000427587,-0.00023349787862654724,0.00023349787862654724
0.0142928,0.330135,-1.01625,3.32298,0.0224431,13.2719,0.029803678168180924,0.0224431,0.007360578168180924,0.007360578168180924
0.0153422,0.697907,-0.734535,2.88811,0.00119494,28.1509,0.0011932975700590064,0.00119494,-1.642429940993664e-06,1.642429940993664e-06
0.0232147,0.63594,-0.63463,2.71767,0.00019946,25.6537,0.0001243337843767519,0.00019946,-7.512621562324808e-05,7.512621562324808e-05
0.023218759,0.71851928,-1.313334,4.0958935,0.87795378,26.617927,0.8665439250970189,0.87795378,-0.011409854902981076,0.011409854902981076
0.0156566,0.674811,-0.884045,3.13548,0.00771589,27.2058,0.010443980987760613,0.00771589,0.0027280909877606127,0.0027280909877606127
0.01859622,0.403043,-1.261174,3.809874,0.4216184,15.35894,0.37317773372132357,0.4216184,-0.048440666278676436,0.048440666278676436
0.02326623,0.3733556,-1.3307,4.01494,0.5499355,13.72502,0.5260747340265859,0.5499355,-0.023860765973414133,0.023860765973414133
0.0166701,0.558296,-0.616148,2.68073,0.000192325,22.5212,0.00010661927807654008,0.000192325,-8.570572192345992e-05,8.570572192345992e-05
0.020503,0.614655,-0.627538,2.70425,0.000199278,24.795,0.00011890038675081343,0.000199278,-8.037761324918657e-05,8.037761324918657e-05
0.01644073,0.4821223,-1.187829,3.656895,0.2422159,18.94564,0.24602096651943484,0.2422159,0.0038050665194348243,0.0038050665194348243
0.0160348,0.766602,-0.899303,3.16736,0.0104083,30.9029,0.014225509034794219,0.0104083,0.003817209034794218,0.003817209034794218
0.0218616,0.884678,-0.564642,2.61753,0.000119922,35.6879,4.519291393188704e-05,0.000119922,-7.472908606811295e-05,7.472908606811295e-05
0.008870615,0.9555264,-1.191374,3.729077,0.9169494,36.50182,0.9366024410315155,0.9169494,0.01965304103151544,0.01965304103151544
0.0240459,0.882779,-0.7454,2.91767,0.0011088,35.6094,0.0011486098247774918,0.0011088,3.980982477749177e-05,3.980982477749177e-05
0.02420772,0.8915964,-1.250388,3.892421,0.6105971,34.45654,0.5720590927882229,0.6105971,-0.03853800721177714,0.03853800721177714
0.0204291,0.929662,-0.702758,2.84935,0.000794845,37.5011,0.0007021571661193387,0.000794845,-9.268783388066129e-05,9.268783388066129e-05
0.01674668,0.525681,-1.186964,3.662034,0.2571775,20.66927,0.26105561229784235,0.2571775,0.003878112297842351,0.003878112297842351
0.00891716,0.86788,-0.995969,3.33764,0.0729985,34.8558,0.09859885741904267,0.0729985,0.02560035741904268,0.02560035741904268
0.02469987,0.9651065,-1.116828,3.565147,0.1355896,38.6439,0.15646060509659718,0.1355896,0.020871005096597173,0.020871005096597173
0.00877989,0.820297,-0.71206,2.85865,0.00183885,33.0854,0.001687990650348204,0.00183885,-0.00015085934965179595,0.00015085934965179595
0.0134657,0.940232,-0.84037,3.07896,0.00713731,37.9134,0.00921173606748424,0.00713731,0.0020744260674842403,0.0020744260674842403
0.02332263,0.5951155,-1.183204,3.664513,0.1999678,23.58703,0.20428110508145225,0.1999678,0.004313305081452251,0.004313305081452251
0.0201441,0.28528,-0.820695,2.98927,0.00112469,11.506,0.0014060275051806642,0.00112469,0.0002813375051806642,0.0002813375051806642
0.01553328,0.9682806,-1.162526,3.662325,0.3792356,38.23543,0.4038862472979201,0.3792356,0.024650647297920103,0.024650647297920103
0.01062209,0.2066561,-1.370784,4.045081,0.8852643,6.284462,0.9106583644476212,0.8852643,0.025394064447621156,0.025394064447621156
0.0194614,0.396693,-0.843952,3.04309,0.00218179,15.9982,0.002829973231354903,0.00218179,0.0006481832313549032,0.0006481832313549032
0.0227087,0.823289,-0.956608,3.26759,0.0164489,33.1775,0.02263899017132534,0.0164489,0.006190090171325342,0.006190090171325342
0.0195664,0.742065,-0.647195,2.74601,0.000324505,29.9343,0.00021779192352249405,0.000324505,-0.00010671307647750595,0.00010671307647750595
0.00868274,0.530376,-0.659947,2.751,0.000615649,21.3932,0.000443327512317694,0.000615649,-0.00017232148768230602,0.00017232148768230602
0.0149544,0.443601,-1.07313,3.43567,0.059469,17.7727,0.07357672698363066,0.059469,0.014107726983630657,0.014107726983630657
0.0174059,0.589052,-1.12325,3.54313,0.127232,23.4983,0.14516542401930235,0.127232,0.01793342401930234,0.01793342401930234
0.0230975,0.629221,-0.576316,2.62034,9.37906e-05,25.3829,3.8891551094684424e-05,9.37906e-05,-5.489904890531557e-05,5.489904890531557e-05
0.0205535,0.513656,-0.563724,2.58972,7.31921e-05,20.7209,2.7369936238490243e-05,7.31921e-05,-4.582216376150975e-05,4.582216376150975e-05
0.0106811,0.436613,-0.980005,3.27522,0.0250006,17.5613,0.0341121496413851,0.0250006,0.009111549641385098,0.009111549641385098
0.01630591,0.7196939,-1.129604,3.568951,0.1792766,28.65644,0.20258456289332358,0.1792766,0.02330796289332357,0.02330796289332357
0.011916,0.23331,-0.95609,3.2059,0.0088211,9.394,0.01214722505715684,0.0088211,0.0033261250571568392,0.0033261250571568392
0.0233522,0.50888,-1.00007,3.31686,0.0172352,20.493,0.023192164601391847,0.0172352,0.005956964601391848,0.005956964601391848
0.0131445,0.428662,-0.917817,3.16993,0.00900077,17.2736,0.012391760027342304,0.00900077,0.0033909900273423037,0.0033909900273423037
0.023496,0.519169,-0.732889,2.87114,0.00056831,20.9424,0.0005642377883067768,0.00056831,-4.072211693223211e-06,4.072211693223211e-06
0.009717487,0.9560708,-1.250094,3.900422,1.560291,34.68323,1.5238318398109052,1.560291,-0.0364591601890949,0.0364591601890949
0.018892015,0.53357523,-1.3698373,4.3031106,1.2262931,18.051294,1.3110949345355205,1.2262931,0.08480183453552059,0.08480183453552059
0.0101809,0.443132,-1.01527,3.33574,0.0417383,17.7899,0.055515530248621894,0.0417383,0.013777230248621895,0.013777230248621895
0.0198091,0.398208,-1.15448,3.57716,0.111426,15.835,0.11983153142040168,0.111426,0.00840553142040168,0.00840553142040168
0.023065983,0.74797388,-1.3575603,4.3697097,1.265045,26.478753,1.3511791134380657,1.265045,0.08613411343806576,0.08613411343806576
0.024632458,0.80040825,-1.3340119,4.2420965,1.1823884,28.886504,1.0975117003722303,1.1823884,-0.08487669962776967,0.08487669962776967
0.0139996,0.376428,-0.983812,3.27447,0.0172708,15.1497,0.023507183023816193,0.0172708,0.006236383023816194,0.006236383023816194
0.016255,0.99873,-0.982544,3.32211,0.0388454,40.2067,0.052890068056068405,0.0388454,0.014044668056068403,0.014044668056068403
0.0126964,0.404555,-1.06908,3.42369,0.0606333,16.1954,0.0755280627604124,0.0606333,0.014894762760412406,0.014894762760412406
0.01409899,0.9068565,-1.251644,3.897926,1.062481,33.94803,1.0111354542367286,1.062481,-0.05134554576327144,0.05134554576327144
0.0233323,0.626016,-0.717182,2.85402,0.00056402,25.2526,0.0005282863172277691,0.00056402,-3.573368277223093e-05,3.573368277223093e-05
0.0099341,0.587729,-1.03703,3.38775,0.0748845,23.5535,0.09732700160532219,0.0748845,0.022442501605322185,0.022442501605322185
0.01427083,0.9251774,-1.231723,3.837222,0.8707022,35.2476,0.8406617835452969,0.8707022,-0.030040416454703123,0.030040416454703123
0.0121814,0.87312,-0.611377,2.69448,0.000387135,35.2201,0.00020786185543819282,0.000387135,-0.00017927314456180716,0.00017927314456180716
0.0205408,0.483791,-0.672036,2.76671,0.000277267,19.5157,0.00021253957038105272,0.000277267,-6.472742961894726e-05,6.472742961894726e-05
0.010672,0.787725,-0.832464,3.05698,0.00681659,31.7617,0.008693672162542045,0.00681659,0.0018770821625420453,0.0018770821625420453
0.01696562,0.6293014,-1.146357,3.592437,0.1853879,24.9989,0.20314985590711962,0.1853879,0.017761955907119625,0.017761955907119625
0.0168012,0.649596,-0.729907,2.87694,0.00095704,26.2027,0.0009401611335148126,0.00095704,-1.687886648518743e-05,1.687886648518743e-05
0.013522,0.23314,-0.53093,2.4992,3.3142e-05,9.405,9.198392934734139e-06,3.3142e-05,-2.3943607065265865e-05,2.3943607065265865e-05
0.0201704,0.443581,-0.797608,2.97124,0.0012985,17.8915,0.0015503199988464225,0.0012985,0.0002518199988464226,0.0002518199988464226
0.0214276,0.8372768,-1.204599,3.748681,0.3960169,32.89487,0.3878773462747603,0.3960169,-0.008139553725239723,0.008139553725239723
0.0247254,0.251023,-0.554185,2.541,2.63061e-05,10.1264,9.059751764044659e-06,2.63061e-05,-1.724634823595534e-05,1.724634823595534e-05
0.0232897,0.659529,-0.62982,2.71144,0.000193839,26.6053,0.000117315739436654,0.000193839,-7.652326056334602e-05,7.652326056334602e-05
0.0211527,0.266662,-0.911991,3.1382,0.00322985,10.7507,0.004437832037908147,0.00322985,0.0012079820379081473,0.0012079820379081473
0.0131097,0.446913,-1.11065,3.50285,0.1095,17.8032,0.1277161430470715,0.1095,0.01821614304707149,0.01821614304707149
0.0083464517,0.85529913,-1.2924087,4.0364316,2.3069939,28.413317,2.3664837633886204,2.3069939,0.05948986338862028,0.05948986338862028
0.0235731,0.491571,-1.06158,3.42102,0.0361215,19.7559,0.04542460915121359,0.0361215,0.009303109151213587,0.009303109151213587
0.0128987,0.647805,-0.646623,2.73847,0.000426571,26.1312,0.00028536521993038975,0.000426571,-0.00014120578006961024,0.00014120578006961024
0.0174951,0.970625,-0.633047,2.73567,0.000395822,39.1541,0.000244374233788141,0.000395822,-0.00015144776621185902,0.00015144776621185902
0.01287586,0.9448037,-1.097755,3.526096,0.1999315,37.68909,0.23895676770536461,0.1999315,0.0390252677053646,0.0390252677053646
0.0216466,0.744784,-0.651504,2.75335,0.000311149,30.0442,0.00021396098710382304,0.000311149,-9.718801289617694e-05,9.718801289617694e-05
0.0136901,0.709937,-1.03919,3.40185,0.0675363,28.498,0.08746647143867853,0.0675363,0.019930171438678534,0.019930171438678534
0.0223352,0.843401,-0.551355,2.59313,9.43451e-05,34.0229,3.168903273997294e-05,9.43451e-05,-6.265606726002706e-05,6.265606726002706e-05
0.018802,0.904169,-0.890281,3.16051,0.00932598,36.4547,0.012678262308490501,0.00932598,0.003352282308490502,0.003352282308490502
0.0156637,0.987902,-0.5129,2.53706,9.61553e-05,39.8515,2.2228021376830767e-05,9.61553e-05,-7.392727862316923e-05,7.392727862316923e-05
0.019845,0.366275,-1.01909,3.33284,0.0186024,14.7377,0.02462609570978956,0.0186024,0.0060236957097895595,0.0060236957097895595
0.00842466,0.543186,-0.823861,3.02455,0.00533168,21.9001,0.006703975683111244,0.00533168,0.0013722956831112437,0.0013722956831112437
0.0112118,0.632339,-0.906041,3.16908,0.0133844,25.4802,0.01835429653118328,0.0133844,0.004969896531183281,0.004969896531183281
0.00841754,0.607838,-0.900037,3.15708,0.0158642,24.4863,0.02169781131491938,0.0158642,0.005833611314919381,0.005833611314919381
0.0205678,0.650611,-0.809265,3.00898,0.00216921,26.2413,0.0026540650647634886,0.00216921,0.0004848550647634886,0.0004848550647634886
0.0102623,0.717803,-0.988031,3.31396,0.0474056,28.8567,0.06437189942369682,0.0474056,0.016966299423696825,0.016966299423696825
0.00871622,0.7411549,-1.293739,4.008134,1.971974,24.8329,1.988061214200245,1.971974,0.01608721420024506,0.01608721420024506
0.01874146,0.6053929,-1.208505,3.723059,0.3421146,23.6921,0.33335289478593094,0.3421146,-0.008761705214069049,0.008761705214069049
0.00837644,0.747521,-0.755987,2.92711,0.00308756,30.1471,0.0033069281089953676,0.00308756,0.00021936810899536759,0.00021936810899536759
0.0140329,0.48074,-0.905954,3.15559,0.00812176,19.3762,0.011135904553010542,0.00812176,0.0030141445530105417,0.0030141445530105417
0.0213243,0.720219,-0.872654,3.11965,0.00522471,29.043,0.007004605874621346,0.00522471,0.0017798958746213468,0.0017798958746213468
0.02479183,0.5794101,-1.160159,3.614199,0.1387787,23.08438,0.14776669043534765,0.1387787,0.008987990435347648,0.008987990435347648
0.0248745,0.875738,-0.542607,2.58045,7.86127e-05,35.3275,2.4385600245607346e-05,7.86127e-05,-5.422709975439265e-05,5.422709975439265e-05
0.02461632,0.7088369,-1.150178,3.609198,0.1511281,28.27681,0.16413181586648515,0.1511281,0.01300371586648516,0.01300371586648516
0.0219843,0.943284,-0.55815,2.60991,0.000116979,38.0521,4.170901023813948e-05,0.000116979,-7.526998976186052e-05,7.526998976186052e-05
0.01748,0.536998,-0.5173,2.51476,4.95607e-05,21.6624,1.1995818602086285e-05,4.95607e-05,-3.7564881397913715e-05,3.7564881397913715e-05
0.0100561,0.312826,-0.805499,2.96817,0.00203242,12.615,0.0024679834000595723,0.00203242,0.0004355634000595722,0.0004355634000595722
0.0104551,0.371856,-0.642532,2.70541,0.000286633,14.9997,0.0001872719150541091,0.000286633,-9.936108494589091e-05,9.936108494589091e-05
0.020889,0.597601,-0.751813,2.90932,0.000938215,24.1055,0.000991974589523046,0.000938215,5.375958952304595e-05,5.375958952304595e-05
0.0212824,0.344933,-0.645152,2.70631,0.00013509,13.9145,8.960817420779492e-05,0.00013509,-4.548182579220509e-05,4.548182579220509e-05
0.01931467,0.9551135,-1.197283,3.745289,0.458265,37.49649,0.4562663003924372,0.458265,-0.0019986996075627705,0.0019986996075627705
0.0210003,0.435301,-1.1241,3.52595,0.0789321,17.398,0.08972478962465293,0.0789321,0.01079268962465292,0.01079268962465292
0.00885181,0.684208,-0.775586,2.95539,0.00343949,27.5926,0.003894076745120153,0.00343949,0.00045458674512015296,0.00045458674512015296
0.0202265,0.809283,-0.811878,3.02401,0.00283735,32.6407,0.0034894571221559057,0.00283735,0.0006521071221559055,0.0006521071221559055
0.021637,0.578082,-0.702018,2.82499,0.000462251,23.3191,0.00040706173900902353,0.000462251,-5.5189260990976474e-05,5.5189260990976474e-05
0.01101,0.735228,-0.502224,2.50487,8.87626e-05,29.6581,1.8284924881397972e-05,8.87626e-05,-7.047767511860202e-05,7.047767511860202e-05
0.0220019,0.518137,-1.12507,3.5384,0.0907286,20.7144,0.10299777933613785,0.0907286,0.012269179336137845,0.012269179336137845
0.0179271,0.547554,-0.722589,2.85656,0.000688234,22.0869,0.0006581152824479894,0.000688234,-3.0118717552010633e-05,3.0118717552010633e-05
0.0208023,0.297054,-0.633239,2.67973,0.000102136,11.9831,6.31284042261839e-05,0.000102136,-3.9007595773816106e-05,3.9007595773816106e-05
0.011251,0.779572,-0.91328,3.19165,0.0180413,31.4096,0.024808550004211005,0.0180413,0.0067672500042110055,0.0067672500042110055
0.0120908,0.8146,-0.571896,2.62553,0.000219149,32.8598,8.769664626354747e-05,0.000219149,-0.0001314523537364525,0.0001314523537364525
0.0212421,0.823479,-0.920644,3.20681,0.0110965,33.1962,0.015284270458980178,0.0110965,0.004187770458980177,0.004187770458980177
0.0133528,0.996084,-0.850438,3.09866,0.00867672,40.1632,0.011353360252072245,0.00867672,0.0026766402520722442,0.0026766402520722442
0.0108821,0.855923,-0.891643,3.16003,0.0155192,34.4945,0.02112043925379908,0.0155192,0.00560123925379908,0.00560123925379908
0.00888351,0.8836677,-1.107189,3.539518,0.3040736,35.00306,0.3589669317733269,0.3040736,0.05489333177332689,0.05489333177332689
0.0129012,0.975903,-0.736024,2.90703,0.00202539,39.363,0.0020331488012500128,0.00202539,7.75880125001259e-06,7.75880125001259e-06
0.0153051,0.822794,-0.539557,2.57233,0.000115428,33.191,3.480100844400829e-05,0.000115428,-8.06269915559917e-05,8.06269915559917e-05
0.0108455,0.275682,-1.01795,3.3173,0.0252224,11.0696,0.033463017583055164,0.0252224,0.008240617583055165,0.008240617583055165
0.00931611,0.332758,-0.525181,2.50549,6.37619e-05,13.4229,1.672210230447931e-05,6.37619e-05,-4.703979769552069e-05,4.703979769552069e-05
0.016244809,0.60576284,-1.3937859,4.53698,2.5845627,19.268376,2.131227094875694,2.5845627,-0.45333560512430626,0.45333560512430626
0.0157505,0.748162,-1.10218,3.51893,0.137131,29.8937,0.1623381242183426,0.137131,0.02520712421834259,0.02520712421834259
0.01491766,0.6136071,-1.13257,3.563605,0.1733332,24.39202,0.19483152261255787,0.1733332,0.02149832261255788,0.02149832261255788
0.013374819,0.40534181,-1.3569093,4.13719,1.2252887,13.139649,1.2555448372062465,1.2252887,0.030256137206246647,0.030256137206246647
0.0219238,0.715856,-0.808282,3.012,0.00221104,28.8733,0.0026999370322439756,0.00221104,0.0004888970322439756,0.0004888970322439756
0.0199784,0.864137,-0.742815,2.91232,0.00126369,34.8568,0.0012980122359472748,0.00126369,3.432223594727478e-05,3.432223594727478e-05
0.0197992,0.496693,-0.664195,2.75494,0.000267036,20.0362,0.00019664211159445443,0.000267036,-7.039388840554558e-05,7.039388840554558e-05
0.00915992,0.345889,-0.934034,3.18691,0.0128249,13.9266,0.017704603441578044,0.0128249,0.004879703441578044,0.004879703441578044
0.01568408,0.5058771,-1.19517,3.676388,0.2912552,19.79915,0.29136077311932584,0.2912552,0.00010557311932585245,0.00010557311932585245
0.01050798,0.2249461,-1.239856,3.707238,0.3265298,8.408936,0.3004022048523654,0.3265298,-0.026127595147634575,0.026127595147634575
0.021891,0.364856,-0.848747,3.04717,0.00189727,14.7146,0.0024767594419217464,0.00189727,0.0005794894419217465,0.0005794894419217465
0.0115271,0.77448,-0.633793,2.72584,0.000483963,31.2408,0.00030015688837804316,0.000483963,-0.00018380611162195686,0.00018380611162195686
0.0187158,0.988729,-1.04053,3.42323,0.070031,39.7375,0.09049259840684776,0.070031,0.02046159840684776,0.02046159840684776
0.0212879,0.903087,-0.825423,3.05201,0.00357968,36.4233,0.00451236759258335,0.00357968,0.0009326875925833502,0.0009326875925833502
0.0104865,0.822257,-0.930593,3.22349,0.0254844,33.1156,0.035170885614259774,0.0254844,0.009686485614259773,0.009686485614259773
0.01319027,0.5123907,-1.17691,3.638799,0.2807099,20.08618,0.29171280817066325,0.2807099,0.01100290817066324,0.01100290817066324
0.02237591,0.3048927,-1.214336,3.677307,0.1551539,11.98157,0.1489778393864692,0.1551539,-0.0061760606135308205,0.0061760606135308205
0.02035308,0.4691604,-1.314643,3.999066,0.6846541,17.24039,0.6532420256192857,0.6846541,-0.03141207438071436,0.03141207438071436
0.0106758,0.980719,-1.04397,3.42884,0.126983,39.2929,0.16371530978030346,0.126983,0.03673230978030345,0.03673230978030345
0.0201278,0.421451,-0.998524,3.30483,0.0162308,16.9682,0.021874683746938912,0.0162308,0.005643883746938912,0.005643883746938912
0.01624523,0.3873085,-1.168365,3.601936,0.1560807,15.30347,0.1640448255454517,0.1560807,0.0079641255454517,0.0079641255454517
0.0215115,0.979178,-0.761905,2.95024,0.00169931,39.4967,0.0018522079548846876,0.00169931,0.00015289795488468753,0.00015289795488468753
0.01653314,0.3085703,-1.230114,3.711247,0.253041,11.92779,0.2382495140834274,0.253041,-0.014791485916572616,0.014791485916572616
0.01758028,0.2439297,-1.242596,3.719538,0.2309315,9.368991,0.1999342592535012,0.2309315,-0.030997240746498816,0.030997240746498816
0.01385818,0.6116052,-1.146606,3.590788,0.2208245,24.21149,0.24233960780587216,0.2208245,0.021515107805872152,0.021515107805872152
0.012429824,0.7589063,-1.3278767,4.1784496,1.8596275,25.453447,1.951214854893514,1.8596275,0.091587354893514,0.091587354893514
0.0190872,0.668311,-0.582551,2.6336,0.000130597,26.9595,5.687648114467041e-05,0.000130597,-7.37205188553296e-05,7.37205188553296e-05
0.00968862,0.393689,-0.824976,3.01115,0.00340877,15.874,0.004294138412620996,0.00340877,0.0008853684126209956,0.0008853684126209956
0.0225865,0.602977,-1.02487,3.36812,0.0289864,24.2644,0.038121158077334946,0.0289864,0.009134758077334947,0.009134758077334947
0.0172671,0.880561,-0.705345,2.85097,0.000920823,35.5198,0.0008223336398371731,0.000920823,-9.848936016282686e-05,9.848936016282686e-05
0.0133996,0.395661,-1.07138,3.42654,0.0578193,15.8425,0.07181955967421574,0.0578193,0.014000259674215747,0.014000259674215747
0.00922998,0.839375,-0.664475,2.78073,0.00097144,33.8569,0.0007164533685936084,0.00097144,-0.0002549866314063916,0.0002549866314063916
0.0169568,0.622616,-0.815974,3.01801,0.00274434,25.1106,0.0034015835045883383,0.00274434,0.0006572435045883382,0.0006572435045883382
0.02470098,0.804693,-1.238677,3.838262,0.4800434,31.33391,0.4519619061882912,0.4800434,-0.028081493811708824,0.028081493811708824
0.01762265,0.7566482,-1.247564,3.855174,0.6891644,28.89974,0.6490313969695377,0.6891644,-0.0401330030304623,0.0401330030304623
0.0181355,0.291604,-0.54695,2.53565,3.79648e-05,11.7633,1.225531200605943e-05,3.79648e-05,-2.570948799394057e-05,2.570948799394057e-05
0.011224004,0.29831009,-1.3906533,4.2113475,1.3188989,8.5356863,1.4785482032283535,1.3188989,0.15964930322835347,0.15964930322835347
0.01432296,0.4119794,-1.255066,3.796089,0.5174995,15.52063,0.46722966190940524,0.5174995,-0.050269838090594765,0.050269838090594765
0.0231262,0.486311,-1.13017,3.54398,0.0863663,19.4399,0.0971010718331321,0.0863663,0.010734771833132109,0.010734771833132109
0.01278521,0.8896172,-1.106003,3.537821,0.2102349,35.4421,0.2478904946127461,0.2102349,0.03765559461274609,0.03765559461274609
0.019402,0.21345,-0.86974,3.0579,0.0016342,8.5836,0.0021918553848370237,0.0016342,0.0005576553848370238,0.0005576553848370238
0.0106335,0.269843,-0.565774,2.56343,7.63045e-05,10.8851,2.902950686452962e-05,7.63045e-05,-4.727499313547038e-05,4.727499313547038e-05
0.0124076,0.80519,-0.812072,3.02408,0.00461309,32.4711,0.0056758895317484594,0.00461309,0.0010627995317484592,0.0010627995317484592
0.018399,0.24249,-0.55291,2.5374,3.3593e-05,9.7819,1.1440417132872e-05,3.3593e-05,-2.2152582867128004e-05,2.2152582867128004e-05
0.0157369,0.826772,-0.909932,3.18899,0.0131076,33.3244,0.017999595441549558,0.0131076,0.004891995441549557,0.004891995441549557
0.0198097,0.5254232,-1.168972,3.624692,0.1749855,20.83207,0.1836409627050699,0.1749855,0.008655462705069922,0.008655462705069922
0.0121351,0.751647,-0.783611,2.97333,0.00305542,30.3144,0.0035307402103983533,0.00305542,0.00047532021039835325,0.00047532021039835325
0.01761499,0.6335324,-1.141864,3.584027,0.17017,25.20154,0.18790914237015124,0.17017,0.017739142370151256,0.017739142370151256
0.0154421,0.435942,-0.997841,3.30533,0.0216929,17.5414,0.029251449772153364,0.0216929,0.007558549772153363,0.007558549772153363
0.0224714,0.88524,-0.565166,2.61843,0.00011753,35.7106,4.448689894178929e-05,0.00011753,-7.304310105821071e-05,7.304310105821071e-05
0.0161652,0.42073,-1.14377,3.56034,0.126232,16.7128,0.1387317044117701,0.126232,0.01249970441177009,0.01249970441177009
0.0127178,0.619494,-0.677882,2.78823,0.000618123,24.9887,0.00048771178262789624,0.000618123,-0.0001304112173721038,0.0001304112173721038
0.0219555,0.942091,-0.817763,3.04134,0.00328167,37.9974,0.004081012397966114,0.00328167,0.0007993423979661143,0.0007993423979661143
0.0146911,0.916207,-0.594631,2.66904,0.000271653,36.9588,0.00012959813712824583,0.000271653,-0.00014205486287175418,0.00014205486287175418
0.0238985,0.693547,-0.626698,2.70869,0.000190838,27.9776,0.00011326451458806547,0.000190838,-7.757348541193454e-05,7.757348541193454e-05
0.00896379,0.938045,-0.845523,3.08744,0.0114268,37.8151,0.014856825356117319,0.0114268,0.0034300253561173177,0.0034300253561173177
0.0122865,0.573545,-0.5229,2.52721,8.09241e-05,23.1362,2.0742061807499293e-05,8.09241e-05,-6.018203819250072e-05,6.018203819250072e-05
0.0144524,0.317092,-1.05985,3.39536,0.0371257,12.7158,0.04686699095321553,0.0371257,0.009741290953215534,0.009741290953215534
0.0199258,0.293444,-1.06843,3.40633,0.0278177,11.781,0.03465383177857151,0.0278177,0.006836131778571508,0.006836131778571508
0.02405688,0.9329839,-1.206876,3.768038,0.4031857,36.71737,0.39379986984542054,0.4031857,-0.009385830154579444,0.009385830154579444
0.0173896,0.609955,-1.10418,3.5097,0.103927,24.39,0.12251115390718735,0.103927,0.018584153907187345,0.018584153907187345
0.02439285,0.2726333,-1.337268,3.982001,0.4293862,10.01234,0.38871087598286475,0.4293862,-0.04067532401713525,0.04067532401713525
0.0122965,0.452081,-0.771636,2.92896,0.00155514,18.2335,0.0017421013716922144,0.00155514,0.00018696137169221436,0.00018696137169221436
0.0211818,0.921531,-1.02886,3.39838,0.0496906,37.0703,0.06508956842224885,0.0496906,0.015398968422248846,0.015398968422248846
0.0190103,0.421708,-0.933869,3.19602,0.00752229,16.9964,0.010378707869853804,0.00752229,0.0028564178698538044,0.0028564178698538044
0.0226161,0.90403,-1.08136,3.49225,0.0888591,36.2815,0.1086669919417166,0.0888591,0.0198078919417166,0.0198078919417166
0.0135695,0.8117007,-1.242863,3.850794,0.9161222,30.575,0.86417181057998,0.9161222,-0.05195038942001995,0.05195038942001995
0.00899387,0.302196,-0.709553,2.80722,0.000640391,12.1889,0.0005819009976944308,0.000640391,-5.849000230556927e-05,5.849000230556927e-05
0.00930433,0.70601,-0.613165,2.68708,0.000419353,28.4784,0.00022789927309294433,0.000419353,-0.0001914537269070557,0.0001914537269070557
0.01331882,0.4024416,-1.238195,3.752404,0.4487561,15.2963,0.4172483017006556,0.4487561,-0.031507798299344414,0.031507798299344414
0.0201565,0.765124,-0.854127,3.09169,0.00462971,30.8556,0.006085202275508073,0.00462971,0.0014554922755080722,0.0014554922755080722
0.0133877,0.643058,-0.518585,2.52554,7.8779e-05,25.9404,1.9322908221935866e-05,7.8779e-05,-5.9456091778064133e-05,5.9456091778064133e-05
0.0101202,0.524327,-0.90242,3.15386,0.0117368,21.1266,0.016069655927570026,0.0117368,0.004332855927570026,0.004332855927570026
0.0197995,0.866047,-0.829994,3.05756,0.00391391,34.9283,0.004971364219065479,0.00391391,0.0010574542190654795,0.0010574542190654795
0.01446227,0.2876469,-1.237243,3.720858,0.2935565,11.00125,0.2721273585358621,0.2935565,-0.02142914146413788,0.02142914146413788
0.0104488,0.615801,-0.694467,2.81549,0.000925397,24.8388,0.0007886462545721724,0.000925397,-0.00013675074542782758,0.00013675074542782758
0.0242198,0.62658,-0.542538,2.56406,5.77165e-05,25.2764,1.7891915146953157e-05,5.77165e-05,-3.982458485304684e-05,3.982458485304684e-05
0.0158863,0.306456,-0.913713,3.14738,0.00505206,12.3522,0.00694627424296914,0.00505206,0.0018942142429691404,0.0018942142429691404
0.0196907,0.786057,-0.897388,3.1654,0.00848065,31.692,0.011578302355297648,0.00848065,0.0030976523552976483,0.0030976523552976483
0.023136087,0.43504529,-1.3918838,4.3678672,1.0270254,14.586372,1.0572294038727084,1.0270254,0.030204003872708274,0.030204003872708274
0.0247202,0.985305,-0.612158,2.70173,0.000217453,39.7472,0.00011737347671477497,0.000217453,-0.00010007952328522502,0.00010007952328522502
0.012757685,0.87974347,-1.3483667,4.3642513,2.4825108,28.192948,2.6483129673987884,2.4825108,0.1658021673987884,0.1658021673987884
0.0189152,0.267607,-1.0721,3.40814,0.0279914,10.7385,0.034689576102505906,0.0279914,0.006698176102505907,0.006698176102505907
0.0125768,0.454436,-0.606,2.65411,0.000182137,18.3313,9.424600996123913e-05,0.000182137,-8.789099003876087e-05,8.789099003876087e-05
0.014057406,0.59075245,-1.3290485,4.1101275,1.3478594,20.237078,1.3573104970833907,1.3478594,0.009451097083390758,0.009451097083390758
0.02252427,0.4138009,-1.282698,3.872839,0.4367102,15.72236,0.38754543561696486,0.4367102,-0.04916476438303513,0.04916476438303513
0.0130953,0.381311,-0.536459,2.53047,6.00823e-05,15.3818,1.7591027976172175e-05,6.00823e-05,-4.2491272023827824e-05,4.2491272023827824e-05
0.02039596,0.3141585,-1.280506,3.832246,0.3704348,11.89042,0.3183266400090016,0.3704348,-0.05210815999099838,0.05210815999099838
0.0178379,0.5076361,-1.317407,4.025321,0.8546321,18.32474,0.8270605076745611,0.8546321,-0.02757159232543893,0.02757159232543893
0.0199041,0.941598,-0.619013,2.71088,0.000281846,37.9836,0.00015922421966931135,0.000281846,-0.00012262178033068863,0.00012262178033068863
0.0208144,0.258732,-1.16229,3.56591,0.0761301,10.2825,0.08034320893950822,0.0761301,0.004213108939508214,0.004213108939508214
0.0242142,0.466452,-0.559498,2.57814,5.34373e-05,18.8168,1.927561327217538e-05,5.34373e-05,-3.416168672782462e-05,3.416168672782462e-05
0.0114107,0.275411,-0.784226,2.92708,0.00120011,11.1075,0.0013888416874667472,0.00120011,0.0001887316874667473,0.0001887316874667473
0.0244725,0.389444,-0.678111,2.76663,0.000202543,15.71,0.00015997976752197448,0.000202543,-4.256323247802551e-05,4.256323247802551e-05
0.014783437,0.70551044,-1.3724084,4.4350479,2.2400782,21.825767,2.2657779677399033,2.2400782,0.025699767739903123,0.025699767739903123
0.01213659,0.4891228,-1.208199,3.70176,0.4226323,18.84712,0.4146405758700938,0.4226323,-0.00799172412990623,0.00799172412990623
0.0161151,0.473682,-0.941362,3.21418,0.0109702,19.0858,0.015136405145452444,0.0109702,0.0041662051454524444,0.0041662051454524444
0.0219207,0.529433,-0.666601,2.76197,0.000265154,21.357,0.00019771382051014173,0.000265154,-6.744017948985824e-05,6.744017948985824e-05
0.0119998,0.714117,-0.516511,2.52717,9.50373e-05,28.8067,2.2815982404292892e-05,9.50373e-05,-7.222131759570711e-05,7.222131759570711e-05
0.0189478,0.898246,-0.770643,2.96051,0.00197996,36.2312,0.0022118937632936556,0.00197996,0.00023193376329365585,0.00023193376329365585
0.00881357,0.875665,-1.04645,3.42658,0.141659,35.0253,0.1821783776351411,0.141659,0.0405193776351411,0.0405193776351411
0.022063,0.812986,-0.615427,2.69771,0.000209655,32.7957,0.00011567139126208046,0.000209655,-9.398360873791954e-05,9.398360873791954e-05
0.0181948,0.968111,-0.932029,3.2343,0.0176201,39.0166,0.02431195509033544,0.0176201,0.0066918550903354405,0.0066918550903354405
0.0211871,0.41111,-0.653824,2.72882,0.000180785,16.584,0.0001259231944217504,0.000180785,-5.4861805578249604e-05,5.4861805578249604e-05
0.014773,0.439515,-0.83409,3.03149,0.00280574,17.7242,0.0035871446166806232,0.00280574,0.0007814046166806231,0.0007814046166806231
0.013555,0.894086,-1.05369,3.44085,0.10324,35.8498,0.13137810178050158,0.10324,0.02813810178050158,0.02813810178050158
0.0219048,0.574926,-0.745241,2.89654,0.000791096,23.1911,0.0008190726889656712,0.000791096,2.7976688965671167e-05,2.7976688965671167e-05
0.01134116,0.6111763,-1.284939,3.938643,1.227479,21.67796,1.1608819720945356,1.227479,-0.0665970279054644,0.0665970279054644
0.01839508,0.7145393,-1.14289,3.594896,0.1859784,28.43374,0.2051476476604166,0.1859784,0.01916924766041661,0.01916924766041661
0.0182592,0.87773,-0.574027,2.63273,0.000160703,35.4073,6.54268408224002e-05,0.000160703,-9.52761591775998e-05,9.52761591775998e-05
0.017209,0.717768,-0.818484,3.02912,0.00321944,28.9481,0.004009033599071445,0.00321944,0.0007895935990714447,0.0007895935990714447
0.0187846,0.987441,-1.07473,3.48556,0.107391,39.606,0.1327365655535285,0.107391,0.0253455655535285,0.0253455655535285
0.024795,0.639511,-1.00191,3.33171,0.0208908,25.755,0.02806191797986495,0.0208908,0.007171117979864947,0.007171117979864947
0.01756404,0.8004506,-1.179753,3.683487,0.3418793,31.55393,0.35228334439480735,0.3418793,0.010404044394807355,0.010404044394807355
0.0160501,0.59888,-0.714056,2.84669,0.000753504,24.1572,0.0006971692913229408,0.000753504,-5.633470867705921e-05,5.633470867705921e-05
0.00902537,0.334987,-0.734606,2.85351,0.000975862,13.5109,0.0009747775123432577,0.000975862,-1.0844876567422902e-06,1.0844876567422902e-06
0.0153035,0.80225,-0.996499,3.33437,0.0396109,32.2799,0.053447854135467904,0.0396109,0.013836954135467906,0.013836954135467906
0.0208914,0.331127,-1.03995,3.36345,0.0208414,13.3153,0.02696903892352626,0.0208414,0.00612763892352626,0.00612763892352626
0.00851216,0.720535,-0.74287,2.90352,0.00247462,29.0598,0.0025424829811347797,0.00247462,6.786298113477989e-05,6.786298113477989e-05
0.01290159,0.500861,-1.285572,3.907603,0.9171303,18.07675,0.8412396752901729,0.9171303,-0.0758906247098271,0.0758906247098271
0.02101539,0.4895433,-1.229114,3.750905,0.3158129,19.07927,0.29447508212369206,0.3158129,-0.021337817876307952,0.021337817876307952
0.0135619,0.339815,-0.914051,3.15271,0.00658994,13.6946,0.009062667660375397,0.00658994,0.002472727660375397,0.002472727660375397
0.0140258,0.249384,-1.01856,3.3137,0.0177907,10.024,0.02357595299872536,0.0177907,0.0057852529987253605,0.0057852529987253605
0.0111785,0.888141,-0.524934,2.5518,0.000141377,35.8263,3.698654225662649e-05,0.000141377,-0.00010439045774337353,0.00010439045774337353
0.0083981138,0.45709042,-1.3820528,4.2913791,2.3494699,11.914651,2.8106378777263585,2.3494699,0.46116797772635865,0.46116797772635865
0.023003742,0.82009596,-1.3396502,4.2863372,1.329701,29.223289,1.2666366568511878,1.329701,-0.06306434314881226,0.06306434314881226
0.02052251,0.5113699,-1.202727,3.694072,0.2460909,20.11339,0.2427718461304328,0.2460909,-0.0033190538695672123,0.0033190538695672123
0.0207257,0.775637,-0.73656,2.89663,0.00100899,31.2873,0.0010146956092653432,0.00100899,5.705609265343201e-06,5.705609265343201e-06
0.0209044,0.631323,-0.745719,2.90184,0.000915874,25.4659,0.0009497412824769307,0.000915874,3.386728247693066e-05,3.386728247693066e-05
0.01120346,0.2613212,-1.189442,3.617089,0.197617,10.13903,0.1988980937764078,0.197617,0.00128109377640781,0.00128109377640781
0.0125525,0.577262,-0.918073,3.18476,0.0127341,23.2601,0.017533080686351676,0.0127341,0.0047989806863516764,0.0047989806863516764
0.01122594,0.7225815,-1.157293,3.625072,0.3657581,28.37635,0.3950689932796632,0.3657581,0.02931089327966324,0.02931089327966324
0.0233256,0.53852,-0.920258,3.18503,0.00657625,21.7106,0.009056765872702915,0.00657625,0.002480515872702915,0.002480515872702915
0.00969739,0.804163,-1.10321,3.5255,0.241513,31.9315,0.28660014914984583,0.241513,0.04508714914984582,0.04508714914984582
0.01012,0.24483,-0.88093,3.0826,0.0041609,9.8679,0.005619139711439453,0.0041609,0.0014582397114394526,0.0014582397114394526
0.02308582,0.5920447,-1.146099,3.587644,0.1281197,23.61661,0.14007599132970724,0.1281197,0.011956291329707242,0.011956291329707242
0.009009516,0.612668,-1.175776,3.650298,0.4820236,23.70271,0.5047865083787647,0.4820236,0.022762908378764712,0.022762908378764712
0.016265,0.894929,-0.66481,2.78443,0.000590305,36.1,0.0004361078902295062,0.000590305,-0.00015419710977049376,0.00015419710977049376
0.0212698,0.941704,-1.07611,3.48508,0.0920926,37.7941,0.1135324276079967,0.0920926,0.021439827607996703,0.021439827607996703
0.01686424,0.5171875,-1.189252,3.66558,0.257689,20.32578,0.26100981579624954,0.257689,0.0033208157962495433,0.0033208157962495433
0.0170555,0.364875,-1.13735,3.5398,0.0959349,14.5228,0.10658550437957778,0.0959349,0.01065060437957778,0.01065060437957778
0.0136324,0.419289,-0.974555,3.26407,0.0175505,16.878,0.02400525397877631,0.0175505,0.006454753978776311,0.006454753978776311
0.015845,0.20578,-0.6218,2.6446,8.008e-05,8.2883,4.613265407255894e-05,8.008e-05,-3.394734592744106e-05,3.394734592744106e-05
0.02222989,0.6816822,-1.139309,3.584308,0.1407606,27.2045,0.155966701185683,0.1407606,0.015206101185682996,0.015206101185682996
0.00913515,0.466615,-0.66681,2.75632,0.000562259,18.8214,0.0004197175919042363,0.000562259,-0.00014254140809576366,0.00014254140809576366
0.00908312,0.543841,-1.12694,3.54471,0.234343,21.4528,0.26713779256164777,0.234343,0.03279479256164777,0.03279479256164777
0.01667777,0.5730754,-1.243241,3.80414,0.5409155,21.92705,0.49822622414925094,0.5409155,-0.04268927585074905,0.04268927585074905
0.023878317,0.50679924,-1.3415887,4.1331037,0.80193684,18.291644,0.7672799504088789,0.80193684,-0.03465688959112112,0.03465688959112112
0.00860765,0.53408,-0.518294,2.51615,0.000101382,21.5436,2.479275563077372e-05,0.000101382,-7.658924436922628e-05,7.658924436922628e-05
0.0217576,0.513957,-0.66097,2.75121,0.00024124,20.7327,0.00017465687489809137,0.00024124,-6.658312510190862e-05,6.658312510190862e-05
0.0124923,0.298971,-0.55389,2.54829,6.17752e-05,12.0603,2.122060985431188e-05,6.17752e-05,-4.0554590145688114e-05,4.0554590145688114e-05
0.0140777,0.671649,-0.640355,2.72981,0.000373888,27.0932,0.00024118441145200783,0.000373888,-0.00013270358854799218,0.00013270358854799218
0.0236516,0.963995,-1.05737,3.45211,0.0669081,38.7467,0.0846500027674617,0.0669081,0.017741902767461695,0.017741902767461695
0.024809905,0.33098831,-1.3958012,4.2899923,0.75026678,11.256665,0.7758169637133048,0.75026678,0.025550183713304753,0.025550183713304753
0.0219076,0.555187,-0.955325,3.24546,0.0113108,22.3731,0.015572097364882194,0.0113108,0.004261297364882195,0.004261297364882195
0.0136669,0.891062,-1.03713,3.41106,0.0826927,35.7712,0.10738043960429232,0.0826927,0.024687739604292325,0.024687739604292325
0.022845,0.547118,-0.861981,3.08841,0.00323081,22.0643,0.004285002375457782,0.00323081,0.0010541923754577814,0.0010541923754577814
0.01166084,0.9632645,-1.165151,3.667578,0.5158737,37.73474,0.5499094395924163,0.5158737,0.03403573959241635,0.03403573959241635
0.00901573,0.909479,-0.895754,3.16998,0.0209788,36.6428,0.02862501755928481,0.0209788,0.00764621755928481,0.00764621755928481
0.01068761,0.4787355,-1.293903,3.925761,1.12157,16.69701,1.0488770484417143,1.12157,-0.0726929515582857,0.0726929515582857
0.0246458,0.624722,-0.916703,3.18637,0.00689869,25.1873,0.009492412899071682,0.00689869,0.0025937228990716822,0.0025937228990716822
0.012025,0.512747,-1.13135,3.54936,0.176866,20.3176,0.19937501188904722,0.176866,0.02250901188904722,0.02250901188904722
0.0227107,0.745528,-0.617733,2.69732,0.000192391,30.0745,0.00010777846081148519,0.000192391,-8.461253918851482e-05,8.461253918851482e-05
0.00848427,0.257929,-0.766726,2.89509,0.00120736,10.4021,0.0013343104578144413,0.00120736,0.00012695045781444133,0.00012695045781444133
0.0233561,0.687432,-0.812571,3.01717,0.00210589,27.727,0.0025933083086944774,0.00210589,0.0004874183086944774,0.0004874183086944774
0.01553306,0.2431645,-1.293254,3.836607,0.430116,8.915276,0.36436615118729065,0.430116,-0.06574984881270934,0.06574984881270934
0.01733645,0.4846394,-1.247672,3.795863,0.4651671,18.54811,0.4230119167120258,0.4651671,-0.042155183287974185,0.042155183287974185
0.011302,0.723279,-0.912529,3.18663,0.0165037,29.1421,0.02268817501197585,0.0165037,0.006184475011975849,0.006184475011975849
0.018127,0.20753,-0.7055,2.7837,0.0002061,8.3303,0.00018510070694146782,0.0002061,-2.0999293058532174e-05,2.0999293058532174e-05
0.0152817,0.348592,-1.06822,3.41455,0.0429564,13.9745,0.05355044869470563,0.0429564,0.010594048694705628,0.010594048694705628
0.020354,0.7033,-0.976072,3.29253,0.0201085,28.3296,0.027476538003592035,0.0201085,0.007368038003592033,0.007368038003592033
0.01929681,0.5912007,-1.151838,3.598871,0.1640487,23.50734,0.17767861223117268,0.1640487,0.013629912231172686,0.013629912231172686
0.0115364,0.708403,-0.89255,3.15211,0.0122579,28.5509,0.016691280160452893,0.0122579,0.004433380160452893,0.004433380160452893
0.019941945,0.52129234,-1.3306098,4.0882362,0.86882162,18.753386,0.8562712270978334,0.86882162,-0.01255039290216653,0.01255039290216653
0.0194703,0.343611,-0.967902,3.24337,0.00925196,13.8425,0.01268703013003075,0.00925196,0.00343507013003075,0.00343507013003075
0.0094691551,0.60538837,-1.3643415,4.2907974,2.847694,16.322492,2.8280613518862583,2.847694,-0.01963264811374188,0.01963264811374188
0.0140615,0.761162,-0.813682,3.024,0.00392838,30.6967,0.004848315370558155,0.00392838,0.0009199353705581547,0.0009199353705581547
0.02240901,0.3878676,-1.173023,3.611238,0.1204359,15.39928,0.1249188774297443,0.1204359,0.004482977429744295,0.004482977429744295
0.0167184,0.458446,-1.0972,3.48014,0.0745118,18.3406,0.08875891243649879,0.0745118,0.014247112436498788,0.014247112436498788
0.024269,0.441675,-1.06937,3.4289,0.0348018,17.746,0.043278858788650364,0.0348018,0.008477058788650363,0.008477058788650363
0.0222971,0.376846,-0.724204,2.84165,0.000388822,15.2014,0.00037405500314664493,0.000388822,-1.4766996853355057e-05,1.4766996853355057e-05
0.0215327,0.655478,-0.600087,2.66178,0.000142226,26.4419,7.058609583474122e-05,0.000142226,-7.163990416525877e-05,7.163990416525877e-05
0.0160635,0.440151,-1.08163,3.45021,0.0611487,17.6302,0.07471281779243256,0.0611487,0.013564117792432565,0.013564117792432565
0.0127658,0.756686,-0.941618,3.23788,0.0221891,30.478,0.030623413218230634,0.0221891,0.008434313218230634,0.008434313218230634
0.0171119,0.692134,-0.721273,2.86567,0.000896118,27.9188,0.000852662104143241,0.000896118,-4.345589585675897e-05,4.345589585675897e-05
0.00898071,0.430296,-0.626833,2.68614,0.000315615,17.3569,0.0001874855367410998,0.000315615,-0.0001281294632589002,0.0001281294632589002
0.0240404,0.876182,-0.607021,2.68742,0.000186143,35.3452,9.700321678989732e-05,0.000186143,-8.913978321010268e-05,8.913978321010268e-05
0.0200792,0.243709,-1.10906,3.46756,0.03826,9.75366,0.04469660900959081,0.03826,0.00643660900959081,0.00643660900959081
0.02002,0.3669363,-1.306058,3.925919,0.5451842,13.56021,0.4801368930272771,0.5451842,-0.06504730697272293,0.06504730697272293
0.0168044,0.970639,-0.87208,3.13358,0.00886913,39.1368,0.011885010101156316,0.00886913,0.0030158801011563163,0.0030158801011563163
0.014104,0.305474,-0.855193,3.04974,0.00267792,12.3173,0.0035244431539149463,0.00267792,0.0008465231539149464,0.0008465231539149464
0.0176973,0.9407,-0.540407,2.58031,0.000115383,37.9476,3.506587099399655e-05,0.000115383,-8.031712900600345e-05,8.031712900600345e-05
0.0190356,0.993535,-0.566267,2.62594,0.000157933,40.0789,6.033378184378452e-05,0.000157933,-9.759921815621548e-05,9.759921815621548e-05
0.010642574,0.82293364,-1.3158451,4.1386554,2.130785,27.319375,2.2154617535986207,2.130785,0.08467675359862081,0.08467675359862081
0.0100691,0.448268,-0.731831,2.86242,0.00112953,18.0803,0.001117289241617938,0.00112953,-1.2240758382061961e-05,1.2240758382061961e-05
0.0164159,0.589332,-0.872823,3.1101,0.0055653,23.7621,0.007462741833576644,0.0055653,0.001897441833576644,0.001897441833576644
0.02005002,0.95782458,-1.2923526,4.0763205,1.1152763,35.596342,1.102636405497067,1.1152763,-0.012639894502933124,0.012639894502933124
0.0208476,0.461008,-0.879696,3.10974,0.00374431,18.5896,0.005050480654700776,0.00374431,0.001306170654700776,0.001306170654700776
0.013294369,0.58612981,-1.3933003,4.5050633,2.9884992,17.668463,2.5092952083036635,2.9884992,-0.47920399169633665,0.47920399169633665
0.0225748,0.232946,-1.12704,3.49688,0.0407008,9.31458,0.04608846186811197,0.0407008,0.005387661868111966,0.005387661868111966
0.015757876,0.35101034,-1.3585953,4.1112578,0.91439478,11.814963,0.9366825603898514,0.91439478,0.022287780389851464,0.022287780389851464
0.00973254,0.650885,-0.959864,3.26106,0.0316118,26.1903,0.043499415196314666,0.0316118,0.011887615196314663,0.011887615196314663
0.0197644,0.9635,-1.03226,3.40697,0.0581649,38.7451,0.07587980020776428,0.0581649,0.017714900207764277,0.017714900207764277
0.0200402,0.831043,-0.964451,3.2814,0.0207994,33.481,0.028560931395314598,0.0207994,0.007761531395314599,0.007761531395314599
0.014607,0.535481,-0.852573,3.07169,0.00438268,21.5921,0.005749774925637414,0.00438268,0.001367094925637414,0.001367094925637414
0.0202499,0.586458,-0.525521,2.53262,5.19255e-05,23.6578,1.3664188492375669e-05,5.19255e-05,-3.8261311507624334e-05,3.8261311507624334e-05
0.00946946,0.699551,-0.710536,2.84835,0.00142582,28.2158,0.0013008167430764452,0.00142582,-0.00012500325692355475,0.00012500325692355475
0.0218696,0.467926,-0.782325,2.94836,0.00103825,18.8742,0.0011958363536993255,0.00103825,0.0001575863536993256,0.0001575863536993256
0.0184917,0.943529,-0.807172,3.02377,0.00340617,38.0549,0.004150117395823302,0.00340617,0.0007439473958233021,0.0007439473958233021
0.01479268,0.8784202,-1.113889,3.552318,0.1981209,35.01603,0.23038136266945314,0.1981209,0.03226046266945315,0.03226046266945315
0.01884898,0.4659543,-1.15128,3.581247,0.1315658,18.52528,0.14253315598588584,0.1315658,0.01096735598588583,0.01096735598588583
0.0133726,0.961695,-0.923097,3.21886,0.0212366,38.7496,0.029273758613928853,0.0212366,0.008037158613928851,0.008037158613928851
0.0121762,0.589858,-0.61397,2.67974,0.000270512,23.7939,0.00014780544123609756,0.000270512,-0.00012270655876390243,0.00012270655876390243
0.0248773,0.526616,-0.730578,2.86797,0.000528532,21.2429,0.0005204497410508356,0.000528532,-8.08225894916438e-06,8.08225894916438e-06
0.0148531,0.632764,-0.671802,2.77915,0.000499999,25.5245,0.0003828327437471437,0.000499999,-0.00011716625625285632,0.00011716625625285632
0.01180552,0.5984051,-1.194422,3.689115,0.451322,23.18674,0.45445679612124035,0.451322,0.0031347961212403463,0.0031347961212403463
0.013424,0.398627,-0.842625,3.0411,0.00312458,16.0741,0.0040456262495673495,0.00312458,0.0009210462495673494,0.0009210462495673494
0.0179659,0.7985901,-1.196874,3.723816,0.4090868,31.32125,0.4084557803949839,0.4090868,-0.0006310196050160477,0.0006310196050160477
0.0225764,0.693044,-0.581096,2.63294,0.00011238,27.9574,4.8391563870108244e-05,0.00011238,-6.398843612989176e-05,6.398843612989176e-05
0.01946339,0.6840902,-1.143604,3.593103,0.1699251,27.24007,0.18702160584875227,0.1699251,0.017096505848752275,0.017096505848752275
0.01809016,0.2062897,-1.207956,3.638515,0.1215511,8.074517,0.11704083975828847,0.1215511,-0.004510260241711528,0.004510260241711528
0.01028894,0.6165146,-1.156278,3.610567,0.3357879,24.168,0.36392240278667887,0.3357879,0.028134502786678894,0.028134502786678894
0.02001606,0.9707452,-1.12112,3.574182,0.1773532,38.78151,0.20334840412037683,0.1773532,0.02599520412037684,0.02599520412037684
0.0236163,0.402527,-0.986709,3.28261,0.0113659,16.2149,0.01543622650910675,0.0113659,0.004070326509106751,0.004070326509106751
0.0216636,0.487878,-1.09054,3.47178,0.0563112,19.5653,0.06775926904015306,0.0563112,0.01144806904015306,0.01144806904015306
0.01664032,0.6662707,-1.21898,3.758721,0.4780243,25.83478,0.4582863394979815,0.4780243,-0.019737960502018537,0.019737960502018537
0.0144749,0.719708,-0.887477,3.1444,0.00930127,29.0134,0.012621615521730262,0.00930127,0.003320345521730262,0.003320345521730262
0.01402644,0.9251661,-1.242542,3.871184,0.9937227,34.89545,0.9499354433193437,0.9937227,-0.043787256680656306,0.043787256680656306
0.0183605,0.391161,-0.787142,2.94795,0.00109975,15.7773,0.0012817312821343284,0.00109975,0.00018198128213432838,0.00018198128213432838
0.02320531,0.5428848,-1.247371,3.809171,0.387719,21.04802,0.35298555407018195,0.387719,-0.03473344592981803,0.03473344592981803
0.0206878,0.69326,-0.736729,2.89144,0.000905449,27.9644,0.0009110955547259005,0.000905449,5.646554725900516e-06,5.646554725900516e-06
0.01820456,0.7687086,-1.168934,3.655512,0.2776436,30.41801,0.29224719563288337,0.2776436,0.014603595632883382,0.014603595632883382
0.0160853,0.783289,-1.06047,3.44521,0.0831248,31.4239,0.10475202252086788,0.0831248,0.021627222520867878,0.021627222520867878
0.018146345,0.26950567,-1.3987121,4.2321579,0.90011682,8.4539475,0.8855388820638433,0.90011682,-0.014577937936156693,0.014577937936156693
0.0241421,0.962211,-0.900182,3.18029,0.00877642,38.7976,0.011999083530312815,0.00877642,0.003222663530312815,0.003222663530312815
0.00949435,0.585816,-1.08931,3.47997,0.151263,23.3179,0.18314825575035618,0.151263,0.03188525575035617,0.03188525575035617
0.0085868,0.20273,-1.0046,3.281,0.019762,8.1381,0.02652733779469146,0.019762,0.006765337794691462,0.006765337794691462
0.02167353,0.2730459,-1.249565,3.744211,0.2148772,10.57337,0.1941337948734106,0.2148772,-0.020743405126589398,0.020743405126589398
0.0103792,0.650639,-1.03754,3.39414,0.0798807,26.0803,0.1037345213982339,0.0798807,0.0238538213982339,0.0238538213982339
0.01366,0.659499,-0.971802,3.28197,0.0265959,26.5488,0.036423847020259574,0.0265959,0.009827947020259575,0.009827947020259575
0.0114009,0.657339,-1.08755,3.48368,0.138329,26.2289,0.16785333140922915,0.138329,0.029524331409229138,0.029524331409229138
0.0160617,0.885364,-1.01323,3.36871,0.0515719,35.6072,0.06863027489371042,0.0515719,0.01705837489371042,0.01705837489371042
0.01391577,0.877166,-1.196402,3.732715,0.5756852,34.10947,0.5764863396917642,0.5756852,0.0008011396917642077,0.0008011396917642077
0.01038042,0.2255125,-1.35594,4.007306,0.9106307,7.034682,0.8923398194143178,0.9106307,-0.01829088058568218,0.01829088058568218
0.024515,0.24409,-0.9859,3.2578,0.0065716,9.8333,0.008928970707036089,0.0065716,0.0023573707070360887,0.0023573707070360887
0.022926017,0.52648314,-1.3771228,4.3489132,1.0554836,18.210668,1.1361006035903731,1.0554836,0.08061700359037305,0.08061700359037305
0.02118475,0.7269137,-1.243684,3.837887,0.5327052,28.08938,0.4996535595589342,0.5327052,-0.03305164044106579,0.03305164044106579
0.0233403,0.664961,-0.505397,2.50527,3.94455e-05,26.8248,8.41338117877918e-06,3.94455e-05,-3.103211882122082e-05,3.103211882122082e-05
0.008987901,0.2909159,-1.268977,3.792846,0.6706374,10.34709,0.6001269013872371,0.6706374,-0.07051049861276293,0.07051049861276293
0.013343,0.789216,-0.822838,3.04103,0.00482781,31.8265,0.0060590339115896,0.00482781,0.0012312239115895999,0.0012312239115895999
0.0104297,0.601643,-1.06983,3.44662,0.110688,24.0404,0.13789014438252237,0.110688,0.027202144382522372,0.027202144382522372
0.00886815,0.619826,-0.640099,2.72551,0.000545917,25.0016,0.00035163447932409233,0.000545917,-0.0001942825206759077,0.0001942825206759077
0.00952118,0.31229,-0.592271,2.61398,0.000138607,12.5972,6.498331032791523e-05,0.000138607,-7.362368967208478e-05,7.362368967208478e-05
0.0175611,0.415184,-1.02064,3.34167,0.0243071,16.6988,0.03212542038476928,0.0243071,0.007818320384769279,0.007818320384769279
0.0154643,0.509197,-1.05887,3.41814,0.055089,20.4275,0.06955946085706602,0.055089,0.01447046085706602,0.01447046085706602
0.008509903,0.4052206,-1.180503,3.628394,0.3580481,15.60887,0.3709035204502069,0.3580481,0.012855420450206934,0.012855420450206934
0.0132081,0.535562,-0.651519,2.73747,0.000366755,21.6035,0.0002522222178038573,0.000366755,-0.00011453278219614274,0.00011453278219614274
0.0205333,0.325371,-0.670316,2.74542,0.000182469,13.1252,0.00013866409730074029,0.000182469,-4.3804902699259705e-05,4.3804902699259705e-05
0.012281,0.678438,-0.528136,2.54399,0.000102429,27.3675,2.766397638323143e-05,0.000102429,-7.476502361676858e-05,7.476502361676858e-05
0.013772,0.22056,-0.86442,3.0506,0.0022289,8.8928,0.0029642602259807153,0.0022289,0.0007353602259807155,0.0007353602259807155
0.0188101,0.430628,-1.095,3.47271,0.0605455,17.2474,0.07233850008101565,0.0605455,0.01179300008101565,0.01179300008101565
0.0232401,0.505627,-1.12197,3.53111,0.080635,20.2308,0.0920568497024046,0.080635,0.011421849702404605,0.011421849702404605
0.0169767,0.474607,-1.05251,3.40332,0.0431421,19.057,0.05493947990936507,0.0431421,0.011797379909365066,0.011797379909365066
0.0130704,0.284845,-0.990271,3.27218,0.0152009,11.4597,0.020609021026561033,0.0152009,0.005408121026561033,0.005408121026561033
0.0181872,0.793745,-0.853304,3.09213,0.00526691,32.0087,0.006915911808025429,0.00526691,0.0016490018080254293,0.0016490018080254293
0.0194975,0.37369,-1.12599,3.52045,0.0747328,14.9218,0.08465173400096931,0.0747328,0.009918934000969312,0.009918934000969312
0.01106,0.5456537,-1.247193,3.807577,0.8021999,20.25558,0.7431130060829411,0.8021999,-0.0590868939170589,0.0590868939170589
0.01434296,0.2667419,-1.244915,3.731456,0.3014473,10.14252,0.2740423982869794,0.3014473,-0.02740490171302057,0.02740490171302057
0.00836854,0.510712,-1.07679,3.44972,0.127727,20.3381,0.15768393133129102,0.127727,0.029956931331291015,0.029956931331291015
0.014711551,0.66983562,-1.3073917,4.0466204,1.2216549,23.829703,1.207445029054725,1.2216549,-0.01420987094527515,0.01420987094527515
0.0210519,0.540718,-1.12795,3.54652,0.102513,21.6006,0.11583681841872766,0.102513,0.013323818418727651,0.013323818418727651
0.0240721,0.250615,-1.02642,3.32724,0.0115237,10.0866,0.01513851447633546,0.0115237,0.00361481447633546,0.00361481447633546
0.014194407,0.3158363,-1.3902195,4.2316473,1.1501034,9.6372034,1.233201967914339,1.1501034,0.08309856791433878,0.08309856791433878
0.010395,0.234078,-1.05282,3.36878,0.0348029,9.37198,0.044409361700128436,0.0348029,0.009606461700128438,0.009606461700128438
0.0214794,0.67144,-0.853438,3.08412,0.00377908,27.0783,0.004962924729475705,0.00377908,0.001183844729475705,0.001183844729475705
0.0175228,0.322034,-0.644964,2.70286,0.000152813,12.9906,0.0001012541477523731,0.000152813,-5.155885224762689e-05,5.155885224762689e-05
0.0137265,0.554527,-0.886687,3.13029,0.00748108,22.354,0.01014602400855575,0.00748108,0.0026649440085557497,0.0026649440085557497
0.0119038,0.21531,-1.19293,3.61217,0.159874,8.36096,0.15975226103225645,0.159874,-0.00012173896774353432,0.00012173896774353432
0.0089591,0.629243,-0.940405,3.22653,0.0258799,25.3291,0.035729099642955446,0.0258799,0.009849199642955445,0.009849199642955445
0.01263384,0.8797269,-1.173504,3.678001,0.4819995,34.44361,0.5050289797175072,0.4819995,0.02302947971750713,0.02302947971750713
0.0143684,0.363152,-0.527566,2.51346,4.65219e-05,14.6494,1.2493684241192931e-05,4.65219e-05,-3.402821575880707e-05,3.402821575880707e-05
0.0153849,0.956375,-0.967855,3.29458,0.0325638,38.5114,0.04466280779565673,0.0325638,0.01209900779565673,0.01209900779565673
0.008501952,0.5451419,-1.217414,3.732341,0.7426734,20.41762,0.7226688324056072,0.7426734,-0.02000456759439284,0.02000456759439284
0.017031901,0.81433639,-1.3537147,4.3736789,1.8158696,27.533377,1.9255525116081715,1.8158696,0.10968291160817145,0.10968291160817145
0.0128007,0.985286,-0.699921,2.8475,0.00129629,39.743,0.0011313729464494638,0.00129629,-0.00016491705355053629,0.00016491705355053629
0.019037243,0.34555048,-1.3627878,4.1283131,0.77918621,11.926601,0.7920182706132257,0.77918621,0.012832060613225726,0.012832060613225726
0.01852067,0.3798431,-1.320741,3.980398,0.6587089,13.76004,0.6143959953622072,0.6587089,-0.044312904637792805,0.044312904637792805
0.0226286,0.66085,-0.73222,2.88162,0.0007447,26.6574,0.000737620814118407,0.0007447,-7.079185881593e-06,7.079185881593e-06
0.0103787,0.782483,-0.564056,2.61055,0.000221742,31.5639,8.315484160700725e-05,0.000221742,-0.00013858715839299275,0.00013858715839299275
0.01086195,0.9733267,-1.09792,3.528423,0.2443112,38.74423,0.2923399061435951,0.2443112,0.04802870614359511,0.04802870614359511
0.01852421,0.3619533,-1.263542,3.804009,0.3892593,13.77964,0.34409466770139274,0.3892593,-0.04516463229860723,0.04516463229860723
0.0124186,0.524675,-1.03252,3.37395,0.0505328,21.061,0.06596116449532928,0.0505328,0.015428364495329278,0.015428364495329278
0.01675719,0.348929,-1.236396,3.735449,0.305812,13.44267,0.2825633802019659,0.305812,-0.023248619798034054,0.023248619798034054
0.0227562,0.916573,-0.811805,3.03005,0.00285361,36.9689,0.0035089476507959233,0.00285361,0.0006553376507959234,0.0006553376507959234
0.0215596,0.967007,-0.65155,2.76622,0.000405852,39.0085,0.0002791584750940595,0.000405852,-0.00012669352490594048,0.00012669352490594048
0.02045642,0.5850307,-1.186554,3.67025,0.23317,23.11035,0.23685798291113194,0.23317,0.003687982911131954,0.003687982911131954
0.0230193,0.447017,-0.862119,3.07897,0.00262436,18.0275,0.003481187645957288,0.00262436,0.0008568276459572878,0.0008568276459572878
0.00962926,0.268527,-0.95666,3.2131,0.0126529,10.8064,0.01742510253862517,0.0126529,0.00477220253862517,0.00477220253862517
0.021952,0.690061,-0.557734,2.59395,8.52465e-05,27.8371,3.02850114269332e-05,8.52465e-05,-5.49614885730668e-05,5.49614885730668e-05
0.0100195,0.540948,-0.893171,3.13992,0.0108633,21.7988,0.014798365283563859,0.0108633,0.00393506528356386,0.00393506528356386
0.0142228,0.496473,-0.714549,2.83854,0.000709387,20.0261,0.0006576330487966095,0.000709387,-5.175395120339055e-05,5.175395120339055e-05
0.0231401,0.381465,-0.646054,2.71244,0.000139003,15.3882,9.268388107891985e-05,0.000139003,-4.6319118921080165e-05,4.6319118921080165e-05
0.0202941,0.609587,-0.687097,2.80276,0.000429068,24.59,0.0003536481883439865,0.000429068,-7.541981165601352e-05,7.541981165601352e-05
0.02453591,0.5097812,-1.267037,3.856212,0.4186279,19.62243,0.37821793777139867,0.4186279,-0.040409962228601326,0.040409962228601326
0.0100166,0.932837,-0.671781,2.79805,0.00109271,37.627,0.0008365789635141831,0.00109271,-0.0002561310364858169,0.0002561310364858169
0.01899162,0.99707028,-1.2915275,4.0835403,1.2121719,36.896052,1.2025317807444516,1.2121719,-0.009640119255548418,0.009640119255548418
0.0184484,0.60949,-1.11249,3.52511,0.108646,24.3613,0.12625546257395848,0.108646,0.01760946257395847,0.01760946257395847
0.0164963,0.370179,-1.05863,3.40102,0.0374058,14.8566,0.047276411694190605,0.0374058,0.009870611694190602,0.009870611694190602
0.010658,0.758167,-0.907907,3.18123,0.0172896,30.5476,0.023728727283148357,0.0172896,0.006439127283148358,0.006439127283148358
0.0237903,0.881745,-0.508015,2.52336,5.30705e-05,35.5699,1.1645293135255889e-05,5.30705e-05,-4.142520686474411e-05,4.142520686474411e-05
0.0124188,0.990334,-0.846246,3.09137,0.00878957,39.9308,0.011438011060726868,0.00878957,0.0026484410607268676,0.0026484410607268676
0.0108283,0.961844,-1.0018,3.35335,0.0717846,38.6485,0.09651739637211484,0.0717846,0.02473279637211484,0.02473279637211484
0.0162474,0.482728,-0.632327,2.70067,0.000210026,19.4728,0.00012909464946767664,0.000210026,-8.093135053232337e-05,8.093135053232337e-05
0.0158663,0.932625,-0.638331,2.74248,0.000448822,37.6209,0.00028606948447704563,0.000448822,-0.00016275251552295435,0.00016275251552295435
0.0121229,0.680635,-0.901566,3.16523,0.0125816,27.4302,0.017217376089089683,0.0125816,0.004635776089089683,0.004635776089089683
0.0185389,0.492049,-1.12639,3.5376,0.103841,19.6352,0.11772772044933086,0.103841,0.013886720449330855,0.013886720449330855
0.0238319,0.959655,-0.761948,2.94932,0.00150412,38.7097,0.0016396432774570479,0.00150412,0.0001355232774570478,0.0001355232774570478
0.0225047,0.298353,-1.0988,3.45985,0.0367827,11.9608,0.04366866338465224,0.0367827,0.0068859633846522356,0.0068859633846522356
0.0103039,0.542241,-1.05946,3.42252,0.0885578,21.6907,0.1119165723546021,0.0885578,0.023358772354602098,0.023358772354602098
0.010614,0.20611,-0.62439,2.649,0.00012396,8.3131,7.250703671976662e-05,0.00012396,-5.145296328023338e-05,5.145296328023338e-05
0.009929929,0.2882795,-1.204571,3.652823,0.2923612,11.03162,0.2881013981761145,0.2923612,-0.004259801823885467,0.004259801823885467
0.00916112,0.227529,-1.06757,3.39257,0.0462594,9.08452,0.057880653817433264,0.0462594,0.011621253817433265,0.011621253817433265
0.02014711,0.3349351,-1.303507,3.90469,0.4872093,12.42917,0.42539974629957356,0.4872093,-0.061809553700426456,0.061809553700426456
0.0204963,0.634537,-0.810337,3.00955,0.00215243,25.5929,0.002639115648991744,0.00215243,0.0004866856489917442,0.0004866856489917442
0.0217942,0.743742,-0.538154,2.56508,7.19642e-05,30.0026,2.1411601708783034e-05,7.19642e-05,-5.055259829121697e-05,5.055259829121697e-05
0.022458061,0.26830924,-1.3702585,4.1032019,0.55642973,9.4327827,0.5566501600452682,0.55642973,0.0002204300452682828,0.0002204300452682828
0.014018,0.334299,-0.962036,3.23223,0.0115956,13.4619,0.015937999830126715,0.0115956,0.004342399830126716,0.004342399830126716
0.0117338,0.727904,-0.894051,3.15597,0.0126242,29.3368,0.017205680451014477,0.0126242,0.004581480451014476,0.004581480451014476
0.02317375,0.5559866,-1.243682,3.802182,0.3843197,21.5851,0.34935671990868333,0.3843197,-0.03496298009131665,0.03496298009131665
0.0162383,0.983305,-0.555361,2.60732,0.000159281,39.666,5.542952230644032e-05,0.000159281,-0.00010385147769355967,0.00010385147769355967
0.01253558,0.6843445,-1.253703,3.857342,0.9378886,25.42435,0.8752965940194192,0.9378886,-0.06259200598058079,0.06259200598058079
0.008597336,0.7313056,-1.120397,3.551897,0.3065258,28.85742,0.35390537228978636,0.3065258,0.04737957228978634,0.04737957228978634
0.0195516,0.686124,-1.00682,3.34384,0.0302607,27.6156,0.04048845683008093,0.0302607,0.010227756830080925,0.010227756830080925
0.0194134,0.37434,-0.896238,3.12749,0.00403658,15.0927,0.005507237271386226,0.00403658,0.0014706572713862262,0.0014706572713862262
0.019948,0.21161,-0.90504,3.1164,0.0029285,8.5304,0.0034067402846344377,0.0029285,0.00047824028463443755,0.00047824028463443755
0.01379055,0.7622635,-1.133246,3.579574,0.23237,29.97433,0.26369553983651567,0.23237,0.031325539836515676,0.031325539836515676
0.0122282,0.834178,-0.697855,2.83587,0.00111878,33.6477,0.0009677594959397395,0.00111878,-0.00015102050406026052,0.00015102050406026052
0.023375646,0.2265542,-1.3944491,4.1717664,0.5450191,7.7254843,0.5570951801800343,0.5450191,0.012076080180034365,0.012076080180034365
0.01303728,0.865929,-1.113003,3.549526,0.2190034,34.46824,0.2552349950005179,0.2190034,0.0362315950005179,0.0362315950005179
0.0142992,0.951239,-0.719254,2.87789,0.00143608,38.3695,0.0013559830035351564,0.00143608,-8.009699646484357e-05,8.009699646484357e-05
0.0203247,0.836532,-0.939994,3.24026,0.0150949,33.7144,0.02082803514296071,0.0150949,0.005733135142960711,0.005733135142960711
0.011330188,0.38837366,-1.3577352,4.1260859,1.4088704,12.009274,1.4304823059913518,1.4088704,0.021611905991351765,0.021611905991351765
0.0200532,0.55111,-0.85308,3.07392,0.0033072,22.2251,0.004341308399654608,0.0033072,0.0010341083996546082,0.0010341083996546082
0.021827564,0.689146,-1.3031907,4.0388153,0.82806046,25.63556,0.8055463663399505,0.82806046,-0.022514093660049528,0.022514093660049528
0.016434572,0.60064709,-1.3846985,4.4585651,2.3637269,19.503674,1.9311346169441108,2.3637269,-0.43259228305588926,0.43259228305588926
0.0218977,0.590937,-0.800636,2.98996,0.00165656,23.8352,0.0019909160956889777,0.00165656,0.00033435609568897764,0.00033435609568897764
0.0194037,0.830963,-0.74295,2.91062,0.00125333,33.5186,0.0012879561838497035,0.00125333,3.462618384970353e-05,3.462618384970353e-05
0.0120017,0.514398,-0.96416,3.25656,0.0214083,20.7064,0.029412689181320714,0.0214083,0.008004389181320713,0.008004389181320713
0.0249095,0.5535888,-1.167609,3.625936,0.1444793,22.03111,0.15173312440057068,0.1444793,0.00725382440057068,0.00725382440057068
0.0165993,0.838012,-0.755774,2.93236,0.00174199,33.8016,0.0018644585829787233,0.00174199,0.00012246858297872338,0.00012246858297872338
0.02412469,0.7683548,-1.257256,3.889311,0.5675444,29.62013,0.5282914461850171,0.5675444,-0.03925295381498284,0.03925295381498284
0.0155285,0.835518,-0.529777,2.55685,0.000101889,33.7044,2.796613240857944e-05,0.000101889,-7.392286759142056e-05,7.392286759142056e-05
0.0150815,0.370985,-1.06032,3.40405,0.0418911,14.8799,0.05282556608812701,0.0418911,0.01093446608812701,0.01093446608812701
0.0228463,0.493925,-0.614,2.67133,0.000120775,19.9249,6.600160488589928e-05,0.000120775,-5.477339511410071e-05,5.477339511410071e-05
0.018847438,0.7109968,-1.3111715,4.0811239,1.0461944,25.884862,1.0356624739212015,1.0461944,-0.010531926078798604,0.010531926078798604
0.024699347,0.96856832,-1.3174042,4.2154502,1.165703,35.725846,1.1396256659364377,1.165703,-0.026077334063562274,0.026077334063562274
0.0170741,0.784867,-0.764039,2.94289,0.00176374,31.6578,0.001934343006531646,0.00176374,0.00017060300653164596,0.00017060300653164596
0.017533,0.24625,-0.96905,3.2299,0.0074716,9.9187,0.01024149001792513,0.0074716,0.0027698900179251307,0.0027698900179251307
0.0242823,0.381921,-1.00673,3.31391,0.0135442,15.3793,0.01812711766984849,0.0135442,0.0045829176698484915,0.0045829176698484915
0.0207711,0.82571,-0.944614,3.24741,0.0154681,33.2771,0.021335827509138205,0.0154681,0.005867727509138205,0.005867727509138205
0.0172873,0.961619,-0.83964,3.07886,0.00563323,38.7798,0.007262434282553881,0.00563323,0.0016292042825538809,0.0016292042825538809
0.0154991,0.986214,-1.04944,3.43907,0.0943807,39.5841,0.12073827165668537,0.0943807,0.02635757165668537,0.02635757165668537
0.0190102,0.948747,-0.678177,2.80951,0.000635719,38.2712,0.0005023071044379798,0.000635719,-0.0001334118955620202,0.0001334118955620202
0.00905155,0.697946,-0.671672,2.78368,0.000903453,28.1521,0.0006913129743958807,0.000903453,-0.0002121400256041193,0.0002121400256041193
0.0194815,0.260156,-0.864898,3.05866,0.00187021,10.491,0.002488164427440145,0.00187021,0.0006179544274401451,0.0006179544274401451
0.021821151,0.93011591,-1.3403363,4.3453196,1.6064065,32.767837,1.5237498761966624,1.6064065,-0.08265662380333771,0.08265662380333771
0.0143678,0.8500251,-1.144094,3.610798,0.286484,33.68026,0.31642506744913373,0.286484,0.029941067449133718,0.029941067449133718
0.0185135,0.313732,-0.77892,2.92414,0.000787132,12.6544,0.0008988215135088354,0.000787132,0.00011168951350883549,0.00011168951350883549
0.01249064,0.6726582,-1.246211,3.832754,0.8541801,25.18753,0.8035217233758277,0.8541801,-0.050658376624172274,0.050658376624172274
0.011421,0.801445,-0.828086,3.05054,0.00612649,32.3167,0.0077582506979965654,0.00612649,0.0016317606979965654,0.0016317606979965654
0.0214701,0.976041,-0.915743,3.20721,0.0122199,39.3481,0.016811489507525482,0.0122199,0.004591589507525482,0.004591589507525482
0.0157159,0.822924,-0.61757,2.70187,0.000306237,33.1959,0.00017137350197966056,0.000306237,-0.00013486349802033944,0.00013486349802033944
0.0148042,0.616632,-1.07426,3.45598,0.0846378,24.6993,0.10462678616797005,0.0846378,0.019988986167970055,0.019988986167970055
0.01980369,0.2162784,-1.377497,4.086919,0.5344209,7.423943,0.5420556529859285,0.5344209,0.007634752985928528,0.007634752985928528
0.01771784,0.3152378,-1.210484,3.671647,0.1931087,12.32084,0.18725139506983796,0.1931087,-0.005857304930162038,0.005857304930162038
0.021833595,0.34224811,-1.3944128,4.2909779,0.85408877,11.426462,0.9007433117264254,0.85408877,0.04665454172642536,0.04665454172642536
0.01079476,0.4255905,-1.157437,3.586855,0.2248778,16.70523,0.24234618086497228,0.2248778,0.017468380864972294,0.017468380864972294
0.00965053,0.573465,-0.864732,3.09527,0.00830232,23.1156,0.011046457563867396,0.00830232,0.002744137563867396,0.002744137563867396
0.0092346,0.979939,-1.04948,3.43871,0.157228,39.197,0.2014465630604671,0.157228,0.04421856306046709,0.04421856306046709
0.0122557,0.559305,-0.966699,3.265,0.0235498,22.5134,0.032321739170728954,0.0235498,0.008771939170728955,0.008771939170728955
0.0242155,0.72957,-0.611683,2.68622,0.000163371,29.4309,8.789807497447902e-05,0.000163371,-7.547292502552097e-05,7.547292502552097e-05
0.0125131,0.66969,-1.03956,3.39927,0.0700018,26.8695,0.09065516090117912,0.0700018,0.020653360901179113,0.020653360901179113
0.0112233,0.972049,-0.548454,2.59529,0.000208474,39.211,6.822428515638778e-05,0.000208474,-0.0001402497148436122,0.0001402497148436122
0.00981385,0.809531,-0.743842,2.91082,0.00244183,32.6502,0.0025168152457487373,0.00244183,7.49852457487374e-05,7.49852457487374e-05
0.0168432,0.333934,-0.843571,3.03447,0.00211174,13.4667,0.0027376923261220668,0.00211174,0.0006259523261220668,0.0006259523261220668
0.0162392,0.845884,-0.690835,2.82489,0.00078064,34.1212,0.0006545262606566477,0.00078064,-0.00012611373934335224,0.00012611373934335224
0.0127697,0.6897742,-1.244504,3.831413,0.8481482,25.88528,0.7928129267365024,0.8481482,-0.05533527326349763,0.05533527326349763
0.0133325,0.582248,-0.537388,2.55198,9.11925e-05,23.4874,2.6936483183864607e-05,9.11925e-05,-6.425601681613539e-05,6.425601681613539e-05
0.0084078,0.22009,-0.92893,3.1579,0.0083282,8.8612,0.011492187734470359,0.0083282,0.0031639877344703596,0.0031639877344703596
0.02043395,0.3881759,-1.286686,3.875435,0.4708419,14.61902,0.41594514368377555,0.4708419,-0.05489675631622443,0.05489675631622443
0.021129409,0.28155779,-1.368511,4.1059788,0.61848564,9.7995579,0.6114326387598739,0.61848564,-0.007053001240126089,0.007053001240126089
0.0128098,0.292518,-1.16595,3.57962,0.145725,11.5029,0.15327039492221417,0.145725,0.007545394922214177,0.007545394922214177
0.0185233,0.577157,-1.1126,3.52189,0.102615,23.07,0.11921562585388987,0.102615,0.01660062585388987,0.01660062585388987
0.0166251,0.684744,-0.717084,2.85819,0.00086472,27.6207,0.0008096424431982177,0.00086472,-5.507755680178236e-05,5.507755680178236e-05
0.0214154,0.348998,-0.977826,3.26079,0.00970056,14.059,0.013241117093239094,0.00970056,0.0035405570932390933,0.0035405570932390933
0.0175427,0.530987,-0.816076,3.01051,0.00226529,21.4154,0.0028083008499436343,0.00226529,0.0005430108499436342,0.0005430108499436342
0.0106565,0.771897,-0.516374,2.53073,0.000115471,31.1371,2.768254891851818e-05,0.000115471,-8.778845108148183e-05,8.778845108148183e-05
0.023969,0.79531,-0.682736,2.80842,0.000448144,32.0822,0.0003619170783484083,0.000448144,-8.62269216515917e-05,8.62269216515917e-05
0.0221104,0.282686,-0.755526,2.88057,0.000439785,11.4028,0.0004703158146811981,0.000439785,3.053081468119812e-05,3.053081468119812e-05
0.0202485,0.5591,-0.707339,2.83223,0.000511514,22.5532,0.00046059242805739325,0.000511514,-5.092157194260677e-05,5.092157194260677e-05
0.00835265,0.71273,-1.08753,3.48849,0.204203,28.3243,0.24836169593817725,0.204203,0.044158695938177256,0.044158695938177256
0.0137754,0.829101,-0.786344,2.98269,0.00307504,33.4391,0.0035771986474696397,0.00307504,0.0005021586474696399,0.0005021586474696399
0.01293869,0.799037,-1.119438,3.556391,0.2206303,31.76814,0.2543115202039673,0.2206303,0.0336812202039673,0.0336812202039673
0.01557535,0.6270659,-1.133379,3.566668,0.1713759,24.93866,0.19233849635529454,0.1713759,0.020962596355294544,0.020962596355294544
0.00975333,0.992587,-1.07256,3.48174,0.201804,39.6121,0.250820904553218,0.201804,0.04901690455321797,0.04901690455321797
0.0229279,0.521769,-0.564917,2.59244,6.76778e-05,21.0483,2.5563400977742904e-05,6.76778e-05,-4.2114399022257094e-05,4.2114399022257094e-05
0.01647878,0.7585724,-1.123962,3.561632,0.1743326,30.23446,0.19896671592290982,0.1743326,0.024634115922909816,0.024634115922909816
0.0152388,0.376875,-0.745396,2.87686,0.00074691,15.2016,0.000773713480744615,0.00074691,2.6803480744614955e-05,2.6803480744614955e-05
0.0118664,0.326817,-0.945002,3.20263,0.0107668,13.1617,0.014854816664611945,0.0107668,0.004088016664611945,0.004088016664611945
0.0138299,0.263443,-0.655155,2.71076,0.00018054,10.6269,0.00012667334829859417,0.00018054,-5.386665170140583e-05,5.386665170140583e-05
0.0090218599,0.83290981,-1.2880824,4.0129463,2.0248631,28.32318,2.0479274247161725,2.0248631,0.02306432471617237,0.02306432471617237
0.0151352,0.792206,-0.991527,3.32516,0.0371155,31.8799,0.050256635458973735,0.0371155,0.013141135458973732,0.013141135458973732
0.0134767,0.780176,-0.861992,3.10579,0.00780967,31.4556,0.010359451399006871,0.00780967,0.002549781399006871,0.002549781399006871
0.0237345,0.635957,-0.926304,3.20337,0.00824716,25.6378,0.011370486506792472,0.00824716,0.0031233265067924718,0.0031233265067924718
0.009559856,0.4794634,-1.182553,3.645037,0.3853384,18.54202,0.39887828086775373,0.3853384,0.013539880867753706,0.013539880867753706
0.00907089,0.392815,-0.569249,2.58629,0.000136153,15.8453,5.331561071808598e-05,0.000136153,-8.283738928191402e-05,8.283738928191402e-05
0.016465,0.977713,-1.05228,3.4437,0.0913175,39.2479,0.11638964866195191,0.0913175,0.025072148661951912,0.025072148661951912
0.00970268,0.66446,-0.653409,2.75097,0.000634619,26.802,0.0004410495546983462,0.000634619,-0.00019356944530165383,0.00019356944530165383
0.018756,0.747695,-0.882492,3.13796,0.00699609,30.1475,0.009458069185057167,0.00699609,0.002461979185057167,0.002461979185057167
0.0152182,0.587873,-0.928743,3.20357,0.0122649,23.6893,0.01691826321999646,0.0122649,0.004653363219996461,0.004653363219996461
0.02255177,0.48476382,-1.3712703,4.2788656,0.96129127,16.859685,1.0104511267923346,0.96129127,0.04915985679233459,0.04915985679233459
0.0213615,0.928257,-0.672701,2.79934,0.000515962,37.4451,0.00039681700583023,0.000515962,-0.00011914499416977001,0.00011914499416977001
0.020845,0.20035,-0.78614,2.9164,0.00049123,8.0812,0.0005694755584427457,0.00049123,7.824555844274561e-05,7.824555844274561e-05
0.0139798,0.310847,-1.00148,3.29514,0.0178958,12.5031,0.02406811062650462,0.0178958,0.006172310626504619,0.006172310626504619
0.023198147,0.48306206,-1.3566366,4.1942977,0.909877,16.986226,0.8605991165146732,0.909877,-0.0492778834853268,0.0492778834853268
0.01535292,0.6885903,-1.151885,3.61028,0.2393891,27.27462,0.2602365526245002,0.2393891,0.02084745262450019,0.02084745262450019
0.0243315,0.394492,-0.833079,3.02473,0.00150943,15.911,0.0019266040579144091,0.00150943,0.00041717405791440914,0.00041717405791440914
0.0146254,0.782878,-0.588286,2.65081,0.000214915,31.5806,9.779967318823549e-05,0.000214915,-0.00011711532681176452,0.00011711532681176452
0.0127809,0.448823,-0.717702,2.83901,0.000743143,18.1038,0.0006974811165271263,0.000743143,-4.566188347287375e-05,4.566188347287375e-05
0.0101498,0.694099,-0.757359,2.92578,0.00240807,27.994,0.002589848330535552,0.00240807,0.00018177833053555211,0.00018177833053555211
0.00846565,0.707694,-0.65899,2.76329,0.00083224,28.5453,0.0005962384859754801,0.00083224,-0.0002360015140245199,0.0002360015140245199
0.0105796,0.656339,-1.02411,3.37127,0.0666362,26.3378,0.08780255513220535,0.0666362,0.02116635513220534,0.02116635513220534
0.01719568,0.2882594,-1.313163,3.912086,0.5317574,10.46364,0.46868028146808144,0.5317574,-0.06307711853191861,0.06307711853191861
0.013554657,0.69766354,-1.3493268,4.2706106,2.0098677,22.39555,1.9936648851623304,2.0098677,-0.01620281483766961,0.01620281483766961
0.0159396,0.671555,-0.592393,2.65017,0.000178319,27.09,8.367815458986059e-05,0.000178319,-9.464084541013941e-05,9.464084541013941e-05
0.01085676,0.9861595,-1.161066,3.660472,0.540175,38.60532,0.5797205902782389,0.540175,0.039545590278238896,0.039545590278238896
0.012692285,0.55361261,-1.3595992,4.2433765,1.8359314,17.207977,1.8504862898131271,1.8359314,0.014554889813127136,0.014554889813127136
0.0112606,0.516829,-0.749944,2.89926,0.00146943,20.8454,0.0015446150787795994,0.00146943,7.518507877959935e-05,7.518507877959935e-05
0.0138887,0.468971,-0.885161,3.11967,0.0061319,18.9056,0.008306929962102945,0.0061319,0.0021750299621029453,0.0021750299621029453
0.0130247,0.575638,-0.786494,2.96517,0.00226238,23.2162,0.0026327862530975874,0.00226238,0.00037040625309758737,0.00037040625309758737
0.0142272,0.48422,-1.0773,3.44778,0.0718641,19.3854,0.08844068829804252,0.0718641,0.016576588298042524,0.016576588298042524
0.0107599,0.718289,-0.549986,2.58303,0.000163878,28.9746,5.4375029370099296e-05,0.000163878,-0.00010950297062990071,0.00010950297062990071
0.00928205,0.996725,-0.941206,3.25135,0.0399738,40.1221,0.055186976540162115,0.0399738,0.015213176540162118,0.015213176540162118
0.0224068,0.684015,-0.743898,2.9027,0.000904382,27.5916,0.0009322564354331652,0.000904382,2.7874435433165217e-05,2.7874435433165217e-05
0.0196658,0.466698,-1.05809,3.41213,0.0393181,18.7459,0.049691779493993865,0.0393181,0.010373679493993863,0.010373679493993863
0.0211294,0.891541,-0.69359,2.83205,0.000655126,35.9636,0.0005561307896579983,0.000655126,-9.899521034200168e-05,9.899521034200168e-05
0.0114651,0.877432,-1.00479,3.35351,0.0642779,35.26,0.08618430447852685,0.0642779,0.021906404478526847,0.021906404478526847
0.0219876,0.294016,-0.637058,2.68561,0.000100451,11.8606,6.353744286696154e-05,0.000100451,-3.6913557133038465e-05,3.6913557133038465e-05
0.00963389,0.360019,-0.83467,3.02312,0.00355029,14.5155,0.004543497544453426,0.00355029,0.0009932075444534262,0.0009932075444534262
0.0109745,0.901671,-1.03877,3.41462,0.106341,36.1489,0.1379065998983661,0.106341,0.03156559989836609,0.03156559989836609
0.0154459,0.549406,-0.798122,2.98227,0.00211404,22.1586,0.002526972259115479,0.00211404,0.0004129322591154786,0.0004129322591154786
0.00925216,0.92023,-0.645766,2.75417,0.000835512,37.1188,0.0005562170106258682,0.000835512,-0.0002792949893741318,0.0002792949893741318
0.0180586,0.516909,-0.830643,3.03347,0.0025827,20.8468,0.0032839144809931474,0.0025827,0.0007012144809931476,0.0007012144809931476
0.0196181,0.68974,-0.60794,2.67728,0.000181697,27.8239,9.528971051085913e-05,0.000181697,-8.640728948914087e-05,8.640728948914087e-05
0.02444528,0.8085482,-1.17244,3.668024,0.2274015,32.12916,0.2372943124674376,0.2274015,0.00989281246743759,0.00989281246743759
0.0148616,0.438089,-0.549174,2.55805,7.16158e-05,17.6723,2.3588770451366407e-05,7.16158e-05,-4.802702954863359e-05,4.802702954863359e-05
0.0159214,0.596556,-1.09106,3.48432,0.0940893,23.8701,0.11338157441446133,0.0940893,0.019292274414461325,0.019292274414461325
0.0244703,0.566628,-0.81448,3.01097,0.0016979,22.8546,0.0020985181993700822,0.0016979,0.00040061819937008223,0.00040061819937008223
0.011615827,0.77878448,-1.3088106,4.089688,1.7647723,26.663209,1.8012653962254415,1.7647723,0.0364930962254415,0.0364930962254415
0.018347,0.50305,-1.0954,3.48222,0.0728262,20.143,0.08701774816978047,0.0728262,0.01419154816978048,0.01419154816978048
0.016703,0.370615,-1.12537,3.51882,0.085779,14.7751,0.0973557089504235,0.085779,0.011576708950423509,0.011576708950423509
0.0107003,0.967313,-0.910741,3.19832,0.0227839,38.9724,0.031303913725028935,0.0227839,0.008520013725028936,0.008520013725028936
0.0185481,0.519913,-1.12859,3.54518,0.112705,20.7404,0.12727834838922292,0.112705,0.014573348389222918,0.014573348389222918
0.02024806,0.5655025,-1.177314,3.647653,0.2037745,22.38656,0.21059483742347543,0.2037745,0.006820337423475431,0.006820337423475431
0.01816533,0.2329196,-1.364799,4.050955,0.5803479,8.016369,0.5694767529447138,0.5803479,-0.010871147055286245,0.010871147055286245
0.00988661,0.92368,-0.526407,2.55617,0.000169422,37.2595,4.498035881442055e-05,0.000169422,-0.00012444164118557944,0.00012444164118557944
0.016474604,0.61032048,-1.3401311,4.1778084,1.2480969,21.202959,1.3219021177047727,1.2480969,0.07380521770477277,0.07380521770477277
0.0207994,0.452698,-0.608302,2.65775,0.000113006,18.2618,5.941247027803003e-05,0.000113006,-5.359352972196996e-05,5.359352972196996e-05
0.01652785,0.6734484,-1.256239,3.863632,0.7194113,25.4865,0.669335925070625,0.7194113,-0.05007537492937497,0.05007537492937497
0.0114889,0.8115109,-1.137459,3.593366,0.3146836,32.06991,0.35231719000829603,0.3146836,0.037633590008296025,0.037633590008296025
0.0133729,0.308855,-1.02551,3.33548,0.0252472,12.4077,0.033227429411874544,0.0252472,0.007980229411874543,0.007980229411874543
0.0203715,0.734785,-0.940042,3.23374,0.0132368,29.6139,0.018263889733698215,0.0132368,0.005027089733698215,0.005027089733698215
0.023368,0.22668,-0.81081,2.9627,0.00067858,9.1429,0.0008327405736420699,0.00067858,0.0001541605736420699,0.0001541605736420699
0.0108057,0.824146,-0.727558,2.88464,0.00183174,33.2412,0.0017842331475469162,0.00183174,-4.750685245308393e-05,4.750685245308393e-05
0.0191098,0.991682,-0.89583,3.17451,0.0108063,39.9818,0.014740507099723216,0.0108063,0.003934207099723216,0.003934207099723216
0.01870573,0.2191746,-1.289327,3.817023,0.3088223,8.205587,0.26294286998750416,0.3088223,-0.045879430012495837,0.045879430012495837
0.0118562,0.444464,-1.01383,3.33345,0.0353077,17.857,0.04700690319360427,0.0353077,0.01169920319360427,0.01169920319360427
0.0229199,0.500117,-0.518942,2.51411,3.59525e-05,20.1749,8.850619353776389e-06,3.59525e-05,-2.710188064622361e-05,2.710188064622361e-05
0.00842678,0.69494,-0.903325,3.1692,0.0188978,27.9934,0.025888263470069936,0.0188978,0.006990463470069937,0.006990463470069937
0.0216812,0.567378,-0.598935,2.65292,0.00012047,22.888,5.9297228878752334e-05,0.00012047,-6.117277112124767e-05,6.117277112124767e-05
0.0222138,0.397397,-0.855766,3.06284,0.00222838,16.0266,0.002934613891073533,0.00222838,0.0007062338910735332,0.0007062338910735332
0.02359438,0.2263877,-1.35836,4.024375,0.4196743,8.155827,0.40263523540348417,0.4196743,-0.01703906459651583,0.01703906459651583
0.01313883,0.6971899,-1.146489,3.600176,0.2647383,27.56837,0.2910194458892459,0.2647383,0.026281145889245905,0.026281145889245905
0.01733283,0.9788747,-1.161891,3.661993,0.3403325,38.74702,0.36352240885241766,0.3403325,0.023189908852417673,0.023189908852417673
0.02069731,0.7365367,-1.157893,3.628219,0.2048374,29.27894,0.2197811984906299,0.2048374,0.014943798490629906,0.014943798490629906
0.0229036,0.331978,-0.683536,2.76829,0.000197796,13.3918,0.0001603360478498625,0.000197796,-3.745995215013751e-05,3.745995215013751e-05
0.0146,0.531823,-1.06031,3.42301,0.0620615,21.3256,0.07821633403975398,0.0620615,0.016154834039753978,0.016154834039753978
0.01025585,0.7113769,-1.175576,3.662757,0.4909582,27.65437,0.5138371982341939,0.4909582,0.022878998234193926,0.022878998234193926
0.0113299,0.372477,-0.599896,2.6347,0.000153222,15.0251,7.5940575993382e-05,0.000153222,-7.7281424006618e-05,7.7281424006618e-05
0.0103889,0.738765,-1.04336,3.41138,0.0975846,29.5975,0.12584496648162435,0.0975846,0.02826036648162436,0.02826036648162436
0.01633045,0.8284201,-1.230039,3.816196,0.6758633,31.85258,0.6470948788655084,0.6758633,-0.028768421134491517,0.028768421134491517
0.0140541,0.733548,-0.58404,2.64059,0.000198437,29.5906,8.742296152234023e-05,0.000198437,-0.00011101403847765978,0.00011101403847765978
0.014225396,0.58003373,-1.3793572,4.3953919,1.7795211,18.227086,2.0568316539588696,1.7795211,0.2773105539588696,0.2773105539588696
0.00974711,0.365221,-0.752132,2.88659,0.0012338,14.7301,0.00130586289016595,0.0012338,7.206289016594997e-05,7.206289016594997e-05
0.01913458,0.7443912,-1.259121,3.889369,0.7043268,28.33034,0.6568720951620795,0.7043268,-0.04745470483792058,0.04745470483792058
0.0190744,0.294846,-1.08239,3.43065,0.034833,11.8233,0.04250485299494283,0.034833,0.007671852994942829,0.007671852994942829
0.02471806,0.8520641,-1.154175,3.632563,0.1898364,33.96705,0.20483621911480532,0.1898364,0.01499981911480533,0.01499981911480533
0.0116227,0.310471,-1.02306,3.33156,0.0282939,12.4666,0.03734359967770264,0.0282939,0.009049699677702642,0.009049699677702642
0.0140116,0.916554,-0.710966,2.86228,0.00126954,36.9707,0.001160233024227496,0.00126954,-0.00010930697577250402,0.00010930697577250402
0.0220865,0.750742,-0.95542,3.26083,0.0151895,30.2536,0.020911474708841908,0.0151895,0.005721974708841908,0.005721974708841908
0.02474426,0.9951309,-1.2774536,4.0199019,0.83682866,37.901501,0.807674301762503,0.83682866,-0.029154358237497013,0.029154358237497013
0.0202864,0.905605,-0.6463,2.75427,0.000377599,36.5315,0.0002521346928901753,0.000377599,-0.0001254643071098247,0.0001254643071098247
0.0177721,0.930373,-0.788211,2.99149,0.00273961,37.5255,0.0032012320506411207,0.00273961,0.0004616220506411207,0.0004616220506411207
0.0180022,0.323149,-1.02468,3.33626,0.019426,12.9963,0.02557556627339742,0.019426,0.006149566273397421,0.006149566273397421
0.0126639,0.320775,-0.816793,2.98809,0.00191318,12.9361,0.0023750132449891137,0.00191318,0.00046183324498911367,0.00046183324498911367
0.0183407,0.867718,-0.816811,3.03568,0.00357428,34.9963,0.00443721570686929,0.00357428,0.0008629357068692901,0.0008629357068692901
0.0106126,0.353826,-0.617628,2.66178,0.000195133,14.2726,0.00010923971867611557,0.000195133,-8.589328132388443e-05,8.589328132388443e-05
0.00894067,0.902393,-0.528037,2.55773,0.000186901,36.4005,5.0429750696557984e-05,0.000186901,-0.00013647124930344203,0.00013647124930344203
0.0211948,0.211393,-1.19416,3.61373,0.0901923,8.34461,0.0891867680107933,0.0901923,-0.0010055319892067066,0.0010055319892067066
0.01065527,0.2046508,-1.225754,3.672288,0.249244,7.749198,0.23495123192211673,0.249244,-0.014292768077883267,0.014292768077883267
0.0163205,0.436338,-0.589249,2.62439,0.000108681,17.6016,4.981552777808136e-05,0.000108681,-5.886547222191864e-05,5.886547222191864e-05
0.0212467,0.752321,-0.917442,3.19687,0.00972795,30.3286,0.013388873064684798,0.00972795,0.0036609230646847974,0.0036609230646847974
0.0182016,0.26579,-0.835496,3.01071,0.00140229,10.7192,0.0017965962147519611,0.00140229,0.0003943062147519611,0.0003943062147519611
0.0218364,0.974903,-0.755987,2.94018,0.00154476,39.3246,0.0016544025988156122,0.00154476,0.00010964259881561219,0.00010964259881561219
0.0142052,0.802648,-0.646811,2.7492,0.000481084,32.3775,0.00032217767996708897,0.000481084,-0.00015890632003291103,0.00015890632003291103
0.00927871,0.901898,-0.581556,2.64656,0.00035793,36.3803,0.00015468821240650183,0.00035793,-0.00020324178759349818,0.00020324178759349818
0.0126646,0.60242,-1.00808,3.33915,0.04166,24.2151,0.055710466605629574,0.04166,0.014050466605629572,0.014050466605629572
0.0197607,0.617867,-0.558408,2.58973,8.55285e-05,24.9247,3.056336465821082e-05,8.55285e-05,-5.496513534178919e-05,5.496513534178919e-05
0.0145971,0.654508,-1.0802,3.47013,0.0981944,26.1986,0.12033372489898354,0.0981944,0.022139324898983542,0.022139324898983542
0.0187119,0.48678,-1.0986,3.48608,0.0719437,19.4886,0.08550251388698443,0.0719437,0.013558813886984433,0.013558813886984433
0.0176629,0.863588,-0.852428,3.09486,0.00583439,34.8249,0.007652898938274105,0.00583439,0.001818508938274105,0.001818508938274105
0.02183,0.24127,-0.9594,3.2129,0.005197,9.7226,0.007147185714469199,0.005197,0.0019501857144691992,0.0019501857144691992
0.0176245,0.688831,-0.688865,2.8116,0.000571104,27.7863,0.00047456338021680455,0.000571104,-9.654061978319546e-05,9.654061978319546e-05
0.0182679,0.919419,-0.892977,3.16588,0.0101037,37.0682,0.01375932202438858,0.0101037,0.0036556220243885804,0.0036556220243885804
0.00909517,0.572938,-0.996418,3.31661,0.0474889,23.0134,0.06416297432418053,0.0474889,0.016674074324180527,0.016674074324180527
0.017186,0.809451,-0.867704,3.11717,0.00683731,32.6389,0.009123550062569671,0.00683731,0.002286240062569671,0.002286240062569671
0.0228355,0.600657,-0.596488,2.65159,0.000117343,24.2305,5.674472023859812e-05,0.000117343,-6.059827976140188e-05,6.059827976140188e-05
0.0115278,0.814988,-0.766706,2.94917,0.00280698,32.87,0.0031019874263878765,0.00280698,0.0002950074263878763,0.0002950074263878763
0.0177248,0.87508,-0.546623,2.58708,0.000116076,35.3005,3.736028149780115e-05,0.000116076,-7.871571850219885e-05,7.871571850219885e-05
0.024113008,0.37319803,-1.378069,4.228496,0.77741337,12.93185,0.7720197675244632,0.77741337,-0.005393602475536774,0.005393602475536774
0.0183408,0.484933,-1.05662,3.41161,0.0429886,19.4739,0.05444754413452724,0.0429886,0.011458944134527235,0.011458944134527235
0.0171771,0.33192,-0.915354,3.1538,0.00516821,13.3792,0.007109539823727506,0.00516821,0.0019413298237275058,0.0019413298237275058
0.014286,0.964313,-0.590622,2.66491,0.000279265,38.8993,0.0001293337064224286,0.000279265,-0.0001499312935775714,0.0001499312935775714
0.0130318,0.797738,-1.04669,3.42166,0.087675,31.9969,0.11255419403533708,0.087675,0.024879194035337074,0.024879194035337074
0.0230608,0.479004,-1.08724,3.46485,0.0498096,19.2208,0.06026410935066922,0.0498096,0.010454509350669217,0.010454509350669217
0.0109243,0.561677,-0.622463,2.6915,0.000320198,22.6568,0.00018498837161635948,0.000320198,-0.00013520962838364052,0.00013520962838364052
0.0161818,0.661623,-0.893576,3.15045,0.00827115,26.6727,0.011268098218442688,0.00827115,0.0029969482184426886,0.0029969482184426886
0.00971613,0.828671,-0.696598,2.83346,0.00137633,33.4245,0.0011840346485005556,0.00137633,-0.00019229535149944445,0.00019229535149944445
0.0199378,0.65851,-0.937412,3.22379,0.0117195,26.5402,0.01617112197146679,0.0117195,0.004451621971466788,0.004451621971466788
0.0174832,0.971556,-0.614937,2.70565,0.000314193,39.1919,0.00017278391850061872,0.000314193,-0.00014140908149938127,0.00014140908149938127
0.0131357,0.880886,-0.862974,3.11347,0.00916107,35.5152,0.012165443090711027,0.00916107,0.0030043730907110267,0.0030043730907110267
0.01206666,0.5328228,-1.153308,3.594154,0.2395664,20.99691,0.2600328932682551,0.2395664,0.020466493268255115,0.020466493268255115
0.0142859,0.850679,-1.06291,3.45452,0.104773,34.0961,0.1316754862485885,0.104773,0.026902486248588486,0.026902486248588486
0.0169765,0.388236,-0.614764,2.66131,0.000129014,15.6612,7.086596205894891e-05,0.000129014,-5.8148037941051084e-05,5.8148037941051084e-05
0.00934184,0.721342,-0.835365,3.05749,0.00740122,29.0824,0.009482285069902802,0.00740122,0.0020810650699028023,0.0020810650699028023
0.02277351,0.3958462,-1.172564,3.611725,0.1202803,15.72132,0.12486021935953641,0.1202803,0.004579919359536402,0.004579919359536402
0.0179168,0.819433,-0.505881,2.51623,6.37173e-05,33.0558,1.366225331761435e-05,6.37173e-05,-5.0055046682385646e-05,5.0055046682385646e-05
0.0184157,0.339903,-0.905512,3.13847,0.0043516,13.7029,0.005964666904772993,0.0043516,0.0016130669047729933,0.0016130669047729933
0.0229194,0.699474,-0.793737,2.98666,0.00171461,28.2135,0.002029442474478829,0.00171461,0.00031483247447882876,0.00031483247447882876
0.0091150475,0.90301247,-1.3281593,4.2322737,3.0933222,27.584726,3.1741374709962784,3.0933222,0.08081527099627861,0.08081527099627861
0.009606105,0.829024,-1.140799,3.601747,0.3997533,32.59402,0.44588027962556237,0.3997533,0.04612697962556239,0.04612697962556239
0.00901867,0.323329,-0.80792,2.9737,0.0024162,13.0378,0.002948569591349517,0.0024162,0.0005323695913495171,0.0005323695913495171
0.0115768,0.73976,-0.774202,2.9569,0.00279342,29.8354,0.0031509585480496145,0.00279342,0.0003575385480496145,0.0003575385480496145
0.0154881,0.870881,-1.05933,3.44948,0.0945518,34.9324,0.11940563970743992,0.0945518,0.024853839707439915,0.024853839707439915
0.0168729,0.632028,-0.600576,2.66083,0.000176112,25.4956,8.771041629064888e-05,0.000176112,-8.840158370935111e-05,8.840158370935111e-05
0.0088872004,0.84979683,-1.3249447,4.1919848,2.8659238,26.229106,2.975857077474432,2.8659238,0.10993327747443216,0.10993327747443216
0.00861224,0.693327,-0.993646,3.32174,0.0586011,27.8459,0.07930328202803391,0.0586011,0.020702182028033908,0.020702182028033908
0.018906,0.22129,-0.9071,3.1218,0.0028166,8.9214,0.003862896281908352,0.0028166,0.001046296281908352,0.001046296281908352
0.0204106,0.714825,-1.08035,3.47573,0.0769027,28.6759,0.09414702163148829,0.0769027,0.017244321631488285,0.017244321631488285
0.0174146,0.291069,-0.864695,3.06336,0.00233463,11.7371,0.00310546566588369,0.00233463,0.0007708356658836903,0.0007708356658836903
0.015446,0.585954,-0.947873,3.23557,0.0153883,23.6055,0.021219650839766777,0.0153883,0.005831350839766776,0.005831350839766776
0.017252,0.2399,-0.91121,3.1322,0.0035269,9.6705,0.00484508537606105,0.0035269,0.0013181853760610503,0.0013181853760610503
0.012669,0.370936,-0.755725,2.89328,0.00100965,14.9613,0.0010804658095774039,0.00100965,7.081580957740393e-05,7.081580957740393e-05
0.0091813,0.21332,-0.63691,2.6712,0.00017546,8.6049,0.00011009132997905654,0.00017546,-6.536867002094346e-05,6.536867002094346e-05
0.0219781,0.493095,-0.630308,2.69833,0.000154538,19.8913,9.381303677484908e-05,0.000154538,-6.072496322515091e-05,6.072496322515091e-05
0.0152737,0.342741,-0.77153,2.9159,0.000947945,13.8242,0.0010615599498720795,0.000947945,0.00011361494987207959,0.00011361494987207959
0.018374,0.408644,-0.978283,3.26912,0.0133145,16.4575,0.01817207011928396,0.0133145,0.00485757011928396,0.00485757011928396
0.0095369,0.2273,-0.6628,2.717,0.0002492,9.1686,0.00018216759002091405,0.0002492,-6.703240997908594e-05,6.703240997908594e-05
0.022088,0.409453,-0.513344,2.49541,2.84245e-05,16.5175,6.6014366008554565e-06,2.84245e-05,-2.182306339914454e-05,2.182306339914454e-05
0.0128494,0.249713,-0.874242,3.07239,0.00306798,10.0672,0.004119335975748569,0.00306798,0.0010513559757485687,0.0010513559757485687
0.02362,0.23217,-0.57639,2.5744,3.3876e-05,9.3658,1.4054401846111763e-05,3.3876e-05,-1.9821598153888236e-05,1.9821598153888236e-05
0.023737,0.271628,-0.893491,3.1082,0.00231279,10.953,0.003150067083099014,0.00231279,0.0008372770830990142,0.0008372770830990142
0.0119374,0.539508,-0.979626,3.28506,0.027509,21.7067,0.03754055497614423,0.027509,0.010031554976144233,0.010031554976144233
0.0151095,0.880925,-0.907894,3.18877,0.0141705,35.5066,0.019444621910204466,0.0141705,0.005274121910204465,0.005274121910204465
0.01811387,0.9479585,-1.180215,3.701677,0.3948204,37.37121,0.40644384186949073,0.3948204,0.011623441869490714,0.011623441869490714
0.0125503,0.862897,-0.815904,3.03389,0.00513395,34.7979,0.006363008571030315,0.00513395,0.001229058571030315,0.001229058571030315
0.009447236,0.7238345,-1.250036,3.853511,1.247219,26.29348,1.1860245248709784,1.247219,-0.06119447512902165,0.06119447512902165
0.0164629,0.535398,-1.02895,3.36889,0.0371728,21.5213,0.04870690920705422,0.0371728,0.011534109207054222,0.011534109207054222
