Error,time,CO2share,E_appl,v,X_tot,X_het,X_hom,FE,CO2_out,CO_out,H2_out,delP,CD,Vcell,maxRes,Solver
0,57.2069,0.66297,-1.1912,0.03608,0.11574,0.11424,0.0014992,0.86422,23.6501,1.5276,0.21556,467.018,242.6255,3.6886,1.3749e-06,Heun
0,3.1426,0.26326,-0.51942,0.076071,9.4965e-05,1.0807e-05,8.4158e-05,0.86245,10.6192,5.7388e-05,1.8293e-05,467.018,0.019532,2.4854,6.4837e-05,Heun
0,2.0668,0.49936,-0.54677,0.047406,0.000184,2.4636e-05,0.00015937,0.92236,20.1414,0.00024814,4.171e-05,467.018,0.049221,2.5602,6.379e-05,Heun
0,3.2482,0.23334,-0.51534,0.051206,0.00013363,1.5235e-05,0.0001184,0.84748,9.4119,7.1705e-05,2.5787e-05,467.018,0.016717,2.4733,6.5013e-05,Heun
0,185.1752,0.51461,-1.3309,0.068095,0.27002,0.26656,0.0034622,0.74129,15.1546,2.7669,0.68708,467.018,1090.3489,4.0702,1.7394e-05,Heun
0,81.6516,0.72755,-1.2169,0.036796,0.15155,0.14943,0.002121,0.8444,24.9023,2.193,0.29402,467.018,363.7026,3.7586,3.668e-07,Heun
0,12.8263,0.66079,-1.0181,0.025921,0.019402,0.018898,0.00050396,0.9278,26.1401,0.25189,0.032477,467.018,27.0374,3.3609,9.2515e-05,Heun
0,5.0495,0.98286,-0.92961,0.070143,0.0024207,0.0022678,0.00015293,0.95748,39.5543,0.04496,0.0038522,467.018,12.7247,3.231,2.5109e-05,Heun
0,4.4844,0.54158,-0.98658,0.014515,0.023217,0.022507,0.00071031,0.91324,21.3409,0.24586,0.0387,467.018,14.9643,3.2967,3.5969e-05,Heun
0,3.3825,0.83297,-0.84322,0.014921,0.0041055,0.0035168,0.00058869,0.94939,33.4656,0.059089,0.0059705,467.018,3.5796,3.0776,3.3207e-05,Heun
0,4.1841,0.65282,-0.96157,0.033915,0.0073537,0.007048,0.00030571,0.93488,26.1421,0.092807,0.012011,467.018,12.9852,3.264,2.9458e-05,Heun
0,3.2627,0.22105,-0.67779,0.072559,0.00016811,8.6614e-05,8.1493e-05,0.84034,8.916,0.00038619,0.00014664,467.018,0.12869,2.7406,5.1195e-05,Heun
0,2.8456,0.59938,-0.75621,0.045871,0.00054965,0.00037497,0.00017468,0.93421,24.1666,0.0045333,0.00063512,467.018,0.85911,2.9168,5.0425e-05,Heun
0,3.9576,0.51632,-0.89353,0.035047,0.0031007,0.0028584,0.00024236,0.92286,20.7648,0.029769,0.0048507,467.018,4.3604,3.1382,4.2179e-05,Heun
0,94.2542,0.38137,-1.2534,0.044837,0.1861,0.18476,0.0013341,0.77933,12.5221,1.4213,0.38582,467.018,316.8517,3.779,1.5031e-05,Heun
0,3.4793,0.389,-0.84474,0.059567,0.0010272,0.0008997,0.0001275,0.90198,15.677,0.0070595,0.0015249,467.018,1.7997,3.0435,4.6445e-05,Heun
0,11.1864,0.53864,-0.5602,0.052393,0.00017387,2.6486e-05,0.00014739,0.92761,21.7261,0.00028777,4.4844e-05,467.018,0.062731,2.5861,8.3631e-05,Heun
0,2.5525,0.94045,-0.51508,0.071476,0.00012623,1.0876e-05,0.00011535,0.9572,37.9345,0.00020631,1.8412e-05,467.018,0.059455,2.5382,6.2498e-05,Heun
0,2.8694,0.45646,-0.75182,0.014447,0.0016518,0.0011249,0.0005269,0.91476,18.3842,0.010357,0.0019062,467.018,0.6309,2.8965,5.2757e-05,Heun
0,55.4363,0.42628,-1.224,0.029609,0.19852,0.19695,0.0015749,0.77927,13.7829,1.6934,0.40042,467.018,239.0462,3.72,7.5355e-06,Heun
0,6.6454,0.49397,-0.61707,0.060568,0.00019426,4.7568e-05,0.0001467,0.92158,19.9237,0.00047395,8.0534e-05,467.018,0.12021,2.6764,6.4187e-05,Heun
3,14.5853,0.58704,-1.2795,0.043062,0.29527,0.19664,0.098632,-10.3233,16.6896,2.3285,0.0,467.018,-44.5953,1.5876,2.1174,Euler
0,2.746,0.8554,-0.72972,0.035006,0.0005878,0.00034971,0.00023809,0.95285,34.4881,0.0060339,0.00059227,467.018,0.85543,2.8901,3.3985e-05,Heun
0,102.9399,0.39463,-1.3542,0.011631,0.91715,0.91427,0.0028808,0.12076,1.319,7.2776,5.3727,467.018,785.8224,4.0175,7.0575e-08,Euler
0,2.3039,0.22264,-0.81667,0.034153,0.001272,0.0010944,0.00017757,0.84063,8.9701,0.0049146,0.0018546,467.018,0.77047,2.9716,3.708e-05,Heun
0,105.6715,0.44021,-1.3389,0.042734,0.40752,0.40411,0.0034042,0.62768,10.5218,3.5883,1.2144,467.018,991.7185,4.0542,3.262e-06,Heun
0,2.2909,0.43787,-0.56265,0.055308,0.00015859,2.5901e-05,0.00013269,0.91244,17.6618,0.00022876,4.3842e-05,467.018,0.053505,2.5804,7.0089e-05,Heun
0,126.035,0.86329,-1.2367,0.028021,0.23908,0.23515,0.0039354,0.78958,26.5002,4.0947,0.49795,467.018,533.8348,3.8312,1.9314e-06,Heun
0,176.9865,0.31561,-1.3057,0.071494,0.20444,0.20319,0.0012506,0.75004,10.1292,1.2935,0.47347,467.018,521.1179,3.8965,7.6584e-08,Heun
0,33.1748,0.85653,-1.1316,0.074802,0.028019,0.027509,0.00051027,0.93508,33.5857,0.47526,0.048362,467.018,148.1185,3.5853,6.7621e-06,Heun
0,4.067,0.89603,-0.79395,0.078803,0.00046355,0.00035442,0.00010913,0.95496,36.1307,0.0064057,0.00060037,467.018,2.0405,2.9992,4.6804e-05,Heun
0,61.1053,0.6439,-1.2111,0.051345,0.10407,0.10275,0.0013239,0.8705,23.2727,1.3345,0.19575,467.018,306.3105,3.7329,8.4582e-07,Heun
0,4.0513,0.21743,-0.52291,0.033115,0.00020258,2.596e-05,0.00017662,0.8381,8.7699,0.00011386,4.3948e-05,467.018,0.01736,2.4828,6.5134e-05,Heun
0,86.0334,0.59508,-1.3619,0.06672,0.35154,0.34258,0.0089562,0.68874,15.5672,4.1121,1.0448,467.018,1796.1551,4.2639,5.2933e-07,Heun
0,4.2787,0.77455,-0.96735,0.047803,0.0056245,0.0053888,0.00023573,0.94498,31.0711,0.084192,0.0091793,467.018,16.447,3.2826,4.7571e-05,Heun
0,3.6796,0.76475,-0.82546,0.054854,0.00091949,0.00076286,0.00015664,0.94739,30.8229,0.011768,0.0012928,467.018,2.6301,3.0438,4.8244e-05,Heun
0,6.8845,0.91881,-1.0354,0.060369,0.010453,0.010166,0.00028654,0.94955,36.6789,0.18842,0.017431,467.018,46.3355,3.4097,2.3333e-05,Heun
0,70.375,0.76672,-1.342,0.015049,0.79843,0.79055,0.0078794,0.28054,6.2349,12.2262,3.5872,467.018,1367.713,4.1468,3.965e-05,Heun
0,4.1394,0.95811,-0.83722,0.061844,0.00093218,0.00078692,0.00014526,0.95743,38.6158,0.015208,0.0013337,467.018,3.7922,3.0746,2.486e-05,Heun
0,35.1145,0.20665,-1.2065,0.032547,0.15019,0.14952,0.00067673,0.73854,7.0845,0.62323,0.29088,467.018,103.5248,3.6332,4.4709e-05,Heun
0,3.7446,0.85931,-0.83831,0.0268,0.0021702,0.0018406,0.00032962,0.95204,34.5911,0.031903,0.0031208,467.018,3.4642,3.071,2.7251e-05,Heun
0,7.8063,0.23448,-1.0469,0.034646,0.020645,0.020392,0.00025293,0.83567,9.264,0.096448,0.035178,467.018,15.4019,3.3586,3.1573e-05,Heun
0,2.1673,0.60324,-0.67188,0.031471,0.00043645,0.00018506,0.00025138,0.93468,24.3251,0.0022518,0.0003134,467.018,0.29261,2.777,6.2533e-05,Heun
0,2.1365,0.72168,-0.59825,0.028939,0.00035658,7.8171e-05,0.0002784,0.94482,29.1035,0.0011379,0.00013236,467.018,0.1345,2.6634,9.5983e-05,Heun
0,2.8295,0.80399,-0.69936,0.018112,0.00091182,0.00045756,0.00045426,0.94981,32.405,0.0074204,0.00077502,467.018,0.54593,2.8366,4.4417e-05,Heun
0,2.5185,0.42317,-0.76246,0.059224,0.00044161,0.00031484,0.00012677,0.9095,17.0638,0.0026873,0.0005331,467.018,0.67525,2.9106,3.8613e-05,Heun
0,10.472,0.6801,-1.0236,0.031264,0.017272,0.016834,0.0004375,0.93076,26.9627,0.23094,0.028914,467.018,29.851,3.3721,5.5315e-05,Heun
0,4.5221,0.91644,-0.82258,0.028618,0.0017164,0.0014091,0.00030729,0.9551,36.9076,0.026048,0.0023878,467.018,3.0101,3.048,2.5648e-05,Heun
0,131.8309,0.71245,-1.3154,0.051901,0.29613,0.29034,0.0057971,0.73925,20.23,4.1723,0.73947,467.018,1197.2773,4.0803,6.1639e-05,Heun
0,14.7784,0.83734,-1.0639,0.012116,0.072104,0.070542,0.0015626,0.90494,31.344,1.1914,0.12511,467.018,59.8528,3.4539,2.2596e-05,Heun
0,10.3073,0.58165,-1.0077,0.070219,0.0063175,0.0061482,0.00016924,0.92867,23.3165,0.072134,0.010495,467.018,21.0933,3.3367,2.2253e-05,Heun
0,9.9842,0.51303,-1.0322,0.010754,0.054684,0.05357,0.0011134,0.88923,19.5648,0.55436,0.09389,467.018,25.3236,3.3714,4.2473e-05,Heun
0,42.7291,0.90725,-1.1639,0.030418,0.099294,0.097534,0.0017607,0.89001,32.9659,1.7849,0.18018,467.018,231.4189,3.6568,1.7882e-07,Heun
0,51.6244,0.76998,-1.1922,0.033033,0.12734,0.12545,0.0018913,0.86374,27.1067,1.9483,0.23862,467.018,281.9917,3.7051,1.1168e-06,Heun
0,8.0824,0.86478,-0.73561,0.058744,0.00036677,0.00022475,0.00014202,0.95348,34.8741,0.0039204,0.00038065,467.018,0.93231,2.9004,5.3177e-05,Heun
0,2.9067,0.20574,-0.59725,0.055992,0.00014136,3.9899e-05,0.00010146,0.8305,8.2989,0.00016558,6.7533e-05,467.018,0.043073,2.6039,6.5657e-05,Heun
0,2.1252,0.28217,-0.70683,0.06159,0.00025528,0.00014819,0.00010709,0.87037,11.3803,0.00084345,0.00025088,467.018,0.23031,2.7996,4.3936e-05,Heun
0,71.6316,0.63531,-1.3648,0.031017,0.59714,0.58846,0.0086868,0.48597,10.325,7.5409,2.3318,467.018,1751.6682,4.2569,9.4908e-05,Heun
0,4.1277,0.89211,-0.91328,0.083194,0.0016721,0.0015516,0.00012047,0.95399,35.9292,0.027921,0.0026334,467.018,9.4058,3.1985,4.9694e-05,Heun
0,3.2327,0.41076,-0.87585,0.032674,0.0026841,0.0024431,0.00024099,0.90562,16.5263,0.020242,0.0041457,467.018,2.8179,3.0978,2.5184e-05,Heun
0,49.9848,0.83083,-1.1822,0.047321,0.080691,0.07936,0.0013305,0.89884,30.8128,1.33,0.14646,467.018,270.8293,3.6908,7.1768e-07,Heun
0,13.6839,0.70732,-1.0418,0.018741,0.035918,0.035103,0.00081538,0.92074,27.5096,0.50082,0.060953,467.018,38.9056,3.4057,9.6317e-05,Heun
0,2.7071,0.78292,-0.66392,0.076462,0.0001756,6.8778e-05,0.00010683,0.94901,31.5789,0.0010862,0.00011646,467.018,0.33777,2.7764,6.4379e-05,Heun
0,23.6718,0.92061,-1.1329,0.027351,0.076099,0.074671,0.0014278,0.90627,34.3128,1.3866,0.13452,467.018,158.8,3.5923,9.1283e-06,Heun
0,6.8844,0.82156,-0.96942,0.013688,0.02003,0.019198,0.00083147,0.93843,32.4793,0.31815,0.032922,467.018,17.7792,3.2889,5.2754e-05,Heun
0,2.4525,0.36789,-0.6959,0.037941,0.00039866,0.00020918,0.00018948,0.89736,14.8355,0.0015523,0.00035391,467.018,0.25306,2.7935,6.016e-05,Heun
0,11.1776,0.23874,-0.99925,0.082738,0.0047789,0.0046863,9.2541e-05,0.8476,9.5851,0.022567,0.0079891,467.018,8.5211,3.2792,4.9853e-05,Heun
0,2.414,0.32808,-0.64085,0.025306,0.00042874,0.00015454,0.0002742,0.88633,13.2295,0.0010227,0.00026163,467.018,0.11265,2.6969,6.5656e-05,Heun
0,3.3778,0.77698,-0.78948,0.031758,0.0010949,0.0008301,0.00026481,0.94805,31.3106,0.01301,0.0014066,467.018,1.6817,2.9847,4.8069e-05,Heun
0,83.1063,0.30584,-1.3073,0.047454,0.29284,0.29125,0.0015873,0.6858,8.725,1.7967,0.72871,467.018,501.508,3.8924,2.3419e-05,Heun
0,2.2294,0.38446,-0.51637,0.056435,0.00014188,1.4036e-05,0.00012785,0.9015,15.5077,0.00010885,2.3712e-05,467.018,0.026241,2.4975,7.0116e-05,Heun
0,3.4698,0.54803,-0.89937,0.040175,0.0029077,0.0026918,0.0002159,0.92702,22.0444,0.029756,0.0045614,467.018,4.9676,3.1509,7.9022e-05,Heun
0,46.2204,0.5602,-1.2086,0.059934,0.087241,0.086264,0.00097705,0.8736,20.6277,0.97475,0.16227,467.018,261.7865,3.7137,3.0033e-06,Heun
3,44.2806,0.27651,-1.3008,0.018526,0.91609,0.91255,0.0035379,0.15817,0.93602,5.0897,0.0,467.018,214.4263,3.7864,0.73751,Euler
0,77.7922,0.59316,-1.3333,0.014073,0.80038,0.79531,0.0050688,0.27169,4.7767,9.5156,3.3948,467.018,967.0248,4.0424,1.3982e-06,Euler
3,85.3266,0.27022,-1.3812,0.011506,0.95903,0.95721,0.0018197,0.059324,0.44663,5.2174,7.6843,467.018,766.3579,4.0395,0.0049189,Euler
0,13.8432,0.339,-1.1008,0.050713,0.027953,0.027658,0.0002949,0.8724,13.2934,0.18912,0.04806,467.018,42.336,3.4697,3.5902e-05,Heun
0,4.2883,0.79941,-0.91015,0.075711,0.0017657,0.0016377,0.00012804,0.94898,32.1928,0.026407,0.0027797,467.018,8.1384,3.1876,5.0112e-05,Heun
0,3.6018,0.47335,-0.63191,0.053137,0.00020829,6.5597e-05,0.00014269,0.91843,19.0917,0.00062631,0.00011108,467.018,0.13987,2.6991,6.444e-05,Heun
0,3.5174,0.44446,-0.84131,0.049535,0.0011936,0.0010354,0.00015813,0.91297,17.909,0.009283,0.0017548,467.018,1.9438,3.044,2.5595e-05,Heun
0,3.5267,0.8586,-0.86352,0.057147,0.0013522,0.0011932,0.00015903,0.95253,34.5907,0.020664,0.0020232,467.018,4.7863,3.1131,2.3277e-05,Heun
0,57.3878,0.98532,-1.2074,0.04139,0.1226,0.12018,0.0024219,0.87729,34.8761,2.3885,0.23132,467.018,433.8898,3.7718,9.6489e-07,Heun
0,47.135,0.97804,-1.1773,0.029967,0.11767,0.11545,0.002217,0.8804,34.8133,2.2776,0.21707,467.018,293.2236,3.6943,1.4146e-06,Heun
0,3.3794,0.66237,-0.81384,0.054665,0.000812,0.00065945,0.00015255,0.9399,26.6996,0.0088107,0.0011173,467.018,1.9778,3.0175,2.5951e-05,Heun
0,18.6521,0.39382,-1.1064,0.056746,0.026758,0.026455,0.00030285,0.88683,15.4622,0.21015,0.046143,467.018,52.0422,3.4878,8.6776e-05,Heun
0,3.8167,0.4339,-0.94478,0.065723,0.0030735,0.00294,0.00013346,0.90988,17.4506,0.025732,0.004996,467.018,7.1789,3.2156,9.6099e-05,Heun
0,138.5078,0.7423,-1.2831,0.026884,0.38347,0.37816,0.0053076,0.67365,18.4624,5.6621,0.94218,467.018,791.3377,3.9479,1.0229e-05,Heun
0,6.386,0.65903,-0.99736,0.031881,0.012201,0.011829,0.00037163,0.9323,26.262,0.15725,0.020235,467.018,20.7156,3.3253,1.6935e-05,Heun
0,3.292,0.36215,-0.50542,0.010043,0.00077699,6.8367e-05,0.00070862,0.89567,14.5986,0.00049942,0.00011576,467.018,0.0216,2.4766,6.8712e-05,Heun
0,22.9971,0.97038,-1.0409,0.031928,0.021089,0.020513,0.00057613,0.94482,38.3211,0.40151,0.035364,467.018,52.2042,3.4225,1.7222e-05,Heun
0,128.8237,0.47504,-1.3344,0.037064,0.44046,0.43663,0.003827,0.60631,10.723,4.1838,1.3209,467.018,987.0602,4.0485,3.4393e-06,Heun
0,24.0224,0.32635,-1.1451,0.057488,0.042498,0.042144,0.00035344,0.85947,12.6059,0.27742,0.074894,467.018,71.9869,3.547,4.5193e-05,Heun
0,3.813,0.468,-0.91524,0.054292,0.0025952,0.0024382,0.00015701,0.91607,18.831,0.023017,0.0041382,467.018,5.2648,3.1698,9.125e-05,Heun
0,2.3466,0.29709,-0.73151,0.065457,0.00029475,0.00019142,0.00010333,0.87605,11.9816,0.0011471,0.00032408,467.018,0.33074,2.8429,4.6726e-05,Heun
0,36.8719,0.82656,-1.115,0.075063,0.022732,0.022314,0.0004176,0.93694,32.5868,0.37203,0.038963,467.018,115.9567,3.55,7.6362e-06,Heun
0,3.7925,0.84288,-0.96546,0.076179,0.0034548,0.0033036,0.0001512,0.95034,33.886,0.056167,0.0056215,467.018,17.4066,3.2838,2.9911e-05,Heun
0,4.128,0.66459,-0.84,0.014717,0.0039977,0.0034216,0.00057601,0.93804,26.7036,0.045868,0.0058075,467.018,2.7736,3.0611,2.9268e-05,Heun
0,2.5757,0.27257,-0.7253,0.049242,0.00036757,0.00023495,0.00013262,0.86635,10.992,0.0012918,0.00039777,467.018,0.28329,2.8287,2.7751e-05,Heun
0,2.6613,0.35783,-0.77208,0.011384,0.0024843,0.0018512,0.00063313,0.89348,14.3996,0.013361,0.0031382,467.018,0.65633,2.9188,3.1005e-05,Heun
0,70.348,0.82944,-1.2729,0.068585,0.15497,0.15176,0.0032136,0.84798,28.2758,2.539,0.32378,467.018,844.0952,3.9512,8.2985e-07,Heun
0,2.3037,0.48514,-0.57973,0.034463,0.00027174,5.1742e-05,0.00022,0.92021,19.5659,0.00050632,8.7612e-05,467.018,0.073183,2.6136,7.111e-05,Heun
0,28.4052,0.879,-1.0668,0.027002,0.034275,0.033501,0.00077464,0.93211,34.2451,0.59397,0.058295,467.018,65.9238,3.463,9.945e-05,Heun
0,3.4356,0.31285,-0.94042,0.030581,0.0062181,0.0059683,0.00024982,0.87788,12.5425,0.037663,0.010153,467.018,5.0568,3.1929,4.1518e-05,Heun
0,5.2032,0.76515,-0.51097,0.019213,0.00045845,3.8374e-05,0.00042007,0.94771,30.8533,0.00059226,6.4975e-05,467.018,0.046329,2.5213,6.2868e-05,Heun
0,2.6758,0.3569,-0.53562,0.023564,0.00034307,4.2948e-05,0.00030012,0.89457,14.3929,0.00030918,7.271e-05,467.018,0.031424,2.526,6.6506e-05,Heun
0,2.7164,0.50721,-0.65613,0.070864,0.00017574,6.7143e-05,0.00010859,0.92347,20.458,0.00068692,0.00011369,467.018,0.20346,2.7425,6.523e-05,Heun
0,5.8412,0.47684,-1.017,0.064788,0.0076752,0.0075002,0.00017503,0.91425,19.0891,0.072139,0.012812,467.018,19.7565,3.3423,2.9082e-05,Heun
0,2.7829,0.94282,-0.65509,0.0646,0.00020136,7.2672e-05,0.00012868,0.95726,38.0273,0.001382,0.00012305,467.018,0.35996,2.7708,6.3384e-05,Heun
0,13.4921,0.8775,-1.0013,0.030128,0.013601,0.013148,0.00045307,0.94555,34.9185,0.23271,0.022518,467.018,28.5599,3.3472,2.5455e-05,Heun
0,12.9691,0.70395,-1.0645,0.016967,0.052358,0.051327,0.0010312,0.90971,26.9117,0.72881,0.09011,467.018,51.5584,3.4453,1.728e-05,Heun
0,7.6873,0.89889,-0.75881,0.011974,0.0021896,0.0014841,0.0007055,0.95398,36.1835,0.026909,0.0025157,467.018,1.3025,2.9408,3.1424e-05,Heun
0,33.9955,0.37475,-1.187,0.031096,0.12649,0.12551,0.00098376,0.81788,13.2059,0.94873,0.23711,467.018,135.7107,3.6339,2.1321e-05,Heun
0,46.8218,0.25686,-1.2329,0.058105,0.11796,0.11734,0.0006239,0.78582,9.1399,0.60794,0.22871,467.018,176.1995,3.701,4.676e-05,Heun
0,44.9572,0.74645,-1.1876,0.05623,0.072753,0.071666,0.0010871,0.89916,27.9224,1.0791,0.13212,467.018,262.9978,3.6932,1.166e-06,Heun
0,31.1358,0.62654,-1.1549,0.052474,0.052629,0.051929,0.00070006,0.90313,23.9455,0.65627,0.093014,467.018,147.5201,3.6083,1.9152e-05,Heun
0,61.0849,0.60705,-1.3612,0.024029,0.67678,0.67003,0.0067563,0.4088,7.9155,8.2043,2.8745,467.018,1524.6012,4.202,3.1216e-05,Heun
0,3.6534,0.40529,-0.91708,0.041504,0.0034603,0.0032631,0.00019715,0.904,16.2934,0.026676,0.0055428,467.018,4.7266,3.166,7.1451e-05,Heun
0,2.2309,0.88887,-0.54757,0.031708,0.00029617,3.7212e-05,0.00025896,0.95472,35.848,0.00066718,6.3005e-05,467.018,0.08551,2.5894,6.5506e-05,Heun
0,2.4433,0.86277,-0.68445,0.070924,0.00021322,9.6522e-05,0.0001167,0.95348,34.7984,0.0016798,0.00016343,467.018,0.48223,2.8153,4.5944e-05,Heun
0,33.9992,0.21484,-1.1834,0.065605,0.05919,0.05888,0.00031064,0.80067,8.154,0.25516,0.10734,467.018,81.7505,3.5938,4.2534e-05,Heun
0,2.9229,0.56777,-0.76838,0.073279,0.00038334,0.00027447,0.00010886,0.93093,22.8961,0.0031434,0.00046488,467.018,0.95511,2.9344,2.4399e-05,Heun
3,50.9633,0.9619,-1.3876,0.042085,0.54199,0.4809,0.061091,0.5475,17.7731,9.3306,2.2801,467.018,3586.2521,4.6727,0.86767,Euler
0,3.368,0.55505,-0.71178,0.064464,0.00027271,0.00015083,0.00012188,0.92953,22.3858,0.0016887,0.0002554,467.018,0.452,2.8392,3.356e-05,Heun
0,63.2298,0.88406,-1.1047,0.014,0.1027,0.10075,0.0019464,0.88663,32.0018,1.7966,0.18287,467.018,105.3347,3.5326,2.0241e-05,Heun
0,23.3543,0.62743,-1.1116,0.08041,0.020296,0.019988,0.00030819,0.92426,24.7979,0.25296,0.034792,467.018,85.5645,3.525,5.0798e-05,Heun
0,2.8576,0.53613,-0.71495,0.060482,0.00029665,0.00016744,0.00012921,0.92722,21.6222,0.0018107,0.00028353,467.018,0.45586,2.8429,4.2876e-05,Heun
0,9.1747,0.2236,-1.0581,0.029672,0.027686,0.027386,0.00030079,0.82523,8.7708,0.12352,0.047438,467.018,17.0539,3.3753,2.9661e-05,Heun
0,52.1164,0.58963,-1.2026,0.063732,0.076673,0.075764,0.00090937,0.88373,21.9629,0.90109,0.14125,467.018,255.0269,3.705,8.1148e-07,Heun
0,3.9858,0.90653,-0.90371,0.046251,0.0026801,0.0024674,0.00021267,0.95402,36.4728,0.045118,0.0041891,467.018,8.4437,3.1832,3.0685e-05,Heun
0,35.5984,0.93031,-1.1977,0.073793,0.063063,0.061864,0.0011988,0.91543,35.1635,1.1609,0.11466,467.018,370.5026,3.7418,2.3684e-06,Heun
0,74.113,0.42645,-1.2497,0.034842,0.22347,0.22174,0.0017324,0.76204,13.3592,1.9074,0.4734,467.018,329.6275,3.7798,9.1014e-06,Heun
0,4.6935,0.31145,-1.0403,0.051012,0.012981,0.012782,0.00019852,0.87321,12.4013,0.080302,0.021943,467.018,18.1217,3.3608,8.575e-05,Heun
3,42.4967,0.20055,-1.3845,0.028344,-0.0086782,-0.034755,0.026077,2.4274,8.1609,-0.1406,0.0,467.018,357.269,3.9242,0.16228,Euler
0,9.5055,0.45371,-1.0192,0.018776,0.026932,0.026351,0.00058074,0.89823,17.8106,0.24116,0.045491,467.018,19.3062,3.3433,5.7948e-05,Heun
0,54.4791,0.62084,-1.3955,0.027246,0.73783,0.72752,0.010315,0.34777,6.5662,9.1106,3.8999,467.018,2309.685,4.4101,1.5267e-05,Euler
0,52.3845,0.86745,-1.3577,0.03774,0.4904,0.46888,0.021517,0.59454,17.8334,8.2041,1.75,467.018,2258.2863,4.3612,2.2593e-05,Heun
0,59.8943,0.74115,-1.2225,0.060636,0.10093,0.099415,0.0015139,0.87993,26.8816,1.4862,0.1917,467.018,404.8132,3.7777,1.4321e-06,Heun
3,23.9526,0.93588,-1.212,0.011064,0.021754,-0.023341,0.045095,4.3627,36.9337,-0.44063,0.0,467.018,98.0464,3.6348,0.1457,Euler
0,4.3131,0.80881,-0.86147,0.0607,0.0012423,0.0010943,0.00014793,0.94987,32.5884,0.017853,0.0018553,467.018,4.4044,3.1067,2.5996e-05,Heun
0,34.2923,0.34095,-1.1919,0.029913,0.13866,0.13768,0.00097989,0.8014,11.8473,0.94685,0.26252,467.018,132.3374,3.6368,5.1793e-05,Heun
0,3.8031,0.97527,-0.89855,0.072833,0.0016031,0.0014673,0.00013585,0.95771,39.2811,0.028864,0.0024895,467.018,8.4776,3.1782,3.0688e-05,Heun
0,3.6562,0.48345,-0.91811,0.050313,0.0028995,0.0027278,0.00017169,0.91829,19.4468,0.026601,0.0046333,467.018,5.6276,3.1762,8.4526e-05,Heun
0,25.3835,0.67656,-1.0987,0.044968,0.030742,0.030229,0.00051327,0.92174,26.4545,0.41253,0.052755,467.018,77.6148,3.5056,6.5975e-05,Heun
0,2.5898,0.78741,-0.50971,0.020391,0.00043358,3.5573e-05,0.00039801,0.94912,31.7519,0.000565,6.0236e-05,467.018,0.046843,2.5206,6.0575e-05,Heun
0,128.5526,0.90378,-1.2616,0.02919,0.296,0.29057,0.0054345,0.74888,25.6677,5.2971,0.65797,467.018,750.4116,3.9156,6.4155e-06,Heun
0,2.9308,0.47231,-0.62355,0.040125,0.00026656,7.802e-05,0.00018854,0.91823,19.0487,0.00074328,0.00013211,467.018,0.12536,2.6851,6.434e-05,Heun
0,2.482,0.55736,-0.6845,0.080913,0.00018143,8.4663e-05,9.6768e-05,0.92986,22.481,0.00095183,0.00014335,467.018,0.31966,2.7942,2.5514e-05,Heun
0,3.888,0.33959,-0.94316,0.048647,0.0040544,0.0038901,0.0001643,0.88749,13.6439,0.026646,0.0066105,467.018,5.6358,3.2013,4.696e-05,Heun
3,49.5797,0.56181,-1.3847,0.017959,0.85073,0.84516,0.0055704,0.21226,3.3831,9.5775,5.1521,467.018,1697.7656,4.2647,0.00082094,Euler
0,26.4181,0.553,-1.1722,0.077946,0.044039,0.043523,0.00051513,0.90113,21.3267,0.48549,0.078168,467.018,164.3775,3.6344,5.4086e-05,Heun
0,2.2059,0.30528,-0.50108,0.044436,0.00016677,1.4619e-05,0.00015215,0.87904,12.3134,9.0017e-05,2.4745e-05,467.018,0.017558,2.4616,6.4848e-05,Heun
0,2.365,0.70947,-0.75547,0.077198,0.00032712,0.00022076,0.00010636,0.94394,28.612,0.0031592,0.00037386,467.018,0.99724,2.9237,2.3449e-05,Heun
0,63.282,0.92238,-1.203,0.03199,0.14818,0.14554,0.0026374,0.85703,31.6966,2.7079,0.28282,467.018,381.4491,3.7506,2.2469e-06,Heun
0,2.9878,0.53112,-0.8233,0.067546,0.00072178,0.0006026,0.00011918,0.92631,21.4107,0.0064557,0.0010211,467.018,1.8174,3.0225,5.3412e-05,Heun
0,111.7302,0.34725,-1.2848,0.012473,0.66227,0.65946,0.0028113,0.39375,4.7312,4.6192,2.0767,467.018,354.8057,3.8236,6.0333e-05,Heun
0,3.2556,0.43711,-0.91108,0.0254,0.0052571,0.0049325,0.00032466,0.90909,17.541,0.043489,0.0083847,467.018,4.6845,3.1595,4.1842e-05,Heun
0,2.7724,0.25069,-0.68333,0.06728,0.00019378,0.00010032,9.3462e-05,0.85649,10.1115,0.00050728,0.00016981,467.018,0.15375,2.7553,4.9119e-05,Heun
0,4.8204,0.25279,-1.0264,0.061059,0.0091085,0.0089679,0.00014066,0.85208,10.1053,0.045728,0.015348,467.018,12.6696,3.3275,6.3005e-05,Heun
0,150.7576,0.22783,-1.3099,0.077427,0.19793,0.19706,0.00086383,0.71992,7.3718,0.90561,0.46169,467.018,417.2782,3.8692,1.3184e-06,Heun
0,4.1354,0.64154,-0.87872,0.054415,0.0016843,0.0015231,0.00016123,0.93752,25.8371,0.01971,0.0025831,467.018,4.4158,3.1241,2.4536e-05,Heun
0,3.5387,0.65107,-0.8276,0.050158,0.0010245,0.00085743,0.00016709,0.93879,26.2385,0.01126,0.0014532,467.018,2.3223,3.0395,6.6705e-05,Heun
0,193.5754,0.44393,-1.2828,0.065289,0.18057,0.17898,0.0015996,0.79481,14.6749,1.6026,0.38659,467.018,531.2283,3.8766,2.9822e-07,Heun
0,10.1328,0.80549,-0.61099,0.074416,0.00017351,3.5805e-05,0.0001377,0.95038,32.4894,0.00058175,6.0625e-05,467.018,0.17581,2.6899,9.7385e-05,Heun
0,3.8692,0.73994,-0.97072,0.07592,0.0036941,0.0035461,0.00014803,0.94395,29.7403,0.052927,0.0060354,467.018,16.4568,3.286,2.1074e-05,Heun
0,33.7114,0.96058,-1.1622,0.072618,0.04193,0.041118,0.00081204,0.93073,37.1269,0.79669,0.07378,467.018,243.6324,3.66,1.1279e-06,Heun
0,26.6731,0.57517,-1.1241,0.060151,0.031578,0.031149,0.00042942,0.91171,22.4706,0.36138,0.054648,467.018,92.3537,3.5428,5.7159e-05,Heun
0,2.9346,0.6074,-0.79825,0.041424,0.00090903,0.00071232,0.00019671,0.93479,24.4815,0.0087273,0.001207,467.018,1.4927,2.9873,4.8015e-05,Heun
0,6.5993,0.83924,-0.96247,0.011828,0.021248,0.020306,0.00094129,0.9386,33.1372,0.34375,0.034845,467.018,16.587,3.2782,5.9835e-05,Heun
0,7.7582,0.65662,-1.0014,0.027435,0.014916,0.014442,0.00047355,0.93036,26.0942,0.19128,0.024752,467.018,21.7123,3.3319,2.5372e-05,Heun
0,23.8383,0.81872,-1.1096,0.0093063,0.15926,0.15652,0.0027384,0.8444,27.7685,2.5848,0.29327,467.018,102.3127,3.5355,4.4928e-05,Heun
0,3.779,0.94205,-0.89973,0.03933,0.0030066,0.0027566,0.00024994,0.95541,37.8898,0.052382,0.0046805,467.018,8.3222,3.1784,2.3644e-05,Heun
0,117.2981,0.37026,-1.3883,0.07727,0.3555,0.35159,0.0039056,0.65678,9.6269,2.6259,1.2668,467.018,1635.5964,4.2544,1.1348e-05,Heun
0,3.5572,0.68704,-0.91463,0.033305,0.0042216,0.0039387,0.00028292,0.93972,27.5996,0.054584,0.0066933,467.018,7.4633,3.1875,8.9135e-05,Heun
0,3.3845,0.56145,-0.55212,0.073565,0.00012271,1.7007e-05,0.0001057,0.93037,22.6471,0.00019261,2.8791e-05,467.018,0.058771,2.5747,6.3575e-05,Heun
0,5.9265,0.69526,-0.97375,0.019512,0.01483,0.014269,0.00056125,0.93353,27.6319,0.2001,0.024413,467.018,16.0729,3.2877,5.8952e-05,Heun
0,15.8399,0.36521,-1.1068,0.034125,0.044287,0.043818,0.00046966,0.86902,14.0806,0.32279,0.077125,467.018,48.6122,3.484,3.0217e-05,Heun
0,3.3783,0.74576,-0.66732,0.042161,0.00032321,0.00013028,0.00019293,0.94652,30.0757,0.0019598,0.0002206,467.018,0.3369,2.7797,7.3116e-05,Heun
0,52.987,0.21665,-1.2665,0.024957,0.35179,0.35047,0.0013177,0.60812,5.6654,1.5316,0.82039,467.018,217.4439,3.7535,2.8106e-05,Heun
0,149.3949,0.38782,-1.3144,0.066467,0.2359,0.23405,0.0018443,0.74579,11.9546,1.8309,0.56974,467.018,691.9626,3.953,2.9742e-07,Heun
0,6.7437,0.93612,-1.0004,0.027888,0.014535,0.014034,0.00050111,0.94766,37.2159,0.26499,0.024041,467.018,30.0135,3.3492,2.5149e-05,Heun
0,4.0642,0.822,-0.98504,0.07518,0.0044643,0.0042997,0.00016458,0.94855,33.0131,0.071291,0.0073257,467.018,21.8505,3.3159,4.611e-05,Heun
0,2.6547,0.62481,-0.7385,0.032405,0.00067027,0.00042282,0.00024746,0.93663,25.1891,0.0053288,0.00071614,467.018,0.71143,2.8893,2.8131e-05,Heun
0,3.392,0.26146,-0.76586,0.0234,0.0011083,0.00083213,0.00027616,0.86102,10.5362,0.0043886,0.0014093,467.018,0.46003,2.8942,9.5136e-05,Heun
0,3.5335,0.36084,-0.93619,0.062794,0.0028857,0.0027563,0.00012937,0.89402,14.5149,0.020062,0.0046831,467.018,5.4425,3.1925,7.8704e-05,Heun
0,44.316,0.21009,-1.2108,0.080152,0.067546,0.067223,0.00032369,0.79254,7.9031,0.28488,0.12492,467.018,113.8177,3.6444,2.896e-05,Heun
0,67.1002,0.97724,-1.2548,0.076916,0.11577,0.11292,0.0028574,0.88165,34.8594,2.2258,0.22884,467.018,793.3456,3.92,1.4057e-06,Heun
0,6.9287,0.86931,-1.0397,0.061228,0.010867,0.010585,0.00028197,0.94691,34.6885,0.1856,0.018158,467.018,46.4281,3.4141,2.3321e-05,Heun
0,4.859,0.54308,-1.0098,0.069536,0.0065468,0.0063794,0.00016743,0.9241,21.7656,0.069883,0.010891,467.018,20.3337,3.3368,1.5908e-05,Heun
0,2.4476,0.99455,-0.52206,0.073429,0.00012391,1.1579e-05,0.00011233,0.95943,40.1168,0.00023228,1.9604e-05,467.018,0.068613,2.5526,3.5859e-05,Heun
0,2.8045,0.84385,-0.5592,0.075449,0.00012646,1.8159e-05,0.0001083,0.95254,34.0383,0.00030908,3.0744e-05,467.018,0.09449,2.6062,5.5221e-05,Heun
0,27.1581,0.57773,-1.1264,0.026624,0.071813,0.070865,0.00094783,0.88569,21.6331,0.82582,0.12719,467.018,94.2817,3.5465,3.5184e-05,Heun
0,2.6953,0.30847,-0.61511,0.056123,0.00017118,5.0074e-05,0.00012111,0.88014,12.4423,0.00031157,8.4754e-05,467.018,0.076654,2.6513,6.5406e-05,Heun
0,3.2045,0.37166,-0.90746,0.028121,0.0045347,0.0042543,0.00028042,0.89571,14.9256,0.031893,0.0072296,467.018,3.8619,3.1458,2.4669e-05,Heun
0,3.8127,0.86837,-0.92355,0.043544,0.0036126,0.0033786,0.00023404,0.95157,34.9052,0.059179,0.0057413,467.018,10.4538,3.2144,3.0122e-05,Heun
0,2.2654,0.46126,-0.63478,0.067605,0.00016509,5.3499e-05,0.00011159,0.9165,18.6048,0.00049775,9.0582e-05,467.018,0.14171,2.7026,6.4534e-05,Heun
0,2.2484,0.7944,-0.68206,0.061959,0.00023948,0.00010713,0.00013235,0.94967,32.0398,0.0017166,0.0001814,467.018,0.43227,2.8072,2.3344e-05,Heun
0,3.0398,0.33227,-0.93039,0.028163,0.0059685,0.0056955,0.00027301,0.88415,13.3243,0.038172,0.0096911,467.018,4.6886,3.1789,7.0861e-05,Heun
3,45.3054,0.78859,-1.3979,0.063961,0.47167,0.41484,0.056834,0.59706,16.8078,6.5987,1.713,467.018,3551.0055,4.6757,0.0027675,Euler
0,10.9763,0.24673,-1.0777,0.077367,0.013714,0.013575,0.00013843,0.84629,9.8169,0.067559,0.023414,467.018,23.9535,3.4138,6.9172e-05,Heun
0,4.3804,0.77571,-1.011,0.071368,0.0064988,0.0063069,0.00019181,0.94449,31.0903,0.098684,0.010774,467.018,28.8534,3.3576,2.7417e-05,Heun
0,2.4876,0.30276,-0.83422,0.081241,0.00066235,0.00057655,8.58e-05,0.87785,12.2059,0.003521,0.00097677,467.018,1.2578,3.0144,4.6291e-05,Heun
0,111.3329,0.98898,-1.2625,0.019353,0.4131,0.40569,0.0074083,0.66002,23.4157,8.0929,1.0051,467.018,786.6941,3.9261,8.8614e-05,Heun
0,4.197,0.66995,-0.90117,0.072835,0.0016437,0.0015181,0.00012563,0.94,26.9827,0.020514,0.0025747,467.018,6.1364,3.1638,3.1334e-05,Heun
0,9.1495,0.41496,-1.0362,0.06594,0.009578,0.0094021,0.00017592,0.90212,16.5798,0.078696,0.016103,467.018,22.2459,3.3681,1.8617e-05,Heun
0,136.5318,0.53403,-1.3522,0.065788,0.32121,0.31602,0.0051811,0.7067,14.6238,3.4042,0.93499,467.018,1450.9797,4.1762,2.129e-05,Heun
0,79.87,0.94966,-1.2739,0.044658,0.231,0.22551,0.0054862,0.79909,29.4613,4.3198,0.50417,467.018,946.265,3.978,2.5562e-06,Heun
0,17.5317,0.59529,-1.0528,0.039479,0.019716,0.019331,0.00038525,0.9215,23.5416,0.23212,0.033327,467.018,38.3166,3.4158,9.2655e-05,Heun
0,5.2161,0.2561,-0.99292,0.016501,0.021944,0.021484,0.00046008,0.84578,10.1047,0.11098,0.036929,467.018,8.2992,3.2715,2.3071e-05,Heun
0,28.8602,0.72962,-1.1036,0.044323,0.033161,0.032588,0.00057284,0.92413,28.4583,0.4796,0.056943,467.018,88.5988,3.5194,5.9637e-05,Heun
0,5.1423,0.5458,-0.61796,0.019598,0.00054509,0.00014869,0.0003964,0.92825,22.0065,0.001637,0.00025178,467.018,0.13335,2.6827,6.542e-05,Heun
0,2.8254,0.32559,-0.85837,0.032045,0.0022174,0.0019913,0.00022613,0.88445,13.1057,0.013077,0.0033771,467.018,1.828,3.0579,3.4523e-05,Heun
0,50.143,0.82801,-1.214,0.039226,0.13851,0.13626,0.0022414,0.85937,28.7767,2.2758,0.26584,467.018,398.0431,3.7671,1.9134e-06,Heun
0,73.3731,0.62284,-1.2644,0.078402,0.125,0.12333,0.0016764,0.85455,21.9854,1.5494,0.25403,467.018,584.1105,3.8733,5.0527e-07,Heun
0,2.8405,0.27478,-0.71368,0.023459,0.0007031,0.00042471,0.00027839,0.86708,11.0775,0.002354,0.00071918,467.018,0.24571,2.8098,3.8066e-05,Heun
0,3.5591,0.92473,-0.81148,0.05789,0.00075506,0.00060419,0.00015087,0.9561,37.2771,0.01127,0.0010236,467.018,2.6336,3.0299,2.8462e-05,Heun
0,29.6235,0.90097,-1.0963,0.040295,0.033349,0.032663,0.00068624,0.93377,35.1347,0.5936,0.057063,467.018,98.6267,3.5196,5.6247e-05,Heun
3,37.9845,0.24823,-1.343,0.023527,-1.0908,-1.0908,-2.2204e-16,3.0307,20.9366,-5.4614,0.0,467.018,430.5665,3.9064,0.25207,Euler
0,8.9305,0.70996,-1.0239,0.010534,0.050559,0.049278,0.0012814,0.91133,27.1931,0.70568,0.086128,467.018,30.8602,3.3743,3.2392e-05,Heun
0,4.4921,0.917,-0.98808,0.069006,0.0050588,0.0048688,0.00019002,0.95296,36.8065,0.090057,0.008299,467.018,25.2142,3.327,4.5255e-05,Heun
0,3.5052,0.48185,-0.93378,0.034378,0.0051297,0.0048755,0.0002542,0.91663,19.339,0.047387,0.0082931,467.018,6.8568,3.2022,4.0787e-05,Heun
0,3.6337,0.73631,-0.6475,0.064809,0.00019073,6.5713e-05,0.00012502,0.94596,29.6984,0.00097597,0.00011126,467.018,0.25806,2.7461,6.3782e-05,Heun
0,2.5245,0.55113,-0.50182,0.05353,0.00015708,1.2247e-05,0.00014484,0.92914,22.2302,0.00013615,2.0736e-05,467.018,0.030274,2.4903,6.3503e-05,Heun
0,15.172,0.5453,-1.0633,0.032294,0.027363,0.026886,0.00047649,0.91102,21.3964,0.29573,0.046586,467.018,40.2783,3.4292,9.54e-05,Heun
0,42.96,0.21568,-1.2211,0.069775,0.086879,0.086467,0.00041168,0.78405,7.9448,0.37617,0.16376,467.018,131.9834,3.6658,2.264e-05,Heun
0,3.2137,0.89705,-0.50669,0.075896,0.00011726,9.1962e-06,0.00010807,0.95523,36.1844,0.0001664,1.5569e-05,467.018,0.051025,2.522,8.7056e-05,Heun
0,4.8818,0.95888,-0.78272,0.053416,0.00061405,0.00045262,0.00016143,0.95767,38.659,0.0087543,0.00076673,467.018,1.8846,2.9838,9.6805e-05,Heun
0,2.0431,0.57076,-0.55239,0.069735,0.00012982,1.8004e-05,0.00011182,0.93143,23.0223,0.00020727,3.0478e-05,467.018,0.059886,2.5759,9.3852e-05,Heun
0,3.9887,0.65391,-0.8301,0.050882,0.001038,0.00087281,0.00016515,0.93903,26.3523,0.011512,0.0014792,467.018,2.4078,3.0439,2.8203e-05,Heun
0,3.8961,0.99647,-0.81778,0.069649,0.00067168,0.00054443,0.00012725,0.95915,40.1722,0.010943,0.00092248,467.018,3.0676,3.0442,3.1394e-05,Heun
0,11.398,0.51372,-1.062,0.010984,0.076985,0.075716,0.0012697,0.87471,19.1291,0.78458,0.13467,467.018,36.876,3.4227,4.3464e-05,Heun
0,128.1118,0.38196,-1.3807,0.071882,0.36306,0.35931,0.0037557,0.65313,9.8145,2.7683,1.235,467.018,1520.648,4.2207,6.6481e-06,Heun
0,3.9102,0.89935,-0.86918,0.017165,0.0048017,0.0042644,0.00053728,0.95231,36.1072,0.077359,0.0072435,467.018,5.374,3.1248,7.2082e-05,Heun
0,2.9033,0.75495,-0.74453,0.020218,0.00114,0.00073205,0.000408,0.94661,30.4212,0.011148,0.0012403,467.018,0.91862,2.9085,2.742e-05,Heun
0,2.4029,0.34411,-0.81103,0.063146,0.000665,0.0005508,0.0001142,0.89089,13.8729,0.0038232,0.00093304,467.018,1.0459,2.9817,4.9025e-05,Heun
3,51.6967,0.20463,-1.3338,0.02424,0.97516,0.7526,0.22257,0.034111,0.20502,3.1063,0.0,467.018,332.9318,3.8651,0.164,Euler
0,79.7242,0.34231,-1.2589,0.064015,0.14275,0.1418,0.00095348,0.79912,11.838,0.97908,0.29004,467.018,313.5375,3.7833,4.5712e-07,Heun
0,2.4975,0.36713,-0.72357,0.073445,0.00025202,0.00015406,9.7959e-05,0.89726,14.807,0.0011409,0.00026084,467.018,0.36039,2.8394,4.1866e-05,Heun
0,4.3287,0.92548,-0.96509,0.02476,0.01056,0.010084,0.00047652,0.94978,36.9411,0.18824,0.017215,467.018,18.8988,3.288,2.0326e-05,Heun
0,11.9545,0.77136,-1.0571,0.063324,0.013055,0.012767,0.00028801,0.93997,30.7117,0.19864,0.021955,467.018,51.7805,3.4382,1.5351e-05,Heun
0,25.5103,0.31043,-1.1485,0.054942,0.046295,0.045929,0.0003657,0.85202,11.9435,0.28759,0.081873,467.018,71.8807,3.5504,4.5225e-05,Heun
0,48.8973,0.52944,-1.2246,0.048168,0.13057,0.12926,0.0013153,0.84233,18.5698,1.3804,0.24796,467.018,300.1628,3.7441,3.0207e-06,Heun
0,4.9236,0.73138,-0.54357,0.080688,0.00011359,1.3892e-05,9.9699e-05,0.94566,29.5017,0.00020495,2.3519e-05,467.018,0.067489,2.5733,6.3845e-05,Heun
0,8.7542,0.45998,-1.0436,0.022663,0.027327,0.026779,0.0005478,0.89738,18.0493,0.24846,0.051549,467.018,26.7857,3.3859,6.1905e-05,Heun
0,104.7542,0.67511,-1.2703,0.024084,0.37127,0.36694,0.0043301,0.67912,17.1235,4.9968,0.89182,467.018,617.3599,3.8885,5.0635e-06,Heun
0,3.5721,0.37105,-0.92755,0.058215,0.0028011,0.0026618,0.00013923,0.89664,14.9269,0.019922,0.0045204,467.018,4.994,3.1793,4.1577e-05,Heun
0,94.5045,0.35606,-1.3755,0.064131,0.37629,0.37327,0.0030234,0.63837,8.959,2.6808,1.2935,467.018,1327.1164,4.1708,1.0884e-05,Heun
0,2.8667,0.36836,-0.9195,0.038664,0.0038186,0.0036127,0.00020594,0.89534,14.8036,0.026843,0.006138,467.018,4.4731,3.1655,4.1965e-05,Heun
0,11.8746,0.77438,-1.0449,0.081652,0.0086952,0.0084893,0.00020591,0.94298,30.968,0.1326,0.014558,467.018,44.4998,3.4168,2.9939e-05,Heun
0,2.4901,0.4033,-0.72038,0.01073,0.021467,0.00099352,0.020473,0.90286,15.9205,0.0080822,0.0017138,467.018,0.36964,2.8375,4.3735e-05,Heun
0,74.7068,0.41524,-1.2488,0.035264,0.21878,0.21712,0.001657,0.76339,13.0866,1.8186,0.46244,467.018,318.6775,3.7751,1.3877e-05,Heun
0,3.1565,0.26326,-0.51942,0.076071,9.4965e-05,1.0807e-05,8.4158e-05,0.86245,10.6192,5.7388e-05,1.8293e-05,467.018,0.019532,2.4854,6.4837e-05,Heun
0,3.1544,0.23334,-0.51534,0.051206,0.00013363,1.5235e-05,0.0001184,0.84748,9.4119,7.1705e-05,2.5787e-05,467.018,0.016717,2.4733,6.5013e-05,Heun
0,79.1952,0.72755,-1.2169,0.036796,0.15155,0.14943,0.002121,0.8444,24.9023,2.193,0.29402,467.018,363.7026,3.7586,3.668e-07,Heun
0,5.043,0.98286,-0.92961,0.070143,0.0024207,0.0022678,0.00015293,0.95748,39.5543,0.04496,0.0038522,467.018,12.7247,3.231,2.5109e-05,Heun
0,3.3401,0.83297,-0.84322,0.014921,0.0041055,0.0035168,0.00058869,0.94939,33.4656,0.059089,0.0059705,467.018,3.5796,3.0776,3.3207e-05,Heun
0,3.3617,0.22105,-0.67779,0.072559,0.00016811,8.6614e-05,8.1493e-05,0.84034,8.916,0.00038619,0.00014664,467.018,0.12869,2.7406,5.1195e-05,Heun
0,4.1851,0.51632,-0.89353,0.035047,0.0031007,0.0028584,0.00024236,0.92286,20.7648,0.029769,0.0048507,467.018,4.3604,3.1382,4.2179e-05,Heun
0,3.2527,0.389,-0.84474,0.059567,0.0010272,0.0008997,0.0001275,0.90198,15.677,0.0070595,0.0015249,467.018,1.7997,3.0435,4.6445e-05,Heun
0,2.1665,0.94045,-0.51508,0.071476,0.00012623,1.0876e-05,0.00011535,0.9572,37.9345,0.00020631,1.8412e-05,467.018,0.059455,2.5382,6.2498e-05,Heun
0,54.0092,0.42628,-1.224,0.029609,0.19852,0.19695,0.0015749,0.77927,13.7829,1.6934,0.40042,467.018,239.0462,3.72,7.5355e-06,Heun
3,15.3695,0.58704,-1.2795,0.043062,0.29527,0.19664,0.098632,-10.3233,16.6896,2.3285,0.0,467.018,-44.5953,1.5876,2.1174,Euler
0,112.3466,0.39463,-1.3542,0.011631,0.91715,0.91427,0.0028808,0.12076,1.319,7.2776,5.3727,467.018,785.8224,4.0175,7.0575e-08,Euler
0,111.9633,0.44021,-1.3389,0.042734,0.40752,0.40411,0.0034042,0.62768,10.5218,3.5883,1.2144,467.018,991.7185,4.0542,3.262e-06,Heun
0,131.6785,0.86329,-1.2367,0.028021,0.23908,0.23515,0.0039354,0.78958,26.5002,4.0947,0.49795,467.018,533.8348,3.8312,1.9314e-06,Heun
0,33.2876,0.85653,-1.1316,0.074802,0.028019,0.027509,0.00051027,0.93508,33.5857,0.47526,0.048362,467.018,148.1185,3.5853,6.7621e-06,Heun
0,61.4699,0.6439,-1.2111,0.051345,0.10407,0.10275,0.0013239,0.8705,23.2727,1.3345,0.19575,467.018,306.3105,3.7329,8.4582e-07,Heun
0,87.0737,0.59508,-1.3619,0.06672,0.35154,0.34258,0.0089562,0.68874,15.5672,4.1121,1.0448,467.018,1796.1551,4.2639,5.2933e-07,Heun
0,3.586,0.76475,-0.82546,0.054854,0.00091949,0.00076286,0.00015664,0.94739,30.8229,0.011768,0.0012928,467.018,2.6301,3.0438,4.8244e-05,Heun
0,70.4383,0.76672,-1.342,0.015049,0.79843,0.79055,0.0078794,0.28054,6.2349,12.2262,3.5872,467.018,1367.713,4.1468,3.965e-05,Heun
0,34.8957,0.20665,-1.2065,0.032547,0.15019,0.14952,0.00067673,0.73854,7.0845,0.62323,0.29088,467.018,103.5248,3.6332,4.4709e-05,Heun
0,7.8446,0.23448,-1.0469,0.034646,0.020645,0.020392,0.00025293,0.83567,9.264,0.096448,0.035178,467.018,15.4019,3.3586,3.1573e-05,Heun
0,2.1485,0.72168,-0.59825,0.028939,0.00035658,7.8171e-05,0.0002784,0.94482,29.1035,0.0011379,0.00013236,467.018,0.1345,2.6634,9.5983e-05,Heun
0,2.5553,0.42317,-0.76246,0.059224,0.00044161,0.00031484,0.00012677,0.9095,17.0638,0.0026873,0.0005331,467.018,0.67525,2.9106,3.8613e-05,Heun
0,4.2583,0.91644,-0.82258,0.028618,0.0017164,0.0014091,0.00030729,0.9551,36.9076,0.026048,0.0023878,467.018,3.0101,3.048,2.5648e-05,Heun
0,14.1808,0.83734,-1.0639,0.012116,0.072104,0.070542,0.0015626,0.90494,31.344,1.1914,0.12511,467.018,59.8528,3.4539,2.2596e-05,Heun
0,9.2956,0.51303,-1.0322,0.010754,0.054684,0.05357,0.0011134,0.88923,19.5648,0.55436,0.09389,467.018,25.3236,3.3714,4.2473e-05,Heun
0,50.348,0.76998,-1.1922,0.033033,0.12734,0.12545,0.0018913,0.86374,27.1067,1.9483,0.23862,467.018,281.9917,3.7051,1.1168e-06,Heun
0,2.8541,0.20574,-0.59725,0.055992,0.00014136,3.9899e-05,0.00010146,0.8305,8.2989,0.00016558,6.7533e-05,467.018,0.043073,2.6039,6.5657e-05,Heun
0,69.9116,0.63531,-1.3648,0.031017,0.59714,0.58846,0.0086868,0.48597,10.325,7.5409,2.3318,467.018,1751.6682,4.2569,9.4908e-05,Heun
0,3.2576,0.41076,-0.87585,0.032674,0.0026841,0.0024431,0.00024099,0.90562,16.5263,0.020242,0.0041457,467.018,2.8179,3.0978,2.5184e-05,Heun
0,13.6656,0.70732,-1.0418,0.018741,0.035918,0.035103,0.00081538,0.92074,27.5096,0.50082,0.060953,467.018,38.9056,3.4057,9.6317e-05,Heun
0,23.3328,0.92061,-1.1329,0.027351,0.076099,0.074671,0.0014278,0.90627,34.3128,1.3866,0.13452,467.018,158.8,3.5923,9.1283e-06,Heun
0,2.403,0.36789,-0.6959,0.037941,0.00039866,0.00020918,0.00018948,0.89736,14.8355,0.0015523,0.00035391,467.018,0.25306,2.7935,6.016e-05,Heun
0,2.3083,0.32808,-0.64085,0.025306,0.00042874,0.00015454,0.0002742,0.88633,13.2295,0.0010227,0.00026163,467.018,0.11265,2.6969,6.5656e-05,Heun
0,80.1005,0.30584,-1.3073,0.047454,0.29284,0.29125,0.0015873,0.6858,8.725,1.7967,0.72871,467.018,501.508,3.8924,2.3419e-05,Heun
0,3.2131,0.54803,-0.89937,0.040175,0.0029077,0.0026918,0.0002159,0.92702,22.0444,0.029756,0.0045614,467.018,4.9676,3.1509,7.9022e-05,Heun
3,43.5848,0.27651,-1.3008,0.018526,0.91609,0.91255,0.0035379,0.15817,0.93602,5.0897,0.0,467.018,214.4263,3.7864,0.73751,Euler
3,85.0053,0.27022,-1.3812,0.011506,0.95903,0.95721,0.0018197,0.059324,0.44663,5.2174,7.6843,467.018,766.3579,4.0395,0.0049189,Euler
0,4.0155,0.79941,-0.91015,0.075711,0.0017657,0.0016377,0.00012804,0.94898,32.1928,0.026407,0.0027797,467.018,8.1384,3.1876,5.0112e-05,Heun
0,3.6392,0.44446,-0.84131,0.049535,0.0011936,0.0010354,0.00015813,0.91297,17.909,0.009283,0.0017548,467.018,1.9438,3.044,2.5595e-05,Heun
0,60.6771,0.98532,-1.2074,0.04139,0.1226,0.12018,0.0024219,0.87729,34.8761,2.3885,0.23132,467.018,433.8898,3.7718,9.6489e-07,Heun
0,3.5549,0.66237,-0.81384,0.054665,0.000812,0.00065945,0.00015255,0.9399,26.6996,0.0088107,0.0011173,467.018,1.9778,3.0175,2.5951e-05,Heun
0,3.8355,0.4339,-0.94478,0.065723,0.0030735,0.00294,0.00013346,0.90988,17.4506,0.025732,0.004996,467.018,7.1789,3.2156,9.6099e-05,Heun
0,6.6296,0.65903,-0.99736,0.031881,0.012201,0.011829,0.00037163,0.9323,26.262,0.15725,0.020235,467.018,20.7156,3.3253,1.6935e-05,Heun
0,24.349,0.97038,-1.0409,0.031928,0.021089,0.020513,0.00057613,0.94482,38.3211,0.40151,0.035364,467.018,52.2042,3.4225,1.7222e-05,Heun
0,25.0925,0.32635,-1.1451,0.057488,0.042498,0.042144,0.00035344,0.85947,12.6059,0.27742,0.074894,467.018,71.9869,3.547,4.5193e-05,Heun
0,2.4929,0.29709,-0.73151,0.065457,0.00029475,0.00019142,0.00010333,0.87605,11.9816,0.0011471,0.00032408,467.018,0.33074,2.8429,4.6726e-05,Heun
0,3.8734,0.84288,-0.96546,0.076179,0.0034548,0.0033036,0.0001512,0.95034,33.886,0.056167,0.0056215,467.018,17.4066,3.2838,2.9911e-05,Heun
0,2.7391,0.27257,-0.7253,0.049242,0.00036757,0.00023495,0.00013262,0.86635,10.992,0.0012918,0.00039777,467.018,0.28329,2.8287,2.7751e-05,Heun
0,74.4335,0.82944,-1.2729,0.068585,0.15497,0.15176,0.0032136,0.84798,28.2758,2.539,0.32378,467.018,844.0952,3.9512,8.2985e-07,Heun
0,28.5871,0.879,-1.0668,0.027002,0.034275,0.033501,0.00077464,0.93211,34.2451,0.59397,0.058295,467.018,65.9238,3.463,9.945e-05,Heun
0,5.6002,0.76515,-0.51097,0.019213,0.00045845,3.8374e-05,0.00042007,0.94771,30.8533,0.00059226,6.4975e-05,467.018,0.046329,2.5213,6.2868e-05,Heun
0,2.7562,0.50721,-0.65613,0.070864,0.00017574,6.7143e-05,0.00010859,0.92347,20.458,0.00068692,0.00011369,467.018,0.20346,2.7425,6.523e-05,Heun
0,3.0089,0.94282,-0.65509,0.0646,0.00020136,7.2672e-05,0.00012868,0.95726,38.0273,0.001382,0.00012305,467.018,0.35996,2.7708,6.3384e-05,Heun
0,13.4017,0.70395,-1.0645,0.016967,0.052358,0.051327,0.0010312,0.90971,26.9117,0.72881,0.09011,467.018,51.5584,3.4453,1.728e-05,Heun
0,34.8898,0.37475,-1.187,0.031096,0.12649,0.12551,0.00098376,0.81788,13.2059,0.94873,0.23711,467.018,135.7107,3.6339,2.1321e-05,Heun
0,45.6581,0.74645,-1.1876,0.05623,0.072753,0.071666,0.0010871,0.89916,27.9224,1.0791,0.13212,467.018,262.9978,3.6932,1.166e-06,Heun
0,61.1214,0.60705,-1.3612,0.024029,0.67678,0.67003,0.0067563,0.4088,7.9155,8.2043,2.8745,467.018,1524.6012,4.202,3.1216e-05,Heun
0,2.2568,0.88887,-0.54757,0.031708,0.00029617,3.7212e-05,0.00025896,0.95472,35.848,0.00066718,6.3005e-05,467.018,0.08551,2.5894,6.5506e-05,Heun
0,34.6117,0.21484,-1.1834,0.065605,0.05919,0.05888,0.00031064,0.80067,8.154,0.25516,0.10734,467.018,81.7505,3.5938,4.2534e-05,Heun
3,53.5747,0.9619,-1.3876,0.042085,0.54199,0.4809,0.061091,0.5475,17.7731,9.3306,2.2801,467.018,3586.2521,4.6727,0.86767,Euler
0,64.5984,0.88406,-1.1047,0.014,0.1027,0.10075,0.0019464,0.88663,32.0018,1.7966,0.18287,467.018,105.3347,3.5326,2.0241e-05,Heun
0,3.1446,0.53613,-0.71495,0.060482,0.00029665,0.00016744,0.00012921,0.92722,21.6222,0.0018107,0.00028353,467.018,0.45586,2.8429,4.2876e-05,Heun
0,55.3619,0.58963,-1.2026,0.063732,0.076673,0.075764,0.00090937,0.88373,21.9629,0.90109,0.14125,467.018,255.0269,3.705,8.1148e-07,Heun
0,36.2862,0.93031,-1.1977,0.073793,0.063063,0.061864,0.0011988,0.91543,35.1635,1.1609,0.11466,467.018,370.5026,3.7418,2.3684e-06,Heun
0,4.7655,0.31145,-1.0403,0.051012,0.012981,0.012782,0.00019852,0.87321,12.4013,0.080302,0.021943,467.018,18.1217,3.3608,8.575e-05,Heun
0,9.4615,0.45371,-1.0192,0.018776,0.026932,0.026351,0.00058074,0.89823,17.8106,0.24116,0.045491,467.018,19.3062,3.3433,5.7948e-05,Heun
0,53.0734,0.86745,-1.3577,0.03774,0.4904,0.46888,0.021517,0.59454,17.8334,8.2041,1.75,467.018,2258.2863,4.3612,2.2593e-05,Heun
3,24.2016,0.93588,-1.212,0.011064,0.021754,-0.023341,0.045095,4.3627,36.9337,-0.44063,0.0,467.018,98.0464,3.6348,0.1457,Euler
0,34.5243,0.34095,-1.1919,0.029913,0.13866,0.13768,0.00097989,0.8014,11.8473,0.94685,0.26252,467.018,132.3374,3.6368,5.1793e-05,Heun
0,3.7448,0.48345,-0.91811,0.050313,0.0028995,0.0027278,0.00017169,0.91829,19.4468,0.026601,0.0046333,467.018,5.6276,3.1762,8.4526e-05,Heun
0,2.5735,0.78741,-0.50971,0.020391,0.00043358,3.5573e-05,0.00039801,0.94912,31.7519,0.000565,6.0236e-05,467.018,0.046843,2.5206,6.0575e-05,Heun
0,2.9186,0.47231,-0.62355,0.040125,0.00026656,7.802e-05,0.00018854,0.91823,19.0487,0.00074328,0.00013211,467.018,0.12536,2.6851,6.434e-05,Heun
0,3.991,0.33959,-0.94316,0.048647,0.0040544,0.0038901,0.0001643,0.88749,13.6439,0.026646,0.0066105,467.018,5.6358,3.2013,4.696e-05,Heun
0,26.8784,0.553,-1.1722,0.077946,0.044039,0.043523,0.00051513,0.90113,21.3267,0.48549,0.078168,467.018,164.3775,3.6344,5.4086e-05,Heun
0,2.3111,0.70947,-0.75547,0.077198,0.00032712,0.00022076,0.00010636,0.94394,28.612,0.0031592,0.00037386,467.018,0.99724,2.9237,2.3449e-05,Heun
0,2.9925,0.53112,-0.8233,0.067546,0.00072178,0.0006026,0.00011918,0.92631,21.4107,0.0064557,0.0010211,467.018,1.8174,3.0225,5.3412e-05,Heun
0,3.2693,0.43711,-0.91108,0.0254,0.0052571,0.0049325,0.00032466,0.90909,17.541,0.043489,0.0083847,467.018,4.6845,3.1595,4.1842e-05,Heun
0,4.7301,0.25279,-1.0264,0.061059,0.0091085,0.0089679,0.00014066,0.85208,10.1053,0.045728,0.015348,467.018,12.6696,3.3275,6.3005e-05,Heun
0,4.1856,0.64154,-0.87872,0.054415,0.0016843,0.0015231,0.00016123,0.93752,25.8371,0.01971,0.0025831,467.018,4.4158,3.1241,2.4536e-05,Heun
0,193.6286,0.44393,-1.2828,0.065289,0.18057,0.17898,0.0015996,0.79481,14.6749,1.6026,0.38659,467.018,531.2283,3.8766,2.9822e-07,Heun
0,3.7873,0.73994,-0.97072,0.07592,0.0036941,0.0035461,0.00014803,0.94395,29.7403,0.052927,0.0060354,467.018,16.4568,3.286,2.1074e-05,Heun
0,26.9452,0.57517,-1.1241,0.060151,0.031578,0.031149,0.00042942,0.91171,22.4706,0.36138,0.054648,467.018,92.3537,3.5428,5.7159e-05,Heun
0,6.6844,0.83924,-0.96247,0.011828,0.021248,0.020306,0.00094129,0.9386,33.1372,0.34375,0.034845,467.018,16.587,3.2782,5.9835e-05,Heun
0,23.9492,0.81872,-1.1096,0.0093063,0.15926,0.15652,0.0027384,0.8444,27.7685,2.5848,0.29327,467.018,102.3127,3.5355,4.4928e-05,Heun
0,118.7218,0.37026,-1.3883,0.07727,0.3555,0.35159,0.0039056,0.65678,9.6269,2.6259,1.2668,467.018,1635.5964,4.2544,1.1348e-05,Heun
0,3.4701,0.56145,-0.55212,0.073565,0.00012271,1.7007e-05,0.0001057,0.93037,22.6471,0.00019261,2.8791e-05,467.018,0.058771,2.5747,6.3575e-05,Heun
0,16.0724,0.36521,-1.1068,0.034125,0.044287,0.043818,0.00046966,0.86902,14.0806,0.32279,0.077125,467.018,48.6122,3.484,3.0217e-05,Heun
0,53.7528,0.21665,-1.2665,0.024957,0.35179,0.35047,0.0013177,0.60812,5.6654,1.5316,0.82039,467.018,217.4439,3.7535,2.8106e-05,Heun
0,6.79,0.93612,-1.0004,0.027888,0.014535,0.014034,0.00050111,0.94766,37.2159,0.26499,0.024041,467.018,30.0135,3.3492,2.5149e-05,Heun
0,2.7162,0.62481,-0.7385,0.032405,0.00067027,0.00042282,0.00024746,0.93663,25.1891,0.0053288,0.00071614,467.018,0.71143,2.8893,2.8131e-05,Heun
0,3.5115,0.36084,-0.93619,0.062794,0.0028857,0.0027563,0.00012937,0.89402,14.5149,0.020062,0.0046831,467.018,5.4425,3.1925,7.8704e-05,Heun
0,67.2484,0.97724,-1.2548,0.076916,0.11577,0.11292,0.0028574,0.88165,34.8594,2.2258,0.22884,467.018,793.3456,3.92,1.4057e-06,Heun
0,4.9014,0.54308,-1.0098,0.069536,0.0065468,0.0063794,0.00016743,0.9241,21.7656,0.069883,0.010891,467.018,20.3337,3.3368,1.5908e-05,Heun
0,2.97,0.84385,-0.5592,0.075449,0.00012646,1.8159e-05,0.0001083,0.95254,34.0383,0.00030908,3.0744e-05,467.018,0.09449,2.6062,5.5221e-05,Heun
0,2.708,0.30847,-0.61511,0.056123,0.00017118,5.0074e-05,0.00012111,0.88014,12.4423,0.00031157,8.4754e-05,467.018,0.076654,2.6513,6.5406e-05,Heun
0,3.9423,0.86837,-0.92355,0.043544,0.0036126,0.0033786,0.00023404,0.95157,34.9052,0.059179,0.0057413,467.018,10.4538,3.2144,3.0122e-05,Heun
0,2.2477,0.7944,-0.68206,0.061959,0.00023948,0.00010713,0.00013235,0.94967,32.0398,0.0017166,0.0001814,467.018,0.43227,2.8072,2.3344e-05,Heun
3,45.2383,0.78859,-1.3979,0.063961,0.47167,0.41484,0.056834,0.59706,16.8078,6.5987,1.713,467.018,3551.0055,4.6757,0.0027675,Euler
0,4.3377,0.77571,-1.011,0.071368,0.0064988,0.0063069,0.00019181,0.94449,31.0903,0.098684,0.010774,467.018,28.8534,3.3576,2.7417e-05,Heun
0,112.2671,0.98898,-1.2625,0.019353,0.4131,0.40569,0.0074083,0.66002,23.4157,8.0929,1.0051,467.018,786.6941,3.9261,8.8614e-05,Heun
0,9.2507,0.41496,-1.0362,0.06594,0.009578,0.0094021,0.00017592,0.90212,16.5798,0.078696,0.016103,467.018,22.2459,3.3681,1.8617e-05,Heun
0,80.6254,0.94966,-1.2739,0.044658,0.231,0.22551,0.0054862,0.79909,29.4613,4.3198,0.50417,467.018,946.265,3.978,2.5562e-06,Heun
0,5.2496,0.2561,-0.99292,0.016501,0.021944,0.021484,0.00046008,0.84578,10.1047,0.11098,0.036929,467.018,8.2992,3.2715,2.3071e-05,Heun
0,5.2273,0.5458,-0.61796,0.019598,0.00054509,0.00014869,0.0003964,0.92825,22.0065,0.001637,0.00025178,467.018,0.13335,2.6827,6.542e-05,Heun
0,50.7855,0.82801,-1.214,0.039226,0.13851,0.13626,0.0022414,0.85937,28.7767,2.2758,0.26584,467.018,398.0431,3.7671,1.9134e-06,Heun
0,2.8732,0.27478,-0.71368,0.023459,0.0007031,0.00042471,0.00027839,0.86708,11.0775,0.002354,0.00071918,467.018,0.24571,2.8098,3.8066e-05,Heun
0,30.042,0.90097,-1.0963,0.040295,0.033349,0.032663,0.00068624,0.93377,35.1347,0.5936,0.057063,467.018,98.6267,3.5196,5.6247e-05,Heun
0,9.0915,0.70996,-1.0239,0.010534,0.050559,0.049278,0.0012814,0.91133,27.1931,0.70568,0.086128,467.018,30.8602,3.3743,3.2392e-05,Heun
0,3.6016,0.48185,-0.93378,0.034378,0.0051297,0.0048755,0.0002542,0.91663,19.339,0.047387,0.0082931,467.018,6.8568,3.2022,4.0787e-05,Heun
0,2.5694,0.55113,-0.50182,0.05353,0.00015708,1.2247e-05,0.00014484,0.92914,22.2302,0.00013615,2.0736e-05,467.018,0.030274,2.4903,6.3503e-05,Heun
0,43.8726,0.21568,-1.2211,0.069775,0.086879,0.086467,0.00041168,0.78405,7.9448,0.37617,0.16376,467.018,131.9834,3.6658,2.264e-05,Heun
0,5.0054,0.95888,-0.78272,0.053416,0.00061405,0.00045262,0.00016143,0.95767,38.659,0.0087543,0.00076673,467.018,1.8846,2.9838,9.6805e-05,Heun
0,4.1408,0.65391,-0.8301,0.050882,0.001038,0.00087281,0.00016515,0.93903,26.3523,0.011512,0.0014792,467.018,2.4078,3.0439,2.8203e-05,Heun
0,11.4868,0.51372,-1.062,0.010984,0.076985,0.075716,0.0012697,0.87471,19.1291,0.78458,0.13467,467.018,36.876,3.4227,4.3464e-05,Heun
0,3.9329,0.89935,-0.86918,0.017165,0.0048017,0.0042644,0.00053728,0.95231,36.1072,0.077359,0.0072435,467.018,5.374,3.1248,7.2082e-05,Heun
0,2.4238,0.34411,-0.81103,0.063146,0.000665,0.0005508,0.0001142,0.89089,13.8729,0.0038232,0.00093304,467.018,1.0459,2.9817,4.9025e-05,Heun
0,82.5699,0.34231,-1.2589,0.064015,0.14275,0.1418,0.00095348,0.79912,11.838,0.97908,0.29004,467.018,313.5375,3.7833,4.5712e-07,Heun
0,4.4203,0.92548,-0.96509,0.02476,0.01056,0.010084,0.00047652,0.94978,36.9411,0.18824,0.017215,467.018,18.8988,3.288,2.0326e-05,Heun
0,26.1144,0.31043,-1.1485,0.054942,0.046295,0.045929,0.0003657,0.85202,11.9435,0.28759,0.081873,467.018,71.8807,3.5504,4.5225e-05,Heun
0,5.4034,0.73138,-0.54357,0.080688,0.00011359,1.3892e-05,9.9699e-05,0.94566,29.5017,0.00020495,2.3519e-05,467.018,0.067489,2.5733,6.3845e-05,Heun
0,113.6032,0.67511,-1.2703,0.024084,0.37127,0.36694,0.0043301,0.67912,17.1235,4.9968,0.89182,467.018,617.3599,3.8885,5.0635e-06,Heun
0,101.2686,0.35606,-1.3755,0.064131,0.37629,0.37327,0.0030234,0.63837,8.959,2.6808,1.2935,467.018,1327.1164,4.1708,1.0884e-05,Heun
0,12.8391,0.77438,-1.0449,0.081652,0.0086952,0.0084893,0.00020591,0.94298,30.968,0.1326,0.014558,467.018,44.4998,3.4168,2.9939e-05,Heun
0,80.547,0.41524,-1.2488,0.035264,0.21878,0.21712,0.001657,0.76339,13.0866,1.8186,0.46244,467.018,318.6775,3.7751,1.3877e-05,Heun
0,3.3214,0.38365,-0.86791,0.011179,0.0071134,0.0064352,0.00067822,0.89694,15.3672,0.0498,0.010942,467.018,2.389,3.0813,3.0189e-05,Heun
0,4.0272,0.70702,-0.96342,0.027587,0.0092504,0.0088647,0.00038563,0.93802,28.2584,0.12642,0.015123,467.018,14.327,3.2712,5.1242e-05,Heun
0,92.4231,0.58242,-1.2748,0.077847,0.14029,0.13853,0.0017686,0.84028,20.1994,1.6274,0.29248,467.018,623.9323,3.8948,1.1367e-06,Heun
0,2.668,0.4571,-0.64354,0.028398,0.00040751,0.00014255,0.00026496,0.91565,18.4325,0.0013143,0.00024131,467.018,0.15726,2.7167,7.906e-05,Heun
0,134.0366,0.31869,-1.3938,0.082592,0.34296,0.33997,0.0029863,0.65355,8.4473,2.1854,1.271,467.018,1546.673,4.2397,1.4762e-05,Heun
0,2.1068,0.43009,-0.5282,0.055543,0.00014976,1.6569e-05,0.00013319,0.91101,17.348,0.00014374,2.8045e-05,467.018,0.033814,2.5224,7.4048e-05,Heun
0,1.9395,0.29803,-0.7045,0.038509,0.00040347,0.00023,0.00017347,0.87632,12.0184,0.0013827,0.00038941,467.018,0.23444,2.7982,1.7684e-05,Heun
0,28.9314,0.42531,-1.1585,0.051804,0.055403,0.054869,0.00053439,0.87487,16.2073,0.47071,0.098691,467.018,107.9677,3.5882,4.1065e-05,Heun
0,18.1766,0.63176,-1.0318,0.031404,0.019026,0.018587,0.00043925,0.92549,25.0013,0.23685,0.031976,467.018,30.9238,3.3823,9.3253e-05,Heun
0,24.6274,0.53708,-1.0836,0.071653,0.016023,0.015774,0.00024852,0.9173,21.3198,0.17089,0.027245,467.018,51.722,3.4645,1.882e-05,Heun
0,34.2439,0.93958,-1.1753,0.062639,0.056731,0.055661,0.0010693,0.92003,35.7541,1.0549,0.10123,467.018,280.9153,3.6877,2.0066e-06,Heun
0,1.9167,0.2987,-0.66017,0.018021,0.00066201,0.00028869,0.00037332,0.87641,12.0423,0.0017394,0.00047084,467.018,0.1329,2.7247,5.1877e-05,Heun
0,2.4414,0.44677,-0.80285,0.059126,0.00065972,0.00052952,0.0001302,0.91372,18.0117,0.0047719,0.00089701,467.018,1.1918,2.9803,4.8718e-05,Heun
0,4.1343,0.6501,-0.92137,0.055441,0.0027516,0.0025816,0.00017001,0.9376,26.154,0.033853,0.0043846,467.018,7.7299,3.1961,5.0222e-05,Heun
0,170.562,0.56451,-1.2987,0.063598,0.21293,0.21026,0.0026796,0.78786,17.924,2.3941,0.48634,467.018,802.1563,3.9662,1.1176e-06,Heun
0,22.4588,0.52248,-1.1204,0.012972,0.13222,0.13061,0.0016073,0.83894,18.2909,1.3765,0.2416,467.018,77.8938,3.5275,5.7777e-05,Heun
0,11.7166,0.48879,-0.97992,0.045042,0.0069348,0.0067148,0.00021996,0.91653,19.5818,0.066203,0.011449,467.018,12.5598,3.2806,5.0309e-05,Heun
0,44.2792,0.80172,-1.1732,0.05005,0.068681,0.067577,0.0011041,0.90525,30.1215,1.0928,0.12332,467.018,234.1222,3.6672,1.3297e-06,Heun
0,2.9705,0.80739,-0.77545,0.06834,0.00044536,0.00032228,0.00012308,0.9503,32.557,0.0052486,0.00054583,467.018,1.4568,2.9633,6.8914e-05,Heun
0,31.5163,0.48281,-1.1554,0.047978,0.057554,0.056936,0.00061746,0.8831,18.3563,0.55448,0.10235,467.018,116.3522,3.5906,3.994e-05,Heun
0,2.634,0.88988,-0.58309,0.081526,0.00012373,2.2843e-05,0.00010089,0.95488,35.8948,0.00041002,3.8672e-05,467.018,0.1351,2.6485,6.2738e-05,Heun
0,2.5746,0.63848,-0.72765,0.076785,0.0002597,0.00015528,0.00010442,0.93816,25.7506,0.0019998,0.00026292,467.018,0.63167,2.8724,4.5872e-05,Heun
0,3.2384,0.61234,-0.54493,0.013237,0.00068137,8.6136e-05,0.00059523,0.93543,24.6861,0.0010639,0.00014589,467.018,0.058095,2.5669,6.338e-05,Heun
0,3.7619,0.54068,-0.63399,0.038042,0.00029815,9.4117e-05,0.00020404,0.92778,21.8054,0.0010264,0.00015935,467.018,0.16242,2.7088,6.9847e-05,Heun
0,3.3706,0.40837,-0.97822,0.039114,0.0077943,0.0075616,0.00023279,0.90191,16.3461,0.062286,0.012899,467.018,10.4239,3.2689,2.3173e-05,Heun
0,7.3638,0.5556,-0.55833,0.062182,0.0001466,2.1786e-05,0.00012482,0.92968,22.4106,0.00024416,3.6886e-05,467.018,0.063028,2.5845,6.3616e-05,Heun
0,2.1843,0.35882,-0.74519,0.058024,0.00038106,0.00025739,0.00012367,0.89505,14.4699,0.0018629,0.00043584,467.018,0.46605,2.8742,3.8621e-05,Heun
0,3.8433,0.79676,-0.87166,0.055653,0.0015228,0.0013599,0.00016291,0.94898,32.0938,0.021856,0.0023064,467.018,4.9485,3.123,1.7004e-05,Heun
0,3.0184,0.29277,-0.62985,0.059766,0.00016867,5.6816e-05,0.00011186,0.87452,11.8088,0.00033552,9.6174e-05,467.018,0.088478,2.6735,6.5453e-05,Heun
0,25.3547,0.55239,-1.0938,0.075267,0.021969,0.016921,0.0050472,0.91797,21.795,0.18854,0.0296,467.018,60.2984,3.4844,6.2431e-05,Heun
1,1.2169,0.9273,-1.117,0.015741,,,,,,,,,,,0.0,Heun
0,3.5508,0.68144,-0.92117,0.075984,0.0020048,0.0018794,0.00012539,0.9407,27.4353,0.025833,0.0031911,467.018,8.0613,3.1982,3.0746e-05,Heun
0,2.5772,0.27854,-0.5681,0.053859,0.0001502,2.8525e-05,0.00012167,0.86897,11.2352,0.00016027,4.8283e-05,467.018,0.038328,2.5687,6.4885e-05,Heun
0,2.2529,0.63769,-0.68848,0.030234,0.00050244,0.00023842,0.00026401,0.93793,25.7124,0.0030668,0.00040372,467.018,0.38145,2.8072,6.6416e-05,Heun
0,95.5459,0.39566,-1.2685,0.060298,0.16594,0.16467,0.0012714,0.79587,13.313,1.3142,0.34818,467.018,400.3397,3.8223,1.1263e-06,Heun
0,2.752,0.27152,-0.85356,0.037229,0.0017932,0.0016117,0.00018148,0.86504,10.9341,0.0088273,0.0027327,467.018,1.4659,3.0417,2.268e-05,Heun
0,10.6866,0.34897,-1.0721,0.026489,0.036963,0.036495,0.0004681,0.86946,13.5579,0.25689,0.063636,467.018,29.9636,3.4208,2.9482e-05,Heun
0,77.3544,0.97921,-1.2529,0.040405,0.20484,0.20036,0.0044826,0.81913,31.4113,3.9574,0.4255,467.018,751.5425,3.9073,1.3057e-06,Heun
0,3.0481,0.47058,-0.6863,0.049077,0.00029791,0.00014282,0.00015509,0.91793,18.9782,0.0013557,0.00024184,467.018,0.27972,2.7891,4.3891e-05,Heun
0,2.9001,0.22443,-0.55336,0.011905,0.00060546,0.00010675,0.00049871,0.8421,9.0485,0.00048326,0.00018076,467.018,0.026358,2.5347,6.517e-05,Heun
0,5.2424,0.99296,-0.99569,0.055194,0.0069575,0.0067022,0.00025528,0.95494,39.7792,0.13424,0.011441,467.018,29.9866,3.3444,4.4065e-05,Heun
0,155.4478,0.5082,-1.2756,0.046189,0.22835,0.22612,0.0022297,0.77058,15.8201,2.3179,0.49797,467.018,538.2906,3.8714,3.0349e-07,Heun
0,64.1648,0.6568,-1.2101,0.052283,0.10083,0.099519,0.0013087,0.87379,23.8251,1.3185,0.18962,467.018,308.1397,3.7325,2.0535e-06,Heun
0,2.8933,0.3236,-0.71283,0.017382,0.00096495,0.00056692,0.00039803,0.8846,13.0419,0.0037004,0.0009601,467.018,0.28048,2.8158,3.101e-05,Heun
0,2.2746,0.58879,-0.74838,0.064363,0.00036335,0.00024172,0.00012163,0.93323,23.7441,0.0028708,0.00040936,467.018,0.76418,2.9029,2.5118e-05,Heun
0,6.0215,0.51537,-1.0051,0.023014,0.018512,0.018038,0.00047434,0.9129,20.4061,0.18751,0.030977,467.018,18.1656,3.3258,7.3303e-05,Heun
0,2.7059,0.85382,-0.61947,0.035857,0.00031168,8.286e-05,0.00022882,0.95295,34.4341,0.001427,0.0001403,467.018,0.20722,2.7068,6.446e-05,Heun
0,21.8879,0.74319,-1.088,0.016155,0.073166,0.071848,0.0013186,0.89866,27.788,1.0771,0.128,467.018,72.8859,3.4908,4.2581e-05,Heun
1,1.1851,0.35149,-1.2959,0.056955,,,,,,,,,,,0.0,Heun
0,62.8906,0.82325,-1.2012,0.038377,0.12234,0.12038,0.0019603,0.87021,29.1483,1.9989,0.23064,467.018,337.9817,3.7343,5.3564e-07,Heun
0,10.7299,0.5397,-1.0494,0.076572,0.0097681,0.0095823,0.00018587,0.92162,21.5597,0.10431,0.01644,467.018,33.5688,3.4046,2.4471e-05,Heun
0,59.0841,0.37553,-1.2283,0.041211,0.154,0.15288,0.0011201,0.79967,12.8165,1.158,0.30396,467.018,228.861,3.7201,3.3917e-06,Heun
0,8.4203,0.58921,-0.68902,0.012187,0.0012425,0.0005953,0.00064723,0.93272,23.7404,0.0070751,0.0010086,467.018,0.35662,2.8043,4.8421e-05,Heun
0,9.3286,0.49483,-0.98528,0.042354,0.0078844,0.0076447,0.0002397,0.91682,19.805,0.076304,0.013043,467.018,13.6035,3.2902,4.8325e-05,Heun
0,3.2836,0.30407,-0.84446,0.048323,0.0012505,0.0011052,0.00014531,0.87795,12.2515,0.0067786,0.0018731,467.018,1.4398,3.0317,2.3179e-05,Heun
0,90.1027,0.78988,-1.3759,0.02278,0.75017,0.73586,0.014307,0.34043,7.9608,11.7242,3.6645,467.018,2225.2548,4.3723,6.8737e-06,Heun
0,18.41,0.29101,-1.1192,0.012599,0.13422,0.13312,0.0010975,0.78934,10.1643,0.7814,0.24478,467.018,45.2694,3.492,3.9095e-05,Heun
0,2.5001,0.52689,-0.70522,0.060032,0.00027831,0.00014891,0.0001294,0.92605,21.2496,0.0015826,0.00025212,467.018,0.3959,2.8259,5.4305e-05,Heun
0,2.2054,0.28609,-0.67196,0.078609,0.00015858,7.4192e-05,8.4385e-05,0.87198,11.5394,0.00042813,0.00012559,467.018,0.14893,2.7423,5.5873e-05,Heun
0,2.785,0.32932,-0.75298,0.073692,0.00031923,0.00022402,9.521e-05,0.88677,13.2812,0.0014881,0.00037931,467.018,0.47723,2.8833,3.318e-05,Heun
0,14.2019,0.3093,-1.0474,0.079696,0.0091094,0.0089779,0.00013146,0.87489,12.3641,0.056012,0.015393,467.018,19.7624,3.3727,8.2693e-05,Heun
0,3.555,0.73421,-0.93866,0.043197,0.0043673,0.0041329,0.00023444,0.94312,29.49,0.061206,0.0070262,467.018,10.8185,3.2313,3.9718e-05,Heun
0,28.9743,0.84623,-1.1165,0.049004,0.035211,0.034559,0.00065189,0.92983,32.9364,0.5899,0.060792,467.018,120.2921,3.5541,5.2333e-05,Heun
0,47.8152,0.25957,-1.2201,0.080517,0.075046,0.074625,0.00042042,0.81433,9.6858,0.39073,0.14001,467.018,152.8491,3.6764,2.2383e-05,Heun
0,2.3356,0.9308,-0.50033,0.033332,0.00026592,1.9296e-05,0.00024662,0.95669,37.5402,0.00036228,3.2668e-05,467.018,0.048707,2.5132,6.2505e-05,Heun
0,1.9637,0.99382,-0.57811,0.072431,0.00013686,2.4114e-05,0.00011275,0.9594,40.0868,0.0004834,4.0828e-05,467.018,0.14085,2.6456,6.2499e-05,Heun
0,66.7007,0.99056,-1.3775,0.020624,0.76933,0.73891,0.030417,0.31873,9.2178,14.7637,4.0864,467.018,2806.0255,4.4985,1.0117e-05,Euler
0,3.8718,0.72141,-0.78857,0.064918,0.00052977,0.00040146,0.00012831,0.94469,29.0876,0.0058419,0.00068007,467.018,1.5496,2.9796,2.2195e-05,Heun
0,97.8604,0.84777,-1.2584,0.04412,0.20028,0.19659,0.0036897,0.81688,27.351,3.3617,0.4178,467.018,703.5703,3.9,7.1819e-07,Heun
0,1.7384,0.50284,-0.53991,0.025729,0.00033808,4.1561e-05,0.00029652,0.92276,20.2784,0.00042153,7.0369e-05,467.018,0.045355,2.5492,8.3141e-05,Heun
0,2.5462,0.25126,-0.5081,0.063522,0.00010999,1.1192e-05,9.8797e-05,0.85681,10.1351,5.6723e-05,1.8942e-05,467.018,0.016225,2.4645,6.4889e-05,Heun
0,2.4773,0.50673,-0.81016,0.04118,0.0010274,0.00083486,0.00019253,0.92287,20.4215,0.0085333,0.0014149,467.018,1.4697,2.9984,4.7908e-05,Heun
0,2.1352,0.97648,-0.61317,0.052867,0.00020796,5.1241e-05,0.00015672,0.95866,39.3848,0.0010093,8.7762e-05,467.018,0.21729,2.703,6.2706e-05,Heun
3,46.1363,0.96863,-1.2436,0.012062,0.85667,0.20969,0.64698,0.30522,5.6007,4.097,0.0,467.018,318.8737,3.7699,14.6794,Euler
0,3.8708,0.50932,-0.95694,0.046911,0.0050099,0.0048081,0.00020178,0.92069,20.444,0.049396,0.0081833,467.018,9.7171,3.2439,4.9504e-05,Heun
0,8.4926,0.49245,-1.0073,0.034303,0.012794,0.012474,0.0003203,0.91334,19.6122,0.12391,0.021355,467.018,17.9314,3.3272,6.8982e-05,Heun
0,12.988,0.54377,-1.0659,0.013475,0.066384,0.065278,0.001106,0.88545,20.4805,0.71599,0.11549,467.018,41.0338,3.4329,3.94e-05,Heun
0,2.4257,0.24105,-0.60567,0.052702,0.00016415,4.7237e-05,0.00011691,0.85162,9.7229,0.00022968,7.9946e-05,467.018,0.054836,2.6247,6.5403e-05,Heun
0,59.3043,0.81993,-1.1765,0.036494,0.096662,0.095106,0.0015565,0.8875,29.8802,1.5729,0.17642,467.018,247.0979,3.6757,9.0989e-07,Heun
0,2.8762,0.95206,-0.64146,0.011242,0.0010871,0.00035041,0.00073673,0.95708,38.3663,0.0067292,0.00059354,467.018,0.30493,2.7487,7.3318e-05,Heun
0,3.4388,0.80606,-0.86653,0.073332,0.0010896,0.00096661,0.00012299,0.94981,32.4826,0.015716,0.0016388,467.018,4.6852,3.115,1.242e-05,Heun
0,3.5305,0.61185,-0.9346,0.021642,0.0082439,0.0078139,0.00043005,0.93054,24.4797,0.096436,0.013313,467.018,8.6404,3.2153,4.9897e-05,Heun
0,21.5382,0.59787,-1.0157,0.0091801,0.052153,0.050851,0.0013016,0.9007,22.8614,0.61325,0.088896,467.018,23.6122,3.3509,2.139e-05,Heun
0,26.2929,0.39024,-1.1085,0.07076,0.022103,0.021856,0.00024672,0.88899,15.395,0.17204,0.038029,467.018,53.1217,3.4912,6.8612e-05,Heun
0,2.3206,0.27385,-0.62838,0.047727,0.00020655,6.9822e-05,0.00013673,0.86699,11.0451,0.00038568,0.00011819,467.018,0.08192,2.668,6.5622e-05,Heun
0,17.0195,0.98997,-1.0689,0.051744,0.018538,0.018087,0.00045122,0.94727,39.1966,0.36117,0.031238,467.018,76.2439,3.4745,2.157e-05,Heun
0,2.1289,0.69007,-0.69351,0.034209,0.00046085,0.00022476,0.00023609,0.94238,27.826,0.0031286,0.00038063,467.018,0.43829,2.8194,4.081e-05,Heun
0,43.8395,0.82262,-1.1959,0.060914,0.074283,0.073057,0.0012252,0.90273,30.7207,1.2122,0.13572,467.018,320.7173,3.7229,6.6096e-07,Heun
0,2.8189,0.37617,-0.75953,0.040643,0.00062102,0.00044178,0.00017924,0.89925,15.166,0.0033521,0.00074809,467.018,0.58455,2.9002,5.1529e-05,Heun
0,35.9595,0.41002,-1.1603,0.012403,0.21612,0.21428,0.0018456,0.76398,12.9662,1.7722,0.42171,467.018,101.1922,3.5854,2.8976e-05,Heun
0,128.5127,0.38247,-1.2705,0.037969,0.2532,0.25147,0.001732,0.73296,11.5227,1.9401,0.56727,467.018,385.9923,3.8196,1.8079e-05,Heun
0,2.9703,0.60164,-0.63803,0.077772,0.00014955,4.8487e-05,0.00010106,0.9347,24.2678,0.00058842,8.2097e-05,467.018,0.18897,2.7206,8.5304e-05,Heun
0,3.0301,0.51901,-0.77037,0.042594,0.0006686,0.00048437,0.00018424,0.92477,20.9236,0.0050708,0.00082051,467.018,0.90141,2.9334,2.4442e-05,Heun
0,24.274,0.9676,-1.143,0.054104,0.044458,0.043582,0.00087682,0.92934,37.2995,0.8506,0.077443,467.018,191.7021,3.6185,7.8528e-07,Heun
0,22.0993,0.31236,-1.1377,0.066189,0.033794,0.033511,0.00028211,0.86052,12.1752,0.21114,0.059107,467.018,63.0994,3.5311,2.2289e-05,Heun
0,2.6514,0.94379,-0.6978,0.074665,0.00022082,0.00010883,0.00011199,0.95728,38.0659,0.0020719,0.00018428,467.018,0.6237,2.8419,3.7074e-05,Heun
0,1.8987,0.59234,-0.739,0.052067,0.00041728,0.00026465,0.00015263,0.93357,23.8859,0.003162,0.00044856,467.018,0.68118,2.8876,3.8782e-05,Heun
0,5.4521,0.35372,-1.0339,0.049706,0.012314,0.012103,0.00021167,0.88625,14.0939,0.086351,0.020749,467.018,18.6966,3.3562,9.2145e-05,Heun
0,92.6877,0.68801,-1.2517,0.051603,0.16167,0.1594,0.0022732,0.83462,23.2683,2.2121,0.32792,467.018,537.7719,3.8474,8.0007e-07,Heun
0,93.1545,0.87625,-1.374,0.043401,0.4801,0.44412,0.035978,0.60029,18.3783,7.8498,1.8751,467.018,2840.1749,4.5022,3.3208e-05,Heun
0,2.7648,0.27332,-0.65229,0.018377,0.00060123,0.00024646,0.00035477,0.86653,11.0196,0.0013588,0.00041727,467.018,0.11116,2.7076,3.2847e-05,Heun
0,4.2496,0.31436,-0.98994,0.029078,0.012085,0.011796,0.00028986,0.87474,12.5287,0.074795,0.020171,467.018,9.5762,3.2761,3.0294e-05,Heun
0,3.9484,0.65971,-0.94618,0.04898,0.0042172,0.0040127,0.00020455,0.93749,26.5018,0.053397,0.0068251,467.018,10.7727,3.2386,3.9713e-05,Heun
0,30.5573,0.95361,-1.1364,0.074299,0.03001,0.029416,0.00059345,0.93829,37.316,0.56583,0.051794,467.018,174.4666,3.6037,4.9706e-06,Heun
0,59.9564,0.73727,-1.2427,0.081931,0.095385,0.093875,0.0015105,0.88342,26.9059,1.3961,0.18407,467.018,523.5907,3.8343,4.7818e-07,Heun
0,25.2343,0.76765,-1.0967,0.074093,0.018332,0.017994,0.00033829,0.93631,30.4008,0.27862,0.031206,467.018,85.5796,3.5102,2.7428e-05,Heun
3,24.4611,0.51708,-1.2968,0.01763,0.12343,0.072893,0.050539,3.6326,18.2851,0.76027,0.0,467.018,173.4204,3.7636,1.0306,Euler
0,3.0533,0.57568,-0.6164,0.012727,0.00083946,0.00022438,0.00061508,0.93152,23.2043,0.0026054,0.00037999,467.018,0.13733,2.6826,6.7305e-05,Heun
0,2.5887,0.89472,-0.59222,0.07359,0.00014013,2.8453e-05,0.00011168,0.95511,36.0897,0.00051351,4.8172e-05,467.018,0.1527,2.6639,6.3436e-05,Heun
0,4.7907,0.45285,-1.0047,0.079061,0.0053922,0.0052585,0.00013372,0.91178,18.1703,0.048033,0.0089615,467.018,16.0953,3.3187,4.7601e-05,Heun
0,81.7441,0.90197,-1.3685,0.013925,0.88907,0.87714,0.011924,0.17213,4.0366,15.9583,5.4494,467.018,2028.5962,4.3219,2.8309e-05,Heun
0,14.0096,0.22559,-1.0863,0.048795,0.024086,0.023871,0.00021469,0.82858,8.8816,0.10862,0.041439,467.018,24.7071,3.4241,1.5099e-05,Heun
0,2.5257,0.78232,-0.70936,0.034025,0.00051836,0.00027697,0.00024139,0.94875,31.5437,0.0043706,0.00046907,467.018,0.60491,2.8518,3.4098e-05,Heun
0,2.9675,0.40945,-0.97164,0.046694,0.0060245,0.0058328,0.00019177,0.90325,16.4185,0.048173,0.0099298,467.018,9.6076,3.258,6.3826e-05,Heun
0,160.0609,0.37279,-1.3179,0.078079,0.20817,0.20657,0.0016021,0.76222,11.9084,1.5533,0.50705,467.018,705.087,3.96,4.2061e-07,Heun
0,5.605,0.23162,-1.0139,0.024451,0.019308,0.018995,0.0003137,0.83491,9.1636,0.088743,0.03265,467.018,9.9884,3.3023,6.072e-05,Heun
0,3.1615,0.487,-0.66369,0.080392,0.00016019,6.5229e-05,9.4961e-05,0.92056,19.6435,0.00064076,0.00011043,467.018,0.21595,2.7532,3.4878e-05,Heun
0,74.3817,0.41184,-1.2996,0.024734,0.46577,0.46285,0.0029257,0.57606,8.8758,3.8449,1.266,467.018,549.9619,3.8988,1.9128e-06,Heun
0,30.2999,0.31003,-1.1902,0.025825,0.15516,0.15415,0.0010086,0.78144,10.5666,0.96402,0.2973,467.018,118.3454,3.6266,3.4685e-05,Heun
0,17.0708,0.44285,-1.0747,0.079626,0.012882,0.012695,0.00018774,0.90529,17.6351,0.1134,0.021867,467.018,38.6656,3.4382,3.1088e-05,Heun
0,34.4756,0.73074,-1.1681,0.019801,0.15536,0.1532,0.0021613,0.84192,24.8996,2.2581,0.29213,467.018,195.0188,3.6451,4.184e-06,Heun
0,3.7439,0.82743,-0.94897,0.022569,0.0094777,0.0090041,0.00047368,0.94561,33.0635,0.15028,0.015354,467.018,13.8122,3.2548,7.5384e-05,Heun
0,4.7231,0.94754,-0.80126,0.02558,0.0015387,0.0011985,0.00034015,0.95659,38.1667,0.022907,0.0020315,467.018,2.3635,3.0141,2.5899e-05,Heun
0,139.3239,0.7541,-1.3073,0.059045,0.24751,0.24214,0.0053715,0.77778,22.8921,3.6831,0.58507,467.018,1159.049,4.063,7.1485e-06,Heun
0,91.6557,0.88181,-1.3592,0.025643,0.66452,0.64658,0.017942,0.43132,11.9342,11.5006,2.6237,467.018,2122.0942,4.333,2.9007e-05,Heun
0,2.1054,0.49936,-0.54677,0.047406,0.000184,2.4636e-05,0.00015937,0.92236,20.1414,0.00024814,4.171e-05,467.018,0.049221,2.5602,6.379e-05,Heun
0,79.0545,0.72755,-1.2169,0.036796,0.15155,0.14943,0.002121,0.8444,24.9023,2.193,0.29402,467.018,363.7026,3.7586,3.668e-07,Heun
0,4.5632,0.54158,-0.98658,0.014515,0.023217,0.022507,0.00071031,0.91324,21.3409,0.24586,0.0387,467.018,14.9643,3.2967,3.5969e-05,Heun
0,3.356,0.22105,-0.67779,0.072559,0.00016811,8.6614e-05,8.1493e-05,0.84034,8.916,0.00038619,0.00014664,467.018,0.12869,2.7406,5.1195e-05,Heun
0,93.068,0.38137,-1.2534,0.044837,0.1861,0.18476,0.0013341,0.77933,12.5221,1.4213,0.38582,467.018,316.8517,3.779,1.5031e-05,Heun
0,2.4079,0.94045,-0.51508,0.071476,0.00012623,1.0876e-05,0.00011535,0.9572,37.9345,0.00020631,1.8412e-05,467.018,0.059455,2.5382,6.2498e-05,Heun
0,6.9693,0.49397,-0.61707,0.060568,0.00019426,4.7568e-05,0.0001467,0.92158,19.9237,0.00047395,8.0534e-05,467.018,0.12021,2.6764,6.4187e-05,Heun
0,105.7951,0.39463,-1.3542,0.011631,0.91715,0.91427,0.0028808,0.12076,1.319,7.2776,5.3727,467.018,785.8224,4.0175,7.0575e-08,Euler
0,2.3529,0.43787,-0.56265,0.055308,0.00015859,2.5901e-05,0.00013269,0.91244,17.6618,0.00022876,4.3842e-05,467.018,0.053505,2.5804,7.0089e-05,Heun
0,35.0969,0.85653,-1.1316,0.074802,0.028019,0.027509,0.00051027,0.93508,33.5857,0.47526,0.048362,467.018,148.1185,3.5853,6.7621e-06,Heun
0,4.7289,0.21743,-0.52291,0.033115,0.00020258,2.596e-05,0.00017662,0.8381,8.7699,0.00011386,4.3948e-05,467.018,0.01736,2.4828,6.5134e-05,Heun
0,4.0342,0.76475,-0.82546,0.054854,0.00091949,0.00076286,0.00015664,0.94739,30.8229,0.011768,0.0012928,467.018,2.6301,3.0438,4.8244e-05,Heun
0,4.6536,0.95811,-0.83722,0.061844,0.00093218,0.00078692,0.00014526,0.95743,38.6158,0.015208,0.0013337,467.018,3.7922,3.0746,2.486e-05,Heun
0,8.6743,0.23448,-1.0469,0.034646,0.020645,0.020392,0.00025293,0.83567,9.264,0.096448,0.035178,467.018,15.4019,3.3586,3.1573e-05,Heun
0,3.197,0.80399,-0.69936,0.018112,0.00091182,0.00045756,0.00045426,0.94981,32.405,0.0074204,0.00077502,467.018,0.54593,2.8366,4.4417e-05,Heun
0,4.6903,0.91644,-0.82258,0.028618,0.0017164,0.0014091,0.00030729,0.9551,36.9076,0.026048,0.0023878,467.018,3.0101,3.048,2.5648e-05,Heun
0,10.9423,0.58165,-1.0077,0.070219,0.0063175,0.0061482,0.00016924,0.92867,23.3165,0.072134,0.010495,467.018,21.0933,3.3367,2.2253e-05,Heun
0,55.0178,0.76998,-1.1922,0.033033,0.12734,0.12545,0.0018913,0.86374,27.1067,1.9483,0.23862,467.018,281.9917,3.7051,1.1168e-06,Heun
0,2.3308,0.28217,-0.70683,0.06159,0.00025528,0.00014819,0.00010709,0.87037,11.3803,0.00084345,0.00025088,467.018,0.23031,2.7996,4.3936e-05,Heun
0,3.6195,0.41076,-0.87585,0.032674,0.0026841,0.0024431,0.00024099,0.90562,16.5263,0.020242,0.0041457,467.018,2.8179,3.0978,2.5184e-05,Heun
0,2.9545,0.78292,-0.66392,0.076462,0.0001756,6.8778e-05,0.00010683,0.94901,31.5789,0.0010862,0.00011646,467.018,0.33777,2.7764,6.4379e-05,Heun
0,2.7091,0.36789,-0.6959,0.037941,0.00039866,0.00020918,0.00018948,0.89736,14.8355,0.0015523,0.00035391,467.018,0.25306,2.7935,6.016e-05,Heun
0,3.6198,0.77698,-0.78948,0.031758,0.0010949,0.0008301,0.00026481,0.94805,31.3106,0.01301,0.0014066,467.018,1.6817,2.9847,4.8069e-05,Heun
0,3.6484,0.54803,-0.89937,0.040175,0.0029077,0.0026918,0.0002159,0.92702,22.0444,0.029756,0.0045614,467.018,4.9676,3.1509,7.9022e-05,Heun
0,77.4373,0.59316,-1.3333,0.014073,0.80038,0.79531,0.0050688,0.27169,4.7767,9.5156,3.3948,467.018,967.0248,4.0424,1.3982e-06,Euler
0,3.8956,0.79941,-0.91015,0.075711,0.0017657,0.0016377,0.00012804,0.94898,32.1928,0.026407,0.0027797,467.018,8.1384,3.1876,5.0112e-05,Heun
0,3.5426,0.8586,-0.86352,0.057147,0.0013522,0.0011932,0.00015903,0.95253,34.5907,0.020664,0.0020232,467.018,4.7863,3.1131,2.3277e-05,Heun
0,3.3387,0.66237,-0.81384,0.054665,0.000812,0.00065945,0.00015255,0.9399,26.6996,0.0088107,0.0011173,467.018,1.9778,3.0175,2.5951e-05,Heun
0,136.8851,0.7423,-1.2831,0.026884,0.38347,0.37816,0.0053076,0.67365,18.4624,5.6621,0.94218,467.018,791.3377,3.9479,1.0229e-05,Heun
0,22.9858,0.97038,-1.0409,0.031928,0.021089,0.020513,0.00057613,0.94482,38.3211,0.40151,0.035364,467.018,52.2042,3.4225,1.7222e-05,Heun
0,3.7447,0.468,-0.91524,0.054292,0.0025952,0.0024382,0.00015701,0.91607,18.831,0.023017,0.0041382,467.018,5.2648,3.1698,9.125e-05,Heun
0,3.6832,0.84288,-0.96546,0.076179,0.0034548,0.0033036,0.0001512,0.95034,33.886,0.056167,0.0056215,467.018,17.4066,3.2838,2.9911e-05,Heun
0,2.6232,0.35783,-0.77208,0.011384,0.0024843,0.0018512,0.00063313,0.89348,14.3996,0.013361,0.0031382,467.018,0.65633,2.9188,3.1005e-05,Heun
0,28.2601,0.879,-1.0668,0.027002,0.034275,0.033501,0.00077464,0.93211,34.2451,0.59397,0.058295,467.018,65.9238,3.463,9.945e-05,Heun
0,2.6854,0.3569,-0.53562,0.023564,0.00034307,4.2948e-05,0.00030012,0.89457,14.3929,0.00030918,7.271e-05,467.018,0.031424,2.526,6.6506e-05,Heun
0,2.9035,0.94282,-0.65509,0.0646,0.00020136,7.2672e-05,0.00012868,0.95726,38.0273,0.001382,0.00012305,467.018,0.35996,2.7708,6.3384e-05,Heun
0,7.6965,0.89889,-0.75881,0.011974,0.0021896,0.0014841,0.0007055,0.95398,36.1835,0.026909,0.0025157,467.018,1.3025,2.9408,3.1424e-05,Heun
0,44.6756,0.74645,-1.1876,0.05623,0.072753,0.071666,0.0010871,0.89916,27.9224,1.0791,0.13212,467.018,262.9978,3.6932,1.166e-06,Heun
0,3.6037,0.40529,-0.91708,0.041504,0.0034603,0.0032631,0.00019715,0.904,16.2934,0.026676,0.0055428,467.018,4.7266,3.166,7.1451e-05,Heun
0,34.2357,0.21484,-1.1834,0.065605,0.05919,0.05888,0.00031064,0.80067,8.154,0.25516,0.10734,467.018,81.7505,3.5938,4.2534e-05,Heun
0,3.4663,0.55505,-0.71178,0.064464,0.00027271,0.00015083,0.00012188,0.92953,22.3858,0.0016887,0.0002554,467.018,0.452,2.8392,3.356e-05,Heun
0,2.8486,0.53613,-0.71495,0.060482,0.00029665,0.00016744,0.00012921,0.92722,21.6222,0.0018107,0.00028353,467.018,0.45586,2.8429,4.2876e-05,Heun
0,4.0822,0.90653,-0.90371,0.046251,0.0026801,0.0024674,0.00021267,0.95402,36.4728,0.045118,0.0041891,467.018,8.4437,3.1832,3.0685e-05,Heun
0,4.6338,0.31145,-1.0403,0.051012,0.012981,0.012782,0.00019852,0.87321,12.4013,0.080302,0.021943,467.018,18.1217,3.3608,8.575e-05,Heun
0,54.4836,0.62084,-1.3955,0.027246,0.73783,0.72752,0.010315,0.34777,6.5662,9.1106,3.8999,467.018,2309.685,4.4101,1.5267e-05,Euler
3,23.681,0.93588,-1.212,0.011064,0.021754,-0.023341,0.045095,4.3627,36.9337,-0.44063,0.0,467.018,98.0464,3.6348,0.1457,Euler
0,3.8152,0.97527,-0.89855,0.072833,0.0016031,0.0014673,0.00013585,0.95771,39.2811,0.028864,0.0024895,467.018,8.4776,3.1782,3.0688e-05,Heun
0,2.5545,0.78741,-0.50971,0.020391,0.00043358,3.5573e-05,0.00039801,0.94912,31.7519,0.000565,6.0236e-05,467.018,0.046843,2.5206,6.0575e-05,Heun
0,2.5097,0.55736,-0.6845,0.080913,0.00018143,8.4663e-05,9.6768e-05,0.92986,22.481,0.00095183,0.00014335,467.018,0.31966,2.7942,2.5514e-05,Heun
0,26.7573,0.553,-1.1722,0.077946,0.044039,0.043523,0.00051513,0.90113,21.3267,0.48549,0.078168,467.018,164.3775,3.6344,5.4086e-05,Heun
0,62.2063,0.92238,-1.203,0.03199,0.14818,0.14554,0.0026374,0.85703,31.6966,2.7079,0.28282,467.018,381.4491,3.7506,2.2469e-06,Heun
0,3.1469,0.43711,-0.91108,0.0254,0.0052571,0.0049325,0.00032466,0.90909,17.541,0.043489,0.0083847,467.018,4.6845,3.1595,4.1842e-05,Heun
0,147.8856,0.22783,-1.3099,0.077427,0.19793,0.19706,0.00086383,0.71992,7.3718,0.90561,0.46169,467.018,417.2782,3.8692,1.3184e-06,Heun
0,191.8582,0.44393,-1.2828,0.065289,0.18057,0.17898,0.0015996,0.79481,14.6749,1.6026,0.38659,467.018,531.2283,3.8766,2.9822e-07,Heun
0,34.7166,0.96058,-1.1622,0.072618,0.04193,0.041118,0.00081204,0.93073,37.1269,0.79669,0.07378,467.018,243.6324,3.66,1.1279e-06,Heun
0,6.8854,0.83924,-0.96247,0.011828,0.021248,0.020306,0.00094129,0.9386,33.1372,0.34375,0.034845,467.018,16.587,3.2782,5.9835e-05,Heun
0,4.2012,0.94205,-0.89973,0.03933,0.0030066,0.0027566,0.00024994,0.95541,37.8898,0.052382,0.0046805,467.018,8.3222,3.1784,2.3644e-05,Heun
0,4.0829,0.56145,-0.55212,0.073565,0.00012271,1.7007e-05,0.0001057,0.93037,22.6471,0.00019261,2.8791e-05,467.018,0.058771,2.5747,6.3575e-05,Heun
0,3.4243,0.74576,-0.66732,0.042161,0.00032321,0.00013028,0.00019293,0.94652,30.0757,0.0019598,0.0002206,467.018,0.3369,2.7797,7.3116e-05,Heun
0,7.0586,0.93612,-1.0004,0.027888,0.014535,0.014034,0.00050111,0.94766,37.2159,0.26499,0.024041,467.018,30.0135,3.3492,2.5149e-05,Heun
0,3.4676,0.26146,-0.76586,0.0234,0.0011083,0.00083213,0.00027616,0.86102,10.5362,0.0043886,0.0014093,467.018,0.46003,2.8942,9.5136e-05,Heun
0,71.0006,0.97724,-1.2548,0.076916,0.11577,0.11292,0.0028574,0.88165,34.8594,2.2258,0.22884,467.018,793.3456,3.92,1.4057e-06,Heun
0,2.5181,0.99455,-0.52206,0.073429,0.00012391,1.1579e-05,0.00011233,0.95943,40.1168,0.00023228,1.9604e-05,467.018,0.068613,2.5526,3.5859e-05,Heun
0,2.7913,0.30847,-0.61511,0.056123,0.00017118,5.0074e-05,0.00012111,0.88014,12.4423,0.00031157,8.4754e-05,467.018,0.076654,2.6513,6.5406e-05,Heun
0,2.4206,0.46126,-0.63478,0.067605,0.00016509,5.3499e-05,0.00011159,0.9165,18.6048,0.00049775,9.0582e-05,467.018,0.14171,2.7026,6.4534e-05,Heun
3,47.9951,0.78859,-1.3979,0.063961,0.47167,0.41484,0.056834,0.59706,16.8078,6.5987,1.713,467.018,3551.0055,4.6757,0.0027675,Euler
0,2.5717,0.30276,-0.83422,0.081241,0.00066235,0.00057655,8.58e-05,0.87785,12.2059,0.003521,0.00097677,467.018,1.2578,3.0144,4.6291e-05,Heun
0,9.3731,0.41496,-1.0362,0.06594,0.009578,0.0094021,0.00017592,0.90212,16.5798,0.078696,0.016103,467.018,22.2459,3.3681,1.8617e-05,Heun
0,17.6723,0.59529,-1.0528,0.039479,0.019716,0.019331,0.00038525,0.9215,23.5416,0.23212,0.033327,467.018,38.3166,3.4158,9.2655e-05,Heun
0,5.3158,0.5458,-0.61796,0.019598,0.00054509,0.00014869,0.0003964,0.92825,22.0065,0.001637,0.00025178,467.018,0.13335,2.6827,6.542e-05,Heun
0,76.32,0.62284,-1.2644,0.078402,0.125,0.12333,0.0016764,0.85455,21.9854,1.5494,0.25403,467.018,584.1105,3.8733,5.0527e-07,Heun
0,30.1915,0.90097,-1.0963,0.040295,0.033349,0.032663,0.00068624,0.93377,35.1347,0.5936,0.057063,467.018,98.6267,3.5196,5.6247e-05,Heun
0,4.6587,0.917,-0.98808,0.069006,0.0050588,0.0048688,0.00019002,0.95296,36.8065,0.090057,0.008299,467.018,25.2142,3.327,4.5255e-05,Heun
0,2.6141,0.55113,-0.50182,0.05353,0.00015708,1.2247e-05,0.00014484,0.92914,22.2302,0.00013615,2.0736e-05,467.018,0.030274,2.4903,6.3503e-05,Heun
0,3.2837,0.89705,-0.50669,0.075896,0.00011726,9.1962e-06,0.00010807,0.95523,36.1844,0.0001664,1.5569e-05,467.018,0.051025,2.522,8.7056e-05,Heun
0,4.0561,0.65391,-0.8301,0.050882,0.001038,0.00087281,0.00016515,0.93903,26.3523,0.011512,0.0014792,467.018,2.4078,3.0439,2.8203e-05,Heun
0,133.9475,0.38196,-1.3807,0.071882,0.36306,0.35931,0.0037557,0.65313,9.8145,2.7683,1.235,467.018,1520.648,4.2207,6.6481e-06,Heun
0,2.6262,0.34411,-0.81103,0.063146,0.000665,0.0005508,0.0001142,0.89089,13.8729,0.0038232,0.00093304,467.018,1.0459,2.9817,4.9025e-05,Heun
0,3.0157,0.36713,-0.72357,0.073445,0.00025202,0.00015406,9.7959e-05,0.89726,14.807,0.0011409,0.00026084,467.018,0.36039,2.8394,4.1866e-05,Heun
0,27.1338,0.31043,-1.1485,0.054942,0.046295,0.045929,0.0003657,0.85202,11.9435,0.28759,0.081873,467.018,71.8807,3.5504,4.5225e-05,Heun
0,9.3861,0.45998,-1.0436,0.022663,0.027327,0.026779,0.0005478,0.89738,18.0493,0.24846,0.051549,467.018,26.7857,3.3859,6.1905e-05,Heun
0,105.8765,0.35606,-1.3755,0.064131,0.37629,0.37327,0.0030234,0.63837,8.959,2.6808,1.2935,467.018,1327.1164,4.1708,1.0884e-05,Heun
0,2.8373,0.4033,-0.72038,0.01073,0.021467,0.00099352,0.020473,0.90286,15.9205,0.0080822,0.0017138,467.018,0.36964,2.8375,4.3735e-05,Heun
0,3.6465,0.38365,-0.86791,0.011179,0.0071134,0.0064352,0.00067822,0.89694,15.3672,0.0498,0.010942,467.018,2.389,3.0813,3.0189e-05,Heun
0,2.8721,0.80104,-0.70402,0.072911,0.0002336,0.00012073,0.00011287,0.95007,32.3078,0.0019507,0.00020439,467.018,0.57768,2.8441,1.3287e-05,Heun
0,2.7576,0.4571,-0.64354,0.028398,0.00040751,0.00014255,0.00026496,0.91565,18.4325,0.0013143,0.00024131,467.018,0.15726,2.7167,7.906e-05,Heun
0,15.8379,0.88081,-1.0841,0.081891,0.014198,0.013896,0.00030167,0.94532,35.029,0.24689,0.024012,467.018,83.0606,3.4955,1.5864e-05,Heun
0,1.9732,0.29803,-0.7045,0.038509,0.00040347,0.00023,0.00017347,0.87632,12.0184,0.0013827,0.00038941,467.018,0.23444,2.7982,1.7684e-05,Heun
0,3.6134,0.59617,-0.92555,0.050943,0.0031461,0.0029638,0.00018227,0.93223,23.975,0.035641,0.0050349,467.018,7.5197,3.1989,4.0588e-05,Heun
0,24.8716,0.53708,-1.0836,0.071653,0.016023,0.015774,0.00024852,0.9173,21.3198,0.17089,0.027245,467.018,51.722,3.4645,1.882e-05,Heun
0,170.1425,0.75889,-1.2573,0.03037,0.27335,0.26938,0.0039668,0.75894,22.2466,4.1236,0.5988,467.018,607.6795,3.8728,6.0388e-06,Heun
0,2.4687,0.44677,-0.80285,0.059126,0.00065972,0.00052952,0.0001302,0.91372,18.0117,0.0047719,0.00089701,467.018,1.1918,2.9803,4.8718e-05,Heun
0,27.8131,0.8455,-1.1506,0.067144,0.039381,0.038694,0.00068639,0.92705,32.7658,0.65991,0.068792,467.018,186.1014,3.6235,6.8334e-06,Heun
0,22.6716,0.52248,-1.1204,0.012972,0.13222,0.13061,0.0016073,0.83894,18.2909,1.3765,0.2416,467.018,77.8938,3.5275,5.7777e-05,Heun
0,2.999,0.96638,-0.80568,0.076617,0.00053797,0.00042374,0.00011423,0.95803,38.9644,0.0082598,0.00071786,467.018,2.55,3.0225,2.7356e-05,Heun
0,2.9367,0.80739,-0.77545,0.06834,0.00044536,0.00032228,0.00012308,0.9503,32.557,0.0052486,0.00054583,467.018,1.4568,2.9633,6.8914e-05,Heun
0,2.8484,0.26516,-0.62059,0.010213,0.000925,0.00029513,0.00062987,0.86279,10.687,0.0015785,0.00049975,467.018,0.072064,2.6536,6.5457e-05,Heun
0,2.5389,0.63848,-0.72765,0.076785,0.0002597,0.00015528,0.00010442,0.93816,25.7506,0.0019998,0.00026292,467.018,0.63167,2.8724,4.5872e-05,Heun
0,2.7421,0.24422,-0.62935,0.015874,0.00060398,0.0002125,0.00039149,0.85299,9.8462,0.0010468,0.00035978,467.018,0.075149,2.6646,7.2e-05,Heun
0,3.3769,0.40837,-0.97822,0.039114,0.0077943,0.0075616,0.00023279,0.90191,16.3461,0.062286,0.012899,467.018,10.4239,3.2689,2.3173e-05,Heun
0,79.3937,0.39103,-1.3826,0.036302,0.59815,0.59431,0.003842,0.46224,6.3392,4.6876,2.4806,467.018,1421.7464,4.1999,2.9692e-05,Euler
0,4.0769,0.79676,-0.87166,0.055653,0.0015228,0.0013599,0.00016291,0.94898,32.0938,0.021856,0.0023064,467.018,4.9485,3.123,1.7004e-05,Heun
0,2.079,0.87309,-0.51986,0.022108,0.00040577,3.7385e-05,0.00036839,0.95388,35.2076,0.00065838,6.33e-05,467.018,0.058882,2.5425,7.4015e-05,Heun
1,1.3199,0.9273,-1.117,0.015741,,,,,,,,,,,0.0,Heun
0,26.9226,0.21429,-1.1512,0.028699,0.089285,0.088771,0.00051404,0.78171,7.8732,0.38371,0.16226,467.018,53.4657,3.5343,3.8132e-05,Heun
0,2.1515,0.63769,-0.68848,0.030234,0.00050244,0.00023842,0.00026401,0.93793,25.7124,0.0030668,0.00040372,467.018,0.38145,2.8072,6.6416e-05,Heun
0,118.9302,0.6995,-1.3457,0.046858,0.42042,0.4106,0.0098258,0.64132,16.355,5.7933,1.2084,467.018,1646.0898,4.2141,2.4041e-05,Heun
0,11.0159,0.34897,-1.0721,0.026489,0.036963,0.036495,0.0004681,0.86946,13.5579,0.25689,0.063636,467.018,29.9636,3.4208,2.9482e-05,Heun
0,4.211,0.73824,-0.95839,0.070091,0.0034339,0.0032804,0.00015359,0.944,29.6795,0.048847,0.0055798,467.018,14.0168,3.265,2.0456e-05,Heun
0,2.9351,0.22443,-0.55336,0.011905,0.00060546,0.00010675,0.00049871,0.8421,9.0485,0.00048326,0.00018076,467.018,0.026358,2.5347,6.517e-05,Heun
0,20.716,0.78141,-1.0942,0.082817,0.015902,0.015603,0.0002999,0.93875,31.0222,0.24592,0.027018,467.018,84.2896,3.5066,2.7514e-05,Heun
0,64.7734,0.6568,-1.2101,0.052283,0.10083,0.099519,0.0013087,0.87379,23.8251,1.3185,0.18962,467.018,308.1397,3.7325,2.0535e-06,Heun
0,4.8546,0.4336,-0.99373,0.01856,0.019846,0.019322,0.00052457,0.8992,17.1449,0.16899,0.033175,467.018,13.383,3.2978,5.9606e-05,Heun
0,5.5445,0.51537,-1.0051,0.023014,0.018512,0.018038,0.00047434,0.9129,20.4061,0.18751,0.030977,467.018,18.1656,3.3258,7.3303e-05,Heun
0,3.5066,0.56542,-0.57207,0.044541,0.00021103,3.6283e-05,0.00017474,0.93077,22.8051,0.00041381,6.1441e-05,467.018,0.076436,2.6082,8.3673e-05,Heun
1,1.1696,0.35149,-1.2959,0.056955,,,,,,,,,,,0.0,Heun
0,3.1991,0.5232,-0.60895,0.033662,0.00030594,7.7117e-05,0.00022882,0.92555,21.1004,0.00081385,0.00013056,467.018,0.11422,2.6657,6.6678e-05,Heun
0,58.7451,0.37553,-1.2283,0.041211,0.154,0.15288,0.0011201,0.79967,12.8165,1.158,0.30396,467.018,228.861,3.7201,3.3917e-06,Heun
0,2.3534,0.28875,-0.66815,0.079793,0.00015305,6.9598e-05,8.3452e-05,0.87301,11.647,0.00040536,0.00011781,467.018,0.14297,2.7364,3.8353e-05,Heun
0,3.2941,0.30407,-0.84446,0.048323,0.0012505,0.0011052,0.00014531,0.87795,12.2515,0.0067786,0.0018731,467.018,1.4398,3.0317,2.3179e-05,Heun
3,77.9627,0.7726,-1.2783,0.015465,0.54677,0.54059,0.0061828,0.5355,14.1263,8.4246,1.5246,467.018,716.0969,3.9233,0.00055993,Euler
0,2.4378,0.52689,-0.70522,0.060032,0.00027831,0.00014891,0.0001294,0.92605,21.2496,0.0015826,0.00025212,467.018,0.3959,2.8259,5.4305e-05,Heun
0,113.0185,0.57259,-1.2417,0.04177,0.17611,0.17419,0.0019284,0.81456,19.0311,2.0118,0.35638,467.018,396.4566,3.7943,2.6405e-07,Heun
0,14.054,0.3093,-1.0474,0.079696,0.0091094,0.0089779,0.00013146,0.87489,12.3641,0.056012,0.015393,467.018,19.7624,3.3727,8.2693e-05,Heun
0,2.5724,0.60438,-0.54295,0.048139,0.00018644,2.3099e-05,0.00016334,0.93495,24.377,0.00028159,3.911e-05,467.018,0.055957,2.563,6.34e-05,Heun
0,47.8064,0.25957,-1.2201,0.080517,0.075046,0.074625,0.00042042,0.81433,9.6858,0.39073,0.14001,467.018,152.8491,3.6764,2.2383e-05,Heun
0,26.0177,0.91767,-1.0956,0.062412,0.021471,0.02102,0.0004508,0.94231,36.2256,0.38909,0.036519,467.018,99.8819,3.5198,4.1864e-05,Heun
0,66.6286,0.99056,-1.3775,0.020624,0.76933,0.73891,0.030417,0.31873,9.2178,14.7637,4.0864,467.018,2806.0255,4.4985,1.0117e-05,Euler
0,10.5935,0.67835,-1.0385,0.049758,0.013113,0.012812,0.00030083,0.93331,27.0069,0.17531,0.021984,467.018,36.0829,3.3979,3.5073e-05,Heun
0,1.7712,0.50284,-0.53991,0.025729,0.00033808,4.1561e-05,0.00029652,0.92276,20.2784,0.00042153,7.0369e-05,467.018,0.045355,2.5492,8.3141e-05,Heun
0,2.4115,0.32752,-0.63762,0.044777,0.00023879,8.3791e-05,0.000155,0.88627,13.2097,0.00055355,0.00014184,467.018,0.10791,2.6914,6.5429e-05,Heun
0,2.1172,0.97648,-0.61317,0.052867,0.00020796,5.1241e-05,0.00015672,0.95866,39.3848,0.0010093,8.7762e-05,467.018,0.21729,2.703,6.2706e-05,Heun
3,48.7567,0.23026,-1.3126,0.019947,0.66784,0.57602,0.091813,0.93373,3.0855,2.6754,0.0,467.018,139.3073,3.7615,3.3182,Euler
0,8.6086,0.49245,-1.0073,0.034303,0.012794,0.012474,0.0003203,0.91334,19.6122,0.12391,0.021355,467.018,17.9314,3.3272,6.8982e-05,Heun
0,3.4053,0.24968,-0.50425,0.013028,0.00053217,5.1941e-05,0.00048023,0.85578,10.067,0.00026158,8.7905e-05,467.018,0.015357,2.4579,6.4893e-05,Heun
0,59.428,0.81993,-1.1765,0.036494,0.096662,0.095106,0.0015565,0.8875,29.8802,1.5729,0.17642,467.018,247.0979,3.6757,9.0989e-07,Heun
0,3.6886,0.83651,-0.77749,0.039896,0.00077823,0.00056655,0.00021168,0.95173,33.7199,0.0095595,0.00095983,467.018,1.5466,2.9684,4.8259e-05,Heun
0,3.5002,0.61185,-0.9346,0.021642,0.0082439,0.0078139,0.00043005,0.93054,24.4797,0.096436,0.013313,467.018,8.6404,3.2153,4.9897e-05,Heun
0,64.2274,0.73243,-1.2199,0.045207,0.12936,0.12749,0.0018623,0.86002,25.7255,1.8836,0.24878,467.018,383.4882,3.7682,2.8393e-07,Heun
0,2.2696,0.27385,-0.62838,0.047727,0.00020655,6.9822e-05,0.00013673,0.86699,11.0451,0.00038568,0.00011819,467.018,0.08192,2.668,6.5622e-05,Heun
0,2.3097,0.57638,-0.74052,0.067047,0.0003279,0.00020977,0.00011814,0.93192,23.2445,0.0024388,0.00035523,467.018,0.6772,2.8888,3.2167e-05,Heun
0,43.6064,0.82262,-1.1959,0.060914,0.074283,0.073057,0.0012252,0.90273,30.7207,1.2122,0.13572,467.018,320.7173,3.7229,6.6096e-07,Heun
0,2.4713,0.51034,-0.59903,0.03643,0.00027354,6.2728e-05,0.00021081,0.92384,20.5824,0.00064573,0.00010621,467.018,0.098266,2.648,6.8429e-05,Heun
0,129.0172,0.38247,-1.2705,0.037969,0.2532,0.25147,0.001732,0.73296,11.5227,1.9401,0.56727,467.018,385.9923,3.8196,1.8079e-05,Heun
0,3.0631,0.87968,-0.76947,0.058649,0.00049216,0.00034776,0.0001444,0.95415,35.4703,0.0061706,0.00058902,467.018,1.464,2.9575,4.5986e-05,Heun
0,24.593,0.9676,-1.143,0.054104,0.044458,0.043582,0.00087682,0.92934,37.2995,0.8506,0.077443,467.018,191.7021,3.6185,7.8528e-07,Heun
0,2.4219,0.7622,-0.54546,0.062245,0.00014832,1.8449e-05,0.00012987,0.94772,30.744,0.00028363,3.1235e-05,467.018,0.071896,2.5784,6.5889e-05,Heun
0,1.9277,0.59234,-0.739,0.052067,0.00041728,0.00026465,0.00015263,0.93357,23.8859,0.003162,0.00044856,467.018,0.68118,2.8876,3.8782e-05,Heun
3,86.1199,0.83388,-1.2772,0.013196,0.60215,0.59521,0.0069336,0.48655,13.3839,10.0116,1.7619,467.018,736.3284,3.9276,0.00050751,Euler
0,93.2365,0.87625,-1.374,0.043401,0.4801,0.44412,0.035978,0.60029,18.3783,7.8498,1.8751,467.018,2840.1749,4.5022,3.3208e-05,Heun
0,2.2484,0.85138,-0.54071,0.068889,0.00013426,1.5686e-05,0.00011857,0.95294,34.3414,0.00026937,2.6554e-05,467.018,0.07515,2.5759,6.2185e-05,Heun
0,3.9937,0.65971,-0.94618,0.04898,0.0042172,0.0040127,0.00020455,0.93749,26.5018,0.053397,0.0068251,467.018,10.7727,3.2386,3.9713e-05,Heun
0,2.5051,0.69407,-0.52143,0.044872,0.00019692,1.8794e-05,0.00017813,0.94286,27.9944,0.00026312,3.1821e-05,467.018,0.048327,2.5339,6.379e-05,Heun
0,25.3589,0.76765,-1.0967,0.074093,0.018332,0.017994,0.00033829,0.93631,30.4008,0.27862,0.031206,467.018,85.5796,3.5102,2.7428e-05,Heun
0,78.7983,0.99277,-1.3382,0.020279,0.67475,0.65931,0.015442,0.42399,13.0263,13.2027,2.5342,467.018,1799.8744,4.241,7.8013e-05,Heun
0,2.6672,0.89472,-0.59222,0.07359,0.00014013,2.8453e-05,0.00011168,0.95511,36.0897,0.00051351,4.8172e-05,467.018,0.1527,2.6639,6.3436e-05,Heun
0,16.4479,0.5034,-1.089,0.014802,0.080176,0.079057,0.0011184,0.87122,18.6797,0.80274,0.14136,467.018,51.141,3.4692,3.8709e-05,Heun
0,14.5958,0.22559,-1.0863,0.048795,0.024086,0.023871,0.00021469,0.82858,8.8816,0.10862,0.041439,467.018,24.7071,3.4241,1.5099e-05,Heun
0,3.2024,0.53516,-0.78751,0.017773,0.0018925,0.001446,0.0004465,0.92608,21.5485,0.015609,0.0024506,467.018,1.1552,2.9633,9.2803e-05,Heun
0,165.8793,0.37279,-1.3179,0.078079,0.20817,0.20657,0.0016021,0.76222,11.9084,1.5533,0.50705,467.018,705.087,3.96,4.2061e-07,Heun
0,78.0699,0.49908,-1.2659,0.020063,0.41271,0.40948,0.0032292,0.63061,11.8244,4.1222,1.0117,467.018,433.8499,3.8303,1.2413e-07,Heun
0,76.3147,0.41184,-1.2996,0.024734,0.46577,0.46285,0.0029257,0.57606,8.8758,3.8449,1.266,467.018,549.9619,3.8988,1.9128e-06,Heun
0,2.9684,0.85092,-0.53658,0.043949,0.00020916,2.3314e-05,0.00018585,0.95286,34.3204,0.00040016,3.9472e-05,467.018,0.071227,2.569,6.2703e-05,Heun
0,35.4303,0.73074,-1.1681,0.019801,0.15536,0.1532,0.0021613,0.84192,24.8996,2.2581,0.29213,467.018,195.0188,3.6451,4.184e-06,Heun
0,2.4047,0.75571,-0.51857,0.014954,0.00059423,5.4354e-05,0.00053988,0.94701,30.4686,0.00082853,9.2046e-05,467.018,0.050483,2.5333,5.4826e-05,Heun
0,144.365,0.7541,-1.3073,0.059045,0.24751,0.24214,0.0053715,0.77778,22.8921,3.6831,0.58507,467.018,1159.049,4.063,7.1485e-06,Heun
0,3.7102,0.64451,-0.86072,0.025997,0.0028593,0.0025286,0.0003307,0.93704,25.9264,0.032873,0.0042903,467.018,3.5179,3.0942,2.4878e-05,Heun
0,78.0513,0.8135,-1.3375,0.02874,0.54322,0.53234,0.010882,0.54442,14.9906,8.7352,1.7716,467.018,1598.1326,4.195,4.6504e-06,Heun
0,24.5369,0.46962,-1.0895,0.058907,0.020938,0.020648,0.00028959,0.90467,18.5486,0.19559,0.035784,467.018,49.2685,3.4675,8.0495e-05,Heun
0,38.4041,0.34973,-1.1786,0.07045,0.052289,0.051877,0.00041173,0.85992,13.371,0.36596,0.093982,467.018,117.36,3.6145,3.98e-05,Heun
0,27.4885,0.61571,-1.1297,0.071607,0.028521,0.028119,0.0004018,0.91784,24.1304,0.34923,0.04933,467.018,105.8646,3.558,5.0736e-05,Heun
0,3.0696,0.6328,-0.56631,0.02506,0.00037579,5.9891e-05,0.0003159,0.93757,25.5189,0.00076446,0.00010141,467.018,0.078852,2.604,6.3381e-05,Heun
0,2.3921,0.238,-0.82074,0.081575,0.00056001,0.00048297,7.7047e-05,0.84976,9.5959,0.0023186,0.00081813,467.018,0.85912,2.9813,4.9483e-05,Heun
0,16.3669,0.83223,-1.399,0.078316,0.37439,0.32271,0.051686,0.68671,21.0038,5.4172,1.4185,467.018,3911.9142,4.7518,3.8213e-05,Euler
0,100.5678,0.87045,-1.3627,0.041706,0.45922,0.43371,0.025511,0.6208,18.9898,7.6149,1.688,467.018,2454.8338,4.4086,3.1613e-05,Heun
0,3.9655,0.91091,-0.88282,0.066899,0.0014471,0.0013057,0.00014146,0.95502,36.6945,0.02399,0.0022147,467.018,6.4894,3.1484,3.1277e-05,Heun
0,2.4736,0.92287,-0.59362,0.047095,0.00022002,4.527e-05,0.00017475,0.95636,37.222,0.0008427,7.6637e-05,467.018,0.16013,2.6677,4.9701e-05,Heun
0,29.0007,0.23402,-1.1566,0.043593,0.063826,0.063434,0.00039134,0.80884,8.8382,0.29943,0.11442,467.018,62.1284,3.549,4.6374e-05,Heun
0,8.4356,0.99914,-1.0538,0.061192,0.012998,0.012658,0.00033972,0.95124,39.7831,0.25511,0.021768,467.018,63.5048,3.4476,2.2272e-05,Heun
0,2.5223,0.75946,-0.59131,0.018241,0.00055695,0.00011342,0.00044353,0.94728,30.6209,0.0017375,0.00019207,467.018,0.1291,2.6543,6.3112e-05,Heun
0,25.5484,0.45111,-1.0904,0.052798,0.02358,0.023264,0.00031637,0.89993,17.7694,0.21169,0.040371,467.018,47.9772,3.4668,9.0796e-05,Heun
0,2.3607,0.66503,-0.6397,0.031146,0.00038023,0.0001237,0.00025653,0.9404,26.8182,0.0016593,0.00020944,467.018,0.21207,2.7282,6.3863e-05,Heun
0,54.9353,0.67581,-1.2003,0.063199,0.075194,0.074175,0.0010192,0.89245,25.2135,1.0111,0.13829,467.018,281.4686,3.7129,2.085e-07,Heun
0,30.7309,0.81816,-1.1492,0.01516,0.16027,0.15776,0.0025106,0.84363,27.716,2.6036,0.29911,467.018,169.8218,3.6142,1.3552e-05,Heun
0,134.3269,0.86697,-1.2895,0.024839,0.42982,0.42247,0.0073481,0.64201,19.9422,7.3881,1.1066,467.018,973.3107,4.0002,5.1157e-06,Heun
0,47.342,0.56915,-1.3907,0.045912,0.51495,0.50255,0.012391,0.55685,11.1371,5.7694,2.1964,467.018,2299.116,4.403,1.7564e-06,Heun
0,3.9854,0.85784,-0.97274,0.07875,0.0036594,0.0035078,0.00015163,0.951,34.4801,0.060696,0.0059709,467.018,19.4341,3.2971,2.275e-05,Heun
0,2.6472,0.48049,-0.61373,0.038888,0.00026617,7.0969e-05,0.0001952,0.91951,19.3785,0.00068782,0.00012016,467.018,0.11226,2.6696,6.421e-05,Heun
0,17.4373,0.79116,-1.0458,0.073167,0.0098106,0.009577,0.00023369,0.94329,31.6036,0.15283,0.01643,467.018,45.9114,3.4195,2.3347e-05,Heun
0,2.5452,0.23211,-0.58259,0.011318,0.00069728,0.00016346,0.00053382,0.84646,9.3572,0.00076528,0.00027676,467.018,0.039473,2.5847,6.5256e-05,Heun
0,31.2024,0.88673,-1.1135,0.051645,0.032349,0.031722,0.00062687,0.93377,34.6149,0.56739,0.055513,467.018,121.1523,3.5517,4.7504e-05,Heun
0,2.6625,0.30661,-0.7617,0.013595,0.001861,0.0013579,0.00050315,0.87846,12.3462,0.0083981,0.0022997,467.018,0.50092,2.8945,4.5464e-05,Heun
0,3.8094,0.23607,-0.61524,0.029794,0.00029975,9.4456e-05,0.00020529,0.84888,9.5207,0.00044978,0.00015991,467.018,0.060914,2.6397,6.5651e-05,Heun
0,24.3596,0.77623,-1.1278,0.013294,0.14135,0.13911,0.002236,0.85444,26.8883,2.1781,0.25923,467.018,123.6228,3.5675,5.7826e-05,Heun
0,25.0494,0.90482,-1.1359,0.032416,0.066962,0.065722,0.0012397,0.91168,34.058,1.1995,0.11794,467.018,162.8145,3.5974,9.8002e-06,Heun
0,3.1722,0.40735,-0.66941,0.077571,0.00016747,7.2739e-05,9.4736e-05,0.9065,16.4307,0.00059767,0.00012317,467.018,0.19741,2.7543,4.1506e-05,Heun
0,133.1336,0.42202,-1.3481,0.040727,0.45235,0.44886,0.0034939,0.58964,9.3236,3.8209,1.4326,467.018,1051.6811,4.078,7.5456e-06,Heun
0,47.9562,0.85467,-1.1802,0.062297,0.060369,0.059334,0.0010353,0.91366,32.3975,1.0229,0.10844,467.018,273.0645,3.6897,1.2188e-06,Heun
0,152.7583,0.8523,-1.2444,0.029767,0.24491,0.24086,0.0040517,0.78476,25.9625,4.1408,0.51761,467.018,581.0827,3.8525,5.3708e-07,Heun
0,1.9778,0.53004,-0.72462,0.076342,0.00025169,0.0001502,0.00010149,0.92647,21.3775,0.0016059,0.00025436,467.018,0.51076,2.8584,3.6379e-05,Heun
0,63.4906,0.55166,-1.2887,0.022648,0.45334,0.44939,0.0039552,0.60289,12.1657,5.0005,1.2019,467.018,626.1529,3.9094,1.3534e-06,Heun
0,79.7524,0.99529,-1.2597,0.043209,0.2062,0.20136,0.0048392,0.81878,31.8725,4.0425,0.43425,467.018,832.6405,3.9351,1.4994e-06,Heun
0,3.2804,0.7708,-0.7367,0.019464,0.0011107,0.0006877,0.00042304,0.94765,31.0607,0.010692,0.0011651,467.018,0.84732,2.8965,5.1603e-05,Heun
0,2.3612,0.85291,-0.751,0.039982,0.00061207,0.00040236,0.00020971,0.95271,34.387,0.0069223,0.00068151,467.018,1.1211,2.9253,3.8393e-05,Heun
0,22.3265,0.55643,-1.0682,0.077125,0.012284,0.012072,0.00021173,0.92202,22.1717,0.13549,0.020775,467.018,43.9223,3.4393,2.3475e-05,Heun
0,3.4476,0.59089,-0.57677,0.07392,0.00012936,2.323e-05,0.00010613,0.93361,23.8345,0.00027688,3.9326e-05,467.018,0.084601,2.6181,6.3564e-05,Heun
0,2.4977,0.22915,-0.57907,0.047018,0.0001656,3.7613e-05,0.00012799,0.84511,9.2426,0.00017385,6.3675e-05,467.018,0.037325,2.5783,6.5255e-05,Heun
0,3.0671,0.71651,-0.88731,0.022293,0.0045479,0.0041444,0.00040347,0.94175,28.7739,0.059897,0.0070404,467.018,5.4665,3.1438,3.2078e-05,Heun
0,2.8211,0.53349,-0.75743,0.060398,0.00041952,0.00028937,0.00013015,0.92681,21.5131,0.003114,0.00049003,467.018,0.78315,2.9132,2.4817e-05,Heun
0,2.3952,0.30745,-0.83216,0.082231,0.00064002,0.00055475,8.527e-05,0.8795,12.3953,0.0034404,0.00093988,467.018,1.2417,3.0117,2.225e-05,Heun
0,128.2572,0.27965,-1.3493,0.05829,0.34928,0.3475,0.0017795,0.63664,7.3411,1.9602,1.0166,467.018,778.9499,4.0108,6.2156e-06,Heun
0,3.375,0.63419,-0.71871,0.068712,0.00027128,0.00015469,0.00011659,0.93776,25.5776,0.0019788,0.00026194,467.018,0.5596,2.8572,3.7028e-05,Heun
0,3.7443,0.70613,-0.89113,0.012788,0.0082692,0.0075731,0.00069611,0.93859,28.2512,0.10787,0.01289,467.018,5.6559,3.1494,2.5296e-05,Heun
0,33.1601,0.40196,-1.1677,0.05887,0.054691,0.054198,0.0004933,0.87072,15.329,0.43944,0.097768,467.018,115.5085,3.6024,4.0054e-05,Heun
0,2.3353,0.81561,-0.74,0.05477,0.00040684,0.00025506,0.00015178,0.9508,32.8899,0.0041961,0.00043197,467.018,0.93293,2.9048,3.06e-05,Heun
0,2.5003,0.72444,-0.65093,0.066449,0.00018867,6.6981e-05,0.00012169,0.94512,29.2197,0.00097878,0.0001134,467.018,0.26557,2.751,6.3895e-05,Heun
0,17.5363,0.44561,-1.0758,0.0245,0.041812,0.041219,0.00059333,0.8873,17.2252,0.37049,0.072116,467.018,39.0999,3.4399,3.1116e-05,Heun
0,2.5902,0.4954,-0.79336,0.039286,0.00090494,0.00070536,0.00019958,0.92133,19.967,0.0070484,0.0011951,467.018,1.1599,2.9694,4.8922e-05,Heun
0,5.7048,0.24722,-0.99814,0.010127,0.037867,0.037128,0.00073842,0.83171,9.5956,0.18515,0.064354,467.018,8.5708,3.2784,4.9873e-05,Heun
0,2.3896,0.51962,-0.58618,0.079277,0.00012131,2.4436e-05,9.6879e-05,0.92519,20.9598,0.00025612,4.1375e-05,467.018,0.084708,2.6275,7.2669e-05,Heun
0,2.4691,0.66729,-0.66233,0.059491,0.00022613,9.1381e-05,0.00013475,0.94069,26.9136,0.00123,0.00014665,467.018,0.28454,2.766,6.4886e-05,Heun
0,2.6803,0.95664,-0.6102,0.060995,0.00017906,4.3247e-05,0.00013581,0.95786,38.5855,0.00083451,7.3221e-05,467.018,0.20509,2.697,6.2975e-05,Heun
0,4.0982,0.797,-0.88041,0.03098,0.0030277,0.0027314,0.00029634,0.94803,32.0551,0.04391,0.0046363,467.018,5.5361,3.1376,3.1561e-05,Heun
0,174.8615,0.5838,-1.3026,0.052152,0.26595,0.26255,0.003394,0.75142,17.288,3.0918,0.62414,467.018,853.6946,3.9834,1.3906e-06,Heun
0,4.1903,0.43445,-0.94214,0.0087143,0.0222,0.021233,0.00096787,0.89786,17.1372,0.18606,0.036425,467.018,6.9064,3.211,3.7161e-05,Heun
0,19.0288,0.95106,-1.0979,0.015449,0.086326,0.084549,0.0017776,0.90068,35.0555,1.622,0.15196,467.018,104.1615,3.5251,2.0409e-05,Heun
0,73.4635,0.96955,-1.3506,0.0086551,0.95896,0.95049,0.008465,0.070898,1.6053,18.5885,6.8996,467.018,1556.6073,4.1988,1.3397e-07,Euler
0,2.436,0.61457,-0.69688,0.021278,0.0007511,0.00037728,0.00037382,0.9356,24.7744,0.0046769,0.00063905,467.018,0.41046,2.8194,3.7344e-05,Heun
0,2.7783,0.7401,-0.77109,0.033692,0.00086428,0.00061804,0.00024624,0.94578,29.8311,0.0092264,0.0010468,467.018,1.2681,2.9517,2.2363e-05,Heun
0,2.5712,0.4367,-0.57119,0.068186,0.00013269,2.3445e-05,0.00010925,0.91224,17.6149,0.00020652,3.9684e-05,467.018,0.059562,2.5945,8.0304e-05,Heun
0,7.7072,0.20113,-0.57442,0.057737,0.00012561,2.8856e-05,9.6755e-05,0.82729,8.1129,0.00011707,4.8852e-05,467.018,0.031531,2.565,6.5461e-05,Heun
0,2.0844,0.47586,-0.50275,0.04246,0.00019336,1.5627e-05,0.00017773,0.91883,19.1932,0.00014999,2.6455e-05,467.018,0.026748,2.4849,6.379e-05,Heun
0,2.2086,0.51159,-0.6913,0.050006,0.00030386,0.00014947,0.00015438,0.924,20.6324,0.0015425,0.00025311,467.018,0.32218,2.8014,5.6379e-05,Heun
0,1.9887,0.69811,-0.73279,0.032879,0.00063473,0.00038726,0.00024747,0.94289,28.1451,0.0054532,0.00065593,467.018,0.73386,2.8852,5.3989e-05,Heun
0,32.8806,0.40657,-1.1846,0.026046,0.14545,0.14424,0.0012033,0.81187,14.0161,1.1829,0.27457,467.018,140.7388,3.6343,5.4182e-05,Heun
0,2.8716,0.67204,-0.87907,0.0099734,0.0091837,0.008315,0.00086868,0.93533,26.8621,0.11272,0.014155,467.018,4.622,3.1268,2.4498e-05,Heun
3,33.1141,0.71062,-1.194,0.0095836,0.029274,0.029131,0.00014221,9.2279,27.8285,0.41756,0.0,467.018,27.7205,3.5383,0.53345,Euler
0,155.5601,0.31496,-1.326,0.05454,0.30972,0.30793,0.0017816,0.67634,8.7708,1.9563,0.80572,467.018,649.6071,3.9531,3.0009e-06,Heun
0,4.2234,0.89194,-0.9261,0.036988,0.0043871,0.0041077,0.00027944,0.95223,35.8246,0.073902,0.0069833,467.018,11.0776,3.22,2.9979e-05,Heun
0,93.9427,0.3928,-1.2568,0.066375,0.13441,0.13338,0.0010365,0.81658,13.7164,1.0568,0.2721,467.018,345.8263,3.7925,1.0144e-07,Heun
0,2.717,0.76891,-0.69865,0.076819,0.00021374,0.00010722,0.00010652,0.94811,31.0126,0.0016629,0.00018108,467.018,0.51868,2.8332,5.2862e-05,Heun
0,2.0388,0.60637,-0.52369,0.022139,0.00039442,3.9213e-05,0.0003552,0.93502,24.4525,0.00047961,6.6399e-05,467.018,0.043824,2.5312,6.7029e-05,Heun
0,48.5738,0.5041,-1.215,0.07418,0.076461,0.075682,0.00077906,0.87379,18.7814,0.76955,0.1424,467.018,258.8178,3.7189,5.8753e-06,Heun
0,3.1161,0.56354,-0.89759,0.022402,0.0050885,0.0047039,0.0003846,0.92745,22.6185,0.053469,0.0079946,467.018,4.9789,3.1492,4.1689e-05,Heun
0,23.3498,0.71525,-1.1588,0.073015,0.040037,0.03944,0.00059697,0.91861,27.6994,0.56901,0.070305,467.018,176.4512,3.6271,5.6695e-05,Heun
0,123.4857,0.90061,-1.236,0.021541,0.2974,0.29183,0.0055691,0.74828,25.5269,5.3014,0.64215,467.018,537.9189,3.8317,9.5447e-06,Heun
0,72.9623,0.4283,-1.3961,0.079358,0.37362,0.36661,0.0070104,0.65472,10.8227,3.1672,1.3626,467.018,2037.5819,4.3515,2.3278e-05,Heun
0,38.7334,0.83188,-1.3191,0.02332,0.54996,0.54115,0.0088132,0.53713,15.1032,9.0803,1.7077,467.018,1289.1519,4.1056,6.2848e-05,Euler
0,3.7238,0.92388,-0.89252,0.01899,0.0057068,0.0051992,0.00050751,0.95286,37.0583,0.096891,0.0088368,467.018,7.4398,3.1653,7.1727e-05,Heun
0,7.0288,0.84866,-1.0515,0.06926,0.011138,0.010871,0.00026738,0.94567,33.8551,0.18609,0.018673,467.018,52.7787,3.4337,5.3825e-05,Heun
0,3.0822,0.23334,-0.51534,0.051206,0.00013363,1.5235e-05,0.0001184,0.84748,9.4119,7.1705e-05,2.5787e-05,467.018,0.016717,2.4733,6.5013e-05,Heun
0,4.8826,0.98286,-0.92961,0.070143,0.0024207,0.0022678,0.00015293,0.95748,39.5543,0.04496,0.0038522,467.018,12.7247,3.231,2.5109e-05,Heun
0,3.2472,0.22105,-0.67779,0.072559,0.00016811,8.6614e-05,8.1493e-05,0.84034,8.916,0.00038619,0.00014664,467.018,0.12869,2.7406,5.1195e-05,Heun
0,3.2013,0.389,-0.84474,0.059567,0.0010272,0.0008997,0.0001275,0.90198,15.677,0.0070595,0.0015249,467.018,1.7997,3.0435,4.6445e-05,Heun
0,52.0582,0.42628,-1.224,0.029609,0.19852,0.19695,0.0015749,0.77927,13.7829,1.6934,0.40042,467.018,239.0462,3.72,7.5355e-06,Heun
0,111.4633,0.39463,-1.3542,0.011631,0.91715,0.91427,0.0028808,0.12076,1.319,7.2776,5.3727,467.018,785.8224,4.0175,7.0575e-08,Euler
0,130.928,0.86329,-1.2367,0.028021,0.23908,0.23515,0.0039354,0.78958,26.5002,4.0947,0.49795,467.018,533.8348,3.8312,1.9314e-06,Heun
0,66.2264,0.6439,-1.2111,0.051345,0.10407,0.10275,0.0013239,0.8705,23.2727,1.3345,0.19575,467.018,306.3105,3.7329,8.4582e-07,Heun
0,3.9206,0.76475,-0.82546,0.054854,0.00091949,0.00076286,0.00015664,0.94739,30.8229,0.011768,0.0012928,467.018,2.6301,3.0438,4.8244e-05,Heun
0,38.4274,0.20665,-1.2065,0.032547,0.15019,0.14952,0.00067673,0.73854,7.0845,0.62323,0.29088,467.018,103.5248,3.6332,4.4709e-05,Heun
0,2.3332,0.72168,-0.59825,0.028939,0.00035658,7.8171e-05,0.0002784,0.94482,29.1035,0.0011379,0.00013236,467.018,0.1345,2.6634,9.5983e-05,Heun
0,4.6345,0.91644,-0.82258,0.028618,0.0017164,0.0014091,0.00030729,0.9551,36.9076,0.026048,0.0023878,467.018,3.0101,3.048,2.5648e-05,Heun
0,10.1287,0.51303,-1.0322,0.010754,0.054684,0.05357,0.0011134,0.88923,19.5648,0.55436,0.09389,467.018,25.3236,3.3714,4.2473e-05,Heun
0,3.1595,0.20574,-0.59725,0.055992,0.00014136,3.9899e-05,0.00010146,0.8305,8.2989,0.00016558,6.7533e-05,467.018,0.043073,2.6039,6.5657e-05,Heun
0,3.5494,0.41076,-0.87585,0.032674,0.0026841,0.0024431,0.00024099,0.90562,16.5263,0.020242,0.0041457,467.018,2.8179,3.0978,2.5184e-05,Heun
0,24.988,0.92061,-1.1329,0.027351,0.076099,0.074671,0.0014278,0.90627,34.3128,1.3866,0.13452,467.018,158.8,3.5923,9.1283e-06,Heun
0,2.4139,0.32808,-0.64085,0.025306,0.00042874,0.00015454,0.0002742,0.88633,13.2295,0.0010227,0.00026163,467.018,0.11265,2.6969,6.5656e-05,Heun
0,3.4907,0.54803,-0.89937,0.040175,0.0029077,0.0026918,0.0002159,0.92702,22.0444,0.029756,0.0045614,467.018,4.9676,3.1509,7.9022e-05,Heun
3,84.8657,0.27022,-1.3812,0.011506,0.95903,0.95721,0.0018197,0.059324,0.44663,5.2174,7.6843,467.018,766.3579,4.0395,0.0049189,Euler
0,3.514,0.44446,-0.84131,0.049535,0.0011936,0.0010354,0.00015813,0.91297,17.909,0.009283,0.0017548,467.018,1.9438,3.044,2.5595e-05,Heun
0,3.3746,0.66237,-0.81384,0.054665,0.000812,0.00065945,0.00015255,0.9399,26.6996,0.0088107,0.0011173,467.018,1.9778,3.0175,2.5951e-05,Heun
0,6.3292,0.65903,-0.99736,0.031881,0.012201,0.011829,0.00037163,0.9323,26.262,0.15725,0.020235,467.018,20.7156,3.3253,1.6935e-05,Heun
0,24.001,0.32635,-1.1451,0.057488,0.042498,0.042144,0.00035344,0.85947,12.6059,0.27742,0.074894,467.018,71.9869,3.547,4.5193e-05,Heun
0,3.6575,0.84288,-0.96546,0.076179,0.0034548,0.0033036,0.0001512,0.95034,33.886,0.056167,0.0056215,467.018,17.4066,3.2838,2.9911e-05,Heun
0,70.765,0.82944,-1.2729,0.068585,0.15497,0.15176,0.0032136,0.84798,28.2758,2.539,0.32378,467.018,844.0952,3.9512,8.2985e-07,Heun
0,5.1553,0.76515,-0.51097,0.019213,0.00045845,3.8374e-05,0.00042007,0.94771,30.8533,0.00059226,6.4975e-05,467.018,0.046329,2.5213,6.2868e-05,Heun
0,2.776,0.94282,-0.65509,0.0646,0.00020136,7.2672e-05,0.00012868,0.95726,38.0273,0.001382,0.00012305,467.018,0.35996,2.7708,6.3384e-05,Heun
0,34.1521,0.37475,-1.187,0.031096,0.12649,0.12551,0.00098376,0.81788,13.2059,0.94873,0.23711,467.018,135.7107,3.6339,2.1321e-05,Heun
0,60.6426,0.60705,-1.3612,0.024029,0.67678,0.67003,0.0067563,0.4088,7.9155,8.2043,2.8745,467.018,1524.6012,4.202,3.1216e-05,Heun
0,34.0429,0.21484,-1.1834,0.065605,0.05919,0.05888,0.00031064,0.80067,8.154,0.25516,0.10734,467.018,81.7505,3.5938,4.2534e-05,Heun
0,62.7394,0.88406,-1.1047,0.014,0.1027,0.10075,0.0019464,0.88663,32.0018,1.7966,0.18287,467.018,105.3347,3.5326,2.0241e-05,Heun
0,52.1539,0.58963,-1.2026,0.063732,0.076673,0.075764,0.00090937,0.88373,21.9629,0.90109,0.14125,467.018,255.0269,3.705,8.1148e-07,Heun
0,4.7206,0.31145,-1.0403,0.051012,0.012981,0.012782,0.00019852,0.87321,12.4013,0.080302,0.021943,467.018,18.1217,3.3608,8.575e-05,Heun
0,52.2651,0.86745,-1.3577,0.03774,0.4904,0.46888,0.021517,0.59454,17.8334,8.2041,1.75,467.018,2258.2863,4.3612,2.2593e-05,Heun
0,33.8526,0.34095,-1.1919,0.029913,0.13866,0.13768,0.00097989,0.8014,11.8473,0.94685,0.26252,467.018,132.3374,3.6368,5.1793e-05,Heun
0,2.6149,0.78741,-0.50971,0.020391,0.00043358,3.5573e-05,0.00039801,0.94912,31.7519,0.000565,6.0236e-05,467.018,0.046843,2.5206,6.0575e-05,Heun
0,3.9175,0.33959,-0.94316,0.048647,0.0040544,0.0038901,0.0001643,0.88749,13.6439,0.026646,0.0066105,467.018,5.6358,3.2013,4.696e-05,Heun
0,2.3102,0.70947,-0.75547,0.077198,0.00032712,0.00022076,0.00010636,0.94394,28.612,0.0031592,0.00037386,467.018,0.99724,2.9237,2.3449e-05,Heun
0,3.1449,0.43711,-0.91108,0.0254,0.0052571,0.0049325,0.00032466,0.90909,17.541,0.043489,0.0083847,467.018,4.6845,3.1595,4.1842e-05,Heun
0,4.0815,0.64154,-0.87872,0.054415,0.0016843,0.0015231,0.00016123,0.93752,25.8371,0.01971,0.0025831,467.018,4.4158,3.1241,2.4536e-05,Heun
0,3.9063,0.73994,-0.97072,0.07592,0.0036941,0.0035461,0.00014803,0.94395,29.7403,0.052927,0.0060354,467.018,16.4568,3.286,2.1074e-05,Heun
0,6.6197,0.83924,-0.96247,0.011828,0.021248,0.020306,0.00094129,0.9386,33.1372,0.34375,0.034845,467.018,16.587,3.2782,5.9835e-05,Heun
0,116.0946,0.37026,-1.3883,0.07727,0.3555,0.35159,0.0039056,0.65678,9.6269,2.6259,1.2668,467.018,1635.5964,4.2544,1.1348e-05,Heun
0,15.58,0.36521,-1.1068,0.034125,0.044287,0.043818,0.00046966,0.86902,14.0806,0.32279,0.077125,467.018,48.6122,3.484,3.0217e-05,Heun
0,6.7404,0.93612,-1.0004,0.027888,0.014535,0.014034,0.00050111,0.94766,37.2159,0.26499,0.024041,467.018,30.0135,3.3492,2.5149e-05,Heun
0,3.569,0.36084,-0.93619,0.062794,0.0028857,0.0027563,0.00012937,0.89402,14.5149,0.020062,0.0046831,467.018,5.4425,3.1925,7.8704e-05,Heun
0,4.7792,0.54308,-1.0098,0.069536,0.0065468,0.0063794,0.00016743,0.9241,21.7656,0.069883,0.010891,467.018,20.3337,3.3368,1.5908e-05,Heun
0,2.702,0.30847,-0.61511,0.056123,0.00017118,5.0074e-05,0.00012111,0.88014,12.4423,0.00031157,8.4754e-05,467.018,0.076654,2.6513,6.5406e-05,Heun
0,2.2801,0.7944,-0.68206,0.061959,0.00023948,0.00010713,0.00013235,0.94967,32.0398,0.0017166,0.0001814,467.018,0.43227,2.8072,2.3344e-05,Heun
0,4.417,0.77571,-1.011,0.071368,0.0064988,0.0063069,0.00019181,0.94449,31.0903,0.098684,0.010774,467.018,28.8534,3.3576,2.7417e-05,Heun
0,9.1517,0.41496,-1.0362,0.06594,0.009578,0.0094021,0.00017592,0.90212,16.5798,0.078696,0.016103,467.018,22.2459,3.3681,1.8617e-05,Heun
0,5.2495,0.2561,-0.99292,0.016501,0.021944,0.021484,0.00046008,0.84578,10.1047,0.11098,0.036929,467.018,8.2992,3.2715,2.3071e-05,Heun
0,50.0944,0.82801,-1.214,0.039226,0.13851,0.13626,0.0022414,0.85937,28.7767,2.2758,0.26584,467.018,398.0431,3.7671,1.9134e-06,Heun
0,29.9373,0.90097,-1.0963,0.040295,0.033349,0.032663,0.00068624,0.93377,35.1347,0.5936,0.057063,467.018,98.6267,3.5196,5.6247e-05,Heun
0,3.5925,0.48185,-0.93378,0.034378,0.0051297,0.0048755,0.0002542,0.91663,19.339,0.047387,0.0082931,467.018,6.8568,3.2022,4.0787e-05,Heun
0,44.2539,0.21568,-1.2211,0.069775,0.086879,0.086467,0.00041168,0.78405,7.9448,0.37617,0.16376,467.018,131.9834,3.6658,2.264e-05,Heun
0,4.1234,0.65391,-0.8301,0.050882,0.001038,0.00087281,0.00016515,0.93903,26.3523,0.011512,0.0014792,467.018,2.4078,3.0439,2.8203e-05,Heun
0,4.0149,0.89935,-0.86918,0.017165,0.0048017,0.0042644,0.00053728,0.95231,36.1072,0.077359,0.0072435,467.018,5.374,3.1248,7.2082e-05,Heun
0,82.1176,0.34231,-1.2589,0.064015,0.14275,0.1418,0.00095348,0.79912,11.838,0.97908,0.29004,467.018,313.5375,3.7833,4.5712e-07,Heun
0,26.3354,0.31043,-1.1485,0.054942,0.046295,0.045929,0.0003657,0.85202,11.9435,0.28759,0.081873,467.018,71.8807,3.5504,4.5225e-05,Heun
0,117.6937,0.67511,-1.2703,0.024084,0.37127,0.36694,0.0043301,0.67912,17.1235,4.9968,0.89182,467.018,617.3599,3.8885,5.0635e-06,Heun
0,13.5233,0.77438,-1.0449,0.081652,0.0086952,0.0084893,0.00020591,0.94298,30.968,0.1326,0.014558,467.018,44.4998,3.4168,2.9939e-05,Heun
0,3.635,0.38365,-0.86791,0.011179,0.0071134,0.0064352,0.00067822,0.89694,15.3672,0.0498,0.010942,467.018,2.389,3.0813,3.0189e-05,Heun
0,97.1061,0.58242,-1.2748,0.077847,0.14029,0.13853,0.0017686,0.84028,20.1994,1.6274,0.29248,467.018,623.9323,3.8948,1.1367e-06,Heun
0,136.4459,0.31869,-1.3938,0.082592,0.34296,0.33997,0.0029863,0.65355,8.4473,2.1854,1.271,467.018,1546.673,4.2397,1.4762e-05,Heun
0,1.9852,0.29803,-0.7045,0.038509,0.00040347,0.00023,0.00017347,0.87632,12.0184,0.0013827,0.00038941,467.018,0.23444,2.7982,1.7684e-05,Heun
0,18.2425,0.63176,-1.0318,0.031404,0.019026,0.018587,0.00043925,0.92549,25.0013,0.23685,0.031976,467.018,30.9238,3.3823,9.3253e-05,Heun
0,34.207,0.93958,-1.1753,0.062639,0.056731,0.055661,0.0010693,0.92003,35.7541,1.0549,0.10123,467.018,280.9153,3.6877,2.0066e-06,Heun
0,2.3727,0.44677,-0.80285,0.059126,0.00065972,0.00052952,0.0001302,0.91372,18.0117,0.0047719,0.00089701,467.018,1.1918,2.9803,4.8718e-05,Heun
0,175.3107,0.56451,-1.2987,0.063598,0.21293,0.21026,0.0026796,0.78786,17.924,2.3941,0.48634,467.018,802.1563,3.9662,1.1176e-06,Heun
0,11.9599,0.48879,-0.97992,0.045042,0.0069348,0.0067148,0.00021996,0.91653,19.5818,0.066203,0.011449,467.018,12.5598,3.2806,5.0309e-05,Heun
0,3.2771,0.80739,-0.77545,0.06834,0.00044536,0.00032228,0.00012308,0.9503,32.557,0.0052486,0.00054583,467.018,1.4568,2.9633,6.8914e-05,Heun
0,2.774,0.88988,-0.58309,0.081526,0.00012373,2.2843e-05,0.00010089,0.95488,35.8948,0.00041002,3.8672e-05,467.018,0.1351,2.6485,6.2738e-05,Heun
0,3.7285,0.61234,-0.54493,0.013237,0.00068137,8.6136e-05,0.00059523,0.93543,24.6861,0.0010639,0.00014589,467.018,0.058095,2.5669,6.338e-05,Heun
0,3.6737,0.40837,-0.97822,0.039114,0.0077943,0.0075616,0.00023279,0.90191,16.3461,0.062286,0.012899,467.018,10.4239,3.2689,2.3173e-05,Heun
0,2.407,0.35882,-0.74519,0.058024,0.00038106,0.00025739,0.00012367,0.89505,14.4699,0.0018629,0.00043584,467.018,0.46605,2.8742,3.8621e-05,Heun
0,3.156,0.29277,-0.62985,0.059766,0.00016867,5.6816e-05,0.00011186,0.87452,11.8088,0.00033552,9.6174e-05,467.018,0.088478,2.6735,6.5453e-05,Heun
1,1.3523,0.9273,-1.117,0.015741,,,,,,,,,,,0.0,Heun
0,2.6937,0.27854,-0.5681,0.053859,0.0001502,2.8525e-05,0.00012167,0.86897,11.2352,0.00016027,4.8283e-05,467.018,0.038328,2.5687,6.4885e-05,Heun
0,98.1081,0.39566,-1.2685,0.060298,0.16594,0.16467,0.0012714,0.79587,13.313,1.3142,0.34818,467.018,400.3397,3.8223,1.1263e-06,Heun
0,10.9011,0.34897,-1.0721,0.026489,0.036963,0.036495,0.0004681,0.86946,13.5579,0.25689,0.063636,467.018,29.9636,3.4208,2.9482e-05,Heun
0,3.2807,0.47058,-0.6863,0.049077,0.00029791,0.00014282,0.00015509,0.91793,18.9782,0.0013557,0.00024184,467.018,0.27972,2.7891,4.3891e-05,Heun
0,5.5264,0.99296,-0.99569,0.055194,0.0069575,0.0067022,0.00025528,0.95494,39.7792,0.13424,0.011441,467.018,29.9866,3.3444,4.4065e-05,Heun
0,64.8305,0.6568,-1.2101,0.052283,0.10083,0.099519,0.0013087,0.87379,23.8251,1.3185,0.18962,467.018,308.1397,3.7325,2.0535e-06,Heun
0,2.2336,0.58879,-0.74838,0.064363,0.00036335,0.00024172,0.00012163,0.93323,23.7441,0.0028708,0.00040936,467.018,0.76418,2.9029,2.5118e-05,Heun
0,2.5993,0.85382,-0.61947,0.035857,0.00031168,8.286e-05,0.00022882,0.95295,34.4341,0.001427,0.0001403,467.018,0.20722,2.7068,6.446e-05,Heun
1,1.2006,0.35149,-1.2959,0.056955,,,,,,,,,,,0.0,Heun
0,11.1034,0.5397,-1.0494,0.076572,0.0097681,0.0095823,0.00018587,0.92162,21.5597,0.10431,0.01644,467.018,33.5688,3.4046,2.4471e-05,Heun
0,9.1376,0.58921,-0.68902,0.012187,0.0012425,0.0005953,0.00064723,0.93272,23.7404,0.0070751,0.0010086,467.018,0.35662,2.8043,4.8421e-05,Heun
0,3.4496,0.30407,-0.84446,0.048323,0.0012505,0.0011052,0.00014531,0.87795,12.2515,0.0067786,0.0018731,467.018,1.4398,3.0317,2.3179e-05,Heun
0,18.9708,0.29101,-1.1192,0.012599,0.13422,0.13312,0.0010975,0.78934,10.1643,0.7814,0.24478,467.018,45.2694,3.492,3.9095e-05,Heun
0,2.4026,0.28609,-0.67196,0.078609,0.00015858,7.4192e-05,8.4385e-05,0.87198,11.5394,0.00042813,0.00012559,467.018,0.14893,2.7423,5.5873e-05,Heun
0,15.545,0.3093,-1.0474,0.079696,0.0091094,0.0089779,0.00013146,0.87489,12.3641,0.056012,0.015393,467.018,19.7624,3.3727,8.2693e-05,Heun
0,29.6466,0.84623,-1.1165,0.049004,0.035211,0.034559,0.00065189,0.92983,32.9364,0.5899,0.060792,467.018,120.2921,3.5541,5.2333e-05,Heun
0,2.368,0.9308,-0.50033,0.033332,0.00026592,1.9296e-05,0.00024662,0.95669,37.5402,0.00036228,3.2668e-05,467.018,0.048707,2.5132,6.2505e-05,Heun
0,66.958,0.99056,-1.3775,0.020624,0.76933,0.73891,0.030417,0.31873,9.2178,14.7637,4.0864,467.018,2806.0255,4.4985,1.0117e-05,Euler
0,98.2661,0.84777,-1.2584,0.04412,0.20028,0.19659,0.0036897,0.81688,27.351,3.3617,0.4178,467.018,703.5703,3.9,7.1819e-07,Heun
0,2.4713,0.25126,-0.5081,0.063522,0.00010999,1.1192e-05,9.8797e-05,0.85681,10.1351,5.6723e-05,1.8942e-05,467.018,0.016225,2.4645,6.4889e-05,Heun
0,2.1942,0.97648,-0.61317,0.052867,0.00020796,5.1241e-05,0.00015672,0.95866,39.3848,0.0010093,8.7762e-05,467.018,0.21729,2.703,6.2706e-05,Heun
0,3.9274,0.50932,-0.95694,0.046911,0.0050099,0.0048081,0.00020178,0.92069,20.444,0.049396,0.0081833,467.018,9.7171,3.2439,4.9504e-05,Heun
0,12.96,0.54377,-1.0659,0.013475,0.066384,0.065278,0.001106,0.88545,20.4805,0.71599,0.11549,467.018,41.0338,3.4329,3.94e-05,Heun
0,60.2274,0.81993,-1.1765,0.036494,0.096662,0.095106,0.0015565,0.8875,29.8802,1.5729,0.17642,467.018,247.0979,3.6757,9.0989e-07,Heun
0,3.404,0.80606,-0.86653,0.073332,0.0010896,0.00096661,0.00012299,0.94981,32.4826,0.015716,0.0016388,467.018,4.6852,3.115,1.242e-05,Heun
0,21.5715,0.59787,-1.0157,0.0091801,0.052153,0.050851,0.0013016,0.9007,22.8614,0.61325,0.088896,467.018,23.6122,3.3509,2.139e-05,Heun
0,2.2158,0.27385,-0.62838,0.047727,0.00020655,6.9822e-05,0.00013673,0.86699,11.0451,0.00038568,0.00011819,467.018,0.08192,2.668,6.5622e-05,Heun
0,2.1115,0.69007,-0.69351,0.034209,0.00046085,0.00022476,0.00023609,0.94238,27.826,0.0031286,0.00038063,467.018,0.43829,2.8194,4.081e-05,Heun
0,2.8186,0.37617,-0.75953,0.040643,0.00062102,0.00044178,0.00017924,0.89925,15.166,0.0033521,0.00074809,467.018,0.58455,2.9002,5.1529e-05,Heun
0,130.3861,0.38247,-1.2705,0.037969,0.2532,0.25147,0.001732,0.73296,11.5227,1.9401,0.56727,467.018,385.9923,3.8196,1.8079e-05,Heun
0,3.1387,0.51901,-0.77037,0.042594,0.0006686,0.00048437,0.00018424,0.92477,20.9236,0.0050708,0.00082051,467.018,0.90141,2.9334,2.4442e-05,Heun
0,22.7103,0.31236,-1.1377,0.066189,0.033794,0.033511,0.00028211,0.86052,12.1752,0.21114,0.059107,467.018,63.0994,3.5311,2.2289e-05,Heun
0,2.1522,0.59234,-0.739,0.052067,0.00041728,0.00026465,0.00015263,0.93357,23.8859,0.003162,0.00044856,467.018,0.68118,2.8876,3.8782e-05,Heun
0,93.849,0.68801,-1.2517,0.051603,0.16167,0.1594,0.0022732,0.83462,23.2683,2.2121,0.32792,467.018,537.7719,3.8474,8.0007e-07,Heun
0,2.7462,0.27332,-0.65229,0.018377,0.00060123,0.00024646,0.00035477,0.86653,11.0196,0.0013588,0.00041727,467.018,0.11116,2.7076,3.2847e-05,Heun
0,3.9869,0.65971,-0.94618,0.04898,0.0042172,0.0040127,0.00020455,0.93749,26.5018,0.053397,0.0068251,467.018,10.7727,3.2386,3.9713e-05,Heun
0,60.7535,0.73727,-1.2427,0.081931,0.095385,0.093875,0.0015105,0.88342,26.9059,1.3961,0.18407,467.018,523.5907,3.8343,4.7818e-07,Heun
3,25.5452,0.51708,-1.2968,0.01763,0.12343,0.072893,0.050539,3.6326,18.2851,0.76027,0.0,467.018,173.4204,3.7636,1.0306,Euler
0,2.7643,0.89472,-0.59222,0.07359,0.00014013,2.8453e-05,0.00011168,0.95511,36.0897,0.00051351,4.8172e-05,467.018,0.1527,2.6639,6.3436e-05,Heun
0,84.7957,0.90197,-1.3685,0.013925,0.88907,0.87714,0.011924,0.17213,4.0366,15.9583,5.4494,467.018,2028.5962,4.3219,2.8309e-05,Heun
0,2.7686,0.78232,-0.70936,0.034025,0.00051836,0.00027697,0.00024139,0.94875,31.5437,0.0043706,0.00046907,467.018,0.60491,2.8518,3.4098e-05,Heun
0,166.2928,0.37279,-1.3179,0.078079,0.20817,0.20657,0.0016021,0.76222,11.9084,1.5533,0.50705,467.018,705.087,3.96,4.2061e-07,Heun
0,3.3499,0.487,-0.66369,0.080392,0.00016019,6.5229e-05,9.4961e-05,0.92056,19.6435,0.00064076,0.00011043,467.018,0.21595,2.7532,3.4878e-05,Heun
0,31.5436,0.31003,-1.1902,0.025825,0.15516,0.15415,0.0010086,0.78144,10.5666,0.96402,0.2973,467.018,118.3454,3.6266,3.4685e-05,Heun
0,35.5914,0.73074,-1.1681,0.019801,0.15536,0.1532,0.0021613,0.84192,24.8996,2.2581,0.29213,467.018,195.0188,3.6451,4.184e-06,Heun
0,4.7704,0.94754,-0.80126,0.02558,0.0015387,0.0011985,0.00034015,0.95659,38.1667,0.022907,0.0020315,467.018,2.3635,3.0141,2.5899e-05,Heun
0,94.788,0.88181,-1.3592,0.025643,0.66452,0.64658,0.017942,0.43132,11.9342,11.5006,2.6237,467.018,2122.0942,4.333,2.9007e-05,Heun
0,78.1782,0.8135,-1.3375,0.02874,0.54322,0.53234,0.010882,0.54442,14.9906,8.7352,1.7716,467.018,1598.1326,4.195,4.6504e-06,Heun
0,2.2199,0.6086,-0.74579,0.035212,0.00065452,0.0004273,0.00022722,0.93507,24.5359,0.0052455,0.00072379,467.018,0.76234,2.9002,3.0918e-05,Heun
0,3.3981,0.2405,-0.87742,0.057225,0.0015379,0.0014247,0.00011327,0.8505,9.6874,0.0069113,0.0024154,467.018,1.7947,3.076,4.053e-05,Heun
0,3.1256,0.6328,-0.56631,0.02506,0.00037579,5.9891e-05,0.0003159,0.93757,25.5189,0.00076446,0.00010141,467.018,0.078852,2.604,6.3381e-05,Heun
3,80.7709,0.32071,-1.3651,0.021125,0.78541,0.78267,0.0027377,0.26496,2.7764,5.0631,3.4033,467.018,867.3013,4.0493,0.0004712,Euler
0,2.7615,0.22598,-0.79219,0.055007,0.0006067,0.0004964,0.0001103,0.84301,9.1108,0.0022627,0.00084084,467.018,0.56983,2.9316,5.066e-05,Heun
0,3.9645,0.91091,-0.88282,0.066899,0.0014471,0.0013057,0.00014146,0.95502,36.6945,0.02399,0.0022147,467.018,6.4894,3.1484,3.1277e-05,Heun
0,110.1541,0.28659,-1.3972,0.071969,0.38639,0.38384,0.0025454,0.61269,7.0944,2.2189,1.5233,467.018,1447.1268,4.2203,2.378e-05,Heun
0,22.0854,0.33749,-1.144,0.020485,0.11334,0.11241,0.00092943,0.81715,12.0719,0.76522,0.20725,467.018,71.4952,3.5455,1.8961e-05,Heun
0,2.5336,0.75946,-0.59131,0.018241,0.00055695,0.00011342,0.00044353,0.94728,30.6209,0.0017375,0.00019207,467.018,0.1291,2.6543,6.3112e-05,Heun
0,2.7349,0.3662,-0.75382,0.060233,0.00039712,0.000277,0.00012012,0.89694,14.7673,0.0020461,0.00046906,467.018,0.53025,2.8895,3.8106e-05,Heun
0,25.3345,0.71295,-1.1142,0.080982,0.020867,0.020523,0.00034424,0.93095,28.1614,0.29514,0.03573,467.018,99.7796,3.5383,4.4028e-05,Heun
0,30.7801,0.81816,-1.1492,0.01516,0.16027,0.15776,0.0025106,0.84363,27.716,2.6036,0.29911,467.018,169.8218,3.6142,1.3552e-05,Heun
0,47.6732,0.91334,-1.322,0.070509,0.24519,0.23349,0.011701,0.78722,27.8116,4.3015,0.59186,467.018,1680.6549,4.1981,3.1387e-05,Heun
0,100.1137,0.78947,-1.3322,0.036168,0.44463,0.4346,0.010025,0.62702,17.6879,6.9208,1.3151,467.018,1529.5671,4.1741,7.0457e-06,Heun
0,2.6181,0.48049,-0.61373,0.038888,0.00026617,7.0969e-05,0.0001952,0.91951,19.3785,0.00068782,0.00012016,467.018,0.11226,2.6696,6.421e-05,Heun
0,5.5681,0.87152,-1.0287,0.072482,0.007996,0.0077743,0.00022163,0.94889,34.8775,0.13667,0.013309,467.018,40.4205,3.3948,9.6376e-05,Heun
0,51.5908,0.28151,-1.2375,0.070386,0.10413,0.10353,0.00060128,0.8049,10.174,0.5879,0.20037,467.018,203.2122,3.7182,1.5497e-06,Heun
0,2.6563,0.30661,-0.7617,0.013595,0.001861,0.0013579,0.00050315,0.87846,12.3462,0.0083981,0.0022997,467.018,0.50092,2.8945,4.5464e-05,Heun
0,2.5983,0.34832,-0.85024,0.04566,0.0014208,0.0012595,0.0001613,0.89159,14.0317,0.0088492,0.0021353,467.018,1.7491,3.0475,3.0807e-05,Heun
0,3.3198,0.66566,-0.83384,0.013864,0.0039644,0.0033562,0.00060819,0.93815,26.7476,0.045064,0.0056967,467.018,2.5668,3.051,7.8992e-05,Heun
0,3.1286,0.40735,-0.66941,0.077571,0.00016747,7.2739e-05,9.4736e-05,0.9065,16.4307,0.00059767,0.00012317,467.018,0.19741,2.7543,4.1506e-05,Heun
0,2.1227,0.42085,-0.54862,0.01342,0.00062478,7.4713e-05,0.00055007,0.90892,16.9672,0.00063423,0.00015089,467.018,0.04309,2.5553,7.0463e-05,Heun
0,8.259,0.4971,-1.0269,0.060764,0.0092618,0.0090631,0.0001987,0.91627,19.8681,0.090875,0.015512,467.018,23.2984,3.3614,4.6824e-05,Heun
0,1.9967,0.53004,-0.72462,0.076342,0.00025169,0.0001502,0.00010149,0.92647,21.3775,0.0016059,0.00025436,467.018,0.51076,2.8584,3.6379e-05,Heun
0,1.8875,0.8243,-0.53709,0.02122,0.68439,1.8639e-05,0.68438,0.85034,10.4951,0.00030991,8.2281e-05,467.018,0.024565,2.5148,4.1726e-05,Heun
0,4.0953,0.50022,-0.98755,0.027178,0.012607,0.012234,0.00037315,0.91458,19.9253,0.12344,0.020928,467.018,14.1257,3.2945,7.0005e-05,Heun
0,2.3413,0.85291,-0.751,0.039982,0.00061207,0.00040236,0.00020971,0.95271,34.387,0.0069223,0.00068151,467.018,1.1211,2.9253,3.8393e-05,Heun
0,2.2357,0.48403,-0.58474,0.036961,0.00025674,5.1459e-05,0.00020528,0.92005,19.5217,0.00050241,8.7122e-05,467.018,0.077886,2.6218,6.9895e-05,Heun
0,142.2881,0.65233,-1.3238,0.063618,0.26614,0.26104,0.0051016,0.75729,19.3122,3.4348,0.67118,467.018,1241.2866,4.099,1.9296e-06,Heun
0,3.1126,0.71651,-0.88731,0.022293,0.0045479,0.0041444,0.00040347,0.94175,28.7739,0.059897,0.0070404,467.018,5.4665,3.1438,3.2078e-05,Heun
0,72.3864,0.64036,-1.2401,0.045328,0.1611,0.15908,0.0020182,0.83125,21.6716,2.0548,0.32184,467.018,433.5609,3.8045,1.1604e-06,Heun
0,2.6121,0.29165,-0.70769,0.070331,0.00022626,0.00013122,9.504e-05,0.87407,11.7629,0.00077192,0.00022214,467.018,0.23968,2.8025,2.436e-05,Heun
0,3.4389,0.63419,-0.71871,0.068712,0.00027128,0.00015469,0.00011659,0.93776,25.5776,0.0019788,0.00026194,467.018,0.5596,2.8572,3.7028e-05,Heun
0,4.5664,0.77782,-0.85984,0.039794,0.0018574,0.0016339,0.00022354,0.94761,31.3202,0.025634,0.0027714,467.018,4.1552,3.102,3.2688e-05,Heun
0,3.9739,0.8495,-0.94148,0.075121,0.0026075,0.0024655,0.00014199,0.95124,34.1811,0.042247,0.0041899,467.018,12.8926,3.2435,3.0909e-05,Heun
0,2.5541,0.72444,-0.65093,0.066449,0.00018867,6.6981e-05,0.00012169,0.94512,29.2197,0.00097878,0.0001134,467.018,0.26557,2.751,6.3895e-05,Heun
3,21.8092,0.27522,-1.3186,0.017277,0.38421,-0.0023606,0.38657,1.7621,6.8372,-0.013105,0.0,467.018,176.7127,3.787,0.95759,Euler
0,3.8296,0.98739,-0.79689,0.014157,0.0026613,0.0020462,0.00061512,0.95751,39.7273,0.040754,0.0034702,467.018,2.3235,3.0088,2.5379e-05,Heun
0,2.3438,0.51962,-0.58618,0.079277,0.00012131,2.4436e-05,9.6879e-05,0.92519,20.9598,0.00025612,4.1375e-05,467.018,0.084708,2.6275,7.2669e-05,Heun
0,21.6625,0.32474,-1.1124,0.015092,0.10401,0.10304,0.00096621,0.81954,11.7382,0.67498,0.18746,467.018,46.1909,3.4865,3.8907e-05,Heun
0,2.4901,0.39738,-0.67519,0.020693,0.00064693,0.00029366,0.00035328,0.90408,16.0207,0.0023538,0.00049729,467.018,0.20787,2.7627,4.1234e-05,Heun
0,175.2442,0.5838,-1.3026,0.052152,0.26595,0.26255,0.003394,0.75142,17.288,3.0918,0.62414,467.018,853.6946,3.9834,1.3906e-06,Heun
0,2.6924,0.53244,-0.77699,0.036846,0.00082376,0.00060953,0.00021422,0.92642,21.4621,0.0065463,0.0010326,467.018,1.0048,2.9456,4.8502e-05,Heun
0,88.535,0.43164,-1.3919,0.053583,0.48763,0.48184,0.0057933,0.56417,8.9219,4.1951,1.913,467.018,1847.9241,4.3054,1.7038e-05,Heun
0,2.5549,0.61457,-0.69688,0.021278,0.0007511,0.00037728,0.00037382,0.9356,24.7744,0.0046769,0.00063905,467.018,0.41046,2.8194,3.7344e-05,Heun
0,2.5036,0.25786,-0.64529,0.053064,0.00019783,7.8039e-05,0.00011979,0.85991,10.4006,0.00040591,0.00013209,467.018,0.096642,2.6934,6.1357e-05,Heun
0,2.7135,0.34497,-0.85234,0.065159,0.0010199,0.00090692,0.00011293,0.89091,13.9027,0.0063107,0.0015371,467.018,1.7817,3.0506,2.2755e-05,Heun
0,2.2603,0.47586,-0.50275,0.04246,0.00019336,1.5627e-05,0.00017773,0.91883,19.1932,0.00014999,2.6455e-05,467.018,0.026748,2.4849,6.379e-05,Heun
1,1.1659,0.94863,-1.1081,0.082541,,,,,,,,,,,0.0,Heun
0,2.877,0.36894,-0.86257,0.045708,0.0016398,0.0014744,0.00016536,0.89684,14.8591,0.010972,0.0024989,467.018,2.1573,3.0707,2.7878e-05,Heun
0,3.0139,0.67204,-0.87907,0.0099734,0.0091837,0.008315,0.00086868,0.93533,26.8621,0.11272,0.014155,467.018,4.622,3.1268,2.4498e-05,Heun
0,3.2102,0.35075,-0.95937,0.077035,0.0031312,0.0030231,0.00010816,0.89119,14.1056,0.021388,0.0051409,467.018,7.1455,3.23,5.5067e-05,Heun
0,1.223,0.32297,-0.95454,0.061351,0.0,0.0,0.0,8.6052,13.0293,0.0,0.0,467.018,0.64246,3.1001,6.3778e-05,Heun
0,100.6904,0.3928,-1.2568,0.066375,0.13441,0.13338,0.0010365,0.81658,13.7164,1.0568,0.2721,467.018,345.8263,3.7925,1.0144e-07,Heun
0,2.4595,0.35294,-0.83098,0.050625,0.0010318,0.00088731,0.00014453,0.89309,14.2235,0.0063169,0.0015036,467.018,1.382,3.0161,4.7586e-05,Heun
0,25.3991,0.41622,-1.148,0.063016,0.040331,0.039933,0.00039836,0.88282,16.1138,0.33526,0.070865,467.018,92.9162,3.5671,2.6956e-05,Heun
0,3.2231,0.56354,-0.89759,0.022402,0.0050885,0.0047039,0.0003846,0.92745,22.6185,0.053469,0.0079946,467.018,4.9789,3.1492,4.1689e-05,Heun
0,3.6831,0.68288,-0.85114,0.068648,0.00097311,0.00084756,0.00012555,0.94148,27.5217,0.011675,0.0014367,467.018,3.2866,3.0811,4.7477e-05,Heun
0,4.0293,0.98169,-0.9512,0.040744,0.0054235,0.0051416,0.00028188,0.95549,39.3882,0.10181,0.0087522,467.018,16.7574,3.2675,3.8406e-05,Heun
0,43.8116,0.83188,-1.3191,0.02332,0.54996,0.54115,0.0088132,0.53713,15.1032,9.0803,1.7077,467.018,1289.1519,4.1056,6.2848e-05,Euler
0,6.2204,0.59753,-1.0376,0.082041,0.0078696,0.0076987,0.00017081,0.92934,23.9157,0.092791,0.013183,467.018,31.7266,3.3896,4.3725e-05,Heun
0,2.7548,0.55802,-0.70086,0.026687,0.00061034,0.00031662,0.00029372,0.92967,22.4977,0.0035638,0.00053621,467.018,0.39475,2.8214,2.4954e-05,Heun
0,3.3647,0.30234,-0.87459,0.041262,0.0020775,0.0019045,0.00017304,0.87683,12.1717,0.011615,0.0032304,467.018,2.1092,3.0815,2.7912e-05,Heun
0,2.8921,0.63209,-0.76056,0.025178,0.0010434,0.00072222,0.00032116,0.93707,25.4729,0.0092081,0.0012236,467.018,0.95466,2.9265,2.3445e-05,Heun
0,4.0962,0.6466,-0.73383,0.082183,0.00025505,0.00015704,9.8016e-05,0.93889,26.0784,0.0020481,0.00026594,467.018,0.692,2.8832,5.2441e-05,Heun
1,0.64316,0.98112,-1.1107,0.072337,,,,,,,,,,,0.0,Heun
0,106.5726,0.98033,-1.2395,0.017517,0.36318,0.357,0.006173,0.6999,25.1853,7.0594,0.82562,467.018,593.2602,3.851,3.3484e-06,Heun
0,5.9368,0.3776,-0.99196,0.017863,0.020133,0.019621,0.00051172,0.88733,14.9265,0.14945,0.033695,467.018,11.542,3.2881,2.2971e-05,Heun
0,6.0943,0.97458,-1.0032,0.068026,0.0062027,0.0059885,0.00021422,0.9547,39.0723,0.11772,0.010223,467.018,32.4464,3.3565,1.8647e-05,Heun
0,27.9682,0.61686,-1.1346,0.074749,0.029059,0.028654,0.00040448,0.9176,24.1622,0.35654,0.050329,467.018,112.9253,3.5676,4.6962e-05,Heun
0,28.0909,0.54237,-1.1412,0.077859,0.0302,0.029827,0.00037358,0.90884,21.2194,0.32631,0.052566,467.018,108.9296,3.5716,4.9072e-05,Heun
0,3.8564,0.72611,-0.84946,0.016247,0.0040336,0.0035,0.00053362,0.94277,29.1744,0.051262,0.0059406,467.018,3.4049,3.0813,4.7278e-05,Heun
0,2.825,0.28997,-0.81578,0.024169,0.0018107,0.0015285,0.00028218,0.87246,11.6766,0.0089403,0.0025909,467.018,0.95537,2.9818,4.924e-05,Heun
3,34.9288,0.96295,-1.3776,0.055709,0.45953,0.40173,0.057791,0.61445,20.9959,7.8031,1.5158,467.018,3321.9831,4.6075,0.0013911,Euler
0,30.7477,0.99189,-1.3414,0.074187,0.25795,0.23711,0.020846,0.78227,29.6927,4.7438,0.72214,467.018,2318.0884,4.3579,2.3499e-05,Heun
0,2.4459,0.21926,-0.59283,0.028812,0.00027729,7.3247e-05,0.00020405,0.83918,8.8428,0.00032394,0.00012401,467.018,0.042918,2.5993,6.5448e-05,Heun
0,3.4721,0.56682,-0.77444,0.01225,0.0024226,0.0017731,0.00064952,0.92952,22.8113,0.020272,0.0030058,467.018,1.0301,2.9443,2.4904e-05,Heun
0,5.4304,0.53175,-0.57062,0.067463,0.00013776,2.3514e-05,0.00011424,0.92676,21.4488,0.00025221,3.9815e-05,467.018,0.070865,2.6028,7.8938e-05,Heun
0,63.4636,0.80976,-1.2129,0.040212,0.13324,0.13112,0.0021146,0.86187,28.3147,2.1417,0.25553,467.018,384.8166,3.7616,2.8847e-07,Heun
0,59.2553,0.41343,-1.2342,0.076968,0.091907,0.091143,0.00076446,0.84887,15.1455,0.76005,0.17558,467.018,274.8668,3.7443,1.4161e-06,Heun
0,3.6879,0.94629,-0.72792,0.048008,0.00042441,0.00024922,0.00017519,0.95726,38.159,0.0047571,0.00042198,467.018,0.92058,2.892,2.899e-05,Heun
0,57.3765,0.89063,-1.3561,0.078995,0.26703,0.24488,0.02215,0.77193,26.3353,4.3992,0.8191,467.018,2516.4109,4.4153,9.6234e-05,Heun
0,60.5665,0.83791,-1.1952,0.01867,0.22052,0.21722,0.0033086,0.80191,26.3484,3.6712,0.43841,467.018,306.5725,3.7171,6.5137e-06,Heun
0,6.3798,0.46368,-1.0297,0.023859,0.024233,0.023745,0.00048796,0.90161,18.2523,0.22208,0.04095,467.018,22.5475,3.3623,2.8134e-05,Heun
0,14.4865,0.7515,-0.9663,0.027631,0.0095811,0.0091826,0.00039847,0.94094,30.0262,0.13919,0.015668,467.018,15.7486,3.2792,4.7781e-05,Heun
0,2.4385,0.68386,-0.69275,0.017409,0.00090089,0.00043726,0.00046363,0.9416,27.5632,0.0060316,0.00074064,467.018,0.43027,2.8177,8.0761e-05,Heun
0,33.6283,0.80058,-1.1654,0.041104,0.075781,0.074566,0.0012153,0.90044,29.8494,1.2041,0.13592,467.018,211.1256,3.6496,3.9608e-07,Heun
0,2.812,0.22826,-0.51298,0.043041,0.00015701,1.7582e-05,0.00013943,0.84461,9.2071,8.0953e-05,2.9764e-05,467.018,0.01592,2.4684,6.5042e-05,Heun
0,3.2189,0.98441,-0.69046,0.025231,0.000625,0.000293,0.00033199,0.95871,39.688,0.005818,0.00049623,467.018,0.59085,2.8317,2.5047e-05,Heun
0,117.7307,0.5686,-1.2869,0.080851,0.15323,0.15128,0.0019569,0.82995,19.4235,1.735,0.32895,467.018,709.5453,3.9302,8.2941e-07,Heun
0,3.1617,0.2607,-0.87319,0.036153,0.0023202,0.0021346,0.00018565,0.85993,10.4926,0.011225,0.003621,467.018,1.8209,3.0725,3.3896e-05,Heun
0,4.1371,0.93729,-0.89523,0.05793,0.0019358,0.0017676,0.00016822,0.95589,37.7389,0.033418,0.0029994,467.018,7.8199,3.1706,5.0273e-05,Heun
0,2.4497,0.54784,-0.73061,0.053006,0.00038119,0.0002336,0.00014759,0.9286,22.0924,0.0025814,0.00039561,467.018,0.56872,2.8699,1.3667e-05,Heun
0,144.1731,0.2094,-1.3857,0.068493,0.38694,0.38544,0.0015022,0.57991,5.1789,1.628,1.382,467.018,963.6135,4.0941,4.3149e-07,Heun
0,34.3514,0.67294,-1.1464,0.025036,0.096919,0.095567,0.0013518,0.87766,24.5166,1.2972,0.17472,467.018,139.2876,3.5953,3.6762e-05,Heun
0,153.79,0.41684,-1.2764,0.05851,0.18543,0.18393,0.0014986,0.78671,13.698,1.5465,0.3972,467.018,461.2845,3.8493,1.5605e-07,Heun
0,2.5678,0.62854,-0.60325,0.030765,0.00033535,7.8411e-05,0.00025694,0.9372,25.348,0.00099411,0.00013276,467.018,0.12593,2.665,6.3589e-05,Heun
0,64.9755,0.56265,-1.2261,0.027462,0.21685,0.21464,0.0022122,0.78498,17.7763,2.436,0.44371,467.018,314.553,3.7509,4.7484e-06,Heun
0,4.0098,0.94947,-0.94935,0.069009,0.0031317,0.0029678,0.00016393,0.95564,38.1835,0.056838,0.005046,467.018,15.8607,3.2626,4.7772e-05,Heun
0,2.5571,0.29551,-0.79077,0.082976,0.00040531,0.00032324,8.2071e-05,0.8754,11.9167,0.0019268,0.00054733,467.018,0.70476,2.9411,3.8599e-05,Heun
0,3.1243,0.45261,-0.84706,0.060908,0.0010362,0.00090646,0.00012972,0.91449,18.2401,0.0082755,0.0015365,467.018,2.1278,3.0545,2.702e-05,Heun
0,2.6544,0.61613,-0.55107,0.079173,0.00011521,1.5589e-05,9.9624e-05,0.93616,24.8529,0.00019374,2.6392e-05,467.018,0.063237,2.5774,6.3384e-05,Heun
0,3.8676,0.5846,-0.85726,0.0095241,0.0074571,0.0065869,0.00087018,0.92826,23.408,0.077673,0.011202,467.018,3.0669,3.0836,2.2409e-05,Heun
0,34.0606,0.74865,-1.1389,0.033487,0.067146,0.06609,0.0010564,0.90303,28.174,0.99802,0.1187,467.018,141.367,3.589,3.5766e-05,Heun
0,3.3747,0.39811,-0.58845,0.057055,0.00016292,3.4962e-05,0.00012795,0.90454,16.0577,0.00028075,5.9192e-05,467.018,0.068343,2.6188,6.438e-05,Heun
0,2.955,0.38689,-0.51207,0.055755,0.0001433,1.3415e-05,0.00012988,0.90205,15.6057,0.00010469,2.2711e-05,467.018,0.024972,2.4907,7.0678e-05,Heun
0,2.6871,0.76372,-0.60381,0.0097827,0.0010766,0.00024825,0.00082839,0.94722,30.7767,0.0038243,0.00042051,467.018,0.15237,2.6753,6.3179e-05,Heun
0,2.3861,0.43547,-0.58415,0.040902,0.00022768,4.6159e-05,0.00018152,0.91196,17.5635,0.00040545,7.8135e-05,467.018,0.070164,2.6158,6.6618e-05,Heun
0,2.0628,0.9084,-0.58066,0.040057,0.00025052,4.5056e-05,0.00020547,0.95568,36.6372,0.00082556,7.6282e-05,467.018,0.13353,2.6454,5.9573e-05,Heun
0,3.9445,0.37916,-0.95762,0.016905,0.013898,0.013401,0.000497,0.89163,15.0835,0.10249,0.022906,467.018,7.4674,3.2306,4.0571e-05,Heun
0,3.3312,0.72686,-0.87013,0.022824,0.0036364,0.0032485,0.0003879,0.94308,29.2163,0.047628,0.0055147,467.018,4.445,3.1158,6.9332e-05,Heun
0,3.3333,0.78585,-0.56503,0.078909,0.00012029,1.8711e-05,0.00010158,0.94923,31.6989,0.0002966,3.168e-05,467.018,0.095164,2.6124,6.4045e-05,Heun
0,4.3153,0.81166,-0.97579,0.062553,0.0047792,0.0045899,0.00018934,0.94775,32.5873,0.075145,0.0078179,467.018,19.168,3.2994,4.6829e-05,Heun
0,6.681,0.62032,-0.68695,0.016856,0.00089062,0.00041922,0.0004714,0.93607,25.0025,0.0052454,0.00071011,467.018,0.36445,2.8033,5.1688e-05,Heun
0,50.3315,0.81365,-1.1782,0.037398,0.096218,0.094681,0.0015373,0.88745,29.6658,1.5539,0.17598,467.018,250.7955,3.6789,3.3133e-06,Heun
0,2.9989,0.28397,-0.64792,0.035481,0.00030637,0.00012073,0.00018564,0.87105,11.4522,0.00069153,0.00020433,467.018,0.10866,2.7021,4.1901e-05,Heun
0,35.154,0.84405,-1.1537,0.079507,0.034579,0.033977,0.00060233,0.93011,32.8732,0.57846,0.060411,467.018,193.5149,3.63,1.5538e-06,Heun
0,3.7752,0.91478,-0.92905,0.069366,0.0024283,0.002277,0.00015134,0.95457,36.8142,0.042015,0.0038676,467.018,11.7946,3.2263,3.9514e-05,Heun
0,2.5389,0.58596,-0.68027,0.03831,0.00037496,0.00016933,0.00020563,0.93293,23.6299,0.0020014,0.00028672,467.018,0.31716,2.7895,4.6932e-05,Heun
0,3.9402,0.44952,-0.62553,0.058659,0.00018257,5.4753e-05,0.00012782,0.9145,18.1311,0.00049646,9.27e-05,467.018,0.1229,2.686,6.4456e-05,Heun
0,20.5723,0.64553,-1.0786,0.075531,0.014304,0.01405,0.00025457,0.92977,25.6693,0.18294,0.024248,467.018,57.6393,3.4663,2.9449e-05,Heun
0,2.8207,0.90982,-0.53041,0.072072,0.00012692,1.3133e-05,0.00011378,0.95583,36.699,0.00024101,2.2234e-05,467.018,0.070137,2.5621,6.2571e-05,Heun
0,24.8128,0.45871,-1.122,0.055411,0.033248,0.03286,0.00038765,0.89502,17.89,0.30404,0.057716,467.018,72.8707,3.5247,2.1746e-05,Heun
0,12.7857,0.227,-1.1014,0.010852,0.12413,0.12317,0.00096245,0.76711,8.0207,0.56397,0.22616,467.018,29.2515,3.4487,2.3576e-05,Heun
