v,CO2share,E_appl,Vcell,CO_out,H2_out,Predicted,Actual,Difference,Absolute_Error
0.0183154,0.577311,-0.639834,2.72166,0.000245371,23.2883,0.0007162354046424402,3.56821e-05,0.0006805533046424402,0.0006805533046424402
0.02329777,0.6539297,-1.135584,3.573997,0.1230977,26.12271,0.015710253031904684,0.0163481,-0.0006378469680953167,0.0006378469680953167
0.0222259,0.505009,-0.862385,3.08523,0.00308114,20.366,0.0010553293875297414,0.00051274,0.0005425893875297414,0.0005425893875297414
0.0196048,0.733391,-0.840229,3.06642,0.00381725,29.5772,0.0010650302692184193,0.000437318,0.0006277122692184193,0.0006277122692184193
0.01528505,0.7566868,-1.232025,3.809148,0.6775396,28.98023,0.08487615425452918,0.08600131,-0.0011251557454708128,0.0011251557454708128
0.01646725,0.8660199,-1.141808,3.607602,0.2479573,34.40726,0.024091947694268433,0.02505435,-0.0009624023057315662,0.0009624023057315662
0.01342521,0.8394425,-1.14455,3.610703,0.3043569,33.21578,0.03062147807281733,0.03183303,-0.0012115519271826691,0.0012115519271826691
0.0215891,0.93322,-1.00639,3.35972,0.0370739,37.5684,0.0035812867969728297,0.0033564,0.00022488679697282984,0.00022488679697282984
0.019856236,0.86593638,-1.3127854,4.1481047,1.2114613,31.558763,0.18775668068034532,0.18680696,0.0009497206803453229,0.0009497206803453229
0.0230931,0.506372,-1.09615,3.48398,0.0588033,20.3061,0.00958972287992748,0.00993839,-0.00034866712007252006,0.00034866712007252006
0.014152,0.662025,-0.874323,3.11829,0.0073925,26.6905,0.0017776533827653237,0.00093872,0.0008389333827653237,0.0008389333827653237
0.02131681,0.6704307,-1.257387,3.867203,0.5648033,25.72133,0.0849625971998084,0.08541465,-0.000452052800191588,0.000452052800191588
0.024635689,0.71629905,-1.3539568,4.325364,1.1562496,25.548145,0.2564760444316708,0.25550393,0.0009721144316708341,0.0009721144316708341
0.0151,0.23121,-0.95507,3.2037,0.0068099,9.3128,0.0030774690948122906,0.002482,0.0005954690948122908,0.0005954690948122908
0.0111057,0.63993,-0.830272,3.04315,0.00517392,25.8034,0.0017942918907412504,0.000679316,0.0011149758907412505,0.0011149758907412505
0.0136908,0.57391,-0.947434,3.2338,0.0169073,23.1164,0.003170108996922302,0.00248182,0.0006882889969223021,0.0006882889969223021
0.00991193,0.39908,-0.945284,3.2125,0.0157944,16.0662,0.004296880911431826,0.00333462,0.0009622609114318262,0.0009622609114318262
0.01245349,0.229693,-1.220899,3.67018,0.2259312,8.78069,0.08996269318597012,0.09149851,-0.0015358168140298806,0.0015358168140298806
0.02062221,0.769878,-1.14185,3.598495,0.1766167,30.68424,0.019248386853802094,0.02001716,-0.0007687731461979048,0.0007687731461979048
0.0230644,0.682145,-0.967068,3.27567,0.0153413,27.4862,0.0022522514698583383,0.00189575,0.00035650146985833817,0.00035650146985833817
0.01781383,0.9271918,-1.273633,3.985068,1.046521,34.66633,0.1257898930963641,0.1259278,-0.0001379069036359093,0.0001379069036359093
0.0236428,0.867608,-0.725075,2.88303,0.00085371,34.9979,0.000613257214164914,8.26191e-05,0.000530638114164914,0.000530638114164914
0.0201441,0.57144,-0.543841,2.5618,6.43554e-05,23.0519,0.0006267790333429423,9.45426e-06,0.0006173247733429422,0.0006173247733429422
0.0226547,0.550953,-0.743665,2.89188,0.000718332,22.2242,0.000663891151894277,0.000109477,0.000554414151894277,0.000554414151894277
0.017013475,0.61545323,-1.3870094,4.4911422,2.386888,20.054657,0.5633732876125164,0.56565488,-0.0022815923874835997,0.0022815923874835997
0.00943039,0.533057,-1.06174,3.42557,0.0978705,21.301,0.015396161565463699,0.0156422,-0.0002460384345362998,0.0002460384345362998
0.0110507,0.732276,-0.889689,3.14896,0.0127511,29.5127,0.0025108221494374505,0.00146446,0.0010463621494374506,0.0010463621494374506
0.01949536,0.7805977,-1.179131,3.679735,0.2988297,30.84778,0.03314309257681132,0.03418028,-0.0010371874231886805,0.0010371874231886805
0.0164186,0.7298319,-1.148169,3.6072,0.2267664,28.96358,0.02624462025030089,0.02726777,-0.0010231497496991093,0.0010231497496991093
0.01443749,0.3777112,-1.229717,3.727202,0.353952,14.50257,0.08716684148091484,0.08839087,-0.0012240285190851519,0.0012240285190851519
0.022508,0.20138,-0.57259,2.562,2.9361e-05,8.1224,0.0005648077640370085,1.2241e-05,0.0005525667640370086,0.0005525667640370086
0.0156214,0.221641,-1.11689,3.47652,0.0492457,8.84116,0.018428220547423133,0.0191769,-0.000748679452576867,0.000748679452576867
0.0143548,0.279002,-0.66109,2.72316,0.000198799,11.2545,0.0009293204682781174,5.98195e-05,0.0008695009682781175,0.0008695009682781175
0.0186223,0.235142,-1.14328,3.52619,0.0610551,9.36174,0.021714676451249214,0.0225765,-0.0008618235487507855,0.0008618235487507855
0.0180698,0.444398,-0.684192,2.78289,0.000338434,17.9264,0.0007559082503018648,6.39381e-05,0.0006919701503018648,0.0006919701503018648
0.024028,0.415576,-1.08895,3.46006,0.0423841,16.6777,0.008424857416908843,0.00870838,-0.00028352258309115655,0.00028352258309115655
0.0206209,0.439993,-0.800407,2.97551,0.00130596,17.7468,0.0008564126954026771,0.000249293,0.0006071196954026772,0.0006071196954026772
0.0219474,0.410679,-0.963984,3.24529,0.00933076,16.5479,0.0022989774674100974,0.00191486,0.0003841174674100974,0.0003841174674100974
0.012215144,0.76580521,-1.3187699,4.133588,1.7958996,25.96743,0.329709162599858,0.32792548,0.0017836825998580053,0.0017836825998580053
0.0170471,0.369796,-0.963633,3.23967,0.0107668,14.8956,0.00295010433888003,0.00245421,0.0004958943388800301,0.0004958943388800301
0.009485862,0.9071647,-1.22178,3.803779,1.157111,33.9109,0.1194874342975615,0.1214908,-0.0020033657024384893,0.0020033657024384893
0.0104671,0.967573,-1.07438,3.48351,0.187657,38.6337,0.016162690057862257,0.0165786,-0.00041590994213774185,0.00041590994213774185
0.02381984,0.3509716,-1.330565,4.002668,0.5118007,12.93322,0.1967734541977787,0.1956732,0.001100254197778705,0.001100254197778705
0.02125553,0.8467839,-1.226999,3.811019,0.5166539,32.96191,0.05712308566213346,0.05797764,-0.0008545543378665338,0.0008545543378665338
0.0124432,0.797216,-0.8499,3.08666,0.00740078,32.1437,0.0017616304693693387,0.000780146,0.0009814844693693387,0.0009814844693693387
0.01906078,0.8261058,-1.244205,3.858782,0.6691246,31.72685,0.07990372794142947,0.08064474,-0.0007410120585705365,0.0007410120585705365
0.0227069,0.905385,-0.619311,2.70944,0.000238465,36.5231,0.0005704967177889514,2.21117e-05,0.0005483850177889514,0.0005483850177889514
0.00876582,0.480299,-1.00592,3.32385,0.0466256,19.2787,0.00877603505106523,0.0082166,0.0005594350510652307,0.0005594350510652307
0.015330767,0.61917785,-1.3496523,4.2308698,1.6230533,20.417237,0.3901906175141617,0.38849556,0.0016950575141616575,0.0016950575141616575
0.01155393,0.7063803,-1.243417,3.831305,0.9398175,26.34244,0.13045925640208964,0.1317021,-0.0012428435979103536,0.0012428435979103536
0.0233973,0.977279,-0.652443,2.76822,0.000382307,39.423,0.0005659882491753145,3.28426e-05,0.0005331456491753145,0.0005331456491753145
0.0175571,0.590554,-0.886301,3.13271,0.00619844,23.8102,0.0015454055400374457,0.000882503,0.0006629025400374457,0.0006629025400374457
0.01395228,0.3231293,-1.297874,3.881768,0.6408342,11.64491,0.2202774679537436,0.2195131,0.0007643679537435999,0.0007643679537435999
0.0128681,0.567117,-0.530514,2.53931,8.42502e-05,22.877,0.0009788949711216997,1.24714e-05,0.0009664235711216996,0.0009664235711216996
0.008475733,0.3554524,-1.256085,3.781524,0.7424805,12.78988,0.21006273900248287,0.2112579,-0.0011951609975171251,0.0011951609975171251
0.00844787,0.595125,-0.531945,2.54399,0.000137168,24.006,0.0014914290510340863,1.93494e-05,0.0014720796510340863,0.0014720796510340863
0.01714383,0.2526029,-1.269752,3.783143,0.3111404,9.537196,0.12423421871843844,0.1244872,-0.0002529812815615651,0.0002529812815615651
0.0120819,0.983841,-0.508484,2.52952,0.000117302,39.687,0.0010395140017050962,1.00092e-05,0.0010295048017050963,0.0010295048017050963
0.0214059,0.741762,-1.08369,3.48409,0.0793767,29.7571,0.008860295083980604,0.00913577,-0.00027547491601939526,0.00027547491601939526
0.00972847,0.905707,-0.515564,2.53721,0.000146877,36.5345,0.0012920746376347053,1.36141e-05,0.0012784605376347053,0.0012784605376347053
0.024872,0.21806,-0.75201,2.8633,0.00028824,8.7963,0.0006161445193038866,0.000111,0.0005051445193038866,0.0005051445193038866
0.0126414,0.850529,-0.781372,2.97567,0.00322487,34.303,0.0013116154451099694,0.000318444,0.0009931714451099694,0.0009931714451099694
0.0186321,0.983666,-0.827394,3.05956,0.00456885,39.6715,0.0010558047066926834,0.000390208,0.0006655967066926834,0.0006655967066926834
0.0246956,0.439742,-0.539558,2.54226,3.82343e-05,17.7394,0.0005108525925673909,7.299e-06,0.0005035535925673909,0.0005035535925673909
0.00859066,0.764905,-1.02423,3.37976,0.0957154,30.6552,0.010939664649875171,0.0106064,0.0003332646498751708,0.0003332646498751708
0.0108844,0.745868,-0.8531,3.08872,0.00824729,30.0703,0.002048078080902078,0.000929303,0.001118775080902078,0.001118775080902078
0.016915,0.70101,-0.519874,2.53186,6.91055e-05,28.2785,0.0007435390535122158,8.27567e-06,0.0007352633835122158,0.0007352633835122158
0.01986257,0.647415,-1.21759,3.752241,0.3849928,25.28158,0.05399653309676439,0.0549812,-0.0009846669032356134,0.0009846669032356134
0.02093342,0.2824139,-1.210324,3.663602,0.1464837,11.09332,0.04655234808278156,0.04752001,-0.0009676619172184417,0.0009676619172184417
0.0182887,0.270113,-0.662229,2.72361,0.000153294,10.8961,0.0007301709207308632,4.76442e-05,0.0006825267207308633,0.0006825267207308633
0.0216312,0.971333,-0.643799,2.75357,0.000367816,39.1831,0.0006081557214750725,3.17909e-05,0.0005763648214750724,0.0005763648214750724
0.0211467,0.397768,-1.0688,3.42237,0.0357082,15.973,0.007475440827256613,0.00763785,-0.00016240917274338695,0.00016240917274338695
0.0216843,0.831873,-1.0011,3.34426,0.0307509,33.4937,0.0033706717635970038,0.00312185,0.00024882176359700397,0.00024882176359700397
0.013583,0.20046,-0.78884,2.9209,0.00077882,8.085,0.0012497642305402503,0.0003262,0.0009235642305402503,0.0009235642305402503
0.0163691,0.386078,-0.672045,2.75615,0.000277689,15.5738,0.0008235081062461007,6.03853e-05,0.0007631228062461007,0.0007631228062461007
0.0110802,0.522157,-0.728517,2.86414,0.00114583,21.0609,0.0013168086876006312,0.000184261,0.0011325476876006312,0.0011325476876006312
0.0248491,0.848782,-0.645109,2.74911,0.000284538,34.2397,0.0005299097828424148,2.81438e-05,0.0005017659828424148,0.0005017659828424148
0.0126362,0.709668,-0.653571,2.75443,0.000521537,28.6264,0.0010489494047276773,6.16994e-05,0.0009872500047276773,0.0009872500047276773
0.024875216,0.57012163,-1.3636052,4.2957279,0.93139908,20.356838,0.287052115701927,0.28643002,0.0006220957019270057,0.0006220957019270057
0.01391022,0.2756276,-1.194317,3.630004,0.1778709,10.75596,0.0567275838230623,0.05822185,-0.0014942661769377016,0.0014942661769377016
0.0166787,0.452507,-0.599033,2.64235,0.000125056,18.2539,0.0007692709714147791,2.32006e-05,0.0007460703714147791,0.0007460703714147791
0.0172961,0.302108,-1.15351,3.55854,0.0957505,11.9918,0.026707914614563778,0.0277218,-0.0010138853854362237,0.0010138853854362237
0.01041263,0.2353876,-1.286619,3.815422,0.5690443,8.322873,0.2549588067320633,0.2545448,0.00041400673206326566,0.00041400673206326566
0.01687646,0.4465278,-1.246328,3.783219,0.4338583,17.0901,0.09280165525050503,0.09360055,-0.0007988947494949744,0.0007988947494949744
0.00909793,0.310676,-0.89363,3.11451,0.00691167,12.5182,0.0031318083955522986,0.00187117,0.0012606383955522987,0.0012606383955522987
0.0113569,0.39581,-0.650149,2.72095,0.000309735,15.966,0.0011639128182615041,6.56971e-05,0.0010982157182615041,0.0010982157182615041
0.0243783,0.964306,-0.576944,2.64219,0.000137286,38.9003,0.0005221542547559431,1.19518e-05,0.000510202454755943,0.000510202454755943
0.02029913,0.7039631,-1.269719,3.91522,0.6938982,26.70603,0.10487791484557356,0.1050913,-0.00021338515442644035,0.00021338515442644035
0.0158479,0.8305757,-1.187841,3.706015,0.4316091,32.56581,0.04572081560674263,0.04702421,-0.0013033943932573636,0.0013033943932573636
0.0193163,0.730448,-1.08701,3.48923,0.0902862,29.2779,0.010230548603766411,0.0105651,-0.00033455139623358825,0.00033455139623358825
0.010243,0.21925,-0.61548,2.6368,0.00012187,8.8442,0.0012621493757449217,4.6661e-05,0.0012154883757449218,0.0012154883757449218
0.01042724,0.6168364,-1.24837,3.826334,0.9614705,22.72632,0.1542874018889358,0.1555189,-0.0012314981110641832,0.0012314981110641832
0.0138187,0.89087,-0.875541,3.13506,0.010348,35.9156,0.00183412856574322,0.000976515,0.0008576135657432201,0.0008576135657432201
0.021658769,0.51362944,-1.3416645,4.1365063,0.8704474,18.386949,0.24944675048106899,0.24817404,0.0012727104810689727,0.0012727104810689727
0.0203206,0.667332,-0.811269,3.01355,0.00231072,26.9155,0.0009051655737774473,0.000290852,0.0006143135737774472,0.0006143135737774472
0.01773026,0.6485359,-1.198708,3.706856,0.3442161,25.42785,0.04715690584134106,0.04832822,-0.0011713141586589398,0.0011713141586589398
0.0207516,0.94172,-0.577358,2.64172,0.000158342,37.9889,0.0006134880722557576,1.41155e-05,0.0005993725722557576,0.0005993725722557576
0.011892184,0.95376466,-1.292955,4.0727903,1.8405203,33.4779,0.2424328895000045,0.24177151,0.0006613795000044997,0.0006613795000044997
0.01287659,0.6461227,-1.29815,3.999206,1.258906,22.87582,0.2395359936008014,0.2386964,0.0008395936008014082,0.0008395936008014082
0.0209276,0.495589,-0.974592,3.27234,0.0135245,19.9644,0.0026684390422305046,0.00230131,0.0003671290422305046,0.0003671290422305046
0.010482,0.21884,-0.86206,3.0463,0.002827,8.8223,0.0022336077510636634,0.0010827,0.0011509077510636634,0.0011509077510636634
0.0238781,0.6608953,-1.226708,3.778182,0.363288,25.85997,0.05065447159735095,0.05141739,-0.0007629184026490474,0.0007629184026490474
0.00980722,0.341952,-0.673655,2.75323,0.000419082,13.7931,0.0013767712886806687,0.000102894,0.0012738772886806686,0.0012738772886806686
0.02050624,0.8259998,-1.256479,3.898882,0.7111497,31.57103,0.08727441661370192,0.08776099,-0.0004865733862980809,0.0004865733862980809
0.0169308,0.644115,-0.924218,3.20049,0.0113992,25.96,0.0021097189980736944,0.0014894,0.0006203189980736943,0.0006203189980736943
0.01246409,0.3653519,-1.342158,4.048931,1.061377,12.12162,0.4362023240167159,0.4339952,0.0022071240167158557,0.0022071240167158557
0.01306321,0.5483849,-1.242767,3.796947,0.6543117,20.69573,0.11440364544137917,0.1155176,-0.0011139545586208305,0.0011139545586208305
0.0157369,0.961691,-0.812215,3.03312,0.00435223,38.7852,0.0011731634664587513,0.00038016,0.0007930034664587512,0.0007930034664587512
0.02235336,0.7521909,-1.174361,3.665655,0.2367281,29.83866,0.02714983456133251,0.02803847,-0.00088863543866749,0.00088863543866749
0.014322695,0.5118905,-1.3309739,4.0816239,1.1722309,17.60329,0.32897190995466863,0.327136,0.0018359099546686464,0.0018359099546686464
0.0208455,0.441338,-0.990245,3.29308,0.0147696,17.7735,0.0031322639289259762,0.00282489,0.0003073739289259762,0.0003073739289259762
0.019938,0.499075,-0.527352,2.52797,4.59479e-05,20.1327,0.0006314761416878041,7.72876e-06,0.0006237473816878041,0.0006237473816878041
0.0153201,0.943024,-1.06787,3.46991,0.115292,37.7979,0.010203053099230199,0.0104176,-0.00021454690076980198,0.00021454690076980198
0.0244281,0.8841,-0.776474,2.96943,0.00162908,35.6616,0.0006688966479787964,0.000154744,0.0005141526479787964,0.0005141526479787964
0.00963306,0.463354,-0.637129,2.70671,0.000361643,18.6903,0.0013592727024664974,6.55256e-05,0.0012937471024664973,0.0012937471024664973
0.00884675,0.872868,-0.717481,2.87071,0.00208191,35.2055,0.001617576888424713,0.000200276,0.001417300888424713,0.001417300888424713
0.0162083,0.780325,-0.806372,3.01305,0.00318101,31.4716,0.0011136982192179298,0.000342416,0.0007712822192179298,0.0007712822192179298
0.0126215,0.7410115,-1.269967,3.923219,1.150999,27.06375,0.16922340122628587,0.1695572,-0.0003337987737141168,0.0003337987737141168
0.01972686,0.5294183,-1.136545,3.561445,0.119142,21.11029,0.01878602959561415,0.01954731,-0.0007612804043858473,0.0007612804043858473
0.00857671,0.695916,-0.841065,3.06523,0.00836739,28.0546,0.002444408035635959,0.00101042,0.001433988035635959,0.001433988035635959
0.0217066,0.550642,-0.970442,3.27056,0.0137392,22.1848,0.002471470967905363,0.00210355,0.00036792096790536294,0.00036792096790536294
0.009560946,0.2679159,-1.328348,3.943615,0.9686169,8.677016,0.47648126061655965,0.4738094,0.0026718606165596626,0.0026718606165596626
0.01049543,0.2922611,-1.238432,3.72418,0.4128757,10.9421,0.13449488962400277,0.1359925,-0.001497610375997216,0.001497610375997216
0.02340206,0.75453448,-1.3309243,4.2017755,1.1375557,27.217119,0.20121165916496142,0.20008877,0.0011228891649614214,0.0011228891649614214
0.0162082,0.890466,-0.559577,2.60944,0.000152552,35.9209,0.0007816371673251314,1.43821e-05,0.0007672550673251314,0.0007672550673251314
0.024656198,0.41327516,-1.3669652,4.200875,0.79660116,14.503166,0.30216508394488595,0.30171891,0.0004461739448859414,0.0004461739448859414
0.0173201,0.727045,-0.521078,2.53562,7.10867e-05,29.3288,0.000726267120175972,8.2081e-06,0.000718059020175972,0.000718059020175972
0.0182687,0.452337,-0.951114,3.22832,0.0104705,18.2259,0.0024546053773838988,0.00194992,0.0005046853773838988,0.0005046853773838988
0.0134002,0.377824,-0.739415,2.86704,0.00078857,15.2397,0.0011123572656696846,0.000175253,0.0009371042656696846,0.0009371042656696846
0.0130364,0.257047,-1.16132,3.56358,0.119044,10.1271,0.03923983457180791,0.0406606,-0.0014207654281920903,0.0014207654281920903
0.0218409,0.9253885,-1.131432,3.591516,0.1762175,36.95457,0.01588368929115297,0.01653295,-0.0006492607088470319,0.0006492607088470319
0.0243004,0.388837,-1.02195,3.34065,0.0167283,15.6517,0.0037703771539952264,0.00364118,0.00012919715399522646,0.00012919715399522646
0.008440376,0.9732283,-1.12949,3.591096,0.4636344,38.26644,0.04008611421142979,0.04172774,-0.0016416257885702099,0.0016416257885702099
0.0121461,0.258457,-0.673198,2.73986,0.000254268,10.4256,0.001111134337687196,8.25936e-05,0.0010285407376871961,0.0010285407376871961
0.01056296,0.262588,-1.236988,3.712677,0.3642175,9.847801,0.1311178405229229,0.132639,-0.0015211594770770942,0.0015211594770770942
0.01688443,0.4709156,-1.163743,3.606223,0.1726117,18.64004,0.03127280434487164,0.03238742,-0.0011146156551283606,0.0011146156551283606
0.0158487,0.514849,-0.703404,2.82176,0.000572135,20.7678,0.0008835227253352187,9.33029e-05,0.0007902198253352188,0.0007902198253352188
0.0132238,0.598812,-0.682108,2.79361,0.000606679,24.1545,0.0010304497339177303,8.50615e-05,0.0009453882339177304,0.0009453882339177304
0.0111048,0.287807,-0.754569,2.87979,0.000880562,11.6082,0.0013883865695560845,0.00025692,0.0011314665695560844,0.0011314665695560844
0.0207331,0.564958,-0.75546,2.91268,0.000936481,22.7887,0.0007452240164499355,0.000139193,0.0006060310164499355,0.0006060310164499355
0.0126977,0.559339,-1.09269,3.48344,0.112866,22.3301,0.01670243004810901,0.0172903,-0.0005878699518909909,0.0005878699518909909
0.0243419,0.703746,-0.800269,2.99783,0.00176637,28.3858,0.0007251394853214165,0.000210811,0.0005143284853214165,0.0005143284853214165
0.0188985,0.955293,-0.620207,2.71357,0.000305811,38.5359,0.0006857945758012303,2.68751e-05,0.0006589194758012302,0.0006589194758012302
0.0103078,0.621642,-0.559965,2.59261,0.000168295,25.0759,0.0012291780904923647,2.27278e-05,0.0012064502904923647,0.0012064502904923647
0.00838945,0.566319,-0.708683,2.83507,0.00127221,22.8416,0.001682110537219984,0.000188626,0.001493484537219984,0.001493484537219984
0.02363592,0.2714337,-1.31927,3.923137,0.3922688,10.06211,0.17149689761684617,0.1705657,0.00093119761684618,0.00093119761684618
0.020075,0.997036,-0.507389,2.52836,7.05458e-05,40.2205,0.0006255425617450974,5.93983e-06,0.0006196027317450974,0.0006196027317450974
0.0246125,0.526393,-0.641745,2.72042,0.000170627,21.2346,0.0005337018207799134,2.72126e-05,0.0005064892207799134,0.0005064892207799134
0.0242719,0.685458,-0.996938,3.32683,0.0214667,27.6071,0.0028826768985903955,0.00264393,0.00023874689859039542,0.00023874689859039542
0.0119828,0.83782,-0.596497,2.66775,0.000311943,33.7963,0.0010696333128354248,3.12577e-05,0.0010383756128354248,0.0010383756128354248
0.0119571,0.209037,-1.14308,3.51967,0.0841597,8.26185,0.03373133982218596,0.0350748,-0.001343460177814046,0.001343460177814046
0.018088,0.340128,-0.595493,2.62322,8.28229e-05,13.7207,0.0007083196677670114,2.04418e-05,0.0006878778677670114,0.0006878778677670114
0.0155094,0.288503,-1.02317,3.32828,0.0197426,11.5981,0.005988243432371039,0.00579523,0.00019301343237103884,0.00019301343237103884
0.0102892,0.484533,-1.11026,3.50682,0.150179,19.2362,0.02571444969312837,0.0267396,-0.0010251503068716278,0.0010251503068716278
0.0207494,0.478612,-0.938903,3.21056,0.00834289,19.2903,0.0019427582131645218,0.00146758,0.00047517821316452177,0.00047517821316452177
0.01061002,0.7385615,-1.148828,3.609244,0.3562565,29.04167,0.0409622695846576,0.04255443,-0.0015921604153423946,0.0015921604153423946
0.0127254,0.859615,-0.77676,2.96852,0.00305164,34.6699,0.001285111316602026,0.000298146,0.000986965316602026,0.000986965316602026
0.010352969,0.76352658,-1.3689044,4.4417538,3.9825585,22.836792,0.7374567989074517,0.73668518,0.0007716189074516988,0.0007716189074516988
0.0098271478,0.96009087,-1.342804,4.3550464,3.2883922,29.074922,0.5578313121441681,0.55503346,0.002797852144168167,0.002797852144168167
0.01731,0.301441,-0.76018,2.89119,0.000635886,12.1589,0.0009030496556122337,0.000177138,0.0007259116556122338,0.0007259116556122338
0.01028648,0.7595027,-1.156187,3.626742,0.4129636,29.7632,0.04650393929760853,0.04824423,-0.0017402907023914699,0.0017402907023914699
0.0113783,0.914168,-1.01661,3.37636,0.0784317,36.7118,0.0075911321222397075,0.00726121,0.0003299221222397078,0.0003299221222397078
0.0149856,0.481842,-0.875375,3.10464,0.00515033,19.4268,0.001689588411369168,0.000898552,0.000791036411369168,0.000791036411369168
0.020243,0.358379,-1.00028,3.29991,0.0140384,14.4285,0.003579594708038091,0.00330915,0.00027044470803809116,0.00027044470803809116
0.0157207,0.802272,-0.507804,2.51838,7.28753e-05,32.3633,0.0007988414271562446,7.62561e-06,0.0007912158171562446,0.0007912158171562446
0.0228239,0.935228,-0.78361,2.98409,0.00202139,37.7232,0.0007314866063981829,0.00018152,0.0005499666063981829,0.0005499666063981829
0.0200628,0.669407,-0.541465,2.56547,7.34183e-05,27.0039,0.0006290360190984604,9.20723e-06,0.0006198287890984604,0.0006198287890984604
0.0229326,0.915515,-1.04434,3.42551,0.0555584,36.8153,0.005154854666977695,0.00514425,1.0604666977694424e-05,1.0604666977694424e-05
0.0226512,0.308996,-1.16107,3.57399,0.0820873,12.2975,0.022509906430993088,0.0233278,-0.0008178935690069111,0.0008178935690069111
0.022951605,0.70003119,-1.3564263,4.3310677,1.218961,24.711802,0.28406348465344045,0.28309028,0.0009732046534404182,0.0009732046534404182
0.0124567,0.88948,-1.0106,3.36435,0.0645836,35.7454,0.006494422756836657,0.00613972,0.00035470275683665686,0.00035470275683665686
0.014221,0.21474,-0.5771,2.572,5.2193e-05,8.6064,0.000895144129187973,2.0528e-05,0.000874616129187973,0.000874616129187973
0.0220565,0.967435,-0.758648,2.94423,0.00157039,39.0233,0.000706002243109784,0.000136311,0.000569691243109784,0.000569691243109784
0.02138542,0.7911869,-1.117811,3.552657,0.1299415,31.64334,0.013620450846918878,0.01417482,-0.0005543691530811214,0.0005543691530811214
0.00955345,0.685042,-1.0664,3.44793,0.131654,27.3598,0.0160738257792952,0.0163929,-0.00031907422070479724,0.00031907422070479724
0.01423558,0.941097,-1.18535,3.713154,0.52864,36.79482,0.049257371701853944,0.05070208,-0.0014447082981460524,0.0014447082981460524
0.0111941,0.864842,-0.528885,2.55706,0.000144633,34.8865,0.001124995724543704,1.40396e-05,0.001110956124543704,0.001110956124543704
0.013085,0.945892,-0.839373,3.07759,0.00729518,38.1414,0.0015890921155760787,0.000648048,0.0009410441155760787,0.0009410441155760787
0.015625,0.523327,-0.913667,3.1726,0.00876606,21.0929,0.002106164060599762,0.00140933,0.0006968340605997619,0.0006968340605997619
0.00917107,0.303214,-1.12247,3.50231,0.122792,11.9811,0.033711096852063374,0.0350922,-0.0013811031479366229,0.0013811031479366229
0.0196539,0.698757,-1.00644,3.34415,0.0305085,28.1246,0.00393601968086462,0.00368913,0.0002468896808646196,0.0002468896808646196
0.009056792,0.6325128,-1.273915,3.906075,1.441591,22.08985,0.24833062949860327,0.2485877,-0.0002570705013967278,0.0002570705013967278
0.01784626,0.4877467,-1.216355,3.720384,0.3179217,19.00814,0.05912623559105033,0.06022955,-0.0011033144089496669,0.0011033144089496669
0.0106224,0.583194,-0.78515,2.96356,0.0027623,23.5197,0.0015793127296540677,0.000397816,0.0011814967296540676,0.0011814967296540676
0.0192108,0.487553,-1.13712,3.55719,0.113465,19.4339,0.019434671956224437,0.0202219,-0.000787228043775564,0.000787228043775564
0.0136701,0.59697,-0.815417,3.01505,0.00324059,24.0748,0.0013679054007958312,0.00045601,0.0009118954007958312,0.0009118954007958312
0.0172189,0.698848,-0.651759,2.75067,0.00036823,28.1907,0.0007686507744594821,4.42365e-05,0.0007244142744594821,0.0007244142744594821
0.0142733,0.583003,-0.649578,2.73831,0.000360352,23.5174,0.000925682040292296,5.18921e-05,0.000873789940292296,0.000873789940292296
0.016297935,0.79226377,-1.311785,4.1132717,1.3286029,28.335003,0.2258116023064447,0.22468614,0.0011254623064446967,0.0011254623064446967
0.0215818,0.698236,-0.608731,2.67919,0.000168907,28.1667,0.0005970522360630574,2.03082e-05,0.0005767440360630574,0.0005767440360630574
0.02313872,0.3920347,-1.187092,3.639964,0.1394994,15.52765,0.03100732205770324,0.03189889,-0.0008915679422967608,0.0008915679422967608
0.0207735,0.675234,-1.11764,3.5415,0.113989,27.0013,0.013991082377686623,0.0145604,-0.0005693176223133759,0.0005693176223133759
0.0247648,0.942577,-0.688393,2.82616,0.000552799,38.0228,0.0005543157834437998,4.92395e-05,0.0005050762834437998,0.0005050762834437998
0.0208801,0.21093,-1.06319,3.38083,0.0175133,8.3117,0.007075611527992472,0.00719772,-0.00012210847200752866,0.00012210847200752866
0.0126297,0.969205,-0.674763,2.80489,0.000935565,39.095,0.001070321936321293,8.10445e-05,0.0009892774363212931,0.0009892774363212931
0.0147735,0.868473,-0.507275,2.52139,8.33777e-05,35.0337,0.0008500090300124746,8.05954e-06,0.0008419494900124745,0.0008419494900124745
0.01615961,0.869004,-1.260554,3.921543,0.9665716,32.63406,0.11683377604976188,0.1173515,-0.000517723950238122,0.000517723950238122
0.012740741,0.4880208,-1.350714,4.1587881,1.3938335,15.968229,0.4758972972330688,0.47389043,0.0020068672330688098,0.0020068672330688098
0.0205051,0.781786,-0.544198,2.57754,8.68914e-05,31.5372,0.0006157867904936431,9.33051e-06,0.0006064562804936431,0.0006064562804936431
0.0162376,0.918494,-0.607587,2.69068,0.000291007,37.0513,0.0007931339631273024,2.65985e-05,0.0007665354631273024,0.0007665354631273024
0.0109994,0.33782,-1.07181,3.41912,0.0604773,13.504,0.014906440277857766,0.0152635,-0.000357059722142233,0.000357059722142233
0.01373896,0.2032698,-1.284197,3.797124,0.3671586,7.448478,0.18722546807439036,0.1870071,0.00021836807439035155,0.00021836807439035155
0.022152,0.22074,-0.82907,2.9919,0.00088117,8.9029,0.0008946957678245276,0.00033534,0.0005593557678245276,0.0005593557678245276
0.0119033,0.856281,-0.636593,2.7354,0.000537146,34.5405,0.0010996331204187364,5.2665e-05,0.0010469681204187365,0.0010469681204187365
0.0242702,0.733656,-0.503795,2.50737,4.10003e-05,29.5959,0.0005172147192332975,4.69143e-06,0.0005125232892332974,0.0005125232892332974
0.017077,0.512497,-0.563333,2.58896,8.74525e-05,20.674,0.0007425624479728127,1.43251e-05,0.0007282373479728127,0.0007282373479728127
0.016236,0.22471,-0.94517,3.186,0.0054237,9.0539,0.002620596543215127,0.0020328,0.0005877965432151272,0.0005877965432151272
0.009895567,0.7253814,-1.270234,3.918629,1.428298,25.78025,0.21659506242529575,0.2170102,-0.0004151375747042385,0.0004151375747042385
0.0106021,0.250803,-0.623227,2.65557,0.000148781,10.1169,0.0012244931352181029,4.9801e-05,0.001174692135218103,0.001174692135218103
0.0197815,0.586103,-1.04221,3.39667,0.0401148,23.5606,0.005829994799572995,0.00580313,2.6864799572995195e-05,2.6864799572995195e-05
0.014023013,0.21057188,-1.3947665,4.1484204,0.79988496,6.4756014,0.7530262808439003,0.75818563,-0.005159349156099724,0.005159349156099724
0.01459893,0.4572314,-1.285356,3.893534,0.749755,16.73714,0.1788794388888827,0.1786297,0.000249738888882689,0.000249738888882689
0.0219323,0.26448,-1.07858,3.41872,0.0259133,10.6166,0.008120401486258125,0.00835024,-0.000229838513741875,0.000229838513741875
0.0170981,0.294866,-0.931945,3.17606,0.00570507,11.8834,0.0022241340158470056,0.00162871,0.0005954240158470056,0.0005954240158470056
0.0123967,0.38296337,-1.3684667,4.1760249,1.2811533,12.060908,0.6124867191840193,0.61178503,0.0007016891840193606,0.0007016891840193606
0.0225748,0.946462,-0.517353,2.54234,6.76833e-05,38.1805,0.0005569387129681205,6.00332e-06,0.0005509353929681205,0.0005509353929681205
0.01580811,0.200736,-1.337948,3.936976,0.5152812,6.991541,0.3259131114743764,0.3241728,0.0017403114743764214,0.0017403114743764214
0.02125853,0.5624752,-1.246024,3.809796,0.4311353,21.73916,0.07337823191399905,0.07401703,-0.0006387980860009523,0.0006387980860009523
0.0125921,0.963766,-1.05289,3.44391,0.118533,38.6274,0.010377913877469261,0.0104565,-7.858612253073931e-05,7.858612253073931e-05
0.0238727,0.453063,-1.09765,3.48033,0.051929,18.1701,0.00945259510027955,0.00980129,-0.000348694899720451,0.000348694899720451
0.00952328,0.389246,-0.676198,2.76343,0.000507569,15.7007,0.001421600386269995,0.00010948,0.0013121203862699951,0.0013121203862699951
0.0147268,0.717852,-0.967867,3.27963,0.0255357,28.9048,0.0035542530834322818,0.00299968,0.000554573083432282,0.000554573083432282
0.0245201,0.53875,-0.654849,2.74329,0.000207422,21.7331,0.0005411355173304527,3.23225e-05,0.0005088130173304527,0.0005088130173304527
0.01615961,0.3426398,-1.268708,3.810863,0.445174,12.88434,0.130011570333795,0.1303093,-0.00029772966620497665,0.00029772966620497665
0.01890063,0.8242663,-1.18529,3.699327,0.3502436,32.4907,0.037070395088673005,0.03815799,-0.0010875949113269973,0.0010875949113269973
0.0197721,0.674568,-0.724531,2.86984,0.000788173,27.2106,0.0007325986868979493,9.81051e-05,0.0006344935868979494,0.0006344935868979494
0.02340171,0.8605683,-1.14909,3.622522,0.190206,34.30981,0.01863517225865986,0.0193588,-0.0007236277413401396,0.0007236277413401396
0.02264226,0.2170172,-1.306392,3.859675,0.3003564,8.12877,0.15158730032653184,0.1509061,0.00068120032653185,0.00068120032653185
0.02155459,0.2427451,-1.195571,3.624693,0.1034116,9.582024,0.03721900377911492,0.03818345,-0.0009644462208850818,0.0009644462208850818
0.01705932,0.7687773,-1.13841,3.59134,0.2040035,30.58223,0.02225412548083791,0.02315187,-0.0008977445191620907,0.0008977445191620907
0.0093372084,0.80384893,-1.3453221,4.2908954,3.0382487,23.712204,0.606269649645007,0.60336048,0.0029091696450069815,0.0029091696450069815
0.0240426,0.313148,-1.314672,3.929868,0.4237284,11.68023,0.15888814094291073,0.158063,0.0008251409429107237,0.0008251409429107237
0.02349157,0.6428418,-1.24999,3.838958,0.4584878,24.88465,0.0699580218137207,0.07048183,-0.0005238081862792981,0.0005238081862792981
0.00898914,0.386484,-0.677673,2.76555,0.000544119,15.5891,0.0015084539573350867,0.000118203,0.0013902509573350866,0.0013902509573350866
0.019599652,0.92578532,-1.3176875,4.1978793,1.370315,33.451303,0.202638050674609,0.20155209,0.0010859606746090045,0.0010859606746090045
0.02398044,0.7313322,-1.212642,3.753683,0.340822,28.75279,0.0418988567813014,0.04273541,-0.0008365532186986047,0.0008365532186986047
0.020053,0.20107,-0.63409,2.6639,7.2252e-05,8.0854,0.0006516618181491029,3.0271e-05,0.0006213908181491029,0.0006213908181491029
0.0176244,0.550136,-0.784279,2.95931,0.00155312,22.1893,0.0009492669912526371,0.000237099,0.0007121679912526371,0.0007121679912526371
0.01520813,0.7649474,-1.269674,3.929151,0.9896684,28.40361,0.13990389673683848,0.1401914,-0.00028750326316151487,0.00028750326316151487
0.0136422,0.668723,-0.670415,2.77952,0.000565152,26.9748,0.000986501139561708,7.09537e-05,0.000915547439561708,0.000915547439561708
0.0200496,0.650698,-0.606984,2.67287,0.000165679,26.2489,0.0006421581015121062,2.13753e-05,0.0006207828015121062,0.0006207828015121062
0.023189,0.89084,-0.816808,3.03697,0.00290227,35.9308,0.0008109616665872729,0.000273668,0.0005372936665872729,0.0005372936665872729
0.0108053,0.51485,-0.587397,2.62913,0.000189133,20.7681,0.0011821330767883755,3.08401e-05,0.0011512929767883754,0.0011512929767883754
0.0201127,0.61557,-0.924334,3.19844,0.00918483,24.8133,0.0017775959116754702,0.00125563,0.0005219659116754702,0.0005219659116754702
0.024369,0.720699,-0.659157,2.76446,0.000295072,29.0727,0.0005464917271244147,3.43731e-05,0.0005121186271244147,0.0005121186271244147
0.0172164,0.768083,-0.675672,2.79499,0.000550293,30.9833,0.0007859226713255659,6.0151e-05,0.0007257716713255658,0.0007257716713255658
0.0124174,0.517751,-0.959303,3.24869,0.0195736,20.8455,0.003890159585110802,0.00318694,0.000703219585110802,0.000703219585110802
0.0208364,0.732477,-1.0162,3.36352,0.0341651,29.4772,0.004126747004699696,0.00394437,0.00018237700469969642,0.00018237700469969642
0.00950805,0.984546,-0.736499,2.90826,0.00278942,39.7091,0.0015584062903067262,0.000237913,0.0013204932903067262,0.0013204932903067262
0.0220396,0.48085,-1.11206,3.50981,0.0715025,19.2504,0.012282422110774105,0.0127749,-0.0004924778892258959,0.0004924778892258959
0.01334195,0.8789002,-1.170922,3.672053,0.4432885,34.49577,0.0434800282486702,0.04494612,-0.0014660917513297997,0.0014660917513297997
0.0101552,0.903658,-1.06295,3.45822,0.156429,36.1231,0.014506295733442674,0.0147547,-0.00024840426655732724,0.00024840426655732724
0.0147798,0.872919,-0.694447,2.83244,0.000927154,35.2113,0.0009359051593500323,8.91772e-05,0.0008467279593500323,0.0008467279593500323
0.0235565,0.37554,-0.5679,2.58196,4.92629e-05,15.1494,0.0005389586035949311,1.10122e-05,0.0005279464035949311,0.0005279464035949311
0.0224238,0.755104,-0.581117,2.63714,0.000123309,30.4609,0.0005684166697187363,1.37091e-05,0.0005547075697187363,0.0005547075697187363
0.0228719,0.888651,-0.980742,3.31276,0.0240095,35.7982,0.002593878582023878,0.00227877,0.000315108582023878,0.000315108582023878
0.02042481,0.4230788,-1.198148,3.668406,0.194108,16.66548,0.040634658901939985,0.04165166,-0.001017001098060015,0.001017001098060015
0.00992661,0.678731,-0.90975,3.1788,0.0170149,27.3438,0.0032192955422091635,0.0021095,0.0011097955422091636,0.0011097955422091636
0.017267446,0.49537769,-1.3632252,4.2347569,1.1915622,16.691684,0.41153987943347314,0.41061736,0.0009225194334731568,0.0009225194334731568
0.0164629,0.713084,-0.539916,2.56596,9.34329e-05,28.7655,0.000766367415377461,1.09996e-05,0.0007553678153774609,0.0007553678153774609
0.0104046,0.449913,-0.653322,2.73221,0.000400279,18.1482,0.0012736712832444898,7.46936e-05,0.0011989776832444898,0.0011989776832444898
0.01491044,0.3785256,-1.204461,3.672747,0.2554085,14.74316,0.06049381468761917,0.06187541,-0.0013815953123808289,0.0013815953123808289
0.014162326,0.87884797,-1.3478679,4.3595612,2.4989247,28.06989,0.41289436611171304,0.41101815,0.0018762161117130138,0.0018762161117130138
0.0183588,0.351671,-0.630729,2.68325,0.00013266,14.1862,0.0007102857239123147,3.16686e-05,0.0006786171239123147,0.0006786171239123147
0.0191792,0.320319,-0.880479,3.094,0.00285649,12.916,0.0013627493398269072,0.000749654,0.0006130953398269072,0.0006130953398269072
0.022547416,0.95678066,-1.2926999,4.0784964,0.99939764,35.866507,0.12744284060158975,0.12710049,0.0003423506015897415,0.0003423506015897415
0.0226913,0.458886,-0.520769,2.51308,3.41118e-05,18.5116,0.0005543308590418227,6.24032e-06,0.0005480905390418227,0.0005480905390418227
0.0226728,0.755016,-0.835798,3.06046,0.00321021,30.451,0.0009015949790841332,0.000357219,0.0005443759790841333,0.0005443759790841333
0.01687239,0.309085,-1.181048,3.611781,0.1401763,12.18208,0.039272882513832354,0.04047815,-0.0012052674861676438,0.0012052674861676438
0.021540541,0.59527549,-1.3185496,4.0691071,0.82365137,21.855123,0.1864402875533402,0.18543367,0.0010066175533401944,0.0010066175533401944
0.0190022,0.628995,-0.510818,2.51158,4.91347e-05,25.3736,0.0006611166577637721,6.55772e-06,0.0006545589377637721,0.0006545589377637721
0.0203777,0.974614,-0.829542,3.06268,0.00425482,39.3072,0.0009746613496440157,0.000366766,0.0006078953496440158,0.0006078953496440158
0.0139007,0.251337,-1.13922,3.52235,0.0829828,9.97025,0.027598806539147657,0.0287091,-0.0011102934608523442,0.0011102934608523442
0.0247314,0.359202,-1.00314,3.30487,0.011948,14.4661,0.0030198575932069444,0.00281004,0.00020981759320694423,0.00020981759320694423
0.0161069,0.962422,-0.922254,3.21748,0.0174565,38.7873,0.0021833749600297762,0.00152657,0.0006568049600297761,0.0006568049600297761
0.0216,0.505118,-1.0583,3.41672,0.0388455,20.2967,0.00645110422716474,0.00653394,-8.283577283526005e-05,8.283577283526005e-05
0.0228862,0.623865,-1.04646,3.4075,0.0389661,25.0863,0.005294560054689371,0.00529716,-2.5999453106290843e-06,2.5999453106290843e-06
0.0206852,0.800637,-1.0919,3.50408,0.098249,32.0918,0.010152336780069665,0.0105056,-0.0003532632199303356,0.0003532632199303356
0.0114333,0.579675,-0.84167,3.05734,0.00526965,23.3727,0.0018391211328630714,0.000763889,0.0010752321328630714,0.0010752321328630714
0.0127451,0.752235,-1.10449,3.52358,0.175115,29.9779,0.019297155995589607,0.0200438,-0.0007466440044103934,0.0007466440044103934
0.00841333,0.899976,-0.587946,2.65706,0.000427587,36.3023,0.0015185186324428517,3.98882e-05,0.0014786304324428518,0.0014786304324428518
0.0142928,0.330135,-1.01625,3.32298,0.0224431,13.2719,0.006019374045014614,0.00575394,0.0002654340450146137,0.0002654340450146137
0.0153422,0.697907,-0.734535,2.88811,0.00119494,28.1509,0.0009620238824891153,0.000143768,0.0008182558824891154,0.0008182558824891154
0.0232147,0.63594,-0.63463,2.71767,0.00019946,25.6537,0.0005631066421235471,2.63313e-05,0.0005367753421235471,0.0005367753421235471
0.023218759,0.71851928,-1.313334,4.0958935,0.87795378,26.617927,0.16170773024256124,0.16088335,0.0008243802425612345,0.0008243802425612345
0.0156566,0.674811,-0.884045,3.13548,0.00771589,27.2058,0.0017077954628247516,0.000961368,0.0007464274628247516,0.0007464274628247516
0.01859622,0.403043,-1.261174,3.809874,0.4216184,15.35894,0.10235444317213949,0.1027909,-0.000436456827860518,0.000436456827860518
0.02326623,0.3733556,-1.3307,4.01494,0.5499355,13.72502,0.20180481973812978,0.2006788,0.0011260197381297854,0.0011260197381297854
0.0166701,0.558296,-0.616148,2.68073,0.000192325,22.5212,0.0007757984651630341,2.89201e-05,0.0007468783651630341,0.0007468783651630341
0.020503,0.614655,-0.627538,2.70425,0.000199278,24.795,0.0006347713567247366,2.72181e-05,0.0006075532567247366,0.0006075532567247366
0.01644073,0.4821223,-1.187829,3.656895,0.2422159,18.94564,0.04406522430331829,0.04532172,-0.0012564956966817156,0.0012564956966817156
0.0160348,0.766602,-0.899303,3.16736,0.0104083,30.9029,0.0018480847336569558,0.00114192,0.0007061647336569557,0.0007061647336569557
0.0218616,0.884678,-0.564642,2.61753,0.000119922,35.6879,0.0005802414150889068,1.13797e-05,0.0005688617150889069,0.0005688617150889069
0.008870615,0.9555264,-1.191374,3.729077,0.9169494,36.50182,0.08557300229678333,0.08791174,-0.002338737703216673,0.002338737703216673
0.0240459,0.882779,-0.7454,2.91767,0.0011088,35.6094,0.0006278456822236788,0.000105468,0.0005223776822236789,0.0005223776822236789
0.02420772,0.8915964,-1.250388,3.892421,0.6105971,34.45654,0.06824451440344578,0.0687477,-0.000503185596554212,0.000503185596554212
0.0204291,0.929662,-0.702758,2.84935,0.000794845,37.5011,0.0006847968883859309,7.1785e-05,0.0006130118883859309,0.0006130118883859309
0.01674668,0.525681,-1.186964,3.662034,0.2571775,20.66927,0.04277038224425397,0.04400203,-0.0012316477557460306,0.0012316477557460306
0.00891716,0.86788,-0.995969,3.33764,0.0729985,34.8558,0.0077676538633330355,0.00710758,0.0006600738633330359,0.0006600738633330359
0.02469987,0.9651065,-1.116828,3.565147,0.1355896,38.6439,0.011645686581642486,0.0121187,-0.0004730134183575131,0.0004730134183575131
0.00877989,0.820297,-0.71206,2.85865,0.00183885,33.0854,0.0016156962281238256,0.000188229,0.0014274672281238256,0.0014274672281238256
0.0134657,0.940232,-0.84037,3.07896,0.00713731,37.9134,0.0015516481123040275,0.000637848,0.0009138001123040275,0.0009138001123040275
0.02332263,0.5951155,-1.183204,3.664513,0.1999678,23.58703,0.029228498255190083,0.03010574,-0.000877241744809916,0.000877241744809916
0.0201441,0.28528,-0.820695,2.98927,0.00112469,11.506,0.0009487135973199763,0.000331165,0.0006175485973199762,0.0006175485973199762
0.01553328,0.9682806,-1.162526,3.662325,0.3792356,38.23543,0.03345593710669288,0.03465852,-0.0012025828933071164,0.0012025828933071164
0.01062209,0.2066561,-1.370784,4.045081,0.8852643,6.284462,0.7360151465883736,0.7355629,0.0004522465883736171,0.0004522465883736171
0.0194614,0.396693,-0.843952,3.04309,0.00218179,15.9982,0.0010927323595526458,0.000462118,0.0006306143595526457,0.0006306143595526457
0.0227087,0.823289,-0.956608,3.26759,0.0164489,33.1775,0.002075206005727323,0.00168338,0.0003918260057273232,0.0003918260057273232
0.0195664,0.742065,-0.647195,2.74601,0.000324505,29.9343,0.0006740307498307109,3.67131e-05,0.0006373176498307109,0.0006373176498307109
0.00868274,0.530376,-0.659947,2.751,0.000615649,21.3932,0.0015348483272211236,9.74563e-05,0.0014373920272211236,0.0014373920272211236
0.0149544,0.443601,-1.07313,3.43567,0.059469,17.7727,0.011141706343600937,0.0114185,-0.0002767936563990627,0.0002767936563990627
0.0174059,0.589052,-1.12325,3.54313,0.127232,23.4983,0.017940661395902186,0.0186758,-0.0007351386040978132,0.0007351386040978132
0.0230975,0.629221,-0.576316,2.62034,9.37906e-05,25.3829,0.0005510026845676265,1.25134e-05,0.0005384892845676265,0.0005384892845676265
0.0205535,0.513656,-0.563724,2.58972,7.31921e-05,20.7209,0.0006170241106282456,1.19621e-05,0.0006050620106282455,0.0006050620106282455
0.0106811,0.436613,-0.980005,3.27522,0.0250006,17.5613,0.005513906965845761,0.00483369,0.000680216965845761,0.000680216965845761
0.01630591,0.7196939,-1.129604,3.568951,0.1792766,28.65644,0.02078012760134496,0.02163094,-0.0008508123986550424,0.0008508123986550424
0.011916,0.23331,-0.95609,3.2059,0.0088211,9.394,0.003936137857348322,0.0031867,0.0007494378573483216,0.0007494378573483216
0.0233522,0.50888,-1.00007,3.31686,0.0172352,20.493,0.0030961437199940683,0.00286095,0.00023519371999406813,0.00023519371999406813
0.0131445,0.428662,-0.917817,3.16993,0.00900077,17.2736,0.0025843452471783473,0.001767,0.0008173452471783474,0.0008173452471783474
0.023496,0.519169,-0.732889,2.87114,0.00056831,20.9424,0.0006261540114762998,9.19125e-05,0.0005342415114762998,0.0005342415114762998
0.009717487,0.9560708,-1.250094,3.900422,1.560291,34.68323,0.16935160515299197,0.1706147,-0.0012630948470080394,0.0012630948470080394
0.018892015,0.53357523,-1.3698373,4.3031106,1.2262931,18.051294,0.4089160572130829,0.40857553,0.00034052721308286404,0.00034052721308286404
0.0101809,0.443132,-1.01527,3.33574,0.0417383,17.7899,0.00836027525046363,0.00797727,0.0003830052504636295,0.0003830052504636295
0.0198091,0.398208,-1.15448,3.57716,0.111426,15.835,0.023616618650337113,0.0245081,-0.0008914813496628884,0.0008914813496628884
0.023065983,0.74797388,-1.3575603,4.3697097,1.265045,26.478753,0.2867506511343648,0.28581969,0.000930961134364805,0.000930961134364805
0.024632458,0.80040825,-1.3340119,4.2420965,1.1823884,28.886504,0.1988796730893886,0.19778471,0.0010949630893885842,0.0010949630893885842
0.0139996,0.376428,-0.983812,3.27447,0.0172708,15.1497,0.004369664650627263,0.0038727,0.0004969646506272625,0.0004969646506272625
0.016255,0.99873,-0.982544,3.32211,0.0388454,40.2067,0.003715891020757198,0.00328148,0.00043441102075719804,0.00043441102075719804
0.0126964,0.404555,-1.06908,3.42369,0.0606333,16.1954,0.012493141183569739,0.0127671,-0.00027395881643026143,0.00027395881643026143
0.01409899,0.9068565,-1.251644,3.897926,1.062481,33.94803,0.11912495519939115,0.119957,-0.0008320448006088471,0.0008320448006088471
0.0233323,0.626016,-0.717182,2.85402,0.00056402,25.2526,0.0006130218282039803,7.56472e-05,0.0005373746282039802,0.0005373746282039802
0.0099341,0.587729,-1.03703,3.38775,0.0748845,23.5535,0.010935911966215595,0.0108113,0.00012461196621559555,0.00012461196621559555
0.01427083,0.9251774,-1.231723,3.837222,0.8707022,35.2476,0.09054719955623265,0.091757,-0.0012098004437673532,0.0012098004437673532
0.0121814,0.87312,-0.611377,2.69448,0.000387135,35.2201,0.0010591360563431853,3.72242e-05,0.0010219118563431853,0.0010219118563431853
0.0205408,0.483791,-0.672036,2.76671,0.000277267,19.5157,0.0006562530970557508,4.81159e-05,0.0006081371970557508,0.0006081371970557508
0.010672,0.787725,-0.832464,3.05698,0.00681659,31.7617,0.0018859664858473413,0.000727102,0.0011588644858473414,0.0011588644858473414
0.01696562,0.6293014,-1.146357,3.592437,0.1853879,24.9989,0.024806960015562648,0.02578157,-0.0009746099844373524,0.0009746099844373524
0.0168012,0.649596,-0.729907,2.87694,0.00095704,26.2027,0.0008706808999560348,0.000123706,0.0007469748999560348,0.0007469748999560348
0.013522,0.23314,-0.53093,2.4992,3.3142e-05,9.405,0.0009316187908820024,1.1933e-05,0.0009196857908820024,0.0009196857908820024
0.0201704,0.443581,-0.797608,2.97124,0.0012985,17.8915,0.0008669003037234498,0.00024586,0.0006210403037234498,0.0006210403037234498
0.0214276,0.8372768,-1.204599,3.748681,0.3960169,32.89487,0.042171418734721675,0.04313269,-0.0009612712652783267,0.0009612712652783267
0.0247254,0.251023,-0.554185,2.541,2.63061e-05,10.1264,0.0005117434614975283,8.79702e-06,0.0005029464414975283,0.0005029464414975283
0.0232897,0.659529,-0.62982,2.71144,0.000193839,26.6053,0.0005595901176675734,2.4674e-05,0.0005349161176675734,0.0005349161176675734
0.0211527,0.266662,-0.911991,3.1382,0.00322985,10.7507,0.0015362434938467548,0.00101886,0.0005173834938467549,0.0005173834938467549
0.0131097,0.446913,-1.11065,3.50285,0.1095,17.8032,0.02028224654311409,0.0210908,-0.0008085534568859111,0.0008085534568859111
0.0083464517,0.85529913,-1.2924087,4.0364316,2.3069939,28.413317,0.3429772753054962,0.34207211,0.000905165305496225,0.000905165305496225
0.0235731,0.491571,-1.06158,3.42102,0.0361215,19.7559,0.006147419520924185,0.00624539,-9.797047907581478e-05,9.797047907581478e-05
0.0128987,0.647805,-0.646623,2.73847,0.000426571,26.1312,0.0010220145513630244,5.52833e-05,0.0009667312513630243,0.0009667312513630243
0.0174951,0.970625,-0.633047,2.73567,0.000395822,39.1541,0.0007464389157678284,3.42363e-05,0.0007122026157678284,0.0007122026157678284
0.01287586,0.9448037,-1.097755,3.526096,0.1999315,37.68909,0.01754883620731496,0.01819612,-0.0006472837926850411,0.0006472837926850411
0.0216466,0.744784,-0.651504,2.75335,0.000311149,30.0442,0.0006113026692074811,3.50735e-05,0.0005762291692074811,0.0005762291692074811
0.0136901,0.709937,-1.03919,3.40185,0.0675363,28.498,0.008135114237010977,0.00806614,6.897423701097798e-05,6.897423701097798e-05
0.0223352,0.843401,-0.551355,2.59313,9.43451e-05,34.0229,0.0005661564173105623,9.39077e-06,0.0005567656473105622,0.0005567656473105622
0.018802,0.904169,-0.890281,3.16051,0.00932598,36.4547,0.001481554850898877,0.000867299,0.0006142558508988769,0.0006142558508988769
0.0156637,0.987902,-0.5129,2.53706,9.61553e-05,39.8515,0.0008022229892764108,8.17101e-06,0.0007940519792764108,0.0007940519792764108
0.019845,0.366275,-1.01909,3.33284,0.0186024,14.7377,0.0044728981953331606,0.00429798,0.0001749181953331607,0.0001749181953331607
0.00842466,0.543186,-0.823861,3.02455,0.00533168,21.9001,0.002299262474856597,0.000824709,0.0014745534748565972,0.0014745534748565972
0.0112118,0.632339,-0.906041,3.16908,0.0133844,25.4802,0.0027736061222301766,0.00178079,0.0009928161222301766,0.0009928161222301766
0.00841754,0.607838,-0.900037,3.15708,0.0158642,24.4863,0.0035387066335797693,0.0021959,0.0013428066335797692,0.0013428066335797692
0.0205678,0.650611,-0.809265,3.00898,0.00216921,26.2413,0.0008873583547936163,0.000280053,0.0006073053547936164,0.0006073053547936164
0.0102623,0.717803,-0.988031,3.31396,0.0474056,28.8567,0.00622044433012917,0.0055773,0.0006431443301291697,0.0006431443301291697
0.00871622,0.7411549,-1.293739,4.008134,1.971974,24.8329,0.33415863388964173,0.3332058,0.0009528338896417354,0.0009528338896417354
0.01874146,0.6053929,-1.208505,3.723059,0.3421146,23.6921,0.050764417316647686,0.05185164,-0.001087222683352311,0.001087222683352311
0.00837644,0.747521,-0.755987,2.92711,0.00308756,30.1471,0.0018469081853668783,0.000346867,0.0015000411853668782,0.0015000411853668782
0.0140329,0.48074,-0.905954,3.15559,0.00812176,19.3762,0.0022146119722736973,0.0014212,0.0007934119722736973,0.0007934119722736973
0.0213243,0.720219,-0.872654,3.11965,0.00522471,29.043,0.0011678852666007482,0.000609767,0.0005581182666007482,0.0005581182666007482
0.02479183,0.5794101,-1.160159,3.614199,0.1387787,23.08438,0.02032277997371819,0.02106501,-0.00074223002628181,0.00074223002628181
0.0248745,0.875738,-0.542607,2.58045,7.86127e-05,35.3275,0.000507464545412219,7.53588e-06,0.000499928665412219,0.000499928665412219
0.02461632,0.7088369,-1.150178,3.609198,0.1511281,28.27681,0.017968382795066937,0.01866251,-0.0006941272049330628,0.0006941272049330628
0.0219843,0.943284,-0.55815,2.60991,0.000116979,38.0521,0.0005760752156065455,1.04108e-05,0.0005656644156065455,0.0005656644156065455
0.01748,0.536998,-0.5173,2.51476,4.95607e-05,21.6624,0.0007192616624031473,7.74775e-06,0.0007115139124031473,0.0007115139124031473
0.0100561,0.312826,-0.805499,2.96817,0.00203242,12.615,0.0017891801513488005,0.000545745,0.0012434351513488004,0.0012434351513488004
0.0104551,0.371856,-0.642532,2.70541,0.000286633,14.9997,0.0012571003411424638,6.47131e-05,0.001192387241142464,0.001192387241142464
0.020889,0.597601,-0.751813,2.90932,0.000938215,24.1055,0.0007332903521243395,0.000131832,0.0006014583521243395,0.0006014583521243395
0.0212824,0.344933,-0.645152,2.70631,0.00013509,13.9145,0.0006187365986212357,3.28787e-05,0.0005858578986212358,0.0005858578986212358
0.01931467,0.9551135,-1.197283,3.745289,0.458265,37.49649,0.042483070799007844,0.04355908,-0.0010760092009921562,0.0010760092009921562
0.0210003,0.435301,-1.1241,3.52595,0.0789321,17.398,0.015032938849867462,0.0156498,-0.0006168611501325364,0.0006168611501325364
0.00885181,0.684208,-0.775586,2.95539,0.00343949,27.5926,0.0018411700252537978,0.000422204,0.0014189660252537978,0.0014189660252537978
0.0202265,0.809283,-0.811878,3.02401,0.00283735,32.6407,0.0009115509083341798,0.000294501,0.0006170499083341797,0.0006170499083341797
0.021637,0.578082,-0.702018,2.82499,0.000462251,23.3191,0.000645890257802153,6.71365e-05,0.0005787537578021529,0.0005787537578021529
0.01101,0.735228,-0.502224,2.50487,8.87626e-05,29.6581,0.0011399514161639325,1.01351e-05,0.0011298163161639326,0.0011298163161639326
0.0220019,0.518137,-1.12507,3.5384,0.0907286,20.7144,0.014528323606664258,0.0151233,-0.0005949763933357412,0.0005949763933357412
0.0179271,0.547554,-0.722589,2.85656,0.000688234,22.0869,0.0008052283259800321,0.000105536,0.000699692325980032,0.000699692325980032
0.0208023,0.297054,-0.633239,2.67973,0.000102136,11.9831,0.0006278452636136817,2.88645e-05,0.0005989807636136817,0.0005989807636136817
0.011251,0.779572,-0.91328,3.19165,0.0180413,31.4096,0.002916420774560955,0.0019475,0.0009689207745609552,0.0009689207745609552
0.0120908,0.8146,-0.571896,2.62553,0.000219149,32.8598,0.0010512248393723003,2.25852e-05,0.0010286396393723004,0.0010286396393723004
0.0212421,0.823479,-0.920644,3.20681,0.0110965,33.1962,0.001634731492151317,0.00113384,0.0005008914921513169,0.0005008914921513169
0.0133528,0.996084,-0.850438,3.09866,0.00867672,40.1632,0.001646233757450946,0.000732039,0.0009141947574509459,0.0009141947574509459
0.0108821,0.855923,-0.891643,3.16003,0.0155192,34.4945,0.0025833243336964478,0.00152495,0.0010583743336964478,0.0010583743336964478
0.00888351,0.8836677,-1.107189,3.539518,0.3040736,35.00306,0.028646404017201966,0.02977122,-0.0011248159827980352,0.0011248159827980352
0.0129012,0.975903,-0.736024,2.90703,0.00202539,39.363,0.00114743525621148,0.000174272,0.00097316325621148,0.00097316325621148
0.0153051,0.822794,-0.539557,2.57233,0.000115428,33.191,0.0008242879173523278,1.17772e-05,0.0008125107173523278,0.0008125107173523278
0.0108455,0.275682,-1.01795,3.3173,0.0252224,11.0696,0.008082243247313029,0.00775016,0.00033208324731302894,0.00033208324731302894
0.00931611,0.332758,-0.525181,2.50549,6.37619e-05,13.4229,0.0013510273101104261,1.60859e-05,0.0013349414101104262,0.0013349414101104262
0.016244809,0.60576284,-1.3937859,4.53698,2.5845627,19.268376,0.6421381976279207,0.64629706,-0.004158862372079297,0.004158862372079297
0.0157505,0.748162,-1.10218,3.51893,0.137131,29.8937,0.015166634465464384,0.0157457,-0.0005790655345356173,0.0005790655345356173
0.01491766,0.6136071,-1.13257,3.563605,0.1733332,24.39202,0.023599068923071582,0.02456231,-0.0009632410769284186,0.0009632410769284186
0.013374819,0.40534181,-1.3569093,4.13719,1.2252887,13.139649,0.490458304155439,0.48881514,0.0016431641554390253,0.0016431641554390253
0.0219238,0.715856,-0.808282,3.012,0.00221104,28.8733,0.0008293422886201129,0.000259434,0.0005699082886201129,0.0005699082886201129
0.0199784,0.864137,-0.742815,2.91232,0.00126369,34.8568,0.0007514526592881051,0.000122795,0.0006286576592881051,0.0006286576592881051
0.0197992,0.496693,-0.664195,2.75494,0.000267036,20.0362,0.0006756804199395402,4.51353e-05,0.0006305451199395402,0.0006305451199395402
0.00915992,0.345889,-0.934034,3.18691,0.0128249,13.9266,0.004224125248316942,0.00312286,0.0011012652483169422,0.0011012652483169422
0.01568408,0.5058771,-1.19517,3.676388,0.2912552,19.79915,0.050880406025950564,0.0522058,-0.0013253939740494325,0.0013253939740494325
0.01050798,0.2249461,-1.239856,3.707238,0.3265298,8.408936,0.1368767054283469,0.1383371,-0.0014603945716530897,0.0014603945716530897
0.021891,0.364856,-0.848747,3.04717,0.00189727,14.7146,0.000995378383408677,0.00043693,0.0005584483834086771,0.0005584483834086771
0.0115271,0.77448,-0.633793,2.72584,0.000483963,31.2408,0.0011334395041881237,5.24622e-05,0.0010809773041881238,0.0010809773041881238
0.0187158,0.988729,-1.04053,3.42323,0.070031,39.7375,0.006043331714434081,0.00600266,4.0671714434081276e-05,4.0671714434081276e-05
0.0212879,0.903087,-0.825423,3.05201,0.00357968,36.4233,0.0009161157621828967,0.000332993,0.0005831227621828966,0.0005831227621828966
0.0104865,0.822257,-0.930593,3.22349,0.0254844,33.1156,0.0035863169526633783,0.00260986,0.0009764569526633784,0.0009764569526633784
0.01319027,0.5123907,-1.17691,3.638799,0.2807099,20.08618,0.04757682121506915,0.0490978,-0.0015209787849308487,0.0015209787849308487
0.02237591,0.3048927,-1.214336,3.677307,0.1551539,11.98157,0.04591789228476018,0.04680753,-0.0008896377152398174,0.0008896377152398174
0.02035308,0.4691604,-1.314643,3.999066,0.6846541,17.24039,0.18762045739899227,0.1866473,0.0009731573989922859,0.0009731573989922859
0.0106758,0.980719,-1.04397,3.42884,0.126983,39.2929,0.011025548436816345,0.0109975,2.8048436816344516e-05,2.8048436816344516e-05
0.0201278,0.421451,-0.998524,3.30483,0.0162308,16.9682,0.0035343010341595954,0.00325387,0.00028043103415959555,0.00028043103415959555
0.01624523,0.3873085,-1.168365,3.601936,0.1560807,15.30347,0.034531962749671824,0.03572084,-0.0011888772503281728,0.0011888772503281728
0.0215115,0.979178,-0.761905,2.95024,0.00169931,39.4967,0.0007298648000144056,0.000145734,0.0005841308000144056,0.0005841308000144056
0.01653314,0.3085703,-1.230114,3.711247,0.253041,11.92779,0.07651737015035687,0.07758083,-0.0010634598496431363,0.0010634598496431363
0.01758028,0.2439297,-1.242596,3.719538,0.2309315,9.368991,0.08481772759116941,0.08564753,-0.000829802408830585,0.000829802408830585
0.01385818,0.6116052,-1.146606,3.590788,0.2208245,24.21149,0.030467917623247128,0.03166376,-0.001195842376752871,0.001195842376752871
0.012429824,0.7589063,-1.3278767,4.1784496,1.8596275,25.453447,0.3642948572025295,0.36225183,0.0020430272025295237,0.0020430272025295237
0.0190872,0.668311,-0.582551,2.6336,0.000130597,26.9595,0.0006680956114848656,1.64049e-05,0.0006516907114848656,0.0006516907114848656
0.00968862,0.393689,-0.824976,3.01115,0.00340877,15.874,0.0020089805433248418,0.000727461,0.0012815195433248418,0.0012815195433248418
0.0225865,0.602977,-1.02487,3.36812,0.0289864,24.2644,0.004190718801885569,0.00406746,0.00012325880188556858,0.00012325880188556858
0.0172671,0.880561,-0.705345,2.85097,0.000920823,35.5198,0.000813226636349606,8.78009e-05,0.0007254257363496061,0.0007254257363496061
0.0133996,0.395661,-1.07138,3.42654,0.0578193,15.8425,0.012172528192360808,0.0124603,-0.00028777180763919254,0.00028777180763919254
0.00922998,0.839375,-0.664475,2.78073,0.00097144,33.8569,0.0014497762825911424,9.71689e-05,0.0013526073825911424,0.0013526073825911424
0.0169568,0.622616,-0.815974,3.01801,0.00274434,25.1106,0.00110525774940456,0.000370262,0.00073499574940456,0.00073499574940456
0.02470098,0.804693,-1.238677,3.838262,0.4800434,31.33391,0.0573314474416913,0.05796517,-0.0006337225583087011,0.0006337225583087011
0.01762265,0.7566482,-1.247564,3.855174,0.6891644,28.89974,0.09032867947140669,0.09107247,-0.0007437905285933161,0.0007437905285933161
0.0181355,0.291604,-0.54695,2.53565,3.79648e-05,11.7633,0.0006966245259260345,1.09293e-05,0.0006856952259260344,0.0006856952259260344
0.011224004,0.29831009,-1.3906533,4.2113475,1.3188989,8.5356863,0.8937584161476421,0.89851191,-0.004753493852357904,0.004753493852357904
0.01432296,0.4119794,-1.255066,3.796089,0.5174995,15.52063,0.12265410392638455,0.1233876,-0.0007334960736154472,0.0007334960736154472
0.0231262,0.486311,-1.13017,3.54398,0.0863663,19.4399,0.014758926987176178,0.0153627,-0.000603773012823822,0.000603773012823822
0.01278521,0.8896172,-1.106003,3.537821,0.2102349,35.4421,0.01960789277739765,0.02037311,-0.0007652172226023483,0.0007652172226023483
0.019402,0.21345,-0.86974,3.0579,0.0016342,8.5836,0.0012614536590842581,0.00064556,0.0006158936590842582,0.0006158936590842582
0.0106335,0.269843,-0.565774,2.56343,7.63045e-05,10.8851,0.0011932816586721138,2.37383e-05,0.0011695433586721138,0.0011695433586721138
0.0124076,0.80519,-0.812072,3.02408,0.00461309,32.4711,0.0014871175820855833,0.000481279,0.0010058385820855833,0.0010058385820855833
0.018399,0.24249,-0.55291,2.5374,3.3593e-05,9.7819,0.0006875095001723983,1.1629e-05,0.0006758805001723983,0.0006758805001723983
0.0157369,0.826772,-0.909932,3.18899,0.0131076,33.3244,0.0020334312605941917,0.00133376,0.0006996712605941916,0.0006996712605941916
0.0198097,0.5254232,-1.168972,3.624692,0.1749855,20.83207,0.028544675278137668,0.02952286,-0.0009781847218623338,0.0009781847218623338
0.0121351,0.751647,-0.783611,2.97333,0.00305542,30.3144,0.001375796581375564,0.000341407,0.0010343895813755642,0.0010343895813755642
0.01761499,0.6335324,-1.141864,3.584027,0.17017,25.20154,0.022538551151295508,0.02343875,-0.0009001988487044935,0.0009001988487044935
0.0154421,0.435942,-0.997841,3.30533,0.0216929,17.5414,0.004573923566201319,0.00420419,0.00036973356620131903,0.00036973356620131903
0.0224714,0.88524,-0.565166,2.61843,0.00011753,35.7106,0.0005645725793733438,1.11457e-05,0.0005534268793733439,0.0005534268793733439
0.0161652,0.42073,-1.14377,3.56034,0.126232,16.7128,0.025174902190996124,0.026174,-0.0009990978090038752,0.0009990978090038752
0.0127178,0.619494,-0.677882,2.78823,0.000618123,24.9887,0.001066439831380855,8.37727e-05,0.000982667131380855,0.000982667131380855
0.0219555,0.942091,-0.817763,3.04134,0.00328167,37.9974,0.0008598835215597517,0.000292613,0.0005672705215597517,0.0005672705215597517
0.0146911,0.916207,-0.594631,2.66904,0.000271653,36.9588,0.0008718032904338734,2.48915e-05,0.0008469117904338734,0.0008469117904338734
0.0238985,0.693547,-0.626698,2.70869,0.000190838,27.9776,0.0005443118311321343,2.31004e-05,0.0005212114311321343,0.0005212114311321343
0.00896379,0.938045,-0.845523,3.08744,0.0114268,37.8151,0.002391219228402111,0.00102376,0.001367459228402111,0.001367459228402111
0.0122865,0.573545,-0.5229,2.52721,8.09241e-05,23.1362,0.0010240673942111622,1.18448e-05,0.0010122225942111622,0.0010122225942111622
0.0144524,0.317092,-1.05985,3.39536,0.0371257,12.7158,0.009821565113702711,0.00996234,-0.0001407748862972888,0.0001407748862972888
0.0199258,0.293444,-1.06843,3.40633,0.0278177,11.781,0.007898021431415441,0.00806808,-0.00017005856858455862,0.00017005856858455862
0.02405688,0.9329839,-1.206876,3.768038,0.4031857,36.71737,0.03870733455958588,0.03955834,-0.0008510054404141168,0.0008510054404141168
0.0173896,0.609955,-1.10418,3.5097,0.103927,24.39,0.014087935156683317,0.0146319,-0.0005439648433166831,0.0005439648433166831
0.02439285,0.2726333,-1.337268,3.982001,0.4293862,10.01234,0.20938287972845046,0.208259,0.001123879728450461,0.001123879728450461
0.0122965,0.452081,-0.771636,2.92896,0.00155514,18.2335,0.0013105583791328203,0.000288891,0.0010216673791328202,0.0010216673791328202
0.0211818,0.921531,-1.02886,3.39838,0.0496906,37.0703,0.004673506279899407,0.00456511,0.00010839627989940679,0.00010839627989940679
0.0190103,0.421708,-0.933869,3.19602,0.00752229,16.9964,0.0020325583652408105,0.00150154,0.0005310183652408105,0.0005310183652408105
0.0226161,0.90403,-1.08136,3.49225,0.0888591,36.2815,0.008148644461612497,0.00839245,-0.0002438055383875027,0.0002438055383875027
0.0135695,0.8117007,-1.242863,3.850794,0.9161222,30.575,0.11027437485683132,0.1113443,-0.0010699251431686707,0.0010699251431686707
0.00899387,0.302196,-0.709553,2.80722,0.000640391,12.1889,0.0015711447676623523,0.000177928,0.0013932167676623524,0.0013932167676623524
0.00930433,0.70601,-0.613165,2.68708,0.000419353,28.4784,0.0013878595463066483,4.98666e-05,0.0013379929463066484,0.0013379929463066484
0.01331882,0.4024416,-1.238195,3.752404,0.4487561,15.2963,0.10565374778706393,0.1068383,-0.001184552212936063,0.001184552212936063
0.0201565,0.765124,-0.854127,3.09169,0.00462971,30.8556,0.0011120226751856744,0.000508482,0.0006035406751856744,0.0006035406751856744
0.0133877,0.643058,-0.518585,2.52554,7.8779e-05,25.9404,0.0009392803750783921,1.02844e-05,0.0009289959750783921,0.0009289959750783921
0.0101202,0.524327,-0.90242,3.15386,0.0117368,21.1266,0.0029935606217869307,0.00188322,0.0011103406217869308,0.0011103406217869308
0.0197995,0.866047,-0.829994,3.05756,0.00391391,34.9283,0.0010051694429616966,0.000379675,0.0006254944429616966,0.0006254944429616966
0.01446227,0.2876469,-1.237243,3.720858,0.2935565,11.00125,0.09608807009367237,0.09719494,-0.0011068699063276205,0.0011068699063276205
0.0104488,0.615801,-0.694467,2.81549,0.000925397,24.8388,0.0013238698084958498,0.000126174,0.0011976958084958498,0.0011976958084958498
0.0242198,0.62658,-0.542538,2.56406,5.77165e-05,25.2764,0.0005211753282458051,7.73278e-06,0.0005134425482458051,0.0005134425482458051
0.0158863,0.306456,-0.913713,3.14738,0.00505206,12.3522,0.0020722430504945574,0.00138696,0.0006852830504945574,0.0006852830504945574
0.0196907,0.786057,-0.897388,3.1654,0.00848065,31.692,0.00148494549695821,0.000907308,0.0005776374969582099,0.0005776374969582099
0.023136087,0.43504529,-1.3918838,4.3678672,1.0270254,14.586372,0.44030041260124697,0.44283919,-0.0025387773987530227,0.0025387773987530227
0.0247202,0.985305,-0.612158,2.70173,0.000217453,39.7472,0.0005221107235004326,1.85278e-05,0.0005035829235004326,0.0005035829235004326
0.012757685,0.87974347,-1.3483667,4.3642513,2.4825108,28.192948,0.4612757721926285,0.45920481,0.0020709621926284782,0.0020709621926284782
0.0189152,0.267607,-1.0721,3.40814,0.0279914,10.7385,0.00869889141419236,0.00890941,-0.00021051858580764006,0.00021051858580764006
0.0125768,0.454436,-0.606,2.65411,0.000182137,18.3313,0.0010232519055185458,3.36476e-05,0.0009896043055185458,0.0009896043055185458
0.014057406,0.59075245,-1.3290485,4.1101275,1.3478594,20.237078,0.3269999015457009,0.32516771,0.001832191545700912,0.001832191545700912
0.02252427,0.4138009,-1.282698,3.872839,0.4367102,15.72236,0.11198940042959468,0.1118921,9.730042959468777e-05,9.730042959468777e-05
0.0130953,0.381311,-0.536459,2.53047,6.00823e-05,15.3818,0.0009628571461352939,1.32275e-05,0.0009496296461352938,0.0009496296461352938
0.02039596,0.3141585,-1.280506,3.832246,0.3704348,11.89042,0.12018777280457664,0.1201376,5.017280457664253e-05,5.017280457664253e-05
0.0178379,0.5076361,-1.317407,4.025321,0.8546321,18.32474,0.22184760277035678,0.2206618,0.001185802770356792,0.001185802770356792
0.0199041,0.941598,-0.619013,2.71088,0.000281846,37.9836,0.0006507272711535121,2.51291e-05,0.0006255981711535121,0.0006255981711535121
0.0208144,0.258732,-1.16229,3.56591,0.0761301,10.2825,0.024890377738177337,0.0257865,-0.0008961222618226634,0.0008961222618226634
0.0242142,0.466452,-0.559498,2.57814,5.34373e-05,18.8168,0.0005231925885557356,9.6172e-06,0.0005135753885557356,0.0005135753885557356
0.0114107,0.275411,-0.784226,2.92708,0.00120011,11.1075,0.001465947534305474,0.000365965,0.001099982534305474,0.001099982534305474
0.0244725,0.389444,-0.678111,2.76663,0.000202543,15.71,0.0005543420381713106,4.36632e-05,0.0005106788381713107,0.0005106788381713107
0.014783437,0.70551044,-1.3724084,4.4350479,2.2400782,21.825767,0.5397733601118784,0.53965738,0.00011598011187841095,0.00011598011187841095
0.01213659,0.4891228,-1.208199,3.70176,0.4226323,18.84712,0.07807526488194269,0.07975629,-0.0016810251180573027,0.0016810251180573027
0.0161151,0.473682,-0.941362,3.21418,0.0109702,19.0858,0.0025545888978042047,0.00195026,0.0006043288978042046,0.0006043288978042046
0.0219207,0.529433,-0.666601,2.76197,0.000265154,21.357,0.0006116678055353748,4.20464e-05,0.0005696214055353748,0.0005696214055353748
0.0119998,0.714117,-0.516511,2.52717,9.50373e-05,28.8067,0.0010476357101532952,1.11723e-05,0.0010364634101532953,0.0010364634101532953
0.0189478,0.898246,-0.770643,2.96051,0.00197996,36.2312,0.0008481588189781526,0.000185106,0.0006630528189781526,0.0006630528189781526
0.00881357,0.875665,-1.04645,3.42658,0.141659,35.0253,0.013746779955785415,0.0137536,-6.820044214584514e-06,6.820044214584514e-06
0.022063,0.812986,-0.615427,2.69771,0.000209655,32.7957,0.0005859513804607745,2.16497e-05,0.0005643016804607744,0.0005643016804607744
0.0181948,0.968111,-0.932029,3.2343,0.0176201,39.0166,0.002091522522004856,0.00153219,0.0005593325220048563,0.0005593325220048563
0.0211871,0.41111,-0.653824,2.72882,0.000180785,16.584,0.0006257336156723475,3.69181e-05,0.0005888155156723475,0.0005888155156723475
0.014773,0.439515,-0.83409,3.03149,0.00280574,17.7242,0.0013727020681305342,0.000536343,0.0008363590681305342,0.0008363590681305342
0.013555,0.894086,-1.05369,3.44085,0.10324,35.8498,0.009732303745125884,0.00981394,-8.163625487411612e-05,8.163625487411612e-05
0.0219048,0.574926,-0.745241,2.89654,0.000791096,23.1911,0.0006889747912760244,0.000115541,0.0005734337912760243,0.0005734337912760243
0.01134116,0.6111763,-1.284939,3.938643,1.227479,21.67796,0.22901452506748782,0.2287125,0.00030202506748780444,0.00030202506748780444
0.01839508,0.7145393,-1.14289,3.594896,0.1859784,28.43374,0.0218719252017812,0.02274226,-0.0008703347982188005,0.0008703347982188005
0.0182592,0.87773,-0.574027,2.63273,0.000160703,35.4073,0.0006965277973368969,1.53704e-05,0.0006811573973368968,0.0006811573973368968
0.017209,0.717768,-0.818484,3.02912,0.00321944,28.9481,0.0011003214532981083,0.00037679,0.0007235314532981083,0.0007235314532981083
0.0187846,0.987441,-1.07473,3.48556,0.107391,39.606,0.009044685627331215,0.009279,-0.0002343143726687858,0.0002343143726687858
0.024795,0.639511,-1.00191,3.33171,0.0208908,25.755,0.002973126173846613,0.00275872,0.00021440617384661277,0.00021440617384661277
0.01756404,0.8004506,-1.179753,3.683487,0.3418793,31.55393,0.03708947620393553,0.03824305,-0.0011535737960644693,0.0011535737960644693
0.0160501,0.59888,-0.714056,2.84669,0.000753504,24.1572,0.0008866359267565472,0.000105641,0.0007809949267565473,0.0007809949267565473
0.00902537,0.334987,-0.734606,2.85351,0.000975862,13.5109,0.0016355706666897612,0.000244615,0.0013909556666897613,0.0013909556666897613
0.0153035,0.80225,-0.996499,3.33437,0.0396109,32.2799,0.00455115526826858,0.00416979,0.0003813652682685808,0.0003813652682685808
0.0208914,0.331127,-1.03995,3.36345,0.0208414,13.3153,0.005377852180047134,0.00533754,4.031218004713413e-05,4.031218004713413e-05
0.00851216,0.720535,-0.74287,2.90352,0.00247462,29.0598,0.0017638987693673147,0.000288408,0.0014754907693673147,0.0014754907693673147
0.01290159,0.500861,-1.285572,3.907603,0.9171303,18.07675,0.2029836396267578,0.2026932,0.00029043962675781576,0.00029043962675781576
0.02101539,0.4895433,-1.229114,3.750905,0.3158129,19.07927,0.05940922937471538,0.06025577,-0.0008465406252846225,0.0008465406252846225
0.0135619,0.339815,-0.914051,3.15271,0.00658994,13.6946,0.002433633466130622,0.00163174,0.0008018934661306221,0.0008018934661306221
0.0140258,0.249384,-1.01856,3.3137,0.0177907,10.024,0.006291770641137644,0.00603969,0.00025208064113764386,0.00025208064113764386
0.0111785,0.888141,-0.524934,2.5518,0.000141377,35.8263,0.001125899401518223,1.33635e-05,0.0011125359015182231,0.0011125359015182231
0.0083981138,0.45709042,-1.3820528,4.2913791,2.3494699,11.914651,1.0726235522754934,1.0752577,-0.0026341477245066525,0.0026341477245066525
0.023003742,0.82009596,-1.3396502,4.2863372,1.329701,29.223289,0.2288948341115605,0.22769598,0.00119885411156051,0.00119885411156051
0.02052251,0.5113699,-1.202727,3.694072,0.2460909,20.11339,0.04295769820443225,0.04396474,-0.0010070417955677508,0.0010070417955677508
0.0207257,0.775637,-0.73656,2.89663,0.00100899,31.2873,0.0007150167730072573,0.000109229,0.0006057877730072574,0.0006057877730072574
0.0209044,0.631323,-0.745719,2.90184,0.000915874,25.4659,0.0007227041394015112,0.000121816,0.0006008881394015112,0.0006008881394015112
0.01120346,0.2613212,-1.189442,3.617089,0.197617,10.13903,0.06605233947211384,0.06790083,-0.0018484905278861596,0.0018484905278861596
0.0125525,0.577262,-0.918073,3.18476,0.0127341,23.2601,0.0027115883338401626,0.00185642,0.0008551683338401627,0.0008551683338401627
0.01122594,0.7225815,-1.157293,3.625072,0.3657581,28.37635,0.04323199855403119,0.04483936,-0.001607361445968812,0.001607361445968812
0.0233256,0.53852,-0.920258,3.18503,0.00657625,21.7106,0.00148422428530609,0.00102746,0.0004567642853060901,0.0004567642853060901
0.00969739,0.804163,-1.10321,3.5255,0.241513,31.9315,0.024955547371528757,0.0259136,-0.0009580526284712412,0.0009580526284712412
0.01012,0.24483,-0.88093,3.0826,0.0041609,9.8679,0.002590030803143589,0.001429,0.0011610308031435891,0.0011610308031435891
0.02308582,0.5920447,-1.146099,3.587644,0.1281197,23.61661,0.01816944481418723,0.01888401,-0.0007145651858127683,0.0007145651858127683
0.009009516,0.612668,-1.175776,3.650298,0.4820236,23.70271,0.06862437397886628,0.07084184,-0.002217466021133721,0.002217466021133721
0.016265,0.894929,-0.66481,2.78443,0.000590305,36.1,0.000822968268394777,5.53786e-05,0.000767589668394777,0.000767589668394777
0.0212698,0.941704,-1.07611,3.48508,0.0920926,37.7941,0.008123741295781157,0.0083412,-0.0002174587042188432,0.0002174587042188432
0.01686424,0.5171875,-1.189252,3.66558,0.257689,20.32578,0.04377105827876688,0.04499883,-0.0012277717212331174,0.0012277717212331174
0.0170555,0.364875,-1.13735,3.5398,0.0959349,14.5228,0.021955856585470748,0.0228435,-0.0008876434145292517,0.0008876434145292517
0.0136324,0.419289,-0.974555,3.26407,0.0175505,16.878,0.004094943520880582,0.00353118,0.0005637635208805818,0.0005637635208805818
0.015845,0.20578,-0.6218,2.6446,8.008e-05,8.2883,0.0008186704297353331,3.2714e-05,0.0007859564297353331,0.0007859564297353331
0.02222989,0.6816822,-1.139309,3.584308,0.1407606,27.2045,0.017277871516378728,0.0179731,-0.0006952284836212706,0.0006952284836212706
0.00913515,0.466615,-0.66681,2.75632,0.000562259,18.8214,0.0014680500848840983,0.000101167,0.0013668830848840982,0.0013668830848840982
0.00908312,0.543841,-1.12694,3.54471,0.234343,21.4528,0.03604734583269541,0.0375246,-0.001477254167304591,0.001477254167304591
0.01667777,0.5730754,-1.243241,3.80414,0.5409155,21.92705,0.09016973959744143,0.09103407,-0.0008643304025585663,0.0008643304025585663
0.023878317,0.50679924,-1.3415887,4.1331037,0.80193684,18.291644,0.22604113137364756,0.2248868,0.0011543313736475658,0.0011543313736475658
0.00860765,0.53408,-0.518294,2.51615,0.000101382,21.5436,0.0014608310462151325,1.59359e-05,0.0014448951462151325,0.0014448951462151325
0.0217576,0.513957,-0.66097,2.75121,0.00024124,20.7327,0.0006130630608158797,3.94059e-05,0.0005736571608158797,0.0005736571608158797
0.0124923,0.298971,-0.55389,2.54829,6.17752e-05,12.0603,0.0010128021928650997,1.73458e-05,0.0009954563928650996,0.0009954563928650996
0.0140777,0.671649,-0.640355,2.72981,0.000373888,27.0932,0.0009321759250652056,4.6735e-05,0.0008854409250652056,0.0008854409250652056
0.0236516,0.963995,-1.05737,3.45211,0.0669081,38.7467,0.005826625427577173,0.00589659,-6.99645724228275e-05,6.99645724228275e-05
0.024809905,0.33098831,-1.3958012,4.2899923,0.75026678,11.256665,0.4311464299895062,0.43427396,-0.0031275300104938175,0.0031275300104938175
0.0219076,0.555187,-0.955325,3.24546,0.0113108,22.3731,0.002126091288479974,0.00171641,0.0004096812884799739,0.0004096812884799739
0.0136669,0.891062,-1.03713,3.41106,0.0826927,35.7712,0.007958145834974466,0.00786848,8.96658349744655e-05,8.96658349744655e-05
0.022845,0.547118,-0.861981,3.08841,0.00323081,22.0643,0.0010243929603331644,0.000496263,0.0005281299603331643,0.0005281299603331643
0.01166084,0.9632645,-1.165151,3.667578,0.5158737,37.73474,0.046124244946691144,0.04775154,-0.0016272950533088582,0.0016272950533088582
0.00901573,0.909479,-0.895754,3.16998,0.0209788,36.6428,0.0032066954949063905,0.00194045,0.0012662454949063904,0.0012662454949063904
0.01068761,0.4787355,-1.293903,3.925761,1.12157,16.69701,0.2731029167911365,0.2723165,0.0007864167911365016,0.0007864167911365016
0.0246458,0.624722,-0.916703,3.18637,0.00689869,25.1873,0.0013665465990789166,0.000929012,0.00043753459907891663,0.00043753459907891663
0.012025,0.512747,-1.13135,3.54936,0.176866,20.3176,0.028818922589413376,0.0299972,-0.0011782774105866256,0.0011782774105866256
0.0227107,0.745528,-0.617733,2.69732,0.000192391,30.0745,0.0005699223766676675,2.16645e-05,0.0005482578766676675,0.0005482578766676675
0.00848427,0.257929,-0.766726,2.89509,0.00120736,10.4021,0.0018740622459493816,0.000393107,0.0014809552459493817,0.0014809552459493817
0.0233561,0.687432,-0.812571,3.01717,0.00210589,27.727,0.0007915668143433119,0.000257319,0.0005342478143433119,0.0005342478143433119
0.01553306,0.2431645,-1.293254,3.836607,0.430116,8.915276,0.18633090690379037,0.1858139,0.0005170069037903624,0.0005170069037903624
0.01733645,0.4846394,-1.247672,3.795863,0.4651671,18.54811,0.09195037709277927,0.09270351,-0.0007531329072207327,0.0007531329072207327
0.011302,0.723279,-0.912529,3.18663,0.0165037,29.1421,0.002886866437239932,0.00192009,0.0009667764372399319,0.0009667764372399319
0.018127,0.20753,-0.7055,2.7837,0.0002061,8.3303,0.0007748248622932982,8.3806e-05,0.0006910188622932982,0.0006910188622932982
0.0152817,0.348592,-1.06822,3.41455,0.0429564,13.9745,0.010272088538846489,0.0104917,-0.00021961146115351098,0.00021961146115351098
0.020354,0.7033,-0.976072,3.29253,0.0201085,28.3296,0.002783567623745138,0.00241158,0.00037198762374513784,0.00037198762374513784
0.01929681,0.5912007,-1.151838,3.598871,0.1640487,23.50734,0.02342271802179033,0.02432037,-0.0008976519782096723,0.0008976519782096723
0.0115364,0.708403,-0.89255,3.15211,0.0122579,28.5509,0.002451782114551486,0.00145533,0.000996452114551486,0.000996452114551486
0.019941945,0.52129234,-1.3306098,4.0882362,0.86882162,18.753386,0.23517300003649966,0.23385943,0.0013135700364996505,0.0013135700364996505
0.0194703,0.343611,-0.967902,3.24337,0.00925196,13.8425,0.0026892350382348262,0.00226987,0.00041936503823482643,0.00041936503823482643
0.0094691551,0.60538837,-1.3643415,4.2907974,2.847694,16.322492,0.7611325778331609,0.75959379,0.0015387878331608595,0.0015387878331608595
0.0140615,0.761162,-0.813682,3.024,0.00392838,30.6967,0.0013206007605330418,0.000433547,0.0008870537605330418,0.0008870537605330418
0.02240901,0.3878676,-1.173023,3.611238,0.1204359,15.39928,0.026610878176376765,0.02749234,-0.0008814618236232356,0.0008814618236232356
0.0167184,0.458446,-1.0972,3.48014,0.0745118,18.3406,0.013421692181631613,0.0139148,-0.0004931078183683865,0.0004931078183683865
0.024269,0.441675,-1.06937,3.4289,0.0348018,17.746,0.006558830625153577,0.0067042,-0.00014536937484642236,0.00014536937484642236
0.0222971,0.376846,-0.724204,2.84165,0.000388822,15.2014,0.0006492584683368719,8.66305e-05,0.0005626279683368718,0.0005626279683368718
0.0215327,0.655478,-0.600087,2.66178,0.000142226,26.4419,0.0005961201790031388,1.82156e-05,0.0005779045790031388,0.0005779045790031388
0.0160635,0.440151,-1.08163,3.45021,0.0611487,17.6302,0.011510842073844136,0.0118565,-0.00034565792615586476,0.00034565792615586476
0.0127658,0.756686,-0.941618,3.23788,0.0221891,30.478,0.0032319298021067527,0.00247002,0.0007619098021067528,0.0007619098021067528
0.0171119,0.692134,-0.721273,2.86567,0.000896118,27.9188,0.0008416623185454285,0.00010871,0.0007329523185454285,0.0007329523185454285
0.00898071,0.430296,-0.626833,2.68614,0.000315615,17.3569,0.001448579574581191,6.15788e-05,0.001387000774581191,0.001387000774581191
0.0240404,0.876182,-0.607021,2.68742,0.000186143,35.3452,0.000535566456669277,1.78352e-05,0.000517731256669277,0.000517731256669277
0.0200792,0.243709,-1.10906,3.46756,0.03826,9.75366,0.012977818341926909,0.0134919,-0.0005140816580730904,0.0005140816580730904
0.02002,0.3669363,-1.306058,3.925919,0.5451842,13.56021,0.17070266618223498,0.1699396,0.0007630661822349838,0.0007630661822349838
0.0168044,0.970639,-0.87208,3.13358,0.00886913,39.1368,0.0014769049442868317,0.000768099,0.0007088059442868317,0.0007088059442868317
0.014104,0.305474,-0.855193,3.04974,0.00267792,12.3173,0.0015983499327538791,0.000736707,0.0008616429327538792,0.0008616429327538792
0.0176973,0.9407,-0.540407,2.58031,0.000115383,37.9476,0.0007129765724455246,1.02969e-05,0.0007026796724455246,0.0007026796724455246
0.0190356,0.993535,-0.566267,2.62594,0.000157933,40.0789,0.0006666674463974245,1.33447e-05,0.0006533227463974245,0.0006533227463974245
0.010642574,0.82293364,-1.3158451,4.1386554,2.130785,27.319375,0.3644194963840332,0.36250305,0.0019164463840332102,0.0019164463840332102
0.0100691,0.448268,-0.731831,2.86242,0.00112953,18.0803,0.0014581345705864696,0.000211582,0.0012465525705864695,0.0012465525705864695
0.0164159,0.589332,-0.872823,3.1101,0.0055653,23.7621,0.0015186326750211948,0.000793809,0.0007248236750211947,0.0007248236750211947
0.02005002,0.95782458,-1.2923526,4.0763205,1.1152763,35.596342,0.14267093051312146,0.14229571,0.0003752205131214714,0.0003752205131214714
0.0208476,0.461008,-0.879696,3.10974,0.00374431,18.5896,0.0012475191597113224,0.000682759,0.0005647601597113224,0.0005647601597113224
0.013294369,0.58612981,-1.3933003,4.5050633,2.9884992,17.668463,0.7799121702340011,0.78481973,-0.004907559765998992,0.004907559765998992
0.0225748,0.232946,-1.12704,3.49688,0.0407008,9.31458,0.014522544040191111,0.0151179,-0.0005953559598088892,0.0005953559598088892
0.015757876,0.35101034,-1.3585953,4.1112578,0.91439478,11.814963,0.4252833543699959,0.42397474,0.0013086143699959085,0.0013086143699959085
0.00973254,0.650885,-0.959864,3.26106,0.0316118,26.1903,0.004989099781561746,0.00409552,0.0008935797815617461,0.0008935797815617461
0.0197644,0.9635,-1.03226,3.40697,0.0581649,38.7451,0.005205267849787083,0.00511134,9.392784978708331e-05,9.392784978708331e-05
0.0200402,0.831043,-0.964451,3.2814,0.0207994,33.481,0.0025288380655559208,0.00210971,0.0004191280655559209,0.0004191280655559209
0.014607,0.535481,-0.852573,3.07169,0.00438268,21.5921,0.0015218652113206368,0.000687797,0.0008340682113206369,0.0008340682113206369
0.0202499,0.586458,-0.525521,2.53262,5.19255e-05,23.6578,0.0006215805912892379,7.43284e-06,0.0006141477512892379,0.0006141477512892379
0.00946946,0.699551,-0.710536,2.84835,0.00142582,28.2158,0.001494491312875985,0.000171139,0.001323352312875985,0.001323352312875985
0.0218696,0.467926,-0.782325,2.94836,0.00103825,18.8742,0.0007603768715435675,0.00018634,0.0005740368715435674,0.0005740368715435674
0.0184917,0.943529,-0.807172,3.02377,0.00340617,38.0549,0.0009791279029436935,0.000303232,0.0006758959029436935,0.0006758959029436935
0.01479268,0.8784202,-1.113889,3.552318,0.1981209,35.01603,0.01873031458461989,0.01948553,-0.0007552154153801123,0.0007552154153801123
0.01884898,0.4659543,-1.15128,3.581247,0.1315658,18.52528,0.023805514261609744,0.02472037,-0.0009148557383902543,0.0009148557383902543
0.0133726,0.961695,-0.923097,3.21886,0.0212366,38.7496,0.002647397340020995,0.00185872,0.0007886773400209951,0.0007886773400209951
0.0121762,0.589858,-0.61397,2.67974,0.000270512,23.7939,0.0010609466790975916,3.8501e-05,0.0010224456790975916,0.0010224456790975916
0.0248773,0.526616,-0.730578,2.86797,0.000528532,21.2429,0.0005887714678897853,8.42699e-05,0.0005045015678897853,0.0005045015678897853
0.0148531,0.632764,-0.671802,2.77915,0.000499999,25.5245,0.0009073373475071448,6.6341e-05,0.0008409963475071448,0.0008409963475071448
0.01180552,0.5984051,-1.194422,3.689115,0.451322,23.18674,0.06693357267207051,0.06869415,-0.0017605773279294884,0.0017605773279294884
0.013424,0.398627,-0.842625,3.0411,0.00312458,16.0741,0.0015737782421027737,0.000658632,0.0009151462421027736,0.0009151462421027736
0.0179659,0.7985901,-1.196874,3.723816,0.4090868,31.32125,0.045426904642386336,0.04658366,-0.0011567553576136633,0.0011567553576136633
0.0225764,0.693044,-0.581096,2.63294,0.00011238,27.9574,0.0005645707266415191,1.36128e-05,0.0005509579266415191,0.0005509579266415191
0.01946339,0.6840902,-1.143604,3.593103,0.1699251,27.24007,0.02086385468655876,0.02169199,-0.0008281353134412424,0.0008281353134412424
0.01809016,0.2062897,-1.207956,3.638515,0.1215511,8.074517,0.05221267166953594,0.05334092,-0.0011282483304640573,0.0011282483304640573
0.01028894,0.6165146,-1.156278,3.610567,0.3357879,24.168,0.046548083222440265,0.04828938,-0.0017412967775597352,0.0017412967775597352
0.02001606,0.9707452,-1.12112,3.574182,0.1773532,38.78151,0.015181161539691896,0.01580215,-0.0006209884603081053,0.0006209884603081053
0.0236163,0.402527,-0.986709,3.28261,0.0113659,16.2149,0.002667048607734327,0.00238274,0.0002843086077343269,0.0002843086077343269
0.0216636,0.487878,-1.09054,3.47178,0.0563112,19.5653,0.00953097729669875,0.00985829,-0.0003273127033012503,0.0003273127033012503
0.01664032,0.6662707,-1.21898,3.758721,0.4780243,25.83478,0.06564491282271907,0.06680947,-0.0011645571772809227,0.0011645571772809227
0.0144749,0.719708,-0.887477,3.1444,0.00930127,29.0134,0.0018889870422948392,0.00108671,0.0008022770422948392,0.0008022770422948392
0.01402644,0.9251661,-1.242542,3.871184,0.9937227,34.89545,0.10623223536158036,0.1072734,-0.0010411646384196477,0.0010411646384196477
0.0183605,0.391161,-0.787142,2.94795,0.00109975,15.7773,0.000919511402704277,0.000236121,0.0006833904027042769,0.0006833904027042769
0.02320531,0.5428848,-1.247371,3.809171,0.387719,21.04802,0.06842380404535829,0.06899095,-0.000567145954641704,0.000567145954641704
0.0206878,0.69326,-0.736729,2.89144,0.000905449,27.9644,0.0007165705068167746,0.000109667,0.0006069035068167745,0.0006069035068167745
0.01820456,0.7687086,-1.168934,3.655512,0.2776436,30.41801,0.031046057167658986,0.03211024,-0.0010641828323410124,0.0010641828323410124
0.0160853,0.783289,-1.06047,3.44521,0.0831248,31.4239,0.008890172013060306,0.00902231,-0.00013213798693969409,0.00013213798693969409
0.018146345,0.26950567,-1.3987121,4.2321579,0.90011682,8.4539475,0.6112167370844316,0.61636496,-0.005148222915568379,0.005148222915568379
0.0241421,0.962211,-0.900182,3.18029,0.00877642,38.7976,0.0012350914403094536,0.000767062,0.0004680294403094536,0.0004680294403094536
0.00949435,0.585816,-1.08931,3.47997,0.151263,23.3179,0.021416969895212006,0.0221399,-0.0007229301047879944,0.0007229301047879944
0.0085868,0.20273,-1.0046,3.281,0.019762,8.1381,0.00883371995701757,0.0082499,0.0005838199570175704,0.0005838199570175704
0.02167353,0.2730459,-1.249565,3.744211,0.2148772,10.57337,0.07540385196909064,0.07597829,-0.0005744380309093688,0.0005744380309093688
0.0103792,0.650639,-1.03754,3.39414,0.0798807,26.0803,0.010528400681624363,0.0104162,0.00011220068162436266,0.00011220068162436266
0.01366,0.659499,-0.971802,3.28197,0.0265959,26.5488,0.003979068140372715,0.00340161,0.0005774581403727151,0.0005774581403727151
0.0114009,0.657339,-1.08755,3.48368,0.138329,26.2289,0.017449869649681978,0.0180248,-0.0005749303503180224,0.0005749303503180224
0.0160617,0.885364,-1.01323,3.36871,0.0515719,35.6072,0.005182582416681657,0.00492569,0.00025689241668165694,0.00025689241668165694
0.01391577,0.877166,-1.196402,3.732715,0.5756852,34.10947,0.058284532627590764,0.0597784,-0.0014938673724092383,0.0014938673724092383
0.01038042,0.2255125,-1.35594,4.007306,0.9106307,7.034682,0.6242136284591528,0.6220273,0.0021863284591528975,0.0021863284591528975
0.024515,0.24409,-0.9859,3.2578,0.0065716,9.8333,0.00254834857184058,0.0022716,0.00027674857184057993,0.00027674857184057993
0.022926017,0.52648314,-1.3771228,4.3489132,1.0554836,18.210668,0.3693355450356719,0.36971228,-0.00037673496432810705,0.00037673496432810705
0.02118475,0.7269137,-1.243684,3.837887,0.5327052,28.08938,0.07140146715927605,0.07207557,-0.0006741028407239585,0.0006741028407239585
0.0233403,0.664961,-0.505397,2.50527,3.94455e-05,26.8248,0.0005379124412471359,4.97979e-06,0.0005329326512471359,0.0005329326512471359
0.008987901,0.2909159,-1.268977,3.792846,0.6706374,10.34709,0.23457638142108375,0.2350992,-0.0005228185789162565,0.0005228185789162565
0.013343,0.789216,-0.822838,3.04103,0.00482781,31.8265,0.0014453705579157078,0.000513917,0.0009314535579157078,0.0009314535579157078
0.0104297,0.601643,-1.06983,3.44662,0.110688,24.0404,0.015347173643248628,0.0156928,-0.0003456263567513714,0.0003456263567513714
0.00886815,0.619826,-0.640099,2.72551,0.000545917,25.0016,0.0014795140552561672,7.39451e-05,0.0014055689552561672,0.0014055689552561672
0.00952118,0.31229,-0.592271,2.61398,0.000138607,12.5972,0.0013439651224046076,3.72604e-05,0.0013067047224046076,0.0013067047224046076
0.0175611,0.415184,-1.02064,3.34167,0.0243071,16.6988,0.005142016671479723,0.00495486,0.00018715667147972247,0.00018715667147972247
0.0154643,0.509197,-1.05887,3.41814,0.055089,20.4275,0.009072130014080589,0.00919434,-0.00012220998591941194,0.00012220998591941194
0.008509903,0.4052206,-1.180503,3.628394,0.3580481,15.60887,0.07730946430467941,0.07969536,-0.0023858956953205918,0.0023858956953205918
0.0132081,0.535562,-0.651519,2.73747,0.000366755,21.6035,0.0010018687573116593,5.74925e-05,0.0009443762573116593,0.0009443762573116593
0.0205333,0.325371,-0.670316,2.74542,0.000182469,13.1252,0.0006553608772960003,4.70815e-05,0.0006082793772960003,0.0006082793772960003
0.012281,0.678438,-0.528136,2.54399,0.000102429,27.3675,0.0010253129218559872,1.26745e-05,0.0010126384218559872,0.0010126384218559872
0.013772,0.22056,-0.86442,3.0506,0.0022289,8.8928,0.00172295779445657,0.00084937,0.00087358779445657,0.00087358779445657
0.0188101,0.430628,-1.095,3.47271,0.0605455,17.2474,0.011605035436419584,0.0120219,-0.00041686456358041614,0.00041686456358041614
0.0232401,0.505627,-1.12197,3.53111,0.080635,20.2308,0.013218215236464171,0.0137593,-0.000541084763535829,0.000541084763535829
0.0169767,0.474607,-1.05251,3.40332,0.0431421,19.057,0.007663128254026915,0.00771844,-5.5311745973085115e-05,5.5311745973085115e-05
0.0130704,0.284845,-0.990271,3.27218,0.0152009,11.4597,0.004996861488633398,0.00450688,0.0004899814886333981,0.0004899814886333981
0.0181872,0.793745,-0.853304,3.09213,0.00526691,32.0087,0.0012270327905332897,0.000557612,0.0006694207905332898,0.0006694207905332898
0.0194975,0.37369,-1.12599,3.52045,0.0747328,14.9218,0.016589287834610878,0.0172693,-0.0006800121653891232,0.0006800121653891232
0.01106,0.5456537,-1.247193,3.807577,0.8021999,20.25558,0.14322631389365564,0.1444219,-0.0011955861063443485,0.0011955861063443485
0.01434296,0.2667419,-1.244915,3.731456,0.3014473,10.14252,0.10718297685077013,0.1081534,-0.0009704231492298626,0.0009704231492298626
0.00836854,0.510712,-1.07679,3.44972,0.127727,20.3381,0.020820141161083747,0.0213884,-0.000568258838916251,0.000568258838916251
0.014711551,0.66983562,-1.3073917,4.0466204,1.2216549,23.829703,0.23634396885943798,0.23525717,0.001086798859437993,0.001086798859437993
0.0210519,0.540718,-1.12795,3.54652,0.102513,21.6006,0.01575641000964829,0.0164023,-0.0006458899903517105,0.0006458899903517105
0.0240721,0.250615,-1.02642,3.32724,0.0115237,10.0866,0.004000978851260014,0.00389324,0.00010773885126001432,0.00010773885126001432
0.014194407,0.3158363,-1.3902195,4.2316473,1.1501034,9.6372034,0.7029071077568545,0.70653617,-0.00362906224314552,0.00362906224314552
0.010395,0.234078,-1.05282,3.36878,0.0348029,9.37198,0.012561012222364564,0.0126547,-9.36877776354355e-05,9.36877776354355e-05
0.0214794,0.67144,-0.853438,3.08412,0.00377908,27.0783,0.001039703736234058,0.000472955,0.000566748736234058,0.000566748736234058
0.0175228,0.322034,-0.644964,2.70286,0.000152813,12.9906,0.0007513851276291824,3.98368e-05,0.0007115483276291825,0.0007115483276291825
0.0137265,0.554527,-0.886687,3.13029,0.00748108,22.354,0.0019816743418606753,0.0011344,0.0008472743418606753,0.0008472743418606753
0.0119038,0.21531,-1.19293,3.61217,0.159874,8.36096,0.0650888326185545,0.0668381,-0.001749267381445499,0.001749267381445499
0.0089591,0.629243,-0.940405,3.22653,0.0258799,25.3291,0.004557484616442878,0.00346513,0.0010923546164428783,0.0010923546164428783
0.01263384,0.8797269,-1.173504,3.678001,0.4819995,34.44361,0.04749943622473336,0.04906612,-0.0015666837752666349,0.0015666837752666349
0.0143684,0.363152,-0.527566,2.51346,4.65219e-05,14.6494,0.0008762825417745287,1.07542e-05,0.0008655283417745287,0.0008655283417745287
0.0153849,0.956375,-0.967855,3.29458,0.0325638,38.5114,0.003401828882286389,0.00287092,0.000530908882286389,0.000530908882286389
0.008501952,0.5451419,-1.217414,3.732341,0.7426734,20.41762,0.12585619035511542,0.1281586,-0.0023024096448845954,0.0023024096448845954
0.017031901,0.81433639,-1.3537147,4.3736789,1.8158696,27.533377,0.3698389433316269,0.36842438,0.001414563331626928,0.001414563331626928
0.0128007,0.985286,-0.699921,2.8475,0.00129629,39.743,0.0010885576563101256,0.000110465,0.0009780926563101257,0.0009780926563101257
0.019037243,0.34555048,-1.3627878,4.1283131,0.77918621,11.926601,0.3712210678371557,0.37035756,0.0008635078371557192,0.0008635078371557192
0.01852067,0.3798431,-1.320741,3.980398,0.6587089,13.76004,0.22305014965021977,0.2218265,0.0012236496502197602,0.0012236496502197602
0.0226286,0.66085,-0.73222,2.88162,0.0007447,26.6574,0.0006493151829436936,9.46194e-05,0.0005546957829436936,0.0005546957829436936
0.0103787,0.782483,-0.564056,2.61055,0.000221742,31.5639,0.0012220302848570336,2.37904e-05,0.0011982398848570336,0.0011982398848570336
0.01086195,0.9733267,-1.09792,3.528423,0.2443112,38.74423,0.020845662460650796,0.02161552,-0.000769857539349203,0.000769857539349203
0.01852421,0.3619533,-1.263542,3.804009,0.3892593,13.77964,0.10599310060093971,0.1063777,-0.00038459939906029805,0.00038459939906029805
0.0124186,0.524675,-1.03252,3.37395,0.0505328,21.061,0.008308787219435636,0.00816105,0.00014773721943563654,0.00014773721943563654
0.01675719,0.348929,-1.236396,3.735449,0.305812,13.44267,0.08200871807290781,0.08297636,-0.000967641927092186,0.000967641927092186
0.0227562,0.916573,-0.811805,3.03005,0.00285361,36.9689,0.0008099856868111889,0.000261515,0.000548470686811189,0.000548470686811189
0.0215596,0.967007,-0.65155,2.76622,0.000405852,39.0085,0.0006137920061385778,3.52356e-05,0.0005785564061385778,0.0005785564061385778
0.02045642,0.5850307,-1.186554,3.67025,0.23317,23.11035,0.034825589406501066,0.03583315,-0.0010075605934989351,0.0010075605934989351
0.0230193,0.447017,-0.862119,3.07897,0.00262436,18.0275,0.0010174273076694164,0.000493376,0.0005240513076694164,0.0005240513076694164
0.00962926,0.268527,-0.95666,3.2131,0.0126529,10.8064,0.00489628693290261,0.00397254,0.0009237469329026098,0.0009237469329026098
0.021952,0.690061,-0.557734,2.59395,8.52465e-05,27.8371,0.0005768662229579118,1.03706e-05,0.0005664956229579118,0.0005664956229579118
0.0100195,0.540948,-0.893171,3.13992,0.0108633,21.7988,0.0028348854100122,0.00168908,0.0011458054100122001,0.0011458054100122001
0.0142228,0.496473,-0.714549,2.83854,0.000709387,20.0261,0.0010013406022475664,0.000119971,0.0008813696022475664,0.0008813696022475664
0.0231401,0.381465,-0.646054,2.71244,0.000139003,15.3882,0.0005694458476785435,3.05915e-05,0.0005388543476785435,0.0005388543476785435
0.0202941,0.609587,-0.687097,2.80276,0.000429068,24.59,0.0006753706209309836,5.90952e-05,0.0006162754209309836,0.0006162754209309836
0.02453591,0.5097812,-1.267037,3.856212,0.4186279,19.62243,0.0837734232958439,0.08400049,-0.00022706670415609254,0.00022706670415609254
0.0100166,0.932837,-0.671781,2.79805,0.00109271,37.627,0.0013454152520962612,9.83478e-05,0.0012470674520962612,0.0012470674520962612
0.01899162,0.99707028,-1.2915275,4.0835403,1.2121719,36.896052,0.14901376939458977,0.14864215,0.0003716193945897672,0.0003716193945897672
0.0184484,0.60949,-1.11249,3.52511,0.108646,24.3613,0.014753774891940283,0.0153458,-0.0005920251080597169,0.0005920251080597169
0.0164963,0.370179,-1.05863,3.40102,0.0374058,14.8566,0.008480272899241602,0.00859178,-0.00011150710075839843,0.00011150710075839843
0.010658,0.758167,-0.907907,3.18123,0.0172896,30.5476,0.0029578338423644555,0.00191878,0.0010390538423644556,0.0010390538423644556
0.0237903,0.881745,-0.508015,2.52336,5.30705e-05,35.5699,0.0005278892036276173,5.05267e-06,0.0005228365336276173,0.0005228365336276173
0.0124188,0.990334,-0.846246,3.09137,0.00878957,39.9308,0.0017322853727353427,0.000745838,0.0009864473727353427,0.0009864473727353427
0.0108283,0.961844,-1.0018,3.35335,0.0717846,38.6485,0.00680005006644281,0.00630835,0.0004917000664428099,0.0004917000664428099
0.0162474,0.482728,-0.632327,2.70067,0.000210026,19.4728,0.0008033932295119344,3.65262e-05,0.0007668670295119344,0.0007668670295119344
0.0158663,0.932625,-0.638331,2.74248,0.000448822,37.6209,0.0008259390901512077,4.04026e-05,0.0007855364901512077,0.0007855364901512077
0.0121229,0.680635,-0.901566,3.16523,0.0125816,27.4302,0.0024838582313830826,0.00155496,0.0009288982313830827,0.0009288982313830827
0.0185389,0.492049,-1.12639,3.5376,0.103841,19.6352,0.01753697074807087,0.0182556,-0.0007186292519291287,0.0007186292519291287
0.0238319,0.959655,-0.761948,2.94932,0.00150412,38.7097,0.0006588739040825546,0.000131618,0.0005272559040825546,0.0005272559040825546
0.0225047,0.298353,-1.0988,3.45985,0.0367827,11.9608,0.010172954928583184,0.0105511,-0.0003781450714168168,0.0003781450714168168
0.0103039,0.542241,-1.05946,3.42252,0.0885578,21.6907,0.01371184854165192,0.0139032,-0.0001913514583480793,0.0001913514583480793
0.010614,0.20611,-0.62439,2.649,0.00012396,8.3131,0.0012239298481845243,5.0493e-05,0.0011734368481845243,0.0011734368481845243
0.009929929,0.2882795,-1.204571,3.652823,0.2923612,11.03162,0.0909672876620534,0.09304123,-0.0020739423379465965,0.0020739423379465965
0.00916112,0.227529,-1.06757,3.39257,0.0462594,9.08452,0.017000743153926034,0.0173542,-0.00035345684607396635,0.00035345684607396635
0.02014711,0.3349351,-1.303507,3.90469,0.4872093,12.42917,0.16411154953148163,0.1634248,0.000686749531481623,0.000686749531481623
0.0204963,0.634537,-0.810337,3.00955,0.00215243,25.5929,0.0008941524126553538,0.000284928,0.0006092244126553539,0.0006092244126553539
0.0217942,0.743742,-0.538154,2.56508,7.19642e-05,30.0026,0.0005787155241502119,8.12286e-06,0.0005705926641502119,0.0005705926641502119
0.022458061,0.26830924,-1.3702585,4.1032019,0.55642973,9.4327827,0.34581755135207526,0.34556385,0.0002537013520752529,0.0002537013520752529
0.014018,0.334299,-0.962036,3.23223,0.0115956,13.4619,0.0035344258358004687,0.00292395,0.0006104758358004688,0.0006104758358004688
0.0117338,0.727904,-0.894051,3.15597,0.0126242,29.3368,0.0024352641205874223,0.00145871,0.0009765541205874223,0.0009765541205874223
0.02317375,0.5559866,-1.243682,3.802182,0.3843197,21.5851,0.0652713705877948,0.06588761,-0.0006162394122052051,0.0006162394122052051
0.0162383,0.983305,-0.555361,2.60732,0.000159281,39.666,0.0007794176745159441,1.35987e-05,0.0007658189745159441,0.0007658189745159441
0.01253558,0.6843445,-1.253703,3.857342,0.9378886,25.42435,0.13765607074758504,0.1385338,-0.0008777292524149716,0.0008777292524149716
0.008597336,0.7313056,-1.120397,3.551897,0.3065258,28.85742,0.03501878735829648,0.03644991,-0.0014311226417035236,0.0014311226417035236
0.0195516,0.686124,-1.00682,3.34384,0.0302607,27.6156,0.0039727446372835535,0.00372656,0.0002461846372835536,0.0002461846372835536
0.0194134,0.37434,-0.896238,3.12749,0.00403658,15.0927,0.0014941965153696263,0.000906777,0.0005874195153696263,0.0005874195153696263
0.019948,0.21161,-0.90504,3.1164,0.0029285,8.5304,0.0015476172342729002,0.00098812,0.0005594972342729001,0.0005594972342729001
0.01379055,0.7622635,-1.133246,3.579574,0.23237,29.97433,0.025751480856247035,0.02680153,-0.0010500491437529652,0.0010500491437529652
0.0122282,0.834178,-0.697855,2.83587,0.00111878,33.6477,0.0011363142646396342,0.000112608,0.0010237062646396343,0.0010237062646396343
0.023375646,0.2265542,-1.3944491,4.1717664,0.5450191,7.7254843,0.4499558731395507,0.45298389,-0.0030280168604492896,0.0030280168604492896
0.01303728,0.865929,-1.113003,3.549526,0.2190034,34.46824,0.02101398289148963,0.02185874,-0.0008447571085103724,0.0008447571085103724
0.0142992,0.951239,-0.719254,2.87789,0.00143608,38.3695,0.001003752717730908,0.000126763,0.000876989717730908,0.000876989717730908
0.0203247,0.836532,-0.939994,3.24026,0.0150949,33.7144,0.0020018847083111114,0.00151938,0.0004825047083111113,0.0004825047083111113
0.011330188,0.38837366,-1.3577352,4.1260859,1.4088704,12.009274,0.5850629736374151,0.58318023,0.0018827436374151407,0.0018827436374151407
0.0200532,0.55111,-0.85308,3.07392,0.0033072,22.2251,0.0011115299662421926,0.000504269,0.0006072609662421926,0.0006072609662421926
0.021827564,0.689146,-1.3031907,4.0388153,0.82806046,25.63556,0.15085724832390537,0.15023147,0.0006257783239053683,0.0006257783239053683
0.016434572,0.60064709,-1.3846985,4.4585651,2.3637269,19.503674,0.5665905970341744,0.56845324,-0.0018626429658256116,0.0018626429658256116
0.0218977,0.590937,-0.800636,2.98996,0.00165656,23.8352,0.0008071402410607781,0.000235448,0.0005716922410607782,0.0005716922410607782
0.0194037,0.830963,-0.74295,2.91062,0.00125333,33.5186,0.0007739328276195072,0.000126651,0.0006472818276195072,0.0006472818276195072
0.0120017,0.514398,-0.96416,3.25656,0.0214083,20.7064,0.004211072318842732,0.00350958,0.0007014923188427323,0.0007014923188427323
0.0249095,0.5535888,-1.167609,3.625936,0.1444793,22.03111,0.022298661190570553,0.02307084,-0.0007721788094294454,0.0007721788094294454
0.0165993,0.838012,-0.755774,2.93236,0.00174199,33.8016,0.0009315172289376778,0.000174559,0.0007569582289376778,0.0007569582289376778
0.02412469,0.7683548,-1.257256,3.889311,0.5675444,29.62013,0.07494478328914012,0.07534617,-0.0004013867108598884,0.0004013867108598884
0.0155285,0.835518,-0.529777,2.55685,0.000101889,33.7044,0.0008110930940138072,1.02374e-05,0.0008008556940138072,0.0008008556940138072
0.0150815,0.370985,-1.06032,3.40405,0.0418911,14.8799,0.00946489491830748,0.00960468,-0.0001397850816925207,0.0001397850816925207
0.0228463,0.493925,-0.614,2.67133,0.000120775,19.9249,0.0005654523340862005,2.05276e-05,0.0005449247340862005,0.0005449247340862005
0.018847438,0.7109968,-1.3111715,4.0811239,1.0461944,25.884862,0.1937238100731301,0.19276779,0.0009560200731301149,0.0009560200731301149
0.024699347,0.96856832,-1.3174042,4.2154502,1.165703,35.725846,0.1602128373498392,0.15935652,0.0008563173498392085,0.0008563173498392085
0.0170741,0.784867,-0.764039,2.94289,0.00176374,31.6578,0.0009246418072965723,0.000188712,0.0007359298072965722,0.0007359298072965722
0.017533,0.24625,-0.96905,3.2299,0.0074716,9.9187,0.0030192568757105008,0.0025581,0.00046115687571050097,0.00046115687571050097
0.0242823,0.381921,-1.00673,3.31391,0.0135442,15.3793,0.0031956888520811686,0.00299681,0.00019887885208116863,0.00019887885208116863
0.0207711,0.82571,-0.944614,3.24741,0.0154681,33.2771,0.0020385154802487395,0.00157764,0.00046087548024873956,0.00046087548024873956
0.0172873,0.961619,-0.83964,3.07886,0.00563323,38.7798,0.0012043601950120525,0.000492207,0.0007121531950120525,0.0007121531950120525
0.0154991,0.986214,-1.04944,3.43907,0.0943807,39.5841,0.00809570412483401,0.00812651,-3.080587516599009e-05,3.080587516599009e-05
0.0190102,0.948747,-0.678177,2.80951,0.000635719,38.2712,0.0007136751696777288,5.62568e-05,0.0006574183696777287,0.0006574183696777287
0.00905155,0.697946,-0.671672,2.78368,0.000903453,28.1521,0.0014886956858708102,0.00010868,0.0013800156858708103,0.0013800156858708103
0.0194815,0.260156,-0.864898,3.05866,0.00187021,10.491,0.0012213466365101993,0.000604161,0.0006171856365101993,0.0006171856365101993
0.021821151,0.93011591,-1.3403363,4.3453196,1.6064065,32.767837,0.24342489235639525,0.24216036,0.0012645323563952593,0.0012645323563952593
0.0143678,0.8500251,-1.144094,3.610798,0.286484,33.68026,0.028443655129849043,0.02957069,-0.0011270348701509572,0.0011270348701509572
0.0185135,0.313732,-0.77892,2.92414,0.000787132,12.6544,0.0008889936156687258,0.000210698,0.0006782956156687258,0.0006782956156687258
0.01249064,0.6726582,-1.246211,3.832754,0.8541801,25.18753,0.1251941487031653,0.1262773,-0.0010831512968347001,0.0010831512968347001
0.011421,0.801445,-0.828086,3.05054,0.00612649,32.3167,0.0017277278678366913,0.000642264,0.0010854638678366912,0.0010854638678366912
0.0214701,0.976041,-0.915743,3.20721,0.0122199,39.3481,0.001557175436616136,0.00105335,0.0005038254366161361,0.0005038254366161361
0.0157159,0.822924,-0.61757,2.70187,0.000306237,33.1959,0.0008235115749542063,3.12414e-05,0.0007922701749542063,0.0007922701749542063
0.0148042,0.616632,-1.07426,3.45598,0.0846378,24.6993,0.011410879908514646,0.0117026,-0.00029172009148535454,0.00029172009148535454
0.01980369,0.2162784,-1.377497,4.086919,0.5344209,7.423943,0.42958195625633816,0.430067,-0.00048504374366181713,0.00048504374366181713
0.01771784,0.3152378,-1.210484,3.671647,0.1931087,12.32084,0.05511724165254545,0.05625944,-0.0011421983474545483,0.0011421983474545483
0.021833595,0.34224811,-1.3944128,4.2909779,0.85408877,11.426462,0.48151720116020835,0.48475074,-0.003233538839791661,0.003233538839791661
0.01079476,0.4255905,-1.157437,3.586855,0.2248778,16.70523,0.04504346357526274,0.04671684,-0.0016733764247372634,0.0016733764247372634
0.00965053,0.573465,-0.864732,3.09527,0.00830232,23.1156,0.002463182577975771,0.00121701,0.001246172577975771,0.001246172577975771
0.0092346,0.979939,-1.04948,3.43871,0.157228,39.197,0.01359399231879051,0.0136476,-5.360768120948878e-05,5.360768120948878e-05
0.0122557,0.559305,-0.966699,3.265,0.0235498,22.5134,0.004223777996007987,0.0035508,0.000672977996007987,0.000672977996007987
0.0242155,0.72957,-0.611683,2.68622,0.000163371,29.4309,0.0005328687059147298,1.8799e-05,0.0005140697059147298,0.0005140697059147298
0.0125131,0.66969,-1.03956,3.39927,0.0700018,26.8695,0.008938355991639994,0.00886689,7.14659916399938e-05,7.14659916399938e-05
0.0112233,0.972049,-0.548454,2.59529,0.000208474,39.211,0.0011260061550741362,1.80048e-05,0.0011080013550741363,0.0011080013550741363
0.00981385,0.809531,-0.743842,2.91082,0.00244183,32.6502,0.001533139615614283,0.000253297,0.001279842615614283,0.001279842615614283
0.0168432,0.333934,-0.843571,3.03447,0.00211174,13.4667,0.001260197805971983,0.000531347,0.0007288508059719829,0.0007288508059719829
0.0162392,0.845884,-0.690835,2.82489,0.00078064,34.1212,0.0008478823549271182,7.74837e-05,0.0007703986549271182,0.0007703986549271182
0.0127697,0.6897742,-1.244504,3.831413,0.8481482,25.88528,0.11973897455989024,0.1208384,-0.0010994254401097553,0.0010994254401097553
0.0133325,0.582248,-0.537388,2.55198,9.11925e-05,23.4874,0.0009458796579250382,1.31483e-05,0.0009327313579250381,0.0009327313579250381
0.0084078,0.22009,-0.92893,3.1579,0.0083282,8.8612,0.004412619607851384,0.0031864,0.0012262196078513844,0.0012262196078513844
0.02043395,0.3881759,-1.286686,3.875435,0.4708419,14.61902,0.13003411186819108,0.1298205,0.00021361186819107703,0.00021361186819107703
0.021129409,0.28155779,-1.368511,4.1059788,0.61848564,9.7995579,0.35954910952157587,0.35914068,0.0004084295215758815,0.0004084295215758815
0.0128098,0.292518,-1.16595,3.57962,0.145725,11.5029,0.04242887023019431,0.0439178,-0.0014889297698056914,0.0014889297698056914
0.0185233,0.577157,-1.1126,3.52189,0.102615,23.07,0.014714685079599724,0.0153058,-0.0005911149204002753,0.0005911149204002753
0.0166251,0.684744,-0.717084,2.85819,0.00086472,27.6207,0.0008601988074399016,0.000106033,0.0007541658074399016,0.0007541658074399016
0.0214154,0.348998,-0.977826,3.26079,0.00970056,14.059,0.0026915452312393793,0.00234428,0.00034726523123937945,0.00034726523123937945
0.0175427,0.530987,-0.816076,3.01051,0.00226529,21.4154,0.0010687863501713136,0.000358366,0.0007104203501713136,0.0007104203501713136
0.0106565,0.771897,-0.516374,2.53073,0.000115471,31.1371,0.0011796743038916767,1.25584e-05,0.0011671159038916766,0.0011671159038916766
0.023969,0.79531,-0.682736,2.80842,0.000448144,32.0822,0.0005689103475677402,4.73087e-05,0.0005216016475677401,0.0005216016475677401
0.0221104,0.282686,-0.755526,2.88057,0.000439785,11.4028,0.0006989139032872583,0.000130634,0.0005682799032872582,0.0005682799032872582
0.0202485,0.5591,-0.707339,2.83223,0.000511514,22.5532,0.0006955326282458021,7.68147e-05,0.000618717928245802,0.000618717928245802
0.00835265,0.71273,-1.08753,3.48849,0.204203,28.3243,0.023812187131146804,0.0245961,-0.0007839128688531954,0.0007839128688531954
0.0137754,0.829101,-0.786344,2.98269,0.00307504,33.4391,0.001222446220969136,0.000311502,0.0009109442209691361,0.0009109442209691361
0.01293869,0.799037,-1.119438,3.556391,0.2206303,31.76814,0.022985168746421036,0.02392332,-0.000938151253578965,0.000938151253578965
0.01557535,0.6270659,-1.133379,3.566668,0.1713759,24.93866,0.02283975707366163,0.02377072,-0.0009309629263383676,0.0009309629263383676
0.00975333,0.992587,-1.07256,3.48174,0.201804,39.6121,0.016964970420524045,0.01738,-0.0004150295794759541,0.0004150295794759541
0.0229279,0.521769,-0.564917,2.59244,6.76778e-05,21.0483,0.0005532958669253295,1.08888e-05,0.0005424070669253295,0.0005424070669253295
0.01647878,0.7585724,-1.123962,3.561632,0.1743326,30.23446,0.01912385701956214,0.01990787,-0.00078401298043786,0.00078401298043786
0.0152388,0.376875,-0.745396,2.87686,0.00074691,15.2016,0.0009906936277677037,0.000166414,0.0008242796277677036,0.0008242796277677036
0.0118664,0.326817,-0.945002,3.20263,0.0107668,13.1617,0.003580333338028184,0.00277532,0.0008050133380281843,0.0008050133380281843
0.0138299,0.263443,-0.655155,2.71076,0.00018054,10.6269,0.0009596651986124573,5.7533e-05,0.0009021321986124573,0.0009021321986124573
0.0090218599,0.83290981,-1.2880824,4.0129463,2.0248631,28.32318,0.29992616129399174,0.2993571,0.0005690612939917572,0.0005690612939917572
0.0151352,0.792206,-0.991527,3.32516,0.0371155,31.8799,0.00437108553326135,0.00395531,0.0004157755332613502,0.0004157755332613502
0.0134767,0.780176,-0.861992,3.10579,0.00780967,31.4556,0.0017366052050034357,0.000841362,0.0008952432050034357,0.0008952432050034357
0.0237345,0.635957,-0.926304,3.20337,0.00824716,25.6378,0.0015302843084017486,0.0010913,0.0004389843084017487,0.0004389843084017487
0.009559856,0.4794634,-1.182553,3.645037,0.3853384,18.54202,0.0706990794717135,0.07283565,-0.002136570528286502,0.002136570528286502
0.00907089,0.392815,-0.569249,2.58629,0.000136153,15.8453,0.0014001572907122852,2.90979e-05,0.0013710593907122852,0.0013710593907122852
0.016465,0.977713,-1.05228,3.4437,0.0913175,39.2479,0.007879863092445353,0.00793419,-5.432690755464813e-05,5.432690755464813e-05
0.00970268,0.66446,-0.653409,2.75097,0.000634619,26.802,0.001365909277451682,8.01865e-05,0.001285722777451682,0.001285722777451682
0.018756,0.747695,-0.882492,3.13796,0.00699609,30.1475,0.0014114382516946897,0.00078665,0.0006247882516946898,0.0006247882516946898
0.0152182,0.587873,-0.928743,3.20357,0.0122649,23.6893,0.0024341922189901567,0.00175618,0.0006780122189901567,0.0006780122189901567
0.02255177,0.48476382,-1.3712703,4.2788656,0.96129127,16.859685,0.34880143387373796,0.34862927,0.00017216387373797382,0.00017216387373797382
0.0213615,0.928257,-0.672701,2.79934,0.000515962,37.4451,0.0006314670573148915,4.66642e-05,0.0005848028573148914,0.0005848028573148914
0.020845,0.20035,-0.78614,2.9164,0.00049123,8.0812,0.0008073282304977563,0.00020531,0.0006020182304977563,0.0006020182304977563
0.0139798,0.310847,-1.00148,3.29514,0.0178958,12.5031,0.00524931953938544,0.00486615,0.00038316953938544,0.00038316953938544
0.023198147,0.48306206,-1.3566366,4.1942977,0.909877,16.986226,0.2817955222509084,0.28083942,0.0009561022509084194,0.0009561022509084194
0.01535292,0.6885903,-1.151885,3.61028,0.2393891,27.27462,0.029457630045104856,0.03058623,-0.001128599954895143,0.001128599954895143
0.0243315,0.394492,-0.833079,3.02473,0.00150943,15.911,0.0008295476682466326,0.000321444,0.0005081036682466327,0.0005081036682466327
0.0146254,0.782878,-0.588286,2.65081,0.000214915,31.5806,0.0008736413057300494,2.30462e-05,0.0008505951057300494,0.0008505951057300494
0.0127809,0.448823,-0.717702,2.83901,0.000743143,18.1038,0.0011200740541590882,0.000139024,0.0009810500541590883,0.0009810500541590883
0.0101498,0.694099,-0.757359,2.92578,0.00240807,27.994,0.001529331743604346,0.000291351,0.001237980743604346,0.001237980743604346
0.00846565,0.707694,-0.65899,2.76329,0.00083224,28.5453,0.0015728877310968352,9.87343e-05,0.0014741534310968353,0.0014741534310968353
0.0105796,0.656339,-1.02411,3.37127,0.0666362,26.3378,0.008871135986953238,0.00859891,0.0002722259869532388,0.0002722259869532388
0.01719568,0.2882594,-1.313163,3.912086,0.5317574,10.46364,0.2178668953410344,0.2167586,0.0011082953410344043,0.0011082953410344043
0.013554657,0.69766354,-1.3493268,4.2706106,2.0098677,22.39555,0.4394938817730659,0.43756789,0.0019259917730659049,0.0019259917730659049
0.0159396,0.671555,-0.592393,2.65017,0.000178319,27.09,0.0008028259904826783,2.22916e-05,0.0007805343904826782,0.0007805343904826782
0.01085676,0.9861595,-1.161066,3.660472,0.540175,38.60532,0.04696149878022648,0.0486666,-0.0017051012197735194,0.0017051012197735194
0.012692285,0.55361261,-1.3595992,4.2433765,1.8359314,17.207977,0.5347639574412664,0.53321008,0.001553877441266338,0.001553877441266338
0.0112606,0.516829,-0.749944,2.89926,0.00146943,20.8454,0.0013544286702965721,0.000238752,0.001115676670296572,0.001115676670296572
0.0138887,0.468971,-0.885161,3.11967,0.0061319,18.9056,0.0019391368255150811,0.00109938,0.0008397568255150811,0.0008397568255150811
0.0130247,0.575638,-0.786494,2.96517,0.00226238,23.2162,0.0012935221723996428,0.00033009,0.0009634321723996428,0.0009634321723996428
0.0142272,0.48422,-1.0773,3.44778,0.0718641,19.3854,0.01232328372434596,0.0126633,-0.0003400162756540398,0.0003400162756540398
0.0107599,0.718289,-0.549986,2.58303,0.000163878,28.9746,0.0011748749190859595,1.91534e-05,0.0011557215190859595,0.0011557215190859595
0.00928205,0.996725,-0.941206,3.25135,0.0399738,40.1221,0.004429228702870673,0.00337919,0.0010500387028706728,0.0010500387028706728
0.0224068,0.684015,-0.743898,2.9027,0.000904382,27.5916,0.0006715739459495367,0.00011102,0.0005605539459495367,0.0005605539459495367
0.0196658,0.466698,-1.05809,3.41213,0.0393181,18.7459,0.007067883668290467,0.00715772,-8.983633170953336e-05,8.983633170953336e-05
0.0211294,0.891541,-0.69359,2.83205,0.000655126,35.9636,0.000653930375035435,6.16953e-05,0.0005922350750354351,0.0005922350750354351
0.0114651,0.877432,-1.00479,3.35351,0.0642779,35.26,0.006629429306615469,0.00619135,0.0004380793066154692,0.0004380793066154692
0.0219876,0.294016,-0.637058,2.68561,0.000100451,11.8606,0.0005954870946678172,2.86815e-05,0.0005668055946678172,0.0005668055946678172
0.00963389,0.360019,-0.83467,3.02312,0.00355029,14.5155,0.0021106556700486593,0.000828606,0.0012820496700486593,0.0012820496700486593
0.0109745,0.901671,-1.03877,3.41462,0.106341,36.1489,0.010099143571593947,0.0100069,9.224357159394632e-05,9.224357159394632e-05
0.0154459,0.549406,-0.798122,2.98227,0.00211404,22.1586,0.0011341067742290981,0.000323189,0.0008109177742290981,0.0008109177742290981
0.00925216,0.92023,-0.645766,2.75417,0.000835512,37.1188,0.001423905570738538,7.62279e-05,0.001347677670738538,0.001347677670738538
0.0180586,0.516909,-0.830643,3.03347,0.0025827,20.8468,0.0011053115970545081,0.000419761,0.0006855505970545081,0.0006855505970545081
0.0196181,0.68974,-0.60794,2.67728,0.000181697,27.8239,0.0006565722801276858,2.21151e-05,0.0006344571801276858,0.0006344571801276858
0.02444528,0.8085482,-1.17244,3.668024,0.2274015,32.12916,0.024208278852238883,0.02501416,-0.0008058811477611172,0.0008058811477611172
0.0148616,0.438089,-0.549174,2.55805,7.16158e-05,17.6723,0.0008504729248226882,1.37234e-05,0.0008367495248226882,0.0008367495248226882
0.0159214,0.596556,-1.09106,3.48432,0.0940893,23.8701,0.013052651287196845,0.0135028,-0.00045014871280315595,0.00045014871280315595
0.0244703,0.566628,-0.81448,3.01097,0.0016979,22.8546,0.000761289661613669,0.000251698,0.000509591661613669,0.000509591661613669
0.011615827,0.77878448,-1.3088106,4.089688,1.7647723,26.663209,0.3048783733775042,0.30343549,0.0014428833775042005,0.0014428833775042005
0.018347,0.50305,-1.0954,3.48222,0.0728262,20.143,0.011957649660172378,0.0123899,-0.000432250339827623,0.000432250339827623
0.016703,0.370615,-1.12537,3.51882,0.085779,14.7751,0.01921117815172592,0.0199987,-0.0007875218482740823,0.0007875218482740823
0.0107003,0.967313,-0.910741,3.19832,0.0227839,38.9724,0.003008624420828347,0.00198203,0.001026594420828347,0.001026594420828347
0.0185481,0.519913,-1.12859,3.54518,0.112705,20.7404,0.01803121956681841,0.0187689,-0.0007376804331815923,0.0007376804331815923
0.02024806,0.5655025,-1.177314,3.647653,0.2037745,22.38656,0.031158090805116622,0.0321503,-0.0009922091948833776,0.0009922091948833776
0.01816533,0.2329196,-1.364799,4.050955,0.5803479,8.016369,0.39906189147719645,0.3982922,0.0007696914771964658,0.0007696914771964658
0.00988661,0.92368,-0.526407,2.55617,0.000169422,37.2595,0.001273297004410007,1.53983e-05,0.001257898704410007,0.001257898704410007
0.016474604,0.61032048,-1.3401311,4.1778084,1.2480969,21.202959,0.32157984402421863,0.31990515,0.0016746940242186037,0.0016746940242186037
0.0207994,0.452698,-0.608302,2.65775,0.000113006,18.2618,0.0006193867801798526,2.09563e-05,0.0005984304801798525,0.0005984304801798525
0.01652785,0.6734484,-1.256239,3.863632,0.7194113,25.4865,0.10794141345212697,0.1085503,-0.0006088865478730277,0.0006088865478730277
0.0114889,0.8115109,-1.137459,3.593366,0.3146836,32.06991,0.03263990074935931,0.03395949,-0.0013195892506406917,0.0013195892506406917
0.0133729,0.308855,-1.02551,3.33548,0.0252472,12.4077,0.007128910841397389,0.00692666,0.00020225084139738857,0.00020225084139738857
0.0203715,0.734785,-0.940042,3.23374,0.0132368,29.6139,0.0019981050863235902,0.00151684,0.00048126508632359024,0.00048126508632359024
0.023368,0.22668,-0.81081,2.9627,0.00067858,9.1429,0.0007857142650593573,0.00025143,0.0005342842650593574,0.0005342842650593574
0.0108057,0.824146,-0.727558,2.88464,0.00183174,33.2412,0.0013478686297924997,0.000186629,0.0011612396297924997,0.0011612396297924997
0.0191098,0.991682,-0.89583,3.17451,0.0108063,39.9818,0.001513665870716611,0.000916376,0.000597289870716611,0.000597289870716611
0.01870573,0.2191746,-1.289327,3.817023,0.3088223,8.205587,0.14701948106148383,0.1467088,0.00031068106148382513,0.00031068106148382513
0.0118562,0.444464,-1.01383,3.33345,0.0353077,17.857,0.007066934377454796,0.00672447,0.0003424643774547964,0.0003424643774547964
0.0229199,0.500117,-0.518942,2.51411,3.59525e-05,20.1749,0.0005486672098930668,6.03485e-06,0.0005426323598930668,0.0005426323598930668
0.00842678,0.69494,-0.903325,3.1692,0.0188978,27.9934,0.003618514192143077,0.00228811,0.001330404192143077,0.001330404192143077
0.0216812,0.567378,-0.598935,2.65292,0.00012047,22.888,0.0005917532095740067,1.78249e-05,0.0005739283095740066,0.0005739283095740066
0.0222138,0.397397,-0.855766,3.06284,0.00222838,16.0266,0.0010179690769761645,0.000471202,0.0005467670769761645,0.0005467670769761645
0.02359438,0.2263877,-1.35836,4.024375,0.4196743,8.155827,0.2831861072485796,0.2823051,0.0008810072485796461,0.0008810072485796461
0.01313883,0.6971899,-1.146489,3.600176,0.2647383,27.56837,0.032087194887116505,0.03334713,-0.001259935112883498,0.001259935112883498
0.01733283,0.9788747,-1.161891,3.661993,0.3403325,38.74702,0.02973438613909468,0.03080808,-0.0010736938609053233,0.0010736938609053233
0.02069731,0.7365367,-1.157893,3.628219,0.2048374,29.27894,0.023632926341402218,0.0245086,-0.0008756736585977809,0.0008756736585977809
0.0229036,0.331978,-0.683536,2.76829,0.000197796,13.3918,0.0005959213037404387,5.00212e-05,0.0005459001037404388,0.0005459001037404388
0.0146,0.531823,-1.06031,3.42301,0.0620615,21.3256,0.009775873043971846,0.0099204,-0.0001445269560281532,0.0001445269560281532
0.01025585,0.7113769,-1.175576,3.662757,0.4909582,27.65437,0.060126706209483995,0.06207285,-0.0019461437905160042,0.0019461437905160042
0.0113299,0.372477,-0.599896,2.6347,0.000153222,15.0251,0.0011328475494007224,3.4534e-05,0.0010983135494007225,0.0010983135494007225
0.0103889,0.738765,-1.04336,3.41138,0.0975846,29.5975,0.011249996401456705,0.0112143,3.569640145670468e-05,3.569640145670468e-05
0.01633045,0.8284201,-1.230039,3.816196,0.6758633,31.85258,0.07739055169109296,0.0784684,-0.0010778483089070312,0.0010778483089070312
0.0140541,0.733548,-0.58404,2.64059,0.000198437,29.5906,0.0009078095456230798,2.27101e-05,0.0008850994456230798,0.0008850994456230798
0.014225396,0.58003373,-1.3793572,4.3953919,1.7795211,18.227086,0.6121750260628932,0.61318672,-0.0010116939371067613,0.0010116939371067613
0.00974711,0.365221,-0.752132,2.88659,0.0012338,14.7301,0.0015726833058868834,0.000283686,0.0012889973058868834,0.0012889973058868834
0.01913458,0.7443912,-1.259121,3.889369,0.7043268,28.33034,0.09683110783921954,0.09729823,-0.00046712216078045876,0.00046712216078045876
0.0190744,0.294846,-1.08239,3.43065,0.034833,11.8233,0.009785073575208674,0.0100829,-0.0002978264247913264,0.0002978264247913264
0.02471806,0.8520641,-1.154175,3.632563,0.1898364,33.96705,0.018851254462075494,0.01956488,-0.000713625537924506,0.000713625537924506
0.0116227,0.310471,-1.02306,3.33156,0.0282939,12.4666,0.007980959791539342,0.00772239,0.00025856979153934204,0.00025856979153934204
0.0140116,0.916554,-0.710966,2.86228,0.00126954,36.9707,0.0010106944524631513,0.000116301,0.0008943934524631513,0.0008943934524631513
0.0220865,0.750742,-0.95542,3.26083,0.0151895,30.2536,0.002110692030521886,0.0017046,0.0004060920305218863,0.0004060920305218863
0.02474426,0.9951309,-1.2774536,4.0199019,0.83682866,37.901501,0.0951957998482583,0.095217901,-2.2101151741699132e-05,2.2101151741699132e-05
0.0202864,0.905605,-0.6463,2.75427,0.000377599,36.5315,0.0006496697714235734,3.50053e-05,0.0006146644714235734,0.0006146644714235734
0.0177721,0.930373,-0.788211,2.99149,0.00273961,37.5255,0.0009532319147523206,0.00024731,0.0007059219147523205,0.0007059219147523205
0.0180022,0.323149,-1.02468,3.33626,0.019426,12.9963,0.005246734030707609,0.00509069,0.00015604403070760848,0.00015604403070760848
0.0126639,0.320775,-0.816793,2.98809,0.00191318,12.9361,0.0014848694192706857,0.00050102,0.0009838494192706856,0.0009838494192706856
0.0183407,0.867718,-0.816811,3.03568,0.00357428,34.9963,0.0010253491175691981,0.000346025,0.0006793241175691981,0.0006793241175691981
0.0106126,0.353826,-0.617628,2.66178,0.000195133,14.2726,0.0012195522732313948,4.62991e-05,0.001173253173231395,0.001173253173231395
0.00894067,0.902393,-0.528037,2.55773,0.000186901,36.4005,0.0014083595537919592,1.73878e-05,0.0013909717537919592,0.0013909717537919592
0.0211948,0.211393,-1.19416,3.61373,0.0901923,8.34461,0.03715357182087827,0.038132,-0.0009784281791217278,0.0009784281791217278
0.01065527,0.2046508,-1.225754,3.672288,0.249244,7.749198,0.11209622697596126,0.1138211,-0.001724873024038731,0.001724873024038731
0.0163205,0.436338,-0.589249,2.62439,0.000108681,17.6016,0.0007831744202258345,2.09098e-05,0.0007622646202258345,0.0007622646202258345
0.0212467,0.752321,-0.917442,3.19687,0.00972795,30.3286,0.0015942123849850243,0.00108792,0.0005062923849850243,0.0005062923849850243
0.0182016,0.26579,-0.835496,3.01071,0.00140229,10.7192,0.001121476320277427,0.000443247,0.0006782293202774269,0.0006782293202774269
0.0218364,0.974903,-0.755987,2.94018,0.00154476,39.3246,0.0007084737227855569,0.000133057,0.0005754167227855569,0.0005754167227855569
0.0142052,0.802648,-0.646811,2.7492,0.000481084,32.3775,0.0009281479093681285,5.03202e-05,0.0008778277093681284,0.0008778277093681284
0.00927871,0.901898,-0.581556,2.64656,0.00035793,36.3803,0.0013738859971927995,3.33179e-05,0.0013405680971927995,0.0013405680971927995
0.0126646,0.60242,-1.00808,3.33915,0.04166,24.2151,0.0062165973407750635,0.00584662,0.0003699773407750632,0.0003699773407750632
0.0197607,0.617867,-0.558408,2.58973,8.55285e-05,24.9247,0.0006409380764408753,1.16207e-05,0.0006293173764408753,0.0006293173764408753
0.0145971,0.654508,-1.0802,3.47013,0.0981944,26.1986,0.012446216851078192,0.0128096,-0.000363383148921809,0.000363383148921809
0.0187119,0.48678,-1.0986,3.48608,0.0719437,19.4886,0.01220427245509398,0.0126568,-0.00045252754490601906,0.00045252754490601906
0.0176629,0.863588,-0.852428,3.09486,0.00583439,34.8249,0.0012575984688665282,0.000567735,0.0006898634688665283,0.0006898634688665283
0.02183,0.24127,-0.9594,3.2129,0.005197,9.7226,0.002214792817349972,0.001815,0.00039979281734997215,0.00039979281734997215
0.0176245,0.688831,-0.688865,2.8116,0.000571104,27.7863,0.0007793371543905347,6.96095e-05,0.0007097276543905347,0.0007097276543905347
0.0182679,0.919419,-0.892977,3.16588,0.0101037,37.0682,0.0015528187136714135,0.000924109,0.0006287097136714135,0.0006287097136714135
0.00909517,0.572938,-0.996418,3.31661,0.0474889,23.0134,0.007651299221471512,0.00700873,0.0006425692214715121,0.0006425692214715121
0.017186,0.809451,-0.867704,3.11717,0.00683731,32.6389,0.0014071606196044768,0.000709994,0.0006971666196044768,0.0006971666196044768
0.0228355,0.600657,-0.596488,2.65159,0.000117343,24.2305,0.0005612820341085223,1.64003e-05,0.0005448817341085223,0.0005448817341085223
0.0115278,0.814988,-0.766706,2.94917,0.00280698,32.87,0.0013792049287340436,0.000289247,0.0010899579287340436,0.0010899579287340436
0.0177248,0.87508,-0.546623,2.58708,0.000116076,35.3005,0.0007127191156643658,1.11356e-05,0.0007015835156643658,0.0007015835156643658
0.024113008,0.37319803,-1.378069,4.228496,0.77741337,12.93185,0.35535473889300706,0.35581103,-0.0004562911069929121,0.0004562911069929121
0.0183408,0.484933,-1.05662,3.41161,0.0429886,19.4739,0.007447069845821704,0.00753139,-8.43201541782957e-05,8.43201541782957e-05
0.0171771,0.33192,-0.915354,3.1538,0.00516821,13.3792,0.0019405779909759811,0.00131006,0.0006305179909759811,0.0006305179909759811
0.014286,0.964313,-0.590622,2.66491,0.000279265,38.8993,0.0008951587336460901,2.43124e-05,0.0008708463336460901,0.0008708463336460901
0.0130318,0.797738,-1.04669,3.42166,0.087675,31.9969,0.009323225076339665,0.00933069,-7.464923660336145e-06,7.464923660336145e-06
0.0230608,0.479004,-1.08724,3.46485,0.0498096,19.2208,0.008593835993973465,0.008876,-0.00028216400602653485,0.00028216400602653485
0.0109243,0.561677,-0.622463,2.6915,0.000320198,22.6568,0.001187867857005566,4.78597e-05,0.001140008157005566,0.001140008157005566
0.0161818,0.661623,-0.893576,3.15045,0.00827115,26.6727,0.001760156207283947,0.0010513,0.0007088562072839471,0.0007088562072839471
0.00971613,0.828671,-0.696598,2.83346,0.00137633,33.4245,0.0014276971761636077,0.000139454,0.0012882431761636077,0.0012882431761636077
0.0199378,0.65851,-0.937412,3.22379,0.0117195,26.5402,0.001996446587515333,0.00149835,0.000498096587515333,0.000498096587515333
0.0174832,0.971556,-0.614937,2.70565,0.000314193,39.1919,0.0007392590705424483,2.71494e-05,0.0007121096705424483,0.0007121096705424483
0.0131357,0.880886,-0.862974,3.11347,0.00916107,35.5152,0.0017916023070609567,0.000874151,0.0009174513070609567,0.0009174513070609567
0.01206666,0.5328228,-1.153308,3.594154,0.2395664,20.99691,0.03818187004666988,0.03963371,-0.0014518399533301196,0.0014518399533301196
0.0142859,0.850679,-1.06291,3.45452,0.104773,34.0961,0.010306918819996723,0.0104823,-0.00017538118000327667,0.00017538118000327667
0.0169765,0.388236,-0.614764,2.66131,0.000129014,15.6612,0.0007612569377158896,2.78975e-05,0.0007333594377158896,0.0007333594377158896
0.00934184,0.721342,-0.835365,3.05749,0.00740122,29.0824,0.0021837355416783424,0.000862173,0.0013215625416783425,0.0013215625416783425
0.02277351,0.3958462,-1.172564,3.611725,0.1202803,15.72132,0.026027693436322257,0.02689334,-0.0008656465636777445,0.0008656465636777445
0.0179168,0.819433,-0.505881,2.51623,6.37173e-05,33.0558,0.0007007776476866906,6.52767e-06,0.0006942499776866906,0.0006942499776866906
0.0184157,0.339903,-0.905512,3.13847,0.0043516,13.7029,0.0016821369555355926,0.00107683,0.0006053069555355926,0.0006053069555355926
0.0229194,0.699474,-0.793737,2.98666,0.00171461,28.2135,0.0007528112088076208,0.000205875,0.0005469362088076208,0.0005469362088076208
0.0091150475,0.90301247,-1.3281593,4.2322737,3.0933222,27.584726,0.49858056005035406,0.49578516,0.0027954000503540577,0.0027954000503540577
0.009606105,0.829024,-1.140799,3.601747,0.3997533,32.59402,0.04076282950902889,0.04239584,-0.0016330104909711082,0.0016330104909711082
0.00901867,0.323329,-0.80792,2.9737,0.0024162,13.0378,0.002013295136428985,0.000627747,0.0013855481364289848,0.0013855481364289848
0.0115768,0.73976,-0.774202,2.9569,0.00279342,29.8354,0.001402184443325923,0.000317132,0.0010850524433259228,0.0010850524433259228
0.0154881,0.870881,-1.05933,3.44948,0.0945518,34.9324,0.009108050542709698,0.00923489,-0.00012683945729030296,0.00012683945729030296
0.0168729,0.632028,-0.600576,2.66083,0.000176112,25.4956,0.0007609077164264103,2.33927e-05,0.0007375150164264103,0.0007375150164264103
0.0088872004,0.84979683,-1.3249447,4.1919848,2.8659238,26.229106,0.49066924023379277,0.48792727,0.0027419702337927454,0.0027419702337927454
0.00861224,0.693327,-0.993646,3.32174,0.0586011,27.8459,0.00785129185880171,0.00714287,0.0007084218588017102,0.0007084218588017102
0.018906,0.22129,-0.9071,3.1218,0.0028166,8.9214,0.0016575953569711744,0.0010705,0.0005870953569711743,0.0005870953569711743
0.0204106,0.714825,-1.08035,3.47573,0.0769027,28.6759,0.008917626551981007,0.00917944,-0.00026181344801899306,0.00026181344801899306
0.0174146,0.291069,-0.864695,3.06336,0.00233463,11.7371,0.0013647155671016658,0.000674105,0.0006906105671016658,0.0006906105671016658
0.015446,0.585954,-0.947873,3.23557,0.0153883,23.6055,0.0028207745084258555,0.00221222,0.0006085545084258555,0.0006085545084258555
0.017252,0.2399,-0.91121,3.1322,0.0035269,9.6705,0.0018726021671117662,0.0012368,0.0006358021671117662,0.0006358021671117662
0.012669,0.370936,-0.755725,2.89328,0.00100965,14.9613,0.0012203568250679254,0.000228567,0.0009917898250679253,0.0009917898250679253
0.0091813,0.21332,-0.63691,2.6712,0.00017546,8.6049,0.001425945593390363,6.8553e-05,0.001357392593390363,0.001357392593390363
0.0219781,0.493095,-0.630308,2.69833,0.000154538,19.8913,0.0005931631182529853,2.63108e-05,0.0005668523182529852,0.0005668523182529852
0.0152737,0.342741,-0.77153,2.9159,0.000947945,13.8242,0.0010547871184191941,0.000232264,0.0008225231184191941,0.0008225231184191941
0.018374,0.408644,-0.978283,3.26912,0.0133145,16.4575,0.003151223097910862,0.00274842,0.0004028030979108619,0.0004028030979108619
0.0095369,0.2273,-0.6628,2.717,0.0002492,9.1686,0.001400958637839657,9.2043e-05,0.001308915637839657,0.001308915637839657
0.022088,0.409453,-0.513344,2.49541,2.84245e-05,16.5175,0.0005689268625708387,5.82766e-06,0.0005630992025708387,0.0005630992025708387
0.0128494,0.249713,-0.874242,3.07239,0.00306798,10.0672,0.00195689698643059,0.0010328,0.0009240969864305901,0.0009240969864305901
0.02362,0.23217,-0.57639,2.5744,3.3876e-05,9.3658,0.0005388260758545226,1.2249e-05,0.0005265770758545226,0.0005265770758545226
0.023737,0.271628,-0.893491,3.1082,0.00231279,10.953,0.0011992255540127393,0.000715901,0.00048332455401273926,0.00048332455401273926
0.0119374,0.539508,-0.979626,3.28506,0.027509,21.7067,0.00491513098692386,0.00430393,0.0006112009869238596,0.0006112009869238596
0.0151095,0.880925,-0.907894,3.18877,0.0141705,35.5066,0.0020862093644250772,0.00135324,0.0007329693644250773,0.0007329693644250773
0.01811387,0.9479585,-1.180215,3.701677,0.3948204,37.37121,0.03618275247533999,0.03730267,-0.0011199175246600149,0.0011199175246600149
0.0125503,0.862897,-0.815904,3.03389,0.00513395,34.7979,0.0014928975399304317,0.000499817,0.0009930805399304319,0.0009930805399304319
0.009447236,0.7238345,-1.250036,3.853511,1.247219,26.29348,0.17406337820832035,0.1753649,-0.0013015217916796384,0.0013015217916796384
0.0164629,0.535398,-1.02895,3.36889,0.0371728,21.5213,0.006019222871344015,0.00588082,0.00013840287134401445,0.00013840287134401445
