Error,time,CO2share,E_appl,v,X_tot,X_het,X_hom,FE,CO2_out,CO_out,H2_out,delP,CD,Vcell
0,5.43013,0.940779,-0.717014,0.0175241,0.000107979,5.9341e-05,4.86383e-05,0.957227,37.9486,0.00112608,0.000100502,0.144071,0.795845,2.87362
0,5.8106,0.959019,-0.688119,0.0118766,0.000131334,6.04128e-05,7.09214e-05,0.95799,38.6834,0.00116864,0.000102313,0.144071,0.559275,2.82656
0,5.63229,0.681715,-0.683313,0.0109549,0.000135569,6.15752e-05,7.39942e-05,0.941923,27.4979,0.000846709,0.000104281,0.144071,0.380132,2.80188
0,5.74458,0.537966,-0.733199,0.0207145,0.000100333,6.18016e-05,3.85313e-05,0.927572,21.7003,0.000670625,0.000104671,0.144071,0.578172,2.87335
0,5.99471,0.381609,-0.718779,0.0171042,0.000105146,6.21936e-05,4.29521e-05,0.900858,15.3932,0.000478729,0.000105331,0.144071,0.350887,2.83322
0,6.30999,0.335353,-0.745454,0.0240552,9.22429e-05,6.22908e-05,2.99521e-05,0.888721,13.5275,0.000421359,0.000105501,0.144071,0.440305,2.87158
0,5.90428,0.654477,-0.736893,0.0214983,0.000100818,6.24412e-05,3.83765e-05,0.939677,26.4001,0.00082431,0.000105756,0.144071,0.728066,2.88892
0,5.65234,0.530004,-0.721122,0.0174391,0.000108352,6.2862e-05,4.54897e-05,0.92656,21.379,0.000672036,0.000106465,0.144071,0.488294,2.85257
0,6.54085,0.721826,-0.726872,0.0187344,0.000107588,6.29995e-05,4.45887e-05,0.944986,29.1166,0.000917264,0.0001067,0.144071,0.702031,2.87702
0,5.33472,0.858903,-0.678557,0.0100594,0.000145368,6.30827e-05,8.22849e-05,0.953322,34.6446,0.0010929,0.000106834,0.144071,0.445158,2.80525
0,5.85851,0.912481,-0.706814,0.0143499,0.000122372,6.35691e-05,5.88024e-05,0.955952,36.8066,0.00117003,0.000107661,0.144071,0.678011,2.85517
0,6.49386,0.44427,-0.74578,0.0236388,9.6298e-05,6.36529e-05,3.26451e-05,0.913631,17.9209,0.000570415,0.000107809,0.144071,0.56978,2.88518
0,5.96344,0.655797,-0.746644,0.0237079,9.92369e-05,6.41744e-05,3.50625e-05,0.939792,26.4534,0.000848901,0.000108694,0.144071,0.826774,2.90522
0,4.82954,0.253712,-0.68796,0.0110811,0.00012191,6.46203e-05,5.729e-05,0.857994,10.2339,0.0003307,0.000109434,0.144071,0.164866,2.76356
0,6.06368,0.778114,-0.690553,0.0114402,0.000136589,6.47084e-05,7.18803e-05,0.948739,31.3862,0.00101561,0.000109588,0.144071,0.472748,2.82034
0,5.2976,0.724943,-0.714599,0.0154862,0.00011841,6.50991e-05,5.33105e-05,0.945203,29.242,0.000951927,0.000110253,0.144071,0.602085,2.85683
0,6.44713,0.357334,-0.737347,0.0204134,0.000101762,6.6145e-05,3.56168e-05,0.894837,14.414,0.000476756,0.000112027,0.144071,0.41987,2.86103
0,5.25307,0.5439,-0.681368,0.0099003,0.000145289,6.64535e-05,7.88356e-05,0.928276,21.9387,0.000729058,0.000112542,0.144071,0.300147,2.78778
0,6.33037,0.263537,-0.744115,0.0221073,9.63659e-05,6.66245e-05,2.97414e-05,0.862574,10.6305,0.000354161,0.000112839,0.144071,0.35042,2.85849
0,6.31178,0.412713,-0.752906,0.0245911,9.80333e-05,6.70518e-05,3.09814e-05,0.90764,16.648,0.000558193,0.000113568,0.144071,0.583873,2.89356
0,6.23713,0.535969,-0.697886,0.0121153,0.000132077,6.7138e-05,6.49391e-05,0.927302,21.6191,0.000725826,0.000113703,0.144071,0.366065,2.81451
0,5.6495,0.500489,-0.673284,0.00878487,0.000155311,6.75054e-05,8.78053e-05,0.922538,20.1875,0.000681488,0.000114322,0.144071,0.250497,2.77039
0,5.66722,0.348391,-0.744821,0.0218498,0.000101219,6.80226e-05,3.31964e-05,0.89243,14.0533,0.000478019,0.000115209,0.144071,0.451829,2.87228
0,5.77294,0.407456,-0.681063,0.00962132,0.000144793,6.8113e-05,7.66803e-05,0.906531,16.4351,0.000559804,0.000115352,0.144071,0.229343,2.77363
0,5.72269,0.481194,-0.754051,0.0243346,0.000101207,6.87614e-05,3.24461e-05,0.919719,19.4103,0.000667406,0.000116465,0.144071,0.681762,2.90269
0,5.91296,0.345755,-0.72493,0.0165249,0.000113009,6.96652e-05,4.33441e-05,0.891692,13.9468,0.000485858,0.000117986,0.144071,0.347588,2.83889
0,5.68938,0.466275,-0.741026,0.0201609,0.000108788,7.02126e-05,3.85756e-05,0.91736,18.8083,0.000660363,0.000118919,0.144071,0.560284,2.87956
0,5.77015,0.681717,-0.748195,0.0220931,0.000108174,7.02504e-05,3.7924e-05,0.941941,27.4987,0.000966003,0.000118987,0.144071,0.874743,2.90968
0,5.52539,0.972489,-0.689043,0.0102916,0.000152173,7.05485e-05,8.16247e-05,0.958533,39.226,0.00138388,0.00011948,0.144071,0.573565,2.82878
0,5.46159,0.432492,-0.687585,0.0100436,0.000145875,7.09506e-05,7.49249e-05,0.911457,17.4449,0.000618955,0.000120158,0.144071,0.263279,2.78725
0,5.80859,0.64134,-0.756685,0.0242924,0.000105635,7.12498e-05,3.43856e-05,0.938516,25.8701,0.000921717,0.000120682,0.144071,0.921102,2.92083
0,5.8741,0.335598,-0.755692,0.0239768,0.000101328,7.12753e-05,3.00525e-05,0.888787,13.5373,0.000482486,0.000120722,0.144071,0.502511,2.88862
0,5.80783,0.469596,-0.745165,0.0209062,0.000108966,7.14064e-05,3.75596e-05,0.917896,18.9423,0.000676374,0.000120942,0.144071,0.594741,2.88677
0,5.97743,0.533899,-0.746692,0.0212808,0.000109234,7.15382e-05,3.76962e-05,0.927055,21.5361,0.000770411,0.000121166,0.144071,0.682757,2.8954
0,6.3812,0.21351,-0.71803,0.01465,0.00011197,7.1901e-05,4.0069e-05,0.83567,8.6125,0.00030966,0.00012179,0.14407,0.2096,2.806
0,7.14656,0.786052,-0.738917,0.0191115,0.000116712,7.20878e-05,4.4624e-05,0.949242,31.707,0.00114298,0.000122096,0.144071,0.88841,2.9012
0,6.68979,0.725312,-0.748011,0.0212208,0.000112803,7.29646e-05,3.98383e-05,0.945232,29.2571,0.00106749,0.000123584,0.144071,0.92524,2.91239
0,5.66238,0.306784,-0.74325,0.0199477,0.000107862,7.30212e-05,3.48408e-05,0.8796,12.3749,0.000451863,0.000123673,0.144071,0.395604,2.86387
0,4.96124,0.737038,-0.684003,0.00927548,0.000161266,7.33702e-05,8.7896e-05,0.946025,29.7287,0.00109077,0.000124258,0.144071,0.41283,2.80681
0,6.17171,0.610448,-0.761304,0.0248921,0.000107195,7.37827e-05,3.3412e-05,0.935607,24.6239,0.000908506,0.000124974,0.144071,0.933215,2.92612
0,5.67615,0.699529,-0.708613,0.0124959,0.000140227,7.47078e-05,6.55193e-05,0.943313,28.2163,0.00105414,0.000126527,0.144071,0.539052,2.84515
0,5.5448,0.858992,-0.707627,0.0122304,0.000143962,7.53686e-05,6.85934e-05,0.953327,34.6483,0.00130588,0.000127646,0.144071,0.646734,2.85355
0,5.94707,0.803956,-0.686275,0.00926531,0.000164544,7.56256e-05,8.89188e-05,0.950284,32.4277,0.00122638,0.000128079,0.144071,0.461569,2.81483
0,6.99456,0.590642,-0.742233,0.0185269,0.000121791,7.75979e-05,4.41926e-05,0.933584,23.8246,0.000924483,0.000131429,0.144071,0.708281,2.89284
0,5.99657,0.913184,-0.757084,0.0223624,0.00011724,7.77955e-05,3.94446e-05,0.955987,36.8352,0.00143297,0.000131771,0.144071,1.29415,2.93877
0,6.93043,0.462489,-0.729405,0.0156687,0.000127084,7.78194e-05,4.92647e-05,0.916728,18.6553,0.000725963,0.000131795,0.144071,0.478995,2.85986
0,5.80685,0.626905,-0.682245,0.00854208,0.0001717,7.78904e-05,9.38094e-05,0.937148,25.2861,0.000984942,0.000131914,0.144071,0.34655,2.79605
0,6.78451,0.931632,-0.722242,0.0141767,0.00013874,7.8446e-05,6.02941e-05,0.956806,37.5785,0.00147415,0.000132862,0.144071,0.843194,2.88183
0,5.80733,0.60619,-0.744814,0.0188063,0.000122601,7.90207e-05,4.35798e-05,0.935174,24.4518,0.000966217,0.00013384,0.144071,0.750146,2.89838
0,6.179,0.715099,-0.751136,0.0201441,0.00012201,8.0012e-05,4.19982e-05,0.944489,28.8448,0.00115411,0.000135522,0.144071,0.950314,2.91689
0,5.6671,0.486094,-0.762843,0.0232312,0.000114922,8.06362e-05,3.42861e-05,0.920455,19.6077,0.000790634,0.000136583,0.144071,0.770421,2.91778
0,5.96119,0.389992,-0.702919,0.0107393,0.000149168,8.07978e-05,6.83707e-05,0.902753,15.7306,0.000635594,0.000136838,0.144071,0.291875,2.80789
0,6.87945,0.541196,-0.762333,0.0228611,0.000117009,8.14057e-05,3.56029e-05,0.927962,21.8302,0.000888657,0.000137887,0.144071,0.845253,2.92205
0,6.48484,0.966218,-0.75172,0.0198684,0.000126189,8.17317e-05,4.44569e-05,0.958293,38.9741,0.00159291,0.000138437,0.144071,1.27506,2.93264
0,6.62566,0.855804,-0.758496,0.0213966,0.000123701,8.27946e-05,4.09066e-05,0.953175,34.5204,0.00142923,0.00014024,0.144071,1.23867,2.93792
0,5.31718,0.595827,-0.715139,0.0122529,0.000148678,8.28504e-05,6.58278e-05,0.934106,24.0331,0.000995726,0.000140319,0.144071,0.504204,2.84824
0,5.62779,0.281307,-0.724049,0.013681,0.000132355,8.31999e-05,4.91547e-05,0.870102,11.3469,0.000472095,0.000140908,0.144071,0.28655,2.82807
0,6.98692,0.723587,-0.733826,0.0154405,0.000137691,8.35789e-05,5.41118e-05,0.945093,29.1868,0.00121987,0.000141558,0.144071,0.769391,2.88869
0,5.32432,0.579695,-0.702587,0.0103148,0.000160789,8.37635e-05,7.70255e-05,0.932391,23.3822,0.000979444,0.000141863,0.144071,0.418268,2.82607
0,5.95334,0.379035,-0.730227,0.0146329,0.000134539,8.42105e-05,5.03283e-05,0.900234,15.2889,0.000643829,0.000142624,0.144071,0.403998,2.85192
0,6.15194,0.5603,-0.752418,0.0194298,0.000126161,8.43307e-05,4.18298e-05,0.930239,22.6007,0.000953085,0.000142837,0.144071,0.768553,2.90723
0,6.59892,0.559989,-0.76126,0.0217306,0.000122145,8.44683e-05,3.76765e-05,0.930206,22.5882,0.000954111,0.000143074,0.144071,0.860546,2.9219
0,6.01982,0.744385,-0.724827,0.0135897,0.000145936,8.45968e-05,6.13397e-05,0.946538,30.0254,0.00127021,0.00014328,0.144071,0.704017,2.87512
0,6.09656,0.930463,-0.753895,0.0197149,0.00012938,8.47011e-05,4.4679e-05,0.95676,37.5317,0.00158969,0.000143467,0.144071,1.26468,2.93439
0,5.81438,0.282517,-0.706916,0.0106536,0.000148265,8.57394e-05,6.25252e-05,0.870576,11.3955,0.000488596,0.000145205,0.144071,0.230805,2.79981
0,6.20945,0.936958,-0.727113,0.0136771,0.000149335,8.65601e-05,6.27747e-05,0.957033,37.7929,0.00163592,0.000146607,0.144071,0.902541,2.89021
0,5.29402,0.94543,-0.699724,0.00962042,0.000174472,8.65661e-05,8.79055e-05,0.957385,38.1337,0.00165083,0.000146611,0.144071,0.640356,2.84513
0,6.78771,0.51497,-0.722961,0.0129527,0.000147636,8.66562e-05,6.09798e-05,0.924554,20.7718,0.000900134,0.000146766,0.144071,0.486814,2.85425
0,6.248,0.21151,-0.72635,0.013461,8.3375e-05,3.9872e-05,4.3503e-05,0.83436,8.5318,0.00017011,0.00014752,0.14407,0.23143,2.8194
0,6.64554,0.896868,-0.765728,0.022156,0.000127866,8.77386e-05,4.01278e-05,0.955217,36.1766,0.00158725,0.000148617,0.144071,1.42143,2.95226
0,6.38659,0.297345,-0.719231,0.0121851,0.000143698,8.78085e-05,5.58894e-05,0.876231,11.9937,0.000526651,0.000148713,0.144071,0.282715,2.82256
0,6.85105,0.363642,-0.755056,0.0192275,0.000126508,8.81556e-05,3.83525e-05,0.896456,14.6681,0.000646621,0.000149315,0.144071,0.535437,2.89125
0,5.99029,0.596561,-0.763523,0.0213054,0.000127663,8.86948e-05,3.89686e-05,0.934195,24.0632,0.00106728,0.000150235,0.144071,0.939753,2.9287
0,5.96831,0.676673,-0.737996,0.0153371,0.000142874,8.87709e-05,5.41032e-05,0.941511,27.2943,0.00121164,0.000150354,0.144071,0.761976,2.89236
0,6.51926,0.430176,-0.716785,0.011656,0.000154095,8.89538e-05,6.51415e-05,0.911018,17.3514,0.000771855,0.000150656,0.144071,0.381221,2.83549
0,5.80114,0.50787,-0.732618,0.0142778,0.000144157,8.89941e-05,5.51631e-05,0.923583,20.4854,0.000911673,0.000150728,0.144071,0.544079,2.86964
0,6.05361,0.558372,-0.737886,0.0152008,0.000142622,8.94414e-05,5.31809e-05,0.930005,22.5225,0.00100737,0.000151489,0.144071,0.635647,2.88292
0,6.78862,0.344499,-0.752419,0.018102,0.000130569,9.05195e-05,4.00495e-05,0.891329,13.8959,0.000629007,0.000153317,0.144071,0.493178,2.88438
0,6.56245,0.806788,-0.757263,0.0191937,0.000136104,9.08466e-05,4.52578e-05,0.950468,32.5429,0.00147841,0.000153879,0.144071,1.15263,2.93297
0,5.78064,0.366106,-0.729195,0.0133785,0.000145401,9.0891e-05,5.45098e-05,0.897069,14.7672,0.000671202,0.000153941,0.144071,0.386433,2.8486
0,5.8881,0.455461,-0.7618,0.0201816,0.000130461,9.15867e-05,3.88743e-05,0.915551,18.3717,0.000841412,0.000155129,0.144071,0.716064,2.91297
0,6.6173,0.253502,-0.775384,0.0237345,0.000120367,9.27199e-05,2.7647e-05,0.857894,10.2255,0.00047411,0.000157053,0.144071,0.506421,2.90871
0,5.67908,0.739869,-0.77429,0.0231494,0.000131387,9.37323e-05,3.76545e-05,0.946239,29.8437,0.00139884,0.000158775,0.144071,1.32133,2.95705
0,7.07649,0.944357,-0.733477,0.0136161,0.000157815,9.43519e-05,6.34632e-05,0.957349,38.091,0.00179726,0.000159807,0.144071,0.98682,2.90117
0,5.70012,0.760916,-0.778565,0.0240142,0.000132123,9.54558e-05,3.6667e-05,0.947645,30.6927,0.00146509,0.000161698,0.144071,1.4335,2.96554
0,6.08999,0.849051,-0.730733,0.0126465,0.000165714,9.80679e-05,6.76456e-05,0.952794,34.2466,0.00167952,0.0001661,0.144071,0.860592,2.89137
0,6.85667,0.569385,-0.744715,0.0149027,0.000153985,9.95915e-05,5.43936e-05,0.931257,22.9665,0.00114381,0.000168684,0.144071,0.706647,2.8952
0,5.68138,0.429897,-0.763508,0.0188393,0.000141417,0.000100286,4.11313e-05,0.910974,17.3404,0.000869621,0.000169868,0.144071,0.69433,2.91309
0,5.18009,0.696269,-0.701526,0.00843757,0.000198097,0.000101011,9.70854e-05,0.943026,28.0832,0.00141864,0.000171078,0.144071,0.489971,2.83315
0,6.09821,0.655993,-0.727324,0.0116008,0.000173379,0.000102328,7.10508e-05,0.939762,26.4593,0.001354,0.000173314,0.144071,0.64524,2.87312
0,6.12973,0.891576,-0.786419,0.0246127,0.000140191,0.000103016,3.71756e-05,0.954955,35.9627,0.00185262,0.000174511,0.144071,1.8437,2.9864
0,5.91188,0.868703,-0.70512,0.00863891,0.000200363,0.000103317,9.7046e-05,0.953787,35.038,0.00181037,0.000174985,0.144071,0.632972,2.84993
0,5.95742,0.380052,-0.732116,0.0120987,0.00016532,0.000104347,6.09726e-05,0.900455,15.3295,0.000799924,0.000176732,0.144071,0.414913,2.85518
0,6.67279,0.435548,-0.7476,0.0145919,0.000158269,0.000105553,5.27155e-05,0.912015,17.568,0.000927326,0.000178782,0.144071,0.572787,2.88727
0,6.12885,0.765137,-0.740533,0.013279,0.000169806,0.000105923,6.38834e-05,0.947894,30.8618,0.00163476,0.000179408,0.144071,0.884112,2.90256
0,6.52509,0.438917,-0.773937,0.020081,0.000146668,0.000107567,3.91011e-05,0.912638,17.7041,0.000952324,0.000182208,0.144071,0.80903,2.93139
0,5.85732,0.904119,-0.778937,0.0212372,0.000151143,0.000108452,4.26904e-05,0.955544,36.4683,0.00197783,0.000183716,0.144071,1.69725,2.97464
0,6.64136,0.34265,-0.738069,0.0124572,0.000167065,0.000109398,5.76674e-05,0.890784,13.8208,0.00075611,0.000185288,0.144071,0.408191,2.8603
0,5.25339,0.447214,-0.710094,0.00859527,0.000199539,0.000110694,8.88447e-05,0.914085,18.0378,0.000998541,0.000187478,0.144071,0.362448,2.82621
0,6.4431,0.391582,-0.786644,0.0228733,0.000144874,0.000111172,3.37022e-05,0.903112,15.7948,0.000878098,0.000188325,0.144071,0.85871,2.94717
0,5.8205,0.910938,-0.780251,0.0210216,0.000154691,0.000111429,4.32614e-05,0.955859,36.7432,0.00204745,0.00018876,0.144071,1.73858,2.97719
0,6.58761,0.539793,-0.784032,0.0220636,0.000149102,0.000111451,3.7651e-05,0.927768,21.773,0.00121349,0.000188796,0.144071,1.11426,2.958
0,9.18783,0.906068,-0.729654,0.0109654,0.000190099,0.000111545,7.8554e-05,0.95561,36.5455,0.00203863,0.00018893,0.144071,0.903053,2.89278
0,6.35602,0.649732,-0.744102,0.0130738,0.000176013,0.000112631,6.33811e-05,0.939216,26.2067,0.00147611,0.000190773,0.144071,0.793237,2.90054
0,5.94819,0.287005,-0.738613,0.0121443,0.000168833,0.000113004,5.58292e-05,0.872328,11.5763,0.000654194,0.000191394,0.144071,0.351583,2.85316
0,5.9532,0.410306,-0.752355,0.0144851,0.000165814,0.000113026,5.27878e-05,0.907106,16.5498,0.000935433,0.000191442,0.144071,0.576675,2.89237
0,5.75519,0.660976,-0.781922,0.0211723,0.000153779,0.000113037,4.07427e-05,0.9402,26.6609,0.00150706,0.000191483,0.144071,1.31036,2.96425
0,5.55198,0.624903,-0.718662,0.00932963,0.000200733,0.000113842,8.68908e-05,0.936941,25.2047,0.00143497,0.000192815,0.144071,0.551583,2.85639
0,5.93435,0.330329,-0.764078,0.0166889,0.000157201,0.00011404,4.3161e-05,0.887179,13.324,0.000759851,0.000193165,0.144071,0.551841,2.90183
0,11.2074,0.51555,-0.71747,0.00909122,0.000201375,0.000115053,8.63214e-05,0.924598,20.794,0.00119645,0.000194864,0.144071,0.454127,2.84519
0,6.45989,0.551631,-0.754117,0.0143916,0.000172768,0.000116361,5.64069e-05,0.929192,22.25,0.00129474,0.000197095,0.144071,0.77419,2.9093
0,6.08529,0.49355,-0.745833,0.0129313,0.000177553,0.000116433,6.11202e-05,0.921521,19.9071,0.00115913,0.000197211,0.144071,0.627937,2.89023
0,6.57982,0.817385,-0.725984,0.00993328,0.000202869,0.000117466,8.54032e-05,0.951034,32.9681,0.0019367,0.000198956,0.144071,0.780882,2.88161
0,6.4972,0.21885,-0.77547,0.01865,0.00015084,0.00011813,3.2715e-05,0.83901,8.8276,0.00052148,0.00020009,0.14407,0.44753,2.9024
0,5.78619,0.615879,-0.782532,0.0204061,0.000159936,0.000118202,4.17338e-05,0.936104,24.8417,0.0014684,0.000200234,0.144071,1.23592,2.96184
0,6.54847,0.257073,-0.737451,0.0111274,0.00017969,0.000121504,5.81853e-05,0.859554,10.3689,0.000630047,0.00020579,0.144071,0.314858,2.84632
0,6.85059,0.381283,-0.750432,0.0131208,0.000178525,0.000121734,5.67904e-05,0.900736,15.3789,0.000936238,0.000206192,0.144071,0.526498,2.88576
0,5.82302,0.45686,-0.77718,0.018497,0.000164722,0.000121743,4.29781e-05,0.915766,18.4275,0.0011219,0.000206227,0.144071,0.874915,2.93867
0,5.62078,0.252397,-0.719397,0.00877564,0.000194925,0.000122181,7.27433e-05,0.857315,10.1802,0.000622035,0.00020693,0.144071,0.245784,2.81553
0,6.25246,0.943045,-0.730907,0.0101586,0.000207633,0.000122355,8.52771e-05,0.95726,38.0362,0.00232745,0.000207242,0.144071,0.953491,2.89683
0,5.8249,0.2471,-0.77181,0.017174,0.00016008,0.0001224,3.7682e-05,0.85472,9.9668,0.00061006,0.00020733,0.14407,0.47324,2.9017
0,5.79485,0.258814,-0.74623,0.0123376,0.000175495,0.000122666,5.2829e-05,0.860369,10.4392,0.000640378,0.000207761,0.144071,0.354498,2.8612
0,5.9929,0.867675,-0.792025,0.0221486,0.000164524,0.00012302,4.15037e-05,0.953758,34.9978,0.00215307,0.000208407,0.144071,1.93062,2.99439
0,5.80477,0.669132,-0.789061,0.0213086,0.000164055,0.000123095,4.09594e-05,0.940878,26.9896,0.00166141,0.00020853,0.144071,1.45286,2.97672
0,6.50443,0.449648,-0.778639,0.0186051,0.000165958,0.000123325,4.2633e-05,0.914531,18.1366,0.00111853,0.000208908,0.144071,0.878576,2.94035
0,6.03266,0.656409,-0.726871,0.00950513,0.000210428,0.000124163,8.62645e-05,0.939774,26.4752,0.00164397,0.0002103,0.144071,0.641876,2.8724
0,6.31388,0.499963,-0.769286,0.016382,0.000173577,0.000124209,4.93676e-05,0.922451,20.1659,0.00125261,0.000210399,0.144071,0.858855,2.92982
0,5.95844,0.812732,-0.795664,0.0228034,0.000165292,0.000125203,4.00884e-05,0.950792,32.7817,0.00205252,0.000212109,0.144071,1.90082,2.99722
0,5.69617,0.254247,-0.749475,0.0125217,0.000177742,0.000126004,5.17372e-05,0.858216,10.255,0.0006462,0.000213419,0.144071,0.363973,2.8658
0,5.80436,0.369275,-0.802365,0.024696,0.000157172,0.000125998,3.11746e-05,0.897854,14.8949,0.000938507,0.000213457,0.144071,0.996792,2.97058
0,7.71455,0.574842,-0.751912,0.0128575,0.000190439,0.000126608,6.38311e-05,0.931841,23.1857,0.00146803,0.000214452,0.144071,0.781992,2.90762
0,7.06575,0.941866,-0.755895,0.0134993,0.000192429,0.000126916,6.55131e-05,0.957219,37.9892,0.00241118,0.000214979,0.144071,1.31278,2.93832
0,6.26248,0.753309,-0.801487,0.02421,0.000164669,0.000127083,3.75863e-05,0.947124,30.3848,0.00193102,0.0002153,0.144071,1.90601,3.00319
0,5.6621,0.22685,-0.76544,0.015149,0.00016867,0.00012785,4.0818e-05,0.84379,9.1501,0.00058504,0.00021656,0.14407,0.4055,2.8873
0,7.09782,0.396972,-0.771494,0.0161856,0.000176564,0.000129332,4.72323e-05,0.90428,16.0117,0.0010356,0.000219077,0.144071,0.715643,2.92263
0,6.0654,0.20096,-0.76146,0.013995,0.00031927,0.00013147,0.0001878,0.82712,8.1044,0.00053289,0.00022273,0.14407,0.34813,2.8755
0,6.42325,0.586683,-0.8018,0.0234907,0.00016832,0.000131503,3.68173e-05,0.933136,23.6639,0.00155619,0.000222787,0.144071,1.51274,2.99155
0,5.73736,0.268809,-0.778729,0.0174315,0.000170474,0.000131787,3.86869e-05,0.864858,10.8424,0.000714566,0.00022323,0.144071,0.556038,2.91687
0,6.173,0.918107,-0.731439,0.00945518,0.000223473,0.000132359,9.11141e-05,0.956144,37.0298,0.00245116,0.000224187,0.144071,0.935721,2.89639
0,6.38403,0.398531,-0.804012,0.0239104,0.000165899,0.000132918,3.29814e-05,0.904626,16.0748,0.00106849,0.000225184,0.144071,1.09053,2.97686
0,6.13771,0.810988,-0.738521,0.0102546,0.000216734,0.000133662,8.30728e-05,0.950659,32.7096,0.00218648,0.000226396,0.144071,0.910494,2.90207
0,7.21354,0.401035,-0.772139,0.0157507,0.000182653,0.000134008,4.86454e-05,0.905153,16.1755,0.00108402,0.000226999,0.144071,0.728277,2.92418
0,6.29187,0.31482,-0.800108,0.0224053,0.000167452,0.000134914,3.25384e-05,0.882273,12.6983,0.000856731,0.000228558,0.144071,0.840092,2.95951
0,7.38774,0.506291,-0.80578,0.0240089,0.000170438,0.000135411,3.5027e-05,0.923347,20.4212,0.00138286,0.000229411,0.144071,1.38848,2.9911
0,5.8502,0.324586,-0.787159,0.0186273,0.00017652,0.000137419,3.91013e-05,0.885401,13.0921,0.000899705,0.000232788,0.144071,0.730828,2.93938
0,6.19827,0.414816,-0.807347,0.0240004,0.00017157,0.000138212,3.33583e-05,0.908018,16.7316,0.00115645,0.000234159,0.144071,1.18034,2.98428
0,7.29643,0.982896,-0.748255,0.0112294,0.000216825,0.000138311,7.85146e-05,0.958911,39.6432,0.00274214,0.000234279,0.144071,1.2397,2.92772
0,5.87544,0.302119,-0.773335,0.0154489,0.00018425,0.000138742,4.55079e-05,0.877921,12.1858,0.000845495,0.000235016,0.144071,0.574419,2.91315
0,5.79646,0.283624,-0.74352,0.0105037,0.00020374,0.00013915,6.45902e-05,0.870982,11.4396,0.00079607,0.000235685,0.144071,0.370605,2.86078
0,6.00671,0.717654,-0.801712,0.0219433,0.000181704,0.000140615,4.1089e-05,0.944637,28.9462,0.0020355,0.000238228,0.144071,1.82582,3.00119
0,6.51317,0.955255,-0.776546,0.0158679,0.000198192,0.000140759,5.74333e-05,0.957788,38.5291,0.00271219,0.000238446,0.144071,1.73487,2.97338
0,7.37883,0.793441,-0.761992,0.0131271,0.000207338,0.000141142,6.61962e-05,0.949632,32.0022,0.0022589,0.000239083,0.144071,1.20553,2.94002
0,6.10217,0.75521,-0.808598,0.0237159,0.000181004,0.00014213,3.88744e-05,0.94724,30.461,0.0021651,0.000240805,0.144071,2.09328,3.01515
0,6.11689,0.38274,-0.781215,0.0164518,0.000190477,0.000144155,4.63222e-05,0.901068,15.4375,0.00111291,0.000244196,0.144071,0.784529,2.93709
0,7.61284,0.800543,-0.811922,0.0242161,0.00018405,0.000145264,3.87859e-05,0.95007,32.2894,0.00234567,0.000246119,0.144071,2.30882,3.02355
0,5.6763,0.2344,-0.80005,0.020756,0.00017656,0.00014553,3.1026e-05,0.84804,9.4545,0.00068808,0.00024654,0.14407,0.65028,2.9463
0,5.85167,0.57902,-0.802592,0.021423,0.000185967,0.000145668,4.02988e-05,0.932301,23.3544,0.00170131,0.000246788,0.144071,1.50957,2.99223
0,6.0249,0.899928,-0.788028,0.0175624,0.000199712,0.00014738,5.23316e-05,0.955315,36.2975,0.0026753,0.000249676,0.144071,1.89901,2.98954
0,6.2013,0.866243,-0.790871,0.0181822,0.000198089,0.00014765,5.04389e-05,0.953664,34.9389,0.00257987,0.000250135,0.144071,1.8992,2.99239
0,6.03547,0.87684,-0.762912,0.0126314,0.000218314,0.000148423,6.9891e-05,0.954184,35.3656,0.0026251,0.000251418,0.144071,1.34164,2.94646
0,5.93648,0.804281,-0.772539,0.0142761,0.000210378,0.000148606,6.17716e-05,0.950273,32.4393,0.00241085,0.000251736,0.144071,1.39835,2.95823
0,6.04302,0.492157,-0.79391,0.0186087,0.000194235,0.000150009,4.42259e-05,0.921306,19.8506,0.00148918,0.000254131,0.144071,1.1614,2.97001
0,6.1255,0.700519,-0.809016,0.0225366,0.000190677,0.000150373,4.03041e-05,0.943356,28.2548,0.00212478,0.000254771,0.144071,1.96017,3.01217
0,5.86276,0.626861,-0.773071,0.0141414,0.000210833,0.00015105,5.97827e-05,0.937119,25.2833,0.00190993,0.000255875,0.144071,1.11275,2.94696
0,5.8179,0.83697,-0.780541,0.0155222,0.000209271,0.000151466,5.78046e-05,0.952118,33.7578,0.00255712,0.000256589,0.144071,1.60958,2.9735
0,6.5842,0.491694,-0.779991,0.0153594,0.000204778,0.000151998,5.27808e-05,0.921232,19.8318,0.0015075,0.000257485,0.144071,0.970411,2.94682
0,6.14732,0.978704,-0.793504,0.0182384,0.000203951,0.000152254,5.16968e-05,0.958751,39.4746,0.0030057,0.00025794,0.144071,2.20778,3.00281
0,6.39629,0.590575,-0.735006,0.00860004,0.000246575,0.000152341,9.42333e-05,0.933497,23.819,0.00181475,0.000258035,0.144071,0.645397,2.88082
0,5.99531,0.835061,-0.786532,0.0163596,0.000210522,0.000155206,5.53157e-05,0.952013,33.6808,0.00261428,0.000262932,0.144071,1.73457,2.98336
0,6.59124,0.321217,-0.741025,0.00904527,0.00023467,0.000156487,7.81827e-05,0.884303,12.9554,0.00101392,0.000265054,0.144071,0.400353,2.86225
0,6.08355,0.873843,-0.794589,0.0179894,0.000207917,0.000156527,5.13904e-05,0.954041,35.245,0.00275897,0.00026518,0.144071,2.00875,2.99901
0,6.05546,0.700913,-0.792429,0.0173079,0.000209346,0.000158242,5.11039e-05,0.943374,28.2702,0.00223723,0.000268081,0.144071,1.58486,2.98459
0,6.15554,0.996541,-0.81655,0.0235296,0.000200862,0.00015865,4.22119e-05,0.959459,40.1942,0.00318904,0.000268813,0.144071,3.02023,3.04212
0,6.69815,0.57753,-0.788443,0.0163617,0.000210788,0.000159042,5.17456e-05,0.932123,23.2937,0.00185273,0.000269431,0.144071,1.25568,2.96857
0,6.16378,0.418325,-0.800275,0.0187117,0.000204453,0.000161886,4.25662e-05,0.908698,16.8725,0.001366,0.00027426,0.144071,1.08611,2.97292
0,5.7844,0.22404,-0.78767,0.015892,0.00020133,0.00016213,3.9197e-05,0.84212,9.0364,0.00073269,0.00027464,0.14407,0.53385,2.9237
0,6.16651,0.961512,-0.813156,0.0220135,0.00020678,0.000162347,4.44333e-05,0.958045,38.7811,0.00314864,0.000275071,0.144071,2.79387,3.03468
0,7.3397,0.759161,-0.750887,0.0097683,0.000251826,0.000164462,8.73637e-05,0.947454,30.6182,0.00251841,0.000278581,0.144071,1.00237,2.91939
0,5.94346,0.369925,-0.7832,0.0144455,0.000220779,0.000168412,5.23677e-05,0.897975,14.9201,0.00125664,0.000285294,0.144071,0.780496,2.93881
0,6.9867,0.493227,-0.793698,0.0164472,0.000219304,0.000169258,5.00456e-05,0.921447,19.8933,0.00168392,0.000286744,0.144071,1.16054,2.96976
0,6.00421,0.882756,-0.825236,0.0246261,0.000209583,0.000169469,4.01139e-05,0.954482,35.6045,0.00301756,0.000287162,0.144071,3.00675,3.05057
0,6.14908,0.478108,-0.755448,0.0100113,0.000249015,0.000170152,7.88632e-05,0.919149,19.2829,0.00164092,0.000288218,0.144071,0.689977,2.9047
0,5.85427,0.413145,-0.806797,0.0192577,0.000212542,0.000171035,4.15065e-05,0.907655,16.6635,0.00142532,0.000289773,0.144071,1.16773,2.98318
0,5.7969,0.23278,-0.80235,0.01818,0.00020648,0.00017113,3.5359e-05,0.84713,9.3887,0.00080349,0.00028991,0.14407,0.66581,2.9498
0,5.8097,0.430216,-0.800809,0.017815,0.00021625,0.000171204,4.50454e-05,0.910986,17.3519,0.00148568,0.00029005,0.144071,1.12184,2.97512
0,6.85841,0.325175,-0.818069,0.0219138,0.000208008,0.00017371,3.42973e-05,0.885565,13.1154,0.00113938,0.000294323,0.144071,1.08878,2.99084
0,6.00346,0.400768,-0.810204,0.0196319,0.0002158,0.000175276,4.05242e-05,0.905076,16.1642,0.0014169,0.000296963,0.144071,1.18678,2.98742
0,5.95107,0.360189,-0.757754,0.00991055,0.000251384,0.000177049,7.43355e-05,0.89549,14.527,0.00128632,0.0002999,0.144071,0.549577,2.89529
0,6.53735,0.810763,-0.751631,0.00914845,0.000271733,0.000177288,9.44454e-05,0.95061,32.6988,0.00289934,0.000300311,0.144071,1.07717,2.92385
0,6.81413,0.817578,-0.777059,0.0126634,0.000247767,0.00017754,7.02264e-05,0.951016,32.9744,0.00292786,0.000300761,0.144071,1.50521,2.96655
0,7.88831,0.866089,-0.807188,0.0185667,0.000229197,0.000178287,5.09101e-05,0.953636,34.9316,0.00311464,0.00030207,0.144071,2.34162,3.01955
0,6.65565,0.253014,-0.74572,0.00836649,0.000298158,0.000179686,0.000118472,0.85757,10.204,0.000917028,0.000304371,0.144071,0.34537,2.85935
0,5.99056,0.404341,-0.759455,0.00995665,0.000256553,0.000180119,7.64332e-05,0.905809,16.3077,0.00146904,0.000305106,0.144071,0.623385,2.90348
0,6.0323,0.24747,-0.80558,0.017929,0.00021791,0.00018086,3.7045e-05,0.85488,9.9813,0.00090282,0.00030641,0.14407,0.73111,2.9578
0,6.98967,0.442968,-0.800804,0.016589,0.000232614,0.000183843,4.87704e-05,0.913313,17.866,0.00164265,0.000311465,0.144071,1.15206,2.97649
0,5.77988,0.386246,-0.830818,0.0243596,0.00021733,0.000184055,3.32745e-05,0.90186,15.5785,0.00143396,0.000311881,0.144071,1.49583,3.01999
0,6.09281,0.678045,-0.803125,0.0167733,0.00024057,0.000187319,5.32505e-05,0.94156,27.347,0.00256193,0.000317365,0.144071,1.76228,3.00077
0,6.03414,0.974449,-0.825377,0.0219194,0.000236859,0.000190737,4.61223e-05,0.958558,39.3017,0.00374904,0.000323207,0.144071,3.31085,3.05572
0,6.0636,0.72251,-0.797508,0.0151667,0.000251861,0.000192747,5.91144e-05,0.944942,29.14,0.00280903,0.000326552,0.144071,1.74086,2.99452
0,5.9345,0.23529,-0.83419,0.024198,0.00022109,0.00019348,2.7611e-05,0.84851,9.49,0.00091828,0.00032786,0.14407,1.0114,3.0032
0,5.78236,0.415181,-0.827066,0.0217539,0.000234219,0.000196408,3.78112e-05,0.908052,16.7452,0.00164483,0.000332808,0.144071,1.52177,3.01712
0,6.53372,0.446371,-0.805209,0.0163761,0.000246794,0.000197067,4.9727e-05,0.913907,18.003,0.00177434,0.000333881,0.144071,1.22767,2.98417
0,5.99088,0.911462,-0.83332,0.0234055,0.000241235,0.000197799,4.34361e-05,0.955827,36.7612,0.00363654,0.000335196,0.144071,3.43925,3.06565
0,6.06854,0.899207,-0.769015,0.0100994,0.000289195,0.000200762,8.84331e-05,0.955223,36.2651,0.00364138,0.000340093,0.144071,1.48633,2.95785
0,6.13863,0.904816,-0.757636,0.00865424,0.000304261,0.000202434,0.000101826,0.955478,36.4908,0.00369462,0.000342919,0.144071,1.29187,2.93923
0,6.24455,0.944376,-0.775229,0.0105876,0.000293135,0.000207411,8.57233e-05,0.957262,38.0866,0.00395096,0.00035137,0.144071,1.6871,2.97062
0,7.18681,0.308431,-0.837321,0.0233904,0.000240733,0.000208377,3.23554e-05,0.880084,12.4397,0.00129638,0.000353101,0.144071,1.33064,3.02044
0,6.72664,0.864921,-0.824513,0.0195525,0.000261668,0.000211467,5.02011e-05,0.953555,34.8833,0.00368931,0.000358335,0.144071,2.92146,3.04835
0,6.03532,0.464469,-0.818298,0.0180381,0.00025808,0.000211649,4.64318e-05,0.916971,18.7327,0.00198289,0.000358617,0.144071,1.50627,3.00783
0,8.00313,0.712585,-0.782129,0.0112685,0.000290551,0.000212933,7.76176e-05,0.944195,28.7386,0.00306059,0.000360732,0.144071,1.41024,2.96825
0,6.85428,0.293584,-0.793804,0.0130558,0.000267634,0.000213515,5.41198e-05,0.874768,11.8406,0.0012644,0.000361722,0.144071,0.728612,2.94586
0,6.76251,0.795629,-0.842406,0.0242612,0.000255972,0.000214429,4.15423e-05,0.949731,32.0889,0.00344128,0.000363404,0.144071,3.39543,3.07406
0,7.49609,0.895064,-0.831099,0.0206257,0.000266934,0.000218148,4.87859e-05,0.95504,36.0988,0.0039385,0.000369676,0.144071,3.28504,3.06104
0,6.14494,0.665729,-0.820198,0.0179168,0.000269518,0.000218336,5.11818e-05,0.940527,26.8495,0.00293189,0.000369962,0.144071,2.15685,3.0283
0,6.23334,0.548976,-0.827306,0.0195946,0.000264003,0.000218719,4.52846e-05,0.928816,22.1408,0.00242195,0.000370625,0.144071,1.97321,3.0308
0,6.92544,0.993223,-0.777523,0.0102665,0.000309736,0.00022029,8.94454e-05,0.959259,40.056,0.00441334,0.000373195,0.144071,1.82359,2.97694
0,5.88617,0.341686,-0.832855,0.0208156,0.000258558,0.000221093,3.74641e-05,0.890453,13.7806,0.0015238,0.000374658,0.144071,1.37569,3.0177
0,6.00492,0.718385,-0.803562,0.0141719,0.000286751,0.000222946,6.38057e-05,0.944622,28.9726,0.00323059,0.000377735,0.144071,1.87147,3.00432
0,6.75627,0.361521,-0.811879,0.0156062,0.000274829,0.000225276,4.95534e-05,0.895819,14.5804,0.00164276,0.000381691,0.144071,1.10508,2.98541
0,5.95706,0.549504,-0.808196,0.0148499,0.000283733,0.000225811,5.79226e-05,0.928866,22.1617,0.00250288,0.000382596,0.144071,1.54508,2.99904
0,6.44006,0.321921,-0.771065,0.00914454,0.000306098,0.000227645,7.84527e-05,0.884483,12.9829,0.0014782,0.000385629,0.144071,0.59,2.91226
0,6.94952,0.872129,-0.798105,0.0129351,0.000299685,0.000227732,7.19536e-05,0.953896,35.1727,0.00400617,0.000385836,0.144071,2.09757,3.00476
0,6.14053,0.794303,-0.800448,0.0133145,0.000296907,0.000228,6.89065e-05,0.949625,32.0341,0.00365297,0.000386294,0.144071,1.97761,3.00406
0,6.01754,0.591624,-0.838078,0.0215729,0.000270933,0.000228121,4.28122e-05,0.933591,23.8607,0.0027223,0.000386594,0.144071,2.42956,3.05235
0,6.10758,0.998332,-0.813799,0.0155239,0.00029572,0.000232113,6.36079e-05,0.959467,40.2626,0.00467411,0.000393298,0.144071,2.92033,3.03762
0,6.03059,0.787225,-0.818705,0.0164201,0.000291509,0.000233711,5.77981e-05,0.9492,31.7488,0.0037111,0.000396015,0.144071,2.4791,3.03402
0,6.30282,0.602223,-0.814038,0.0151465,0.000297177,0.000238629,5.85478e-05,0.934664,24.2875,0.00289871,0.000404333,0.144071,1.81392,3.01318
0,6.43482,0.985746,-0.815152,0.0152421,0.000305333,0.000240543,6.47901e-05,0.958967,39.7546,0.0047828,0.000407588,0.144071,2.93554,3.03924
0,5.89297,0.314837,-0.800625,0.012625,0.000298815,0.000241007,5.78073e-05,0.882198,12.6973,0.00153053,0.000408319,0.144071,0.845696,2.96037
0,6.68466,0.464085,-0.832884,0.0189386,0.000288338,0.000243088,4.52497e-05,0.916888,18.7166,0.00227555,0.000411942,0.144071,1.81523,3.03206
0,6.57843,0.255787,-0.847937,0.022864,0.000275303,0.000244282,3.10216e-05,0.858889,10.3161,0.00126036,0.000414008,0.144071,1.29591,3.0297
0,6.32983,0.440548,-0.774581,0.00888614,0.000333558,0.000245077,8.84814e-05,0.912815,17.7666,0.00217782,0.000415177,0.144071,0.818474,2.93264
0,7.45645,0.840555,-0.821346,0.0161725,0.000305331,0.000245468,5.98622e-05,0.95225,33.8991,0.00416185,0.00041595,0.144071,2.72957,3.04166
0,8.23112,0.502499,-0.78169,0.00971033,0.000329755,0.000245713,8.40427e-05,0.922712,20.265,0.00249051,0.000416266,0.144071,1.01187,2.95068
0,6.50521,0.486585,-0.81782,0.0153795,0.000332471,0.000246694,8.57776e-05,0.920407,19.6232,0.00242126,0.000418033,0.144071,1.56235,3.00924
0,6.00658,0.992826,-0.84252,0.0208482,0.000301118,0.000249891,5.12267e-05,0.959249,40.0403,0.00500436,0.000423518,0.144071,4.20091,3.08527
0,5.8117,0.23971,-0.83936,0.019772,0.0002874,0.00025304,3.4359e-05,0.85084,9.6675,0.0012235,0.00042882,0.14407,1.0981,3.0126
0,5.89724,0.699822,-0.851437,0.0229415,0.000298144,0.000254631,4.35136e-05,0.943233,28.2237,0.00359438,0.000431581,0.144071,3.37689,3.08281
0,6.12738,0.570352,-0.850113,0.0222793,0.000300003,0.000257782,4.22211e-05,0.931271,23.0021,0.00296565,0.000436914,0.144071,2.74048,3.07063
0,7.51431,0.452845,-0.858753,0.024718,0.000295855,0.000259601,3.62544e-05,0.915,18.2632,0.00237127,0.000440032,0.144071,2.47451,3.07398
0,6.08076,0.640467,-0.847369,0.0211973,0.000307045,0.000261561,4.54835e-05,0.938308,25.8297,0.00337906,0.00044331,0.144071,2.94849,3.07169
0,5.93648,0.462516,-0.857906,0.0240894,0.000300874,0.000263495,3.73791e-05,0.916623,18.6531,0.00245824,0.000446627,0.144071,2.49557,3.07357
0,6.8632,0.21453,-0.81488,0.013853,0.00030865,0.00026374,4.4913e-05,0.8362,8.6518,0.0011413,0.00044689,0.14407,0.7301,2.967
0,6.13863,0.517691,-0.828043,0.0163613,0.000317915,0.000264422,5.34925e-05,0.924812,20.8779,0.00276118,0.000448087,0.144071,1.88648,3.02921
0,7.11353,0.992022,-0.849401,0.021103,0.000321405,0.000269666,5.17387e-05,0.959204,40.0071,0.00539601,0.000457068,0.144071,4.58551,3.09673
0,6.1981,0.23974,-0.82044,0.014274,0.00032141,0.0002749,4.6508e-05,0.85084,9.6686,0.0013294,0.0004658,0.14407,0.8612,2.9811
0,5.90838,0.563785,-0.787181,0.00928859,0.00036617,0.000275624,9.05456e-05,0.930486,22.7358,0.00313441,0.000466962,0.144071,1.208,2.96531
0,5.93157,0.358918,-0.819544,0.0139577,0.000333695,0.00027792,5.57746e-05,0.895107,14.4746,0.00201206,0.000470926,0.144071,1.21153,2.99783
0,6.08485,0.760365,-0.809604,0.0122751,0.000353471,0.000278146,7.53253e-05,0.947466,30.6636,0.00426599,0.000471294,0.144071,2.1341,3.01716
0,6.04073,0.471124,-0.814159,0.0128611,0.000346436,0.000281467,6.49687e-05,0.917989,18.9994,0.00267478,0.000476926,0.144071,1.44699,3.00161
0,5.87418,0.541509,-0.865263,0.0246703,0.000321784,0.000282756,3.90286e-05,0.92787,21.8384,0.00308846,0.00047933,0.144071,3.17234,3.09339
0,6.87665,0.634555,-0.855997,0.0217112,0.000330565,0.00028527,4.52955e-05,0.937755,25.5906,0.00365132,0.000483542,0.144071,3.26548,3.08562
0,6.07547,0.364445,-0.857038,0.0219237,0.000324247,0.000286311,3.79359e-05,0.896536,14.6976,0.00210473,0.000485302,0.144071,1.98811,3.06092
0,6.24304,0.563037,-0.829026,0.0152628,0.000345752,0.000287049,5.8703e-05,0.930414,22.7061,0.00326001,0.00048644,0.144071,2.06522,3.03488
0,6.53459,0.313381,-0.854992,0.021048,0.000327713,0.000290496,3.72168e-05,0.881698,12.6382,0.00183628,0.000492382,0.144071,1.69323,3.05057
0,7.25764,0.560498,-0.861458,0.0227006,0.000335076,0.000292647,4.24287e-05,0.930128,22.6039,0.0033086,0.000496077,0.144071,3.11935,3.08871
0,6.16288,0.707301,-0.803008,0.0106111,0.000380524,0.000295636,8.48886e-05,0.943745,28.5229,0.0042178,0.000500914,0.144071,1.83104,3.00263
0,6.08317,0.515758,-0.81678,0.0126608,0.000363531,0.000295702,6.78286e-05,0.924523,20.799,0.00307628,0.000501061,0.144071,1.62673,3.01029
0,5.98925,0.582008,-0.861224,0.0223792,0.000339434,0.000295957,4.34773e-05,0.932526,23.4713,0.00347442,0.000501689,0.144071,3.22102,3.09014
0,5.76503,0.926539,-0.830636,0.015105,0.000363179,0.000296099,6.70805e-05,0.956433,37.3647,0.00553383,0.000501796,0.144071,3.37513,3.06198
0,5.97565,0.991093,-0.855673,0.02079,0.000350341,0.000296663,5.36782e-05,0.959149,39.9685,0.00593066,0.000502873,0.144071,4.96572,3.10717
0,5.82011,0.776445,-0.84112,0.0171537,0.000356459,0.000298299,5.81603e-05,0.948492,31.312,0.00467183,0.00050556,0.144071,3.26321,3.07071
0,6.7337,0.35213,-0.823571,0.0136557,0.000356086,0.00029914,5.69469e-05,0.89329,14.2005,0.00212472,0.000506901,0.144071,1.25425,3.00364
0,6.57606,0.366928,-0.787437,0.00858016,0.000387623,0.000299367,8.82552e-05,0.897124,14.7968,0.0022157,0.000507188,0.144071,0.81812,2.94547
0,5.94157,0.609351,-0.817121,0.0125256,0.000371518,0.000300202,7.13166e-05,0.935329,24.5732,0.00368983,0.000508693,0.144071,1.90804,3.01888
0,6.7322,0.22103,-0.85064,0.019184,0.00033587,0.00030143,3.4433e-05,0.84023,8.9139,0.0013439,0.00051086,0.14407,1.1851,3.0278
0,6.84139,0.533222,-0.78939,0.00870319,0.000398374,0.000302622,9.57527e-05,0.926785,21.5026,0.00325487,0.000512715,0.144071,1.18006,2.96631
0,6.58225,0.248989,-0.825365,0.0137957,0.000352269,0.000303005,4.92649e-05,0.85555,10.0411,0.00152179,0.000513446,0.144071,0.947575,2.99097
0,6.91775,0.657616,-0.854488,0.0199696,0.000353768,0.000304198,4.95701e-05,0.939785,26.52,0.0040351,0.000515626,0.144071,3.31197,3.08485
0,5.7971,0.23254,-0.78878,0.0085848,0.00037846,0.00030443,7.4023e-05,0.84689,9.3774,0.0014279,0.00051576,0.14407,0.55881,2.9272
0,7.93056,0.466658,-0.847927,0.0182844,0.000353729,0.000305412,4.83172e-05,0.917266,18.8192,0.00287482,0.000517634,0.144071,2.21333,3.05737
0,6.04061,0.363096,-0.799396,0.00978512,0.000384089,0.000306068,7.80213e-05,0.896155,14.6423,0.00224163,0.00051857,0.144071,0.945011,2.96486
0,6.01968,0.259216,-0.858903,0.0208814,0.000342679,0.000307894,3.47852e-05,0.860452,10.4537,0.00160986,0.000521884,0.144071,1.50908,3.04853
0,6.07464,0.254953,-0.862675,0.0218833,0.000341517,0.000308362,3.31555e-05,0.858453,10.2817,0.00158579,0.000522707,0.144071,1.56156,3.05407
0,6.4779,0.395307,-0.822077,0.0129891,0.000370489,0.00030851,6.1979e-05,0.903794,15.9415,0.00245997,0.000522781,0.144071,1.3652,3.00653
0,5.93349,0.845373,-0.83873,0.0159181,0.000375365,0.00031174,6.36251e-05,0.952462,34.091,0.00531576,0.000528335,0.144071,3.43107,3.07093
0,6.09464,0.484419,-0.842456,0.0166402,0.000365881,0.000312823,5.30582e-05,0.920042,19.5352,0.00305665,0.00053018,0.144071,2.13515,3.05003
0,7.23767,0.386162,-0.794803,0.00899596,0.000399855,0.000313853,8.60023e-05,0.901726,15.5722,0.00244467,0.000531751,0.144071,0.941607,2.96008
0,7.21874,0.763597,-0.851885,0.0186769,0.000369366,0.000314559,5.48073e-05,0.947666,30.7935,0.00484497,0.000533181,0.144071,3.68826,3.08785
0,6.54767,0.328742,-0.863635,0.021678,0.000352534,0.000315137,3.73972e-05,0.886575,13.2574,0.00208968,0.000534207,0.144071,1.97382,3.06714
0,6.07104,0.612765,-0.831803,0.0143323,0.000380948,0.000316773,6.41746e-05,0.935659,24.7106,0.00391533,0.000536835,0.144071,2.31612,3.0436
0,6.2086,0.22376,-0.83783,0.015397,0.00036104,0.00031859,4.2452e-05,0.84185,9.0238,0.001438,0.0005399,0.14407,1.0157,3.007
0,6.90258,0.310793,-0.85138,0.0182968,0.000361416,0.000319033,4.23834e-05,0.88081,12.5334,0.002,0.000540739,0.144071,1.60467,3.04418
0,6.02496,0.345443,-0.867856,0.0224285,0.000358702,0.000321545,3.71573e-05,0.891451,13.9308,0.00224049,0.0005451,0.144071,2.17767,3.07646
0,6.13512,0.977442,-0.821112,0.0122773,0.000403841,0.000322367,8.14747e-05,0.95857,39.4158,0.00635574,0.000546282,0.144071,3.14342,3.04876
0,6.29229,0.392747,-0.812739,0.0109587,0.000396749,0.000324357,7.2392e-05,0.903213,15.8378,0.00256957,0.000549605,0.144071,1.20379,2.99069
0,5.87806,0.319437,-0.837246,0.0148247,0.000380099,0.00032842,5.1679e-05,0.883644,12.8817,0.00211612,0.000556586,0.144071,1.37105,3.02191
0,6.0758,0.346622,-0.86771,0.021924,0.000366378,0.000328327,3.80513e-05,0.891775,13.9782,0.00229556,0.0005566,0.144071,2.18021,3.07637
0,6.2824,0.23765,-0.84838,0.017092,0.00045253,0.00032856,0.00012397,0.84968,9.5831,0.001575,0.00055696,0.14407,1.2237,3.0272
0,6.20881,0.937659,-0.812489,0.0107142,0.000421345,0.000330685,9.06601e-05,0.956887,37.8109,0.00625438,0.000560344,0.144071,2.704,3.03231
0,6.5045,0.385033,-0.840583,0.0153187,0.000385348,0.000331736,5.36123e-05,0.901476,15.5269,0.00257641,0.000562228,0.144071,1.69085,3.03609
0,6.30657,0.419002,-0.873655,0.0232925,0.000374676,0.0003358,3.88764e-05,0.908725,16.897,0.00283806,0.000565465,0.144071,2.79148,3.09513
0,6.08388,0.789565,-0.80149,0.00898129,0.000444756,0.000342532,0.000102224,0.949244,31.8383,0.00545525,0.000580389,0.144071,1.99282,3.0055
0,6.7987,0.2287,-0.80708,0.0095308,0.00041391,0.0003468,6.7102e-05,0.8447,9.2225,0.0015999,0.0005876,0.14407,0.69694,2.9568
0,5.93249,0.966581,-0.871239,0.021506,0.000404849,0.000350186,5.46627e-05,0.958126,38.9778,0.00682751,0.000593729,0.144071,5.92079,3.13196
0,6.03217,0.873427,-0.860865,0.0186932,0.000411243,0.000352665,5.85777e-05,0.953888,35.2211,0.00621319,0.000597851,0.144071,4.70347,3.10952
0,6.00288,0.471671,-0.873931,0.0221033,0.000395387,0.00035271,4.26763e-05,0.918045,19.0205,0.0033557,0.000598007,0.144071,3.12147,3.10121
0,6.28348,0.919813,-0.806577,0.00926894,0.000457355,0.000354298,0.000103058,0.956069,37.0899,0.00657344,0.000600351,0.144071,2.46059,3.02151
0,6.77268,0.545961,-0.860178,0.0184115,0.000406628,0.000354926,5.17021e-05,0.92836,22.0161,0.00390864,0.000601661,0.144071,2.99435,3.0853
0,6.0475,0.633177,-0.831823,0.0127086,0.000430295,0.000357326,7.29689e-05,0.937565,25.5325,0.00456368,0.000605576,0.144071,2.38889,3.04522
0,6.00882,0.918961,-0.853822,0.0168124,0.000422771,0.000358232,6.45394e-05,0.956053,37.0568,0.00664027,0.000607239,0.144071,4.51038,3.10029
0,6.88591,0.281677,-0.865597,0.0193853,0.000400794,0.000361389,3.9405e-05,0.870085,11.3588,0.0020533,0.000612636,0.144071,1.76719,3.06339
0,6.06816,0.323887,-0.884935,0.0243449,0.000403534,0.000368801,3.4733e-05,0.885042,13.0609,0.00240941,0.000625376,0.144071,2.56092,3.10194
0,5.96838,0.710023,-0.872069,0.0204247,0.000424992,0.000372674,5.2318e-05,0.943919,28.6314,0.00533736,0.000631859,0.144071,4.46192,3.11797
0,6.16764,0.678891,-0.815957,0.00984536,0.000468988,0.000376242,9.27455e-05,0.941481,27.3748,0.0051522,0.000637571,0.144071,2.08035,3.02219
0,6.02965,0.845711,-0.873372,0.0204756,0.000433435,0.000378007,5.54272e-05,0.952443,34.1027,0.00644834,0.000640926,0.144071,5.35588,3.12883
0,6.66236,0.854697,-0.884371,0.0235326,0.000429378,0.000378756,5.06222e-05,0.952919,34.4652,0.00652975,0.000642295,0.144071,6.23111,3.14778
0,7.05815,0.654444,-0.887427,0.0244563,0.000423954,0.000379028,4.49261e-05,0.939466,26.3902,0.00500344,0.000642777,0.144071,5.03326,3.13963
0,6.80477,0.650813,-0.879275,0.0218096,0.000431656,0.000382816,4.88403e-05,0.939146,26.2436,0.00502541,0.000649127,0.144071,4.50926,3.12573
0,7.33893,0.426659,-0.845075,0.0139661,0.000446669,0.000385449,6.12197e-05,0.910166,17.2045,0.00331722,0.000653304,0.144071,1.96585,3.04837
0,6.15082,0.723922,-0.842236,0.0133743,0.000461573,0.000388095,7.34777e-05,0.944908,29.1908,0.00566703,0.000657788,0.144071,3.09779,3.06912
0,6.16728,0.406734,-0.878027,0.0209916,0.0004346,0.000391429,4.31712e-05,0.906198,16.4013,0.00321136,0.000663697,0.144071,2.87414,3.10102
0,5.9678,0.819437,-0.868821,0.0183954,0.000456933,0.000396886,6.00473e-05,0.950986,33.0425,0.00656004,0.000672894,0.144071,4.90222,3.11964
0,6.31337,0.249721,-0.870128,0.0186758,0.000436553,0.000397567,3.89857e-05,0.85586,10.0698,0.00200258,0.000674014,0.144071,1.68812,3.06555
0,6.02937,0.735227,-0.877451,0.0204956,0.000451657,0.000397935,5.37218e-05,0.945711,29.647,0.00590145,0.00067475,0.144071,4.94154,3.12869
0,6.6945,0.974437,-0.878924,0.0207748,0.000458733,0.000400077,5.86558e-05,0.958412,39.2925,0.00786362,0.000678395,0.144071,6.58588,3.14524
0,5.99251,0.705846,-0.874278,0.019544,0.000455644,0.000400661,5.4983e-05,0.943587,28.4621,0.00570443,0.000679342,0.144071,4.56483,3.12137
0,6.86621,0.727299,-0.844596,0.0133419,0.000475201,0.000401,7.42011e-05,0.94514,29.3266,0.00588277,0.00067968,0.144071,3.20719,3.07329
0,6.02792,0.298587,-0.875964,0.0199171,0.000441937,0.000401774,4.01633e-05,0.876497,12.0402,0.00241979,0.000681208,0.144071,2.12436,3.08328
0,5.88018,0.601022,-0.859788,0.0161161,0.00046414,0.000403446,6.06942e-05,0.934435,24.235,0.00489104,0.000683929,0.144071,3.25838,3.0893
0,6.71227,0.315979,-0.849545,0.0140794,0.000460181,0.000404927,5.5254e-05,0.882473,12.7413,0.00258084,0.00068635,0.144071,1.5903,3.04188
0,6.23886,0.75301,-0.815806,0.0091113,0.00050825,0.000405755,0.000102494,0.946882,30.3623,0.00616297,0.000687599,0.144071,2.28977,3.02701
0,6.24833,0.714345,-0.816126,0.00908324,0.000510393,0.000408685,0.000101708,0.944183,28.8033,0.00588874,0.000692565,0.144071,2.18738,3.02496
0,6.00946,0.966429,-0.861726,0.0162604,0.000479546,0.000409915,6.96312e-05,0.958071,38.9688,0.00799078,0.000694938,0.144071,5.23884,3.11603
0,6.133,0.412832,-0.866778,0.0172816,0.000462808,0.000411552,5.12562e-05,0.907434,16.6467,0.00342707,0.000697719,0.144071,2.52124,3.08297
0,6.04985,0.420099,-0.855839,0.01498,0.000470635,0.000412599,5.80355e-05,0.90888,16.9396,0.00349627,0.000699403,0.144071,2.22574,3.06557
0,6.0057,0.23435,-0.86582,0.017009,0.00045414,0.00041303,4.1102e-05,0.84785,9.4497,0.0019524,0.0007002,0.14407,1.513,3.0556
0,6.05457,0.897933,-0.854784,0.0146917,0.000488581,0.000415018,7.35627e-05,0.955033,36.2065,0.00751686,0.000703525,0.144071,4.4664,3.10074
0,6.00817,0.509087,-0.869222,0.0176086,0.000470977,0.000416767,5.42095e-05,0.923544,20.5278,0.00427967,0.000706591,0.144071,3.15221,3.09701
0,6.63237,0.889128,-0.81935,0.00923185,0.000524791,0.000419097,0.000105694,0.954587,35.8502,0.00751629,0.000710233,0.144071,2.80674,3.04111
0,6.19316,0.995965,-0.891895,0.0233993,0.000475292,0.000419497,5.57944e-05,0.959258,40.1599,0.00842749,0.000711498,0.144071,7.94456,3.16811
0,6.19426,0.538104,-0.884252,0.0208487,0.000475611,0.000426867,4.87445e-05,0.927349,21.6978,0.00463323,0.000723872,0.144071,4.02484,3.12477
0,6.91791,0.584676,-0.887452,0.0216621,0.000476837,0.000428037,4.87996e-05,0.932724,23.5756,0.00504803,0.000725917,0.144071,4.53038,3.13415
0,7.77399,0.351598,-0.867265,0.0166543,0.000480032,0.000429725,5.03072e-05,0.893069,14.1773,0.00304763,0.000728534,0.144071,2.19544,3.07628
0,6.21624,0.483891,-0.859348,0.0149614,0.000493391,0.000432132,6.12596e-05,0.919881,19.5114,0.00421783,0.000732558,0.144071,2.64978,3.07812
0,7.0012,0.263911,-0.86284,0.0156273,0.000479895,0.000432693,4.7202e-05,0.862507,10.6415,0.00230336,0.000733511,0.144071,1.61202,3.05587
0,6.09467,0.401935,-0.837873,0.0113258,0.000506536,0.000433321,7.32147e-05,0.905141,16.2065,0.0035131,0.000734425,0.144071,1.69758,3.03358
0,5.97215,0.532742,-0.850657,0.0133336,0.000502969,0.000433705,6.92633e-05,0.926657,21.481,0.00466055,0.000735159,0.144071,2.59001,3.06825
0,6.14605,0.490332,-0.848873,0.0129802,0.000504627,0.00043543,6.91969e-05,0.920839,19.7709,0.00430659,0.000738071,0.144071,2.34454,3.0613
0,6.05479,0.537097,-0.888761,0.0214765,0.000487061,0.00043906,4.80006e-05,0.927216,21.6569,0.00475666,0.000744614,0.144071,4.25742,3.13221
0,6.08348,0.724832,-0.81546,0.00835238,0.000551493,0.000440653,0.00011084,0.944915,29.2249,0.00644258,0.000746751,0.144071,2.19879,3.02456
0,6.69667,0.930113,-0.860326,0.0147537,0.00051917,0.000443723,7.54468e-05,0.956491,37.503,0.00832479,0.000752256,0.144071,4.96009,3.11176
0,7.03534,0.763043,-0.892258,0.0222021,0.000497481,0.000444173,5.33072e-05,0.947547,30.7672,0.00683639,0.000753362,0.144071,6.19046,3.15532
0,6.89204,0.567727,-0.863602,0.0153457,0.000508265,0.00044494,6.33251e-05,0.930843,22.8915,0.00509526,0.00075432,0.144071,3.24472,3.0929
0,6.00282,0.408095,-0.841135,0.0114814,0.00051867,0.000445726,7.2944e-05,0.906428,16.4548,0.00366906,0.000755473,0.144071,1.79477,3.03972
0,6.87008,0.480927,-0.882167,0.0194217,0.000496152,0.00044613,5.00217e-05,0.919427,19.3918,0.00432778,0.000756518,0.144071,3.5322,3.11588
0,6.26458,0.30969,-0.87253,0.0170087,0.000497597,0.000450178,4.74195e-05,0.880353,12.4872,0.00281213,0.000763267,0.144071,2.09891,3.07922
0,7.46622,0.372473,-0.83485,0.010438,0.000529419,0.00045228,7.71394e-05,0.898408,15.0183,0.00339803,0.000766541,0.144071,1.52453,3.025
0,6.08362,0.618998,-0.836118,0.0103714,0.000552362,0.000462641,8.97209e-05,0.936153,24.9577,0.00577641,0.000784133,0.144071,2.47129,3.05127
0,6.03993,0.985085,-0.889637,0.0202642,0.000534004,0.000470556,6.34477e-05,0.958791,39.7189,0.00934997,0.000798084,0.144071,7.63641,3.16376
0,7.17306,0.645493,-0.845776,0.0115246,0.00055479,0.000471294,8.3496e-05,0.938598,26.0259,0.00613633,0.000798864,0.144071,2.90981,3.06941
0,5.9592,0.24385,-0.8635,0.014422,0.00052211,0.00047282,4.9292e-05,0.85285,9.8323,0.0023257,0.00080156,0.14407,1.5191,3.0535
0,7.1911,0.21281,-0.84647,0.011522,0.00053166,0.00047589,5.577e-05,0.83496,8.5805,0.0020428,0.00080619,0.14407,1.0881,3.0192
0,5.8518,0.271759,-0.899836,0.0228583,0.000511038,0.000475496,3.55423e-05,0.865919,10.9577,0.00260649,0.000806546,0.144071,2.6592,3.11879
0,6.09035,0.398178,-0.827793,0.00905727,0.00056584,0.000476076,8.97644e-05,0.904297,16.0541,0.00382365,0.000806839,0.144071,1.47876,3.01637
0,6.16821,0.429846,-0.890807,0.0202955,0.000524206,0.000476964,4.7242e-05,0.910722,17.3317,0.00413545,0.000808926,0.144071,3.56123,3.12495
0,6.64154,0.91074,-0.903659,0.0239327,0.000532852,0.000476943,5.59089e-05,0.955604,36.7213,0.00876165,0.000809109,0.144071,8.48155,3.18334
0,6.0383,0.686214,-0.892288,0.0204805,0.000537303,0.000481701,5.56026e-05,0.942022,27.6682,0.00666749,0.000817014,0.144071,5.60179,3.1501
0,6.86006,0.840643,-0.868216,0.014805,0.00056435,0.000489303,7.50469e-05,0.952086,33.8939,0.00829688,0.000829617,0.144071,4.98389,3.1199
0,5.94377,0.957492,-0.890907,0.0197918,0.000554345,0.000489694,6.46503e-05,0.95765,38.6055,0.0094577,0.00083057,0.144071,7.55338,3.16446
0,7.29628,0.421848,-0.890255,0.0196033,0.000538795,0.000490318,4.84761e-05,0.909179,17.0089,0.00417214,0.000831569,0.144071,3.4761,3.12314
0,5.96547,0.959065,-0.853477,0.0121586,0.000583328,0.000493115,9.02133e-05,0.957698,38.6678,0.0095394,0.000835948,0.144071,4.67757,3.10184
0,7.57189,0.830493,-0.888151,0.0189431,0.000557171,0.000493872,6.32995e-05,0.951538,33.4849,0.00827324,0.000837608,0.144071,6.36433,3.15267
0,6.3528,0.96126,-0.841196,0.0103236,0.000598158,0.000496072,0.000102085,0.95778,38.7557,0.00961857,0.000840853,0.144071,4.00368,3.08144
0,7.66447,0.317621,-0.856418,0.0123738,0.000567016,0.00050321,6.3806e-05,0.882941,12.8061,0.00322392,0.00085304,0.144071,1.745,3.05355
0,6.45448,0.388804,-0.868132,0.0143752,0.000563935,0.000503404,6.05308e-05,0.902224,15.6762,0.00394795,0.000853492,0.144071,2.42983,3.08241
0,6.73814,0.652265,-0.899971,0.0211975,0.000568033,0.00051359,5.44425e-05,0.939185,26.2986,0.00675719,0.000871243,0.144071,5.89445,3.16046
0,6.41358,0.259079,-0.876836,0.0157145,0.000562763,0.000514928,4.78356e-05,0.860254,10.4458,0.00269094,0.000873113,0.144071,1.899,3.07835
0,6.90505,0.81705,-0.846732,0.010673,0.000611391,0.00051517,9.62211e-05,0.95075,32.9411,0.00849033,0.000873273,0.144071,3.68082,3.08259
0,7.252,0.89653,-0.852448,0.0114848,0.000608535,0.000515195,9.33404e-05,0.954888,36.1456,0.00931669,0.00087337,0.144071,4.32774,3.09675
0,6.3727,0.21908,-0.8859,0.01756,0.00055778,0.00051789,3.9891e-05,0.8389,8.8332,0.0022886,0.00087785,0.14407,1.8501,3.0861
0,7.70883,0.708055,-0.905919,0.0226684,0.000572289,0.000518351,5.39379e-05,0.943677,28.5479,0.00740314,0.000879397,0.144071,6.87374,3.17449
0,6.75957,0.489416,-0.899178,0.0207036,0.000570484,0.000520542,4.99419e-05,0.920661,19.7326,0.00513876,0.000882994,0.144071,4.46608,3.14513
0,7.11699,0.798823,-0.912692,0.0245679,0.000575754,0.000521662,5.40922e-05,0.949714,32.2074,0.00840553,0.000885157,0.144071,8.40599,3.1919
0,6.01396,0.633179,-0.86738,0.0136673,0.000598685,0.000524374,7.43114e-05,0.937456,25.5283,0.00669719,0.000889073,0.144071,3.77163,3.10451
0,7.31645,0.724289,-0.856304,0.0118405,0.000611383,0.000525073,8.63103e-05,0.944837,29.2013,0.00767108,0.000890147,0.144071,3.71291,3.09262
0,6.0889,0.991482,-0.850211,0.0108785,0.000629112,0.000528502,0.00010061,0.958982,39.973,0.0105696,0.000895926,0.144071,4.63058,3.09805
0,7.3679,0.676995,-0.879414,0.0158278,0.000596585,0.000528387,6.81984e-05,0.941245,27.2949,0.00721543,0.000896046,0.144071,4.68777,3.1279
0,6.06362,0.472962,-0.906567,0.0224133,0.000575393,0.000528619,4.67741e-05,0.918135,19.0692,0.00504306,0.000896847,0.144071,4.75868,3.15583
0,6.9071,0.2068,-0.83808,0.0092154,0.00058048,0.0005127,6.7779e-05,0.83095,8.3379,0.0021386,0.00090503,0.14407,0.95388,3.004
0,6.03856,0.592167,-0.887951,0.0174246,0.000596563,0.000535521,6.10416e-05,0.933439,23.8748,0.00639655,0.00090826,0.144071,4.61387,3.1356
0,6.21567,0.833897,-0.885622,0.0168251,0.000608841,0.00053827,7.05709e-05,0.951691,33.6204,0.00905395,0.0009129,0.144071,6.1848,3.14863
0,6.23753,0.404861,-0.874081,0.0144624,0.000601976,0.000540046,6.19298e-05,0.9057,16.323,0.00441024,0.000915712,0.144071,2.72052,3.09422
0,6.1299,0.315539,-0.834548,0.00861774,0.000633802,0.000545672,8.81304e-05,0.88222,12.7213,0.00347304,0.000924862,0.144071,1.30998,3.01686
0,6.4547,0.353344,-0.904311,0.0209076,0.000594821,0.000550534,4.42864e-05,0.893468,14.246,0.0039238,0.000933975,0.144071,3.54889,3.13827
0,6.59424,0.457582,-0.846222,0.00990907,0.000639594,0.000551266,8.83282e-05,0.915586,18.4479,0.00508809,0.000934452,0.144071,2.12654,3.05359
0,5.90083,0.805604,-0.864617,0.0125401,0.000637895,0.000551583,8.63126e-05,0.950073,32.4788,0.00896308,0.000935206,0.144071,4.5697,3.11177
0,6.87292,0.287228,-0.917545,0.0245917,0.000590416,0.00055463,3.57858e-05,0.872155,11.5805,0.00321334,0.000941176,0.144071,3.50292,3.15083
0,6.9369,0.24106,-0.8808,0.015212,0.00060772,0.00055971,4.8019e-05,0.85135,9.7187,0.0027215,0.00094911,0.14407,1.8786,3.0818
0,7.02135,0.746116,-0.836107,0.00850468,0.000678562,0.000563973,0.00011459,0.94631,30.0792,0.00848769,0.000956109,0.144071,2.94602,3.06038
0,6.84889,0.699643,-0.903434,0.0201852,0.000623468,0.000563847,5.96209e-05,0.94301,28.2073,0.00795725,0.000956558,0.144071,6.58304,3.16973
0,6.79346,0.642627,-0.858221,0.01115,0.000660534,0.00057147,8.90633e-05,0.938274,25.9076,0.00740761,0.000968842,0.144071,3.39987,3.08995
0,7.1383,0.31904,-0.867154,0.0122724,0.000648018,0.000582284,6.57341e-05,0.88335,12.8623,0.00374719,0.000987252,0.144071,2.01086,3.07163
0,7.2097,0.352892,-0.908663,0.0208839,0.000627724,0.000582792,4.4932e-05,0.893326,14.2274,0.0041484,0.00098879,0.144071,3.74859,3.14547
0,6.90755,0.712946,-0.86724,0.0122288,0.00067108,0.000584979,8.61012e-05,0.943976,28.7422,0.00841244,0.000991871,0.144071,4.20954,3.1101
0,5.92314,0.503376,-0.871594,0.0127472,0.000668509,0.000593452,7.50563e-05,0.92262,20.2935,0.00602564,0.00100627,0.144071,3.21589,3.10043
0,6.8038,0.905116,-0.873014,0.0129606,0.000683771,0.000594381,8.93899e-05,0.955245,36.489,0.0108516,0.00100792,0.144071,5.68767,3.13162
0,6.07846,0.792646,-0.850583,0.00954324,0.000713256,0.00060532,0.000107936,0.949256,31.9539,0.00967808,0.00102618,0.144071,3.7575,3.08752
0,6.35965,0.914197,-0.877257,0.0134007,0.000695315,0.000607026,8.82894e-05,0.955658,36.8547,0.0111937,0.00102942,0.144071,6.06385,3.13923
0,6.11753,0.403727,-0.896658,0.0169891,0.000670259,0.000614144,5.61159e-05,0.905418,16.2762,0.0050013,0.00104178,0.144071,3.62648,3.13174
0,6.45259,0.68773,-0.924933,0.0244074,0.000668749,0.000614298,5.44511e-05,0.942057,27.7257,0.00852163,0.00104269,0.144071,8.53728,3.20497
0,7.18741,0.466754,-0.92672,0.0248991,0.000661644,0.000616141,4.55034e-05,0.917086,18.8172,0.00580087,0.00104583,0.144071,6.09013,3.18892
0,7.20175,0.84701,-0.927055,0.0244236,0.000691338,0.00063076,6.05782e-05,0.952344,34.1463,0.0107765,0.00107079,0.144071,10.6881,3.21905
0,7.48135,0.802835,-0.918062,0.0216398,0.000697736,0.000634419,6.33173e-05,0.949872,32.3652,0.0102737,0.0010767,0.144071,9.04895,3.20118
0,6.10621,0.358193,-0.905802,0.0182944,0.00069244,0.000641291,5.11489e-05,0.894693,14.4401,0.00463337,0.00108802,0.144071,3.66175,3.14139
0,6.36041,0.331231,-0.873191,0.011787,0.000725467,0.000655075,7.03917e-05,0.887098,13.3528,0.00437671,0.0011108,0.144071,2.24634,3.0834
0,6.0565,0.413868,-0.902486,0.0170489,0.000717008,0.000659483,5.75248e-05,0.907483,16.6842,0.00550542,0.00111882,0.144071,3.99726,3.14265
0,6.77538,0.426233,-0.881929,0.013019,0.000734959,0.000663438,7.15209e-05,0.909902,17.1823,0.00570391,0.00112514,0.144071,3.15287,3.10973
0,6.1728,0.940141,-0.915704,0.019976,0.000739375,0.00066677,7.2605e-05,0.956788,37.8989,0.0126443,0.00113157,0.144071,10.2056,3.20523
0,6.29618,0.552773,-0.877915,0.0122386,0.000752413,0.0006703,8.21123e-05,0.928956,22.2831,0.0074738,0.00113673,0.144071,3.8037,3.11549
0,7.09069,0.661584,-0.929836,0.0236806,0.000730797,0.000674187,5.66094e-05,0.93988,26.67,0.00899686,0.00114455,0.144071,8.76625,3.21127
0,7.27419,0.424618,-0.896285,0.0152446,0.000744819,0.000681139,6.36804e-05,0.909586,17.1171,0.0058339,0.00115545,0.144071,3.77823,3.13351
0,6.87056,0.620561,-0.903656,0.0167276,0.000751036,0.000682279,6.87572e-05,0.936175,25.0158,0.00854028,0.00115758,0.144071,5.89761,3.16417
0,6.17181,0.590145,-0.932493,0.0241243,0.000738293,0.000684734,5.35587e-05,0.933136,23.7899,0.0081509,0.00116251,0.144071,8.14961,3.21006
0,7.07005,0.273678,-0.931623,0.0237808,0.000990207,0.000686792,0.000303414,0.866569,11.0297,0.00379133,0.00116619,0.144071,4.02343,3.17212
0,6.92254,0.986104,-0.912145,0.0184699,0.000767554,0.000688969,7.85848e-05,0.95868,39.7507,0.013704,0.00116917,0.144071,10.2059,3.20167
0,6.33322,0.862673,-0.923429,0.021284,0.000759573,0.000690963,6.86105e-05,0.953117,34.7753,0.0120234,0.00117282,0.144071,10.3812,3.21387
0,6.24386,0.567369,-0.91888,0.0200689,0.00075046,0.000691304,5.91559e-05,0.930647,22.8715,0.00791152,0.00117325,0.144071,6.59567,3.18528
0,7.27899,0.396371,-0.930467,0.0232255,0.000739127,0.000692976,4.61508e-05,0.903795,15.9785,0.00554045,0.00117647,0.144071,5.50617,3.18738
0,6.55017,0.306253,-0.911327,0.018034,0.000747594,0.000698302,4.92924e-05,0.87902,12.3455,0.00431368,0.0011849,0.144071,3.42076,3.14337
0,6.54297,0.788823,-0.855542,0.00876067,0.000821853,0.000702679,0.000119174,0.948954,31.7964,0.0111805,0.00119136,0.144071,3.98613,3.09556
0,6.24336,0.526713,-0.91701,0.0192206,0.000764119,0.000704711,5.94081e-05,0.925716,21.2323,0.00748704,0.00119594,0.144071,6.00945,3.17851
0,6.96707,0.478906,-0.911174,0.0177039,0.000770486,0.000709901,6.05846e-05,0.918941,19.3051,0.00685763,0.00120463,0.144071,5.10676,3.16414
0,6.18313,0.447,-0.87642,0.0112626,0.000797283,0.00071453,8.27528e-05,0.913669,18.0184,0.00644249,0.00121174,0.144071,3.06769,3.1028
0,6.23133,0.856529,-0.901265,0.0153805,0.000803422,0.0007196,8.38213e-05,0.952771,34.5261,0.0124325,0.00122088,0.144071,7.75603,3.17621
0,6.05427,0.698401,-0.91277,0.0178086,0.000790882,0.000720313,7.05692e-05,0.942807,28.1525,0.0101473,0.00122234,0.144071,7.40892,3.1853
0,7.01018,0.957268,-0.872282,0.0105538,0.000834546,0.000723049,0.000111498,0.957459,38.5857,0.0139613,0.00122619,0.144071,5.94443,3.13321
0,6.13712,0.619759,-0.881314,0.0117722,0.00081753,0.000727887,8.96431e-05,0.936055,24.9817,0.00909938,0.00123451,0.144071,4.4209,3.12673
0,7.19994,0.633444,-0.920785,0.0194442,0.000795682,0.000731127,6.45547e-05,0.937354,25.5339,0.0093417,0.00124093,0.144071,7.49184,3.1939
0,6.86764,0.288184,-0.912418,0.0173348,0.000786717,0.000736692,5.00251e-05,0.872402,11.6167,0.00428233,0.0012501,0.144071,3.289,3.14242
0,6.07674,0.956806,-0.893839,0.0136142,0.000834416,0.000739082,9.5334e-05,0.957439,38.5671,0.014264,0.0012538,0.144071,7.8372,3.16934
0,6.09067,0.520137,-0.861683,0.00895316,0.000849097,0.000743955,0.000105142,0.924799,20.9654,0.0078053,0.00126143,0.144071,2.91832,3.08547
0,6.21696,0.495757,-0.876566,0.0108351,0.000833208,0.000744111,8.90963e-05,0.921425,19.9831,0.00744102,0.00126192,0.144071,3.3799,3.10799
0,6.47488,0.656318,-0.92756,0.0208497,0.000807003,0.000743693,6.33097e-05,0.939381,26.4557,0.0098454,0.0012625,0.144071,8.4498,3.20705
0,7.04062,0.604086,-0.920194,0.0187579,0.000817545,0.000752156,6.53887e-05,0.934517,24.35,0.00916498,0.0012766,0.144071,7.11193,3.19056
0,7.0342,0.947109,-0.890407,0.0126555,0.000861231,0.000760823,0.000100409,0.95701,38.1752,0.0145348,0.00129061,0.144071,7.42638,3.16306
0,5.95548,0.570872,-0.90722,0.0156761,0.000834185,0.000762072,7.21138e-05,0.930987,23.0108,0.00877525,0.00129309,0.144071,5.71071,3.16604
0,6.28938,0.486587,-0.881942,0.0113102,0.000849927,0.000763755,8.61721e-05,0.920061,19.6131,0.00749618,0.00129534,0.144071,3.55975,3.11606
0,6.2285,0.789671,-0.91733,0.0172471,0.000867051,0.000788502,7.85495e-05,0.948976,31.8291,0.0125596,0.00133828,0.144071,8.82408,3.19912
0,6.3872,0.902234,-0.920682,0.0179988,0.000870251,0.000788764,8.1487e-05,0.954988,36.3661,0.0143546,0.00133881,0.144071,10.4592,3.21152
0,6.21942,0.616692,-0.941187,0.02334,0.000850367,0.000791082,5.92844e-05,0.935739,24.8573,0.00984045,0.00134353,0.144071,9.49478,3.22687
0,6.02845,0.879982,-0.886547,0.0115562,0.000898069,0.00079294,0.000105129,0.953898,35.4682,0.0140747,0.00134502,0.144071,6.58742,3.15288
0,6.83001,0.310972,-0.897285,0.0131925,0.000862281,0.000797218,6.50633e-05,0.88056,12.5343,0.00500061,0.00135244,0.144071,2.89485,3.12065
0,6.05115,0.693665,-0.88662,0.0114395,0.000899509,0.000801781,9.77271e-05,0.942372,27.9585,0.0112184,0.00136002,0.144071,5.26113,3.14114
0,6.03046,0.422038,-0.910315,0.0153048,0.000878522,0.000812139,6.63833e-05,0.909001,17.0108,0.00691365,0.00137817,0.144071,4.49913,3.15665
0,6.2242,0.22984,-0.91097,0.015314,0.00086865,0.00081855,5.0108e-05,0.84508,9.2641,0.0037948,0.001389,0.14407,2.6579,3.1299
0,6.27385,0.685927,-0.892151,0.0119695,0.000917669,0.000822608,9.50611e-05,0.941754,27.6461,0.0113814,0.00139549,0.144071,5.58906,3.14984
0,6.71404,0.845164,-0.909196,0.0148273,0.000916401,0.000826324,9.00769e-05,0.9521,34.0642,0.0140869,0.00140225,0.144071,8.47891,3.18886
0,7.00174,0.303912,-0.934567,0.0205329,0.00087298,0.000826106,4.68738e-05,0.878127,12.2496,0.00506417,0.00140271,0.144071,4.57953,3.18183
0,6.08848,0.376383,-0.899626,0.0130901,0.000899479,0.000827907,7.15718e-05,0.899122,15.1703,0.00628545,0.00140462,0.144071,3.53601,3.1334
0,5.96307,0.919546,-0.868752,0.00873907,0.000965494,0.000834469,0.000131025,0.955726,37.0603,0.0154778,0.00141517,0.144071,5.4662,3.12528
0,6.03805,0.291622,-0.914134,0.0155317,0.000896879,0.000840463,5.64167e-05,0.873644,11.754,0.00494383,0.00142632,0.144071,3.39722,3.14582
0,6.4228,0.428748,-0.870562,0.00882589,0.000948299,0.000845727,0.000102572,0.910246,17.28,0.00731404,0.00143421,0.144071,2.73902,3.09105
0,6.69106,0.751188,-0.89812,0.0125686,0.00094173,0.000845726,9.60037e-05,0.946481,30.2757,0.0128145,0.00143487,0.144071,6.57536,3.16435
0,6.55682,0.824413,-0.931065,0.0191608,0.000924485,0.000846348,7.8137e-05,0.950962,33.2275,0.014074,0.00143704,0.144071,10.9662,3.22443
0,7.2055,0.22587,-0.87019,0.0087144,0.00093175,0.0008525,7.9252e-05,0.84275,9.1033,0.0038839,0.0014456,0.14407,1.5511,3.0612
0,6.71908,0.666358,-0.929417,0.0186465,0.000923558,0.000851547,7.20113e-05,0.940158,26.8573,0.0114457,0.00144576,0.144071,8.77789,3.21092
0,6.52018,0.46081,-0.900788,0.0128799,0.000932974,0.000854047,7.89272e-05,0.915939,18.5726,0.00793833,0.00144902,0.144071,4.3135,3.14492
0,6.06269,0.894085,-0.896156,0.0120606,0.00096537,0.000859402,0.000105969,0.95454,36.0342,0.0154989,0.00145806,0.144071,7.56663,3.1698
0,6.70131,0.555391,-0.870878,0.00867635,0.000977319,0.00086378,0.00011354,0.929122,22.3836,0.00967669,0.00146487,0.144071,3.49003,3.10397
0,6.59566,0.866576,-0.926401,0.0176425,0.000950278,0.000865836,8.44427e-05,0.953192,34.926,0.0151345,0.00146996,0.144071,10.8311,3.21911
0,6.30509,0.514019,-0.942428,0.0212979,0.000940838,0.000880823,6.00146e-05,0.923919,20.7169,0.00913257,0.00149601,0.144071,8.14331,3.21996
0,6.20057,0.725835,-0.871693,0.00857141,0.00100883,0.00088351,0.000125321,0.944691,29.252,0.0129353,0.00149841,0.144071,4.53298,3.11842
0,6.12237,0.405221,-0.904692,0.0130545,0.000960927,0.000885872,7.50559e-05,0.90555,16.3316,0.00724083,0.00150315,0.144071,4.03385,3.14533
0,6.12003,0.705704,-0.913592,0.0146197,0.000973259,0.000886626,8.66331e-05,0.943243,28.4417,0.0126208,0.00150477,0.144071,7.56097,3.18719
0,6.24248,0.26601,-0.92462,0.0168083,0.000939956,0.000888363,5.15926e-05,0.86316,10.7212,0.00476666,0.00150802,0.144071,3.58858,3.15916
0,6.43256,0.777566,-0.940732,0.020461,0.000972621,0.000897069,7.55525e-05,0.948163,31.3379,0.0140698,0.00152364,0.144071,11.7445,3.23777
0,7.6275,0.24008,-0.94732,0.022208,0.00093954,0.00089935,4.0182e-05,0.85064,9.6763,0.0043553,0.0015278,0.14407,4.3992,3.1925
0,6.342,0.23445,-0.89324,0.011068,0.00096903,0.00090215,6.6872e-05,0.84759,9.4489,0.0042663,0.0015304,0.14407,2.1524,3.1012
0,8.88992,0.309668,-0.924569,0.0165035,0.0894785,0.000824504,0.088654,0.869472,11.3747,0.00515008,0.00153486,0.144071,3.77718,3.16178
0,6.28136,0.450243,-0.897748,0.0116849,0.000990658,0.000905355,8.53034e-05,0.914111,18.1456,0.00822226,0.00153603,0.144071,4.06101,3.13873
0,6.57459,0.958369,-0.933503,0.0184191,0.000997243,0.00090831,8.89329e-05,0.957399,38.6238,0.0175587,0.00154245,0.144071,13.0641,3.23627
0,7.52847,0.994838,-0.949089,0.0224654,0.000992437,0.000909301,8.31359e-05,0.958877,40.0937,0.0182467,0.00154495,0.144071,16.5417,3.26466
0,6.13081,0.501952,-0.913496,0.0141261,0.000994572,0.000916486,7.80861e-05,0.922211,20.2295,0.00927926,0.00155545,0.144071,5.49376,3.17029
0,6.49835,0.878871,-0.940595,0.0199703,0.000999797,0.000917483,8.23145e-05,0.953777,35.4198,0.0162648,0.00155835,0.144071,13.173,3.24381
0,5.95538,0.919315,-0.883938,0.00961166,0.00104884,0.000921917,0.000126927,0.955662,37.0479,0.0170955,0.00156383,0.144071,6.6418,3.1507
0,6.2401,0.21693,-0.95491,0.023743,0.00096361,0.00092715,3.6466e-05,0.83732,8.7429,0.0040569,0.0015753,0.14407,4.4516,3.2007
0,6.55637,0.757005,-0.94848,0.0217942,0.00100365,0.000930053,7.35934e-05,0.946826,30.5083,0.0142014,0.00158012,0.144071,12.6478,3.24951
0,6.03019,0.295825,-0.88961,0.0102254,0.00101251,0.00093204,8.04716e-05,0.875137,11.922,0.00556153,0.00158105,0.144071,2.51038,3.10558
0,6.28526,0.364813,-0.876734,0.00864736,0.00103462,0.000934293,0.000100328,0.896185,14.702,0.00687509,0.0015846,0.144071,2.56223,3.09376
0,6.98587,0.277975,-0.938752,0.0190813,0.000986858,0.000937865,4.89928e-05,0.868224,11.2029,0.00525861,0.00159278,0.144071,4.46994,3.18475
0,6.26466,0.25072,-0.95371,0.0231227,0.000978107,0.000937433,4.06741e-05,0.85602,10.1046,0.00474082,0.00159284,0.144071,4.95542,3.2051
0,7.33985,0.637826,-0.894804,0.0108381,0.00104322,0.000939866,0.000103353,0.937595,25.7042,0.0120919,0.00159459,0.144071,5.40042,3.1507
0,6.25193,0.821321,-0.919047,0.0147652,0.00103573,0.000941473,9.42623e-05,0.950716,33.0992,0.0155972,0.00159809,0.144071,9.36362,3.20399
0,6.43068,0.921037,-0.946112,0.020832,0.001028,0.000943927,8.40709e-05,0.955753,37.1181,0.0175364,0.00160358,0.144071,14.7876,3.25558
0,6.67783,0.921584,-0.934729,0.0178816,0.00104092,0.000950417,9.05026e-05,0.955769,37.1396,0.0176675,0.00161405,0.144071,12.7834,3.23633
0,6.92039,0.633755,-0.954636,0.0229858,0.00102049,0.000954214,6.6272e-05,0.937238,25.5407,0.0121981,0.00162149,0.144071,11.5769,3.25091
0,6.25367,0.364074,-0.951182,0.0218481,0.00101234,0.000960507,5.18347e-05,0.896011,14.6725,0.00705368,0.00163188,0.144071,6.65475,3.21805
0,6.53201,0.608835,-0.95212,0.0218869,0.00103743,0.000970332,6.70967e-05,0.93485,24.536,0.0119164,0.00164874,0.144071,10.7953,3.24465
0,6.63704,0.638789,-0.957763,0.0233755,0.00104343,0.000976639,6.6792e-05,0.937682,25.743,0.0125839,0.0016598,0.144071,12.1411,3.25659
0,6.48987,0.866837,-0.946015,0.0200199,0.00106555,0.000980963,8.45864e-05,0.953131,34.9325,0.017152,0.00166655,0.144071,13.9378,3.25228
0,7.30221,0.812971,-0.96075,0.0240767,0.0010607,0.0009851,7.55991e-05,0.950226,32.7619,0.016154,0.00167449,0.144071,15.8438,3.27397
0,6.11517,0.322031,-0.937595,0.0178521,0.0010438,0.000987657,5.6146e-05,0.884058,12.9777,0.00641547,0.00167734,0.144071,5.01031,3.18956
0,6.50107,0.992342,-0.914116,0.0131406,0.001105,0.000992983,0.000112015,0.958706,39.9886,0.019876,0.00168547,0.144071,10.5299,3.20531
0,6.6535,0.22064,-0.9292,0.015718,0.0010578,0.0010074,5.0462e-05,0.83956,8.8917,0.0044835,0.0017104,0.14407,3.2452,3.1585
0,6.43146,0.668761,-0.938085,0.0175457,0.00109173,0.00101123,8.04998e-05,0.94025,26.9496,0.0136409,0.0017174,0.144071,9.84439,3.22569
0,6.61458,0.98913,-0.890801,0.00950526,0.00115418,0.00101795,0.00013623,0.958548,39.8572,0.0203098,0.00172706,0.144071,7.7804,3.16592
0,6.42695,0.580691,-0.947859,0.019769,0.00108793,0.00101724,7.06953e-05,0.931904,23.4006,0.011915,0.00172815,0.144071,9.77821,3.23511
0,6.80465,0.509375,-0.933381,0.0163436,0.00109643,0.0010221,7.43239e-05,0.923184,20.5266,0.0105017,0.00173562,0.144071,7.18898,3.20432
0,6.15815,0.269132,-0.93997,0.0176594,0.0010816,0.0010293,5.23049e-05,0.864439,10.8455,0.00558767,0.00174818,0.144071,4.41482,3.18532
0,6.70407,0.424537,-0.932762,0.0159718,0.00110752,0.00103764,6.98865e-05,0.909341,17.1076,0.00888558,0.00176196,0.144071,6.03462,3.19448
0,6.25979,0.37984,-0.931272,0.0154449,0.00112099,0.0010527,6.82896e-05,0.899804,15.3062,0.00806549,0.00178753,0.144071,5.35299,3.1867
0,6.47234,0.954204,-0.915299,0.0125541,0.00117133,0.00105525,0.000116087,0.95711,38.4492,0.0203105,0.00179123,0.144071,10.2967,3.2053
0,7.0715,0.512867,-0.951987,0.020097,0.00112196,0.00105496,6.69915e-05,0.923647,20.6668,0.0109136,0.00179253,0.144071,9.18759,3.23592
0,7.4406,0.633232,-0.952913,0.0202144,0.0011358,0.00106131,7.44939e-05,0.937116,25.5167,0.0135559,0.00180345,0.144071,11.3144,3.24796
0,6.06006,0.391933,-0.941222,0.0171384,0.00114303,0.00107773,6.52973e-05,0.902562,15.7932,0.00852015,0.00183051,0.144071,6.25711,3.20485
0,7.03365,0.340815,-0.931354,0.0150007,0.00115189,0.00108499,6.69024e-05,0.889646,13.7333,0.00745883,0.0018424,0.144071,4.86283,3.18175
0,7.78656,0.274497,-0.925475,0.0138582,0.00115298,0.0010892,6.37753e-05,0.866681,11.0609,0.00603074,0.00184923,0.144071,3.72793,3.162
0,6.21627,0.732086,-0.89955,0.00976797,0.00123134,0.00110819,0.00012315,0.944988,29.4973,0.0163645,0.0018805,0.144071,6.53539,3.16546
0,6.46845,0.60008,-0.965312,0.0223137,0.00119803,0.00112686,7.11755e-05,0.933868,24.1793,0.0136396,0.00191583,0.144071,12.6161,3.2662
0,8.21902,0.845512,-0.955349,0.0195222,0.00122535,0.00113367,9.16754e-05,0.951918,34.0677,0.0193345,0.00192673,0.144071,15.3437,3.26683
0,6.54002,0.370059,-0.96689,0.0225476,0.00119299,0.00113797,5.50242e-05,0.897398,14.911,0.00849429,0.00193476,0.144071,8.26206,3.24518
0,7.4091,0.23113,-0.89572,0.0090136,0.0012255,0.0011435,8.1967e-05,0.84559,9.3129,0.0053313,0.0019402,0.14407,2.1953,3.1047
0,6.16719,0.332995,-0.92008,0.0122967,0.0012228,0.00114546,7.73417e-05,0.887317,13.4172,0.00769384,0.00194454,0.144071,4.1212,3.16183
0,6.59131,0.770063,-0.960056,0.0205184,0.00123126,0.00114568,8.55794e-05,0.947522,31.0275,0.0177957,0.00194743,0.144071,14.9142,3.26999
0,6.61122,0.948083,-0.925493,0.0131616,0.00126441,0.00114697,0.000117437,0.956789,38.199,0.0219344,0.00194757,0.144071,11.6647,3.22217
0,7.45625,0.512709,-0.962056,0.0210365,0.00121449,0.00114651,6.79808e-05,0.923566,20.6585,0.011857,0.00194891,0.144071,10.4528,3.25286
0,7.24003,0.441734,-0.921058,0.012304,0.0012469,0.00115919,8.77105e-05,0.91245,17.7981,0.0103285,0.00196794,0.144071,5.38344,3.17678
0,7.29062,0.664436,-0.93622,0.0147183,0.00127146,0.00117687,9.45954e-05,0.939773,26.7705,0.0157727,0.00199887,0.144071,9.5524,3.22222
0,6.25715,0.355241,-0.91905,0.0117597,0.00126496,0.001182,8.29584e-05,0.893555,14.3129,0.00846965,0.00200659,0.144071,4.30826,3.16312
0,6.48973,0.480783,-0.971364,0.0227123,0.00126064,0.00119614,6.45007e-05,0.918918,19.3712,0.0115999,0.00203435,0.144071,11.1021,3.26539
0,6.2905,0.24155,-0.95047,0.01726,0.0012572,0.0012047,5.2541e-05,0.85122,9.7324,0.0058694,0.0020469,0.14407,4.6044,3.198
0,6.38604,0.264418,-0.917862,0.0112563,0.00129129,0.00121624,7.50566e-05,0.862237,10.6533,0.00648686,0.0020646,0.144071,3.27287,3.14761
0,6.60106,0.995489,-0.951701,0.0173374,0.00132807,0.00121813,0.000109939,0.958683,40.1065,0.0244598,0.00207022,0.144071,17.115,3.26914
0,6.24001,0.286682,-0.947513,0.0164069,0.0012802,0.00122012,6.0079e-05,0.871517,11.5505,0.0070555,0.00207305,0.144071,5.13805,3.20079
0,6.84358,0.335553,-0.96978,0.0218373,0.001274,0.00121922,5.47823e-05,0.888042,13.5195,0.00825217,0.00207327,0.144071,7.85634,3.24541
0,6.05254,0.315066,-0.928107,0.012767,0.00129762,0.00122285,7.4774e-05,0.881653,12.6938,0.00777138,0.00207632,0.144071,4.35028,3.17268
0,6.21503,0.278331,-0.974396,0.0230458,0.00127354,0.00122562,4.79216e-05,0.868194,11.2141,0.00688083,0.00208456,0.144071,7.07276,3.24447
0,8.93764,0.896711,-0.981914,0.0249753,0.00133728,0.00124526,9.20214e-05,0.954423,36.1266,0.0225237,0.0021185,0.144071,22.8277,3.31526
0,6.4433,0.563293,-0.955343,0.0177362,0.00132889,0.00124771,8.11724e-05,0.929813,22.6941,0.0141767,0.00212059,0.144071,10.4633,3.2462
0,6.24097,0.733148,-0.914573,0.0104593,0.00137833,0.00125473,0.000123596,0.944967,29.5357,0.0185553,0.00213,0.144071,7.93689,3.19074
0,9.71937,0.957176,-0.973358,0.0221886,0.0013568,0.00125645,0.000100356,0.957114,38.5618,0.0242583,0.00213639,0.144071,21.7692,3.30406
0,6.39728,0.861613,-0.951286,0.0166643,0.00136583,0.00126066,0.000105173,0.952669,34.7115,0.0219096,0.00214238,0.144071,14.827,3.2609
0,14.4739,0.949653,-0.978972,0.0237488,0.00135936,0.0012614,9.79566e-05,0.956794,38.2586,0.0241626,0.00214531,0.144071,23.2209,3.31327
0,7.23192,0.474229,-0.937223,0.0137145,0.00136675,0.00127936,8.73973e-05,0.917832,19.1051,0.0122378,0.00217297,0.144071,7.07062,3.20728
0,7.43278,0.691932,-0.955359,0.0172577,0.00137536,0.00128253,9.2827e-05,0.94193,27.8754,0.0179002,0.00217984,0.144071,12.6896,3.25656
0,6.2951,0.2318,-0.94123,0.01417,0.0013637,0.0013035,6.0179e-05,0.84588,9.3383,0.0060945,0.0022143,0.14407,3.9482,3.1807
0,6.58556,0.622279,-0.964562,0.0191092,0.00138744,0.00130312,8.4316e-05,0.935929,25.069,0.0163567,0.00221566,0.144071,12.9264,3.26676
0,6.3193,0.22966,-0.91661,0.01032,0.0013809,0.0013053,7.5542e-05,0.84467,9.2522,0.0060469,0.0022159,0.14407,2.8552,3.1393
0,7.27463,0.457078,-0.953196,0.0164107,0.00138995,0.00131193,7.8022e-05,0.915025,18.4137,0.0120955,0.00222951,0.144071,8.39235,3.23232
0,6.53133,0.731391,-0.954774,0.0167447,0.00141,0.00131188,9.8118e-05,0.944824,29.464,0.0193539,0.00222979,0.144071,13.2715,3.25839
0,6.34129,0.817857,-0.926604,0.0116316,0.0014411,0.00131636,0.000124736,0.950258,32.9462,0.0217158,0.00223543,0.144071,10.2755,3.2165
0,16.3541,0.956584,-0.985824,0.0248332,0.00141671,0.0013167,0.000100012,0.95705,38.5356,0.0254059,0.00224037,0.144071,25.5339,3.32545
0,6.6262,0.23842,-0.95678,0.016915,0.0013873,0.0013326,5.4708e-05,0.84948,9.6048,0.0064086,0.002265,0.14407,4.9376,3.208
0,6.41763,0.366717,-0.969524,0.0198585,0.00139927,0.00133619,6.30782e-05,0.896436,14.7733,0.00988383,0.00227236,0.144071,8.47659,3.24918
0,7.45786,0.572836,-0.964786,0.0185597,0.00142874,0.00134559,8.31541e-05,0.930825,23.0762,0.0155477,0.00228783,0.144071,11.9985,3.26298
0,7.1926,0.24131,-0.95998,0.017425,0.0014019,0.0013476,5.4259e-05,0.851,9.7213,0.0065595,0.0022909,0.14407,5.1975,3.2139
0,6.91794,0.867527,-0.960814,0.0176057,0.00145551,0.00134797,0.000107535,0.952912,34.9467,0.0235879,0.00229183,0.144071,16.8665,3.27745
0,7.37148,0.413135,-0.969918,0.0197367,0.00141907,0.00135126,6.78065e-05,0.906891,16.643,0.0112604,0.00229799,0.144071,9.48713,3.25556
0,6.31149,0.858437,-0.924192,0.0108644,0.00150101,0.00136643,0.000134585,0.952417,34.5789,0.0236604,0.00232025,0.144071,10.4319,3.21489
0,6.92466,0.946027,-0.936212,0.0125569,0.00151095,0.00137904,0.00013191,0.95654,38.1068,0.0263152,0.00234267,0.144071,13.3576,3.24018
0,6.40965,0.443128,-0.940543,0.0132101,0.00147521,0.00138584,8.93705e-05,0.912554,17.8502,0.0123871,0.00235424,0.144071,6.9339,3.20958
0,6.31272,0.285256,-0.953912,0.0152831,0.00148783,0.00142168,6.61521e-05,0.870833,11.4906,0.00818016,0.00241615,0.144071,5.55369,3.21127
0,6.61912,0.369914,-0.986864,0.0231376,0.00149214,0.00143164,6.04999e-05,0.897175,14.9007,0.0106822,0.00243689,0.144071,10.6739,3.27879
0,6.55741,0.86477,-0.960443,0.0164613,0.00154909,0.00143487,0.000114223,0.952711,34.8323,0.0250287,0.00243951,0.144071,16.735,3.27665
0,12.7822,0.825063,-0.984865,0.0223036,0.00154815,0.00144794,0.000100206,0.950594,33.233,0.024097,0.00246394,0.144071,21.8986,3.31589
0,6.75781,0.666696,-0.981762,0.0214178,0.00153755,0.00144876,8.8793e-05,0.93979,26.8544,0.0194827,0.00246558,0.144071,17.1995,3.29947
0,6.67747,0.658435,-0.979856,0.0208576,0.00154111,0.00145193,8.91761e-05,0.93909,26.5215,0.0192834,0.00247056,0.144071,16.5878,3.29558
0,13.9063,0.72887,-0.991051,0.0239278,0.00155191,0.00146093,9.09843e-05,0.944555,29.3583,0.0214785,0.00248661,0.144071,21.0791,3.31996
0,6.69036,0.736206,-0.973546,0.018967,0.00157262,0.00147273,9.98826e-05,0.945054,29.6532,0.02187,0.00250533,0.144071,16.9947,3.2906
0,6.66533,0.384825,-0.981996,0.0211097,0.00154017,0.00147445,6.57293e-05,0.900702,15.5006,0.011445,0.00250908,0.144071,10.3897,3.27248
0,6.25478,0.50375,-0.928058,0.0105111,0.00159613,0.00148409,0.000112043,0.922082,20.2897,0.0150799,0.00252036,0.144071,6.6444,3.19484
0,6.47859,0.695899,-0.9769,0.0196452,0.00157987,0.00148422,9.56481e-05,0.942105,28.0295,0.0208338,0.00252532,0.144071,16.8238,3.2934
0,10.1578,0.776486,-0.989964,0.0227716,0.00161219,0.00151361,9.85873e-05,0.947681,31.2743,0.0237068,0.00257664,0.144071,22.0705,3.32143
0,7.3105,0.478715,-0.936687,0.0114839,0.0016217,0.0015172,0.000104495,0.91837,19.2809,0.0146503,0.00257727,0.144071,7.08262,3.20684
0,7.74834,0.516145,-0.946292,0.0129659,0.00162053,0.00151973,0.000100799,0.923773,20.7885,0.015822,0.00258241,0.144071,8.58859,3.22664
0,7.46428,0.539211,-0.932001,0.0107492,0.00164147,0.00152638,0.000115089,0.926742,21.717,0.0166014,0.00259255,0.144071,7.4436,3.20478
0,7.04567,0.597464,-0.965947,0.0165976,0.0016228,0.00152695,9.58458e-05,0.933328,24.0637,0.0184019,0.00259672,0.144071,12.6659,3.26705
0,6.47322,0.769868,-0.929274,0.0102425,0.0016867,0.00154681,0.000139887,0.947215,31.0055,0.0240204,0.00262717,0.144071,10.0397,3.21793
0,7.38488,0.355755,-0.988276,0.0218038,0.00161016,0.00154681,6.33475e-05,0.893476,14.3287,0.0110998,0.00263329,0.144071,10.4952,3.2793
0,8.65269,0.650565,-0.992393,0.022662,0.00165929,0.00156898,9.03036e-05,0.938333,26.2014,0.0205889,0.00267116,0.144071,19.2665,3.31633
0,7.46437,0.350335,-0.984233,0.020249,0.00164758,0.0015817,6.58721e-05,0.891995,14.1099,0.0111772,0.002692,0.144071,9.82824,3.27175
0,7.85096,0.56728,-0.964803,0.0156866,0.00168994,0.00159211,9.78262e-05,0.930035,22.8464,0.0182178,0.00270746,0.144071,11.8917,3.26251
0,6.62735,0.745309,-0.929106,0.00980771,0.0017555,0.00161181,0.000143688,0.945559,30.0143,0.0242312,0.0027377,0.144071,9.71472,3.21601
0,6.69949,0.81104,-0.941698,0.011516,0.00175101,0.0016131,0.000137908,0.949667,32.6615,0.0263894,0.00274093,0.144071,12.3738,3.24155
0,6.59727,0.85811,-0.955864,0.0137739,0.00174829,0.00161696,0.000131329,0.95224,34.5572,0.0279878,0.00274895,0.144071,15.6622,3.26846
0,13.2138,0.732646,-1.00143,0.024245,0.00174491,0.00164631,9.85983e-05,0.944695,29.5047,0.0243293,0.00280409,0.144071,24.2021,3.33805
0,6.56446,0.248589,-0.995671,0.0219701,0.0017404,0.00168735,5.30544e-05,0.854504,10.0111,0.0084608,0.00287377,0.144071,8.43116,3.27504
0,6.38175,0.844361,-0.927462,0.0091344,0.00185641,0.0016944,0.000162005,0.951447,33.9998,0.0288582,0.0028781,0.144071,10.7082,3.21956
0,8.864,0.842746,-0.986459,0.0193864,0.00181835,0.00169992,0.000118433,0.951385,33.936,0.0288968,0.00289335,0.144071,22.8056,3.31975
0,6.45686,0.675836,-0.94386,0.01117,0.00184121,0.00170972,0.000131489,0.940348,27.2142,0.0233073,0.00290539,0.144071,10.7054,3.23594
0,7.86263,0.705193,-0.95647,0.0129483,0.00185922,0.00173337,0.000125854,0.942632,28.3959,0.0246561,0.00294706,0.144071,13.1025,3.2594
0,6.46725,0.335089,-0.976655,0.0167231,0.00181246,0.00173813,7.43344e-05,0.88757,13.4936,0.0117481,0.00295727,0.144071,8.56978,3.25689
0,6.75223,0.390969,-0.993327,0.0206797,0.00181241,0.00173942,7.29827e-05,0.901925,15.7438,0.0137174,0.00296254,0.144071,12.1895,3.29237
0,13.402,0.847899,-0.984901,0.0185123,0.00186828,0.00174533,0.00012294,0.951627,34.1418,0.0298502,0.00296993,0.144071,22.4835,3.3174
0,7.10071,0.619038,-0.983975,0.0182382,0.00185145,0.00174999,0.00010146,0.935321,24.9268,0.0218513,0.00297888,0.144071,16.5037,3.29942
0,6.81598,0.462987,-0.96996,0.0151815,0.00185087,0.00175715,9.37152e-05,0.915716,18.6431,0.0164098,0.0029891,0.144071,10.5306,3.26116
0,6.72029,0.476797,-0.989021,0.0192998,0.00184927,0.00176402,8.52529e-05,0.917927,19.1993,0.0169653,0.00300353,0.144071,13.8197,3.29483
0,6.4762,0.629722,-0.944693,0.0108832,0.00190462,0.00177363,0.000130992,0.936296,25.3557,0.0225288,0.00301404,0.144071,10.1253,3.2338
0,9.45788,0.462474,-0.946639,0.011107,0.00191139,0.00178166,0.000129724,0.915603,18.6214,0.0166203,0.00302807,0.144071,7.79656,3.22186
0,10.61,0.761194,-0.999987,0.021895,0.00190006,0.0017895,0.000110559,0.946519,30.6496,0.0274759,0.00304802,0.144071,24.6318,3.33759
0,6.3837,0.526328,-0.942055,0.0103481,0.00192789,0.0018033,0.000124589,0.924923,21.1921,0.0191447,0.00306429,0.144071,8.28126,3.22047
0,6.33156,0.361841,-0.942402,0.010343,0.00191694,0.00181229,0.000104657,0.894873,14.5693,0.0132273,0.00307948,0.144071,5.91073,3.20303
0,7.84768,0.76228,-0.983258,0.0174085,0.00193716,0.00181687,0.000120284,0.946565,30.6922,0.027936,0.00309226,0.144071,19.8953,3.30897
0,7.41045,0.634167,-0.971036,0.0147345,0.00195106,0.00183544,0.000115615,0.936677,25.5335,0.0234785,0.00312264,0.144071,14.2961,3.27868
0,6.33253,0.278097,-0.963899,0.0133636,0.00192552,0.00184727,7.82458e-05,0.867697,11.1973,0.0103622,0.00314139,0.144071,6.17489,3.22683
0,6.39709,0.491702,-0.960349,0.0127366,0.00196058,0.00185195,0.000108636,0.920114,19.7972,0.0183677,0.00314913,0.144071,9.83658,3.24791
0,7.54644,0.573738,-0.961632,0.0129213,0.00197264,0.00185563,0.000117009,0.930576,23.0999,0.0214748,0.0031557,0.144071,11.5371,3.25772
0,6.49241,0.812314,-0.944556,0.0103,0.00202777,0.00187055,0.000157216,0.949561,32.7038,0.0306492,0.00317911,0.144071,12.8544,3.24645
0,6.64831,0.714729,-0.974854,0.0151933,0.00199288,0.00186925,0.000123625,0.943253,28.776,0.0269485,0.00318058,0.144071,16.8035,3.29129
0,10.2071,0.205837,-0.993802,0.0192369,0.403471,0.00112719,0.402344,0.742089,4.95348,0.00468001,0.00320423,0.144071,4.68976,3.24231
0,6.5868,0.23274,-0.98508,0.016954,0.0019713,0.0019094,6.1915e-05,0.84604,9.3707,0.0089638,0.0032505,0.14407,6.9573,3.2543
0,7.12989,0.807365,-0.969986,0.0137958,0.00207491,0.00193405,0.000140865,0.949244,32.503,0.0314965,0.00329045,0.144071,17.7167,3.28931
0,12.5623,0.870604,-0.993602,0.0184587,0.00209126,0.00195582,0.00013544,0.952654,35.0483,0.0343458,0.00333077,0.144071,25.7818,3.33377
0,7.56705,0.605278,-0.983587,0.0160897,0.0020868,0.0019737,0.000113105,0.933821,24.367,0.0240969,0.00335992,0.144071,16.0788,3.29761
0,6.89004,0.712618,-0.978679,0.0150469,0.00211026,0.00198192,0.000128335,0.943022,28.6876,0.0284885,0.00337324,0.144071,17.5996,3.29764
0,13.8138,0.716823,-1.00539,0.0211564,0.00209923,0.00198391,0.000115321,0.943337,28.8572,0.0286852,0.00338114,0.144071,24.9419,3.3437
0,6.2841,0.265304,-0.980535,0.0152855,0.00207063,0.00199802,7.26166e-05,0.862153,10.6807,0.0106922,0.00340069,0.144071,7.34005,3.25257
0,6.39844,0.436404,-0.956842,0.0110993,0.00214663,0.00203167,0.000114967,0.910913,17.5675,0.0178841,0.0034545,0.144071,8.4285,3.23619
0,7.0092,0.23123,-0.99157,0.017259,0.0021008,0.002038,6.283e-05,0.84511,9.3084,0.0095051,0.0034706,0.14407,7.5202,3.2649
0,7.67781,0.538814,-0.969434,0.01297,0.00216148,0.00204281,0.000118663,0.92636,21.6897,0.022202,0.00347522,0.144071,12.0291,3.26776
0,20.2072,0.921034,-1.01091,0.0219648,0.0021908,0.00205082,0.000139976,0.954996,37.0748,0.0381004,0.00349609,0.144071,33.98,3.36686
0,22.1266,0.94115,-1.02057,0.0247744,0.00219619,0.00205682,0.000139367,0.955883,37.8843,0.0390464,0.00350877,0.144071,39.2689,3.38497
0,9.49876,0.647306,-0.999186,0.0187892,0.00217854,0.00206361,0.000114923,0.937713,26.0566,0.0269441,0.00351548,0.144071,20.9208,3.32768
0,6.99338,0.344368,-1.01601,0.0232191,0.00214073,0.00206979,7.09426e-05,0.890036,13.8627,0.0143772,0.0035309,0.144071,14.5548,3.32462
0,6.61985,0.768734,-0.942059,0.00893412,0.00226177,0.00208841,0.000173358,0.94677,30.942,0.032383,0.00354947,0.144071,11.8129,3.23941
0,7.4345,0.306374,-0.942798,0.00889932,0.00222882,0.00211659,0.000112226,0.878144,12.3321,0.0130802,0.0035973,0.144071,5.12441,3.19594
0,7.04544,0.911134,-0.971392,0.0127839,0.00229031,0.00212487,0.00016544,0.954479,36.6726,0.0390518,0.00361561,0.144071,20.2422,3.29806
0,6.45038,0.431247,-0.941597,0.00870769,0.00226467,0.00213017,0.000134503,0.909883,17.3579,0.0185296,0.00362021,0.144071,6.85464,3.21002
0,10.2017,0.446043,-1.02351,0.0247902,0.00221771,0.00213383,8.38863e-05,0.912599,17.9543,0.0191982,0.00364152,0.144071,20.2436,3.35018
0,14.1068,0.817225,-0.998851,0.0180403,0.00227948,0.00214017,0.000139315,0.949678,32.8932,0.0352789,0.00364571,0.144071,25.9652,3.33942
0,7.09459,0.850763,-0.939333,0.00839051,0.00233802,0.00214723,0.000190793,0.951473,34.2411,0.0368478,0.00364935,0.144071,12.5601,3.23998
0,14.3107,0.647297,-1.0138,0.0212949,0.00231002,0.00219465,0.000115369,0.937627,26.0528,0.0286546,0.00374224,0.144071,25.2388,3.35277
0,7.69087,0.485214,-0.972978,0.0125993,0.00231824,0.00220017,0.000118066,0.91892,19.529,0.0215335,0.00374412,0.144071,11.4271,3.26855
0,20.401,0.871194,-1.01831,0.0225326,0.00239995,0.00219657,0.00020338,0.95252,35.0612,0.0385999,0.00374746,0.144071,35.4273,3.37668
0,6.36188,0.448646,-0.951829,0.00957775,0.0023391,0.00220781,0.000131297,0.912978,18.0569,0.0199798,0.00375363,0.144071,8.10464,3.22911
0,26.2439,0.985799,-1.02463,0.024248,0.0023671,0.00221295,0.000154154,0.957624,39.6748,0.0440032,0.00377701,0.144071,43.2495,3.39477
0,6.57291,0.516711,-0.97979,0.0136269,0.00233795,0.00221952,0.000118429,0.923391,20.7963,0.023133,0.00377831,0.144071,13.217,3.28319
0,15.5027,0.202474,-1.00459,0.0185066,0.930444,0.000173116,0.930271,0.245669,0.568145,0.000707021,0.00382554,0.144071,1.86623,3.2052
0,15.7229,0.731972,-1.0214,0.0226187,0.00240452,0.00227706,0.000127458,0.944221,29.4581,0.0336197,0.00388434,0.144071,31.2431,3.3725
0,10.4853,0.635099,-1.00005,0.0171845,0.0024056,0.00228074,0.000124862,0.93647,25.5594,0.0292175,0.00388653,0.144071,20.7775,3.32816
0,6.78545,0.423428,-0.978703,0.0129842,0.00240753,0.00229725,0.00011028,0.908304,17.0407,0.0196206,0.00391034,0.144071,10.8574,3.27154
0,8.18361,0.454747,-1.02093,0.0223257,0.00238428,0.00229217,9.21025e-05,0.913999,18.3016,0.0210253,0.00391177,0.144071,19.9324,3.34674
0,21.0808,0.933469,-1.01272,0.0198246,0.00248473,0.0023252,0.00015953,0.955359,37.5642,0.043781,0.00396435,0.144071,35.2226,3.37075
0,14.954,0.755482,-1.02104,0.0220423,0.00245873,0.00232542,0.000133316,0.945783,30.4025,0.0354364,0.00396778,0.144071,32.045,3.3736
0,6.87541,0.348543,-0.967127,0.0109824,0.0024514,0.00234197,0.000109437,0.891002,14.0264,0.016465,0.00398434,0.144071,7.85161,3.24272
0,15.1182,0.940776,-1.0047,0.0177003,0.00251651,0.00235075,0.000165755,0.955658,37.8571,0.0446085,0.00400587,0.144071,32.0154,3.35721
0,6.89244,0.405811,-0.955079,0.00917911,0.00253408,0.00240139,0.000132686,0.90468,16.3296,0.0196568,0.00408362,0.144071,7.71197,3.22973
0,7.2523,0.75138,-0.969285,0.0109937,0.00257328,0.00240487,0.000168412,0.945437,30.234,0.0364482,0.00409212,0.144071,16.3981,3.28438
0,22.8328,0.971764,-1.00863,0.0179452,0.00261153,0.00243743,0.000174099,0.9569,39.1003,0.047777,0.00415555,0.144071,34.7318,3.36585
0,14.6049,0.903779,-0.996715,0.0153901,0.00261195,0.00244049,0.000171465,0.953927,36.3648,0.0444902,0.00415783,0.144071,27.8043,3.34116
0,6.38377,0.27073,-0.949351,0.00834892,0.00256856,0.0024533,0.000115259,0.864215,10.8937,0.0133971,0.00417117,0.144071,5.00355,3.20124
0,24.6098,0.833596,-1.02535,0.0220992,0.00260015,0.00245053,0.000149616,0.950382,33.5413,0.0412041,0.0041826,0.144071,37.1828,3.38654
0,11.9864,0.674349,-1.00481,0.0169571,0.00259364,0.00245637,0.000137273,0.939741,27.1339,0.0334121,0.00418737,0.144071,23.3687,3.33947
0,11.8438,0.702358,-1.01657,0.0196795,0.0025953,0.00245974,0.000135564,0.941942,28.2608,0.0348475,0.00419604,0.144071,28.2392,3.36189
0,7.22737,0.854695,-0.962634,0.00978614,0.00267464,0.00248086,0.000193784,0.95146,34.3877,0.0427699,0.00422065,0.144071,17.0153,3.27975
0,18.6363,0.644091,-1.0282,0.0226209,0.00260662,0.00248262,0.000123992,0.937152,25.9161,0.032254,0.00423885,0.144071,30.2242,3.3774
0,21.8253,0.893039,-1.01974,0.0200584,0.00267719,0.00251331,0.000163877,0.953375,35.9303,0.0452732,0.00428794,0.144071,36.947,3.38057
0,9.20788,0.669255,-0.995651,0.014718,0.00266244,0.0025171,0.000145341,0.939278,26.9271,0.0339795,0.00428865,0.144071,20.6254,3.32335
0,6.39226,0.343858,-0.955863,0.00872096,0.00268182,0.00255287,0.000128943,0.889554,13.8346,0.0177065,0.00434162,0.144071,6.71195,3.22318
0,6.95571,0.629261,-0.982577,0.012117,0.00273873,0.0025862,0.000152527,0.935717,25.316,0.0328261,0.00440398,0.144071,16.4562,3.29787
0,6.52,0.22256,-1.0027,0.015495,0.0026891,0.0026161,7.2966e-05,0.83973,8.9542,0.011744,0.0044598,0.14407,8.3991,3.2819
0,14.6543,0.628222,-1.03267,0.0227495,0.0027399,0.00261336,0.000126543,0.935619,25.2742,0.0331159,0.00446381,0.144071,31.2675,3.38382
0,13.6839,0.642785,-1.00968,0.0168443,0.00277098,0.00263126,0.000139718,0.936929,25.8593,0.0341158,0.00448744,0.144071,23.7792,3.34531
0,12.0833,0.733372,-1.00049,0.0149637,0.00279201,0.00263371,0.000158305,0.944068,29.5029,0.0389598,0.00448887,0.144071,23.9262,3.33646
0,13.4114,0.808514,-0.991926,0.0133172,0.0028291,0.00265306,0.000176034,0.948821,32.5246,0.0432673,0.00451836,0.144071,23.5103,3.32692
0,6.81718,0.254121,-0.999591,0.0146541,0.00278202,0.00269947,8.25589e-05,0.856584,10.2232,0.013837,0.00453101,0.144071,9.03247,3.28262
0,7.24254,0.964483,-0.963296,0.00911351,0.00291057,0.0026861,0.000224464,0.956406,38.7957,0.0522568,0.00457084,0.144071,19.2602,3.28722
0,11.4441,0.523972,-1.0336,0.022437,0.00279466,0.00268125,0.000113411,0.924062,21.0789,0.0283381,0.00458044,0.144071,26.7212,3.37579
0,18.4037,0.804689,-1.015,0.0176324,0.00285542,0.002691,0.000164418,0.948581,32.3699,0.0436785,0.00458988,0.144071,31.4788,3.36654
0,6.9463,0.21512,-0.99781,0.014119,0.0027739,0.002698,7.5924e-05,0.8351,8.6544,0.011707,0.004596,0.14407,7.6653,3.2721
0,12.4099,0.542222,-1.03613,0.0230656,0.00280918,0.00269337,0.000115813,0.926366,21.8127,0.0294576,0.00460248,0.144071,28.4919,3.38196
0,6.59944,0.634452,-0.964221,0.00910994,0.00289742,0.00271937,0.00017805,0.936094,25.5208,0.0348011,0.00462731,0.144071,13.0995,3.26714
0,6.85554,0.435227,-0.994093,0.0133407,0.00284268,0.00272142,0.000121267,0.910256,17.5079,0.0238911,0.00463768,0.144071,13.564,3.29889
0,7.39625,0.33083,-1.02103,0.0186971,0.00282857,0.00273943,8.91365e-05,0.885665,13.3085,0.0182806,0.00467731,0.144071,14.9785,3.3312
0,23.2973,0.815848,-1.03805,0.0231265,0.00291399,0.00275308,0.000160911,0.949187,32.8169,0.0453057,0.0047055,0.144071,42.8843,3.40769
0,23.798,0.884433,-1.02664,0.0198556,0.00294881,0.00277219,0.000176617,0.952782,35.5744,0.0494553,0.00473326,0.144071,39.9968,3.39213
0,7.04363,0.565494,-0.971125,0.00965464,0.00296854,0.00280308,0.000165462,0.929013,22.7453,0.0319733,0.00477112,0.144071,12.8547,3.27303
0,9.35409,0.611082,-1.00118,0.0141913,0.00295095,0.00280194,0.000149005,0.933842,24.5794,0.0345369,0.0047755,0.144071,20.3319,3.32809
0,13.9291,0.881158,-0.999559,0.0138929,0.00299573,0.00280389,0.000191842,0.952591,35.441,0.0498357,0.00477729,0.144071,28.1456,3.3447
0,10.5024,0.355301,-1.0407,0.0235338,0.0028857,0.00279793,8.77698e-05,0.892556,14.2921,0.020052,0.004784,0.144071,20.5485,3.3682
0,8.23289,0.525018,-1.00788,0.0153324,0.00295682,0.00282463,0.000132184,0.924095,21.1176,0.0299131,0.00481687,0.144071,19.2371,3.33173
0,8.80447,0.9622,-0.966663,0.00895436,0.00309017,0.00285477,0.000235408,0.956195,38.6969,0.0554065,0.00485771,0.144071,20.0647,3.29284
0,6.68319,0.58551,-0.967207,0.00889444,0.00307188,0.00289367,0.000178211,0.931148,23.548,0.034175,0.0049247,0.144071,12.6261,3.26814
0,10.3589,0.661779,-1.00111,0.0137318,0.00305449,0.00289247,0.000162018,0.938399,26.6158,0.0386106,0.00493053,0.144071,21.8882,3.33211
0,27.1947,0.854503,-1.04179,0.0231355,0.00306004,0.00288603,0.000174014,0.951199,34.3667,0.0497438,0.0049347,0.144071,47.0158,3.41695
0,7.10761,0.272259,-1.04531,0.0241681,0.00296124,0.00288765,7.35984e-05,0.864626,10.9509,0.0158581,0.00494259,0.144071,17.2447,3.36316
0,22.2716,0.873275,-1.02491,0.018436,0.00310542,0.0029205,0.000184925,0.952129,35.1201,0.0514438,0.00498597,0.144071,38.6469,3.38838
0,33.3967,0.937285,-1.02305,0.0179188,0.00313201,0.00293479,0.000197214,0.955105,37.6933,0.0554848,0.00500881,0.144071,40.3732,3.3891
0,12.7965,0.504523,-1.02709,0.0187193,0.00308185,0.00295725,0.000124601,0.921242,20.2906,0.030095,0.00505002,0.144071,23.7323,3.36261
0,7.85836,0.5375,-0.988426,0.0113263,0.00313627,0.00298112,0.000155154,0.925572,21.6157,0.0323209,0.00507903,0.144071,15.3131,3.29979
0,27.0839,0.920799,-1.01927,0.0167284,0.0031953,0.00299511,0.000200196,0.954331,37.028,0.0556291,0.00511038,0.144071,37.8073,3.38144
0,6.85449,0.411858,-0.994683,0.0121942,0.00312825,0.00299947,0.000128777,0.905552,16.5631,0.0249183,0.00511229,0.144071,12.9968,3.29717
0,15.7533,0.490451,-1.04904,0.0243434,0.00312378,0.00300811,0.000115667,0.919188,19.7239,0.0297588,0.00514775,0.144071,30.6495,3.39904
0,16.1868,0.495829,-1.0495,0.0241847,0.00316428,0.00304635,0.00011793,0.91995,19.9393,0.0304675,0.00521248,0.144071,31.1436,3.40042
0,26.2159,0.777056,-1.04237,0.0219894,0.00322881,0.00305829,0.000170522,0.946668,31.2466,0.0479354,0.00523087,0.144071,43.2742,3.41255
0,7.17558,0.625593,-0.992861,0.0116188,0.00324728,0.00307547,0.000171806,0.935046,25.1556,0.0388087,0.00524138,0.144071,18.6744,3.31508
0,19.1344,0.553324,-1.03832,0.020808,0.00320276,0.00306969,0.000133067,0.927452,22.2506,0.0342609,0.00524766,0.144071,29.8596,3.38683
0,30.9236,0.93615,-1.03447,0.0197815,0.00327781,0.0030756,0.00020221,0.95496,37.6422,0.0580765,0.00525387,0.144071,46.6945,3.40922
0,9.90183,0.389209,-1.03734,0.0202849,0.00321491,0.00310962,0.000105295,0.900646,15.6509,0.0244127,0.00531594,0.144071,21.3588,3.36698
0,9.98913,0.57667,-1.01144,0.0144616,0.00328764,0.00313398,0.000153658,0.930055,23.1874,0.0364543,0.00534614,0.144071,21.9704,3.34265
0,16.67,0.590998,-1.03305,0.0189536,0.00329653,0.00315093,0.000145607,0.931583,23.7633,0.0375621,0.00538413,0.144071,29.6709,3.3812
0,23.6103,0.701563,-1.04863,0.0227538,0.0033639,0.00320132,0.000162579,0.941385,28.2071,0.0453023,0.00547874,0.144071,42.5759,3.41784
0,25.4025,0.797352,-1.04731,0.022235,0.00340334,0.00322139,0.000181952,0.947793,32.0571,0.0518106,0.00551218,0.144071,47.2507,3.42278
0,8.40595,0.600495,-1.00205,0.0123853,0.00341472,0.00324493,0.000169788,0.932486,24.1423,0.0393043,0.00553269,0.144071,20.2217,3.32865
0,7.9734,0.660853,-0.994142,0.011086,0.00346484,0.00327636,0.000188483,0.938056,26.5676,0.0436739,0.00558446,0.144071,19.9856,3.3201
0,22.3255,0.735706,-1.03549,0.0187833,0.00345773,0.00328008,0.000177647,0.943799,29.5771,0.048676,0.00560576,0.144071,37.6115,3.39736
0,39.7565,0.932847,-1.03972,0.0198276,0.0034944,0.00328098,0.000213418,0.954673,37.5012,0.0617361,0.00560734,0.144071,49.78,3.41836
0,19.1056,0.889153,-1.00061,0.011868,0.00355365,0.00332551,0.00022814,0.952618,35.7426,0.0596431,0.00566806,0.144071,28.7685,3.34699
0,25.2488,0.689789,-1.05406,0.0232359,0.00352604,0.00335932,0.000166713,0.940373,27.7292,0.0467405,0.00575255,0.144071,44.9255,3.42648
0,15.94,0.785795,-1.01287,0.0134669,0.00363496,0.00342788,0.000207076,0.946946,31.5851,0.0543325,0.00584719,0.144071,29.9371,3.36152
0,9.0761,0.334597,-1.04202,0.0194724,0.00354038,0.00343754,0.000102836,0.886346,13.4504,0.0232003,0.00588093,0.144071,19.8078,3.36749
0,7.04508,0.553089,-0.990122,0.00999336,0.00363312,0.00345201,0.000181108,0.927149,22.2315,0.0385116,0.00588327,0.144071,16.0689,3.30411
0,9.2762,0.313957,-1.05955,0.0243509,0.00352797,0.00343599,9.1977e-05,0.8799,12.6209,0.0217594,0.00589009,0.144071,23.4493,3.3944
0,14.2325,0.452797,-1.03725,0.0182128,0.00358831,0.00345813,0.000130173,0.912902,18.2011,0.0315843,0.00591333,0.144071,24.4749,3.37449
0,37.7194,0.976466,-1.03674,0.0180067,0.00371335,0.00347747,0.000235876,0.956372,39.2461,0.068493,0.0059421,0.144071,50.0475,3.4157
0,13.3129,0.623077,-1.02194,0.0148768,0.00365789,0.00348453,0.000173363,0.934544,25.0441,0.0437936,0.00594751,0.144071,27.0264,3.36478
0,9.86044,0.43092,-1.03177,0.0166559,0.00365845,0.00352764,0.000130814,0.908939,17.3205,0.0306624,0.00602698,0.144071,21.8037,3.36256
0,38.8756,0.728661,-1.06346,0.0249543,0.00370644,0.00352545,0.00018099,0.943145,29.2865,0.0518162,0.00604374,0.144071,53.38,3.44639
0,23.6221,0.995185,-0.998876,0.0108773,0.00381378,0.00354872,0.000265063,0.957049,39.9944,0.0712362,0.00604843,0.144071,31.3377,3.35015
0,35.1103,0.910355,-1.0413,0.0185705,0.00380124,0.00357391,0.000227333,0.953458,36.5858,0.0656266,0.00610965,0.144071,49.6234,3.41975
0,22.5164,0.490071,-1.06307,0.024463,0.00371027,0.00357756,0.000132712,0.918758,19.697,0.0353647,0.00613442,0.144071,36.6707,3.42346
0,21.3917,0.645008,-1.0359,0.0172216,0.00377218,0.00359618,0.000175991,0.936482,25.9226,0.0467877,0.0061463,0.144071,33.3967,3.39084
0,34.4051,0.902106,-1.0377,0.0175799,0.00383445,0.00360564,0.000228808,0.953052,36.253,0.0656092,0.00616212,0.144071,46.969,3.41281
0,38.3388,0.740361,-1.05618,0.0222239,0.00379797,0.00360858,0.000189387,0.943899,29.754,0.0538896,0.00617999,0.144071,49.3475,3.43428
0,21.1588,0.91757,-0.985973,0.00901981,0.00389647,0.00362853,0.000267938,0.953728,36.8722,0.0671576,0.00617999,0.144071,24.5639,3.32342
0,23.1714,0.451279,-1.05994,0.023218,0.00375063,0.00362357,0.000127065,0.912538,18.1371,0.0329842,0.00620875,0.144071,32.6575,3.4136
0,10.3085,0.587715,-1.00193,0.0108957,0.00387262,0.00368258,0.000190038,0.930868,23.6176,0.043656,0.00627993,0.144071,19.7877,3.32734
0,26.8583,0.546124,-1.06197,0.0230395,0.00389729,0.00374557,0.000151719,0.926145,21.9458,0.0412605,0.00642214,0.144071,39.9634,3.42742
0,6.89147,0.542042,-0.988286,0.00891869,0.00397492,0.00377733,0.000197587,0.925598,21.78,0.0412994,0.00643855,0.144071,15.4015,3.29997
0,15.9315,0.378578,-1.05804,0.0214274,0.0039494,0.00383113,0.000118268,0.897727,15.2122,0.0292555,0.00656529,0.144071,27.1712,3.40118
0,7.58402,0.527516,-0.985534,0.0084239,0.00406251,0.00386074,0.000201775,0.923712,21.1945,0.0410801,0.00657993,0.144071,14.4963,3.29393
0,8.06084,0.437286,-1.00674,0.0109394,0.00406141,0.0038987,0.000162704,0.909861,17.5692,0.0343883,0.00665347,0.144071,16.0198,3.32057
0,20.6534,0.829916,-1.01131,0.0115755,0.00415536,0.00390852,0.000246837,0.949169,33.3412,0.0654293,0.00666781,0.144071,30.9029,3.36178
0,26.6443,0.567269,-1.05517,0.0201245,0.00409914,0.00393268,0.000166457,0.928489,22.7909,0.044999,0.00673723,0.144071,37.934,3.41754
0,12.5839,0.346144,-1.06676,0.0233482,0.00403764,0.00392718,0.00011046,0.889346,13.9077,0.0274197,0.00673887,0.144071,28.0454,3.41169
0,12.0966,0.442176,-1.04929,0.0186308,0.0040803,0.00394025,0.000140058,0.910732,17.7654,0.0351434,0.00674749,0.144071,27.951,3.39403
0,20.0624,0.87799,-0.996718,0.00946359,0.00424074,0.00396739,0.000273355,0.951625,35.2695,0.0702618,0.00676192,0.144071,27.0332,3.33957
0,30.4226,0.798302,-1.02907,0.0142812,0.00420827,0.00397547,0.000232796,0.947327,32.0694,0.0640149,0.00678982,0.144071,37.4154,3.39064
0,9.23344,0.49003,-1.01447,0.0116811,0.00420502,0.00403031,0.000174707,0.918437,19.6856,0.039837,0.00688086,0.144071,19.6364,3.33945
0,18.9007,0.854266,-1.00227,0.00995135,0.00431907,0.00405038,0.000268685,0.950368,34.3138,0.0697934,0.00690609,0.144071,28.2831,3.34769
0,23.1917,0.548029,-1.05601,0.0197319,0.00422049,0.0040538,0.000166687,0.926168,22.0152,0.0448117,0.00694567,0.144071,37.1324,3.41713
0,44.8959,0.915923,-1.0519,0.0185823,0.00434238,0.00408451,0.000257871,0.953361,36.7895,0.0754613,0.0069964,0.144071,57.1846,3.4391
0,32.8159,0.805519,-1.06397,0.021586,0.00432917,0.00410005,0.000229118,0.947672,32.3554,0.0666179,0.00703235,0.144071,59.0743,3.45321
0,12.31,0.391585,-1.05853,0.0198521,0.0042907,0.00415929,0.000131411,0.900501,15.7295,0.0328527,0.00713081,0.144071,28.1846,3.40375
0,16.7902,0.375343,-1.06452,0.0213542,0.00429835,0.00417283,0.000125524,0.896735,15.0769,0.0315925,0.0071596,0.144071,29.2994,3.41195
0,11.4113,0.375355,-1.03547,0.0145058,0.00438451,0.00424341,0.000141101,0.896684,15.0761,0.0321279,0.0072574,0.144071,20.1748,3.36195
0,27.5565,0.551463,-1.05994,0.019791,0.00442247,0.0042484,0.000174073,0.92645,22.1486,0.0472571,0.00728385,0.144071,39.2817,3.42437
0,34.6152,0.960665,-1.01673,0.0113063,0.00458543,0.0042878,0.000297624,0.955155,38.5772,0.0830868,0.00731844,0.144071,38.0921,3.37934
0,32.2473,0.98029,-1.03346,0.0139872,0.00458291,0.00428984,0.000293075,0.955958,39.3654,0.0848244,0.00733429,0.144071,48.1505,3.41007
0,29.0546,0.668253,-1.04197,0.0154527,0.00454394,0.00432939,0.000214546,0.93798,26.836,0.058357,0.00740516,0.144071,37.3164,3.40338
0,36.6924,0.857521,-1.03672,0.0144042,0.00460741,0.00434268,0.000264727,0.950349,34.4345,0.0751152,0.00742671,0.144071,44.1807,3.40814
0,15.4144,0.343008,-1.01477,0.0106352,0.462893,0.00239305,0.4605,0.808712,7.43224,0.016557,0.00758764,0.144071,8.45306,3.29428
0,7.37401,0.301953,-1.02484,0.0119609,0.00462666,0.00449169,0.000134978,0.87511,12.125,0.0273573,0.00767814,0.144071,14.5036,3.33326
0,15.6695,0.537318,-1.02932,0.0124034,0.00479098,0.00459039,0.000200588,0.92449,21.5725,0.0497515,0.00784291,0.144071,25.8734,3.36969
0,31.0172,0.938329,-1.0507,0.0162895,0.00488484,0.00458865,0.000296197,0.954007,37.6689,0.086849,0.00785843,0.144071,57.6121,3.43836
0,23.3345,0.461112,-1.06999,0.0208614,0.00473763,0.00457821,0.000159414,0.913571,18.514,0.0425822,0.00786142,0.144071,37.8825,3.43228
0,13.3688,0.274113,-1.0753,0.0222892,0.00468847,0.00458309,0.000105374,0.864345,11.0064,0.0253404,0.00787751,0.144071,25.4846,3.41482
0,23.2827,0.953993,-1.05896,0.0180167,0.0049049,0.00460584,0.000299059,0.954666,38.297,0.0886297,0.00790083,0.144071,65.0876,3.45435
0,14.5054,0.368091,-1.06498,0.0194179,0.00475134,0.00461476,0.000136579,0.894675,14.7789,0.0342633,0.00791991,0.144071,28.9559,3.41173
0,7.87913,0.37509,-1.02577,0.0116409,0.00483076,0.00466947,0.000161286,0.896339,15.0587,0.0353288,0.00798404,0.144071,17.7976,3.34535
0,16.1487,0.314065,-1.07107,0.020518,0.00490075,0.00477895,0.000121795,0.879112,12.6078,0.0302745,0.00810522,0.144071,27.1853,3.41424
0,7.87867,0.470917,-1.00947,0.00925341,0.00497733,0.00477116,0.000206173,0.91501,18.9031,0.0453204,0.0081467,0.144071,17.7512,3.32891
0,28.1981,0.968221,-1.0577,0.0170869,0.00509322,0.00477863,0.000314598,0.955135,38.8608,0.093326,0.00819679,0.144071,64.9518,3.45295
0,24.2077,0.886507,-1.07371,0.020722,0.00512021,0.00482819,0.000292025,0.951469,35.5802,0.0863359,0.00830179,0.144071,73.3252,3.47682
0,6.9048,0.27573,-1.0327,0.012176,0.00500889,0.00487636,0.000132526,0.864822,11.0677,0.0271209,0.00834362,0.144071,14.8193,3.34229
0,32.8719,0.862291,-1.04307,0.0138493,0.00519314,0.00489636,0.000296788,0.950214,34.6057,0.0851632,0.00838063,0.144071,48.18,3.41972
0,16.1439,0.342826,-1.08059,0.022116,0.0050745,0.00494142,0.000133077,0.887766,13.76,0.0341704,0.00849724,0.144071,33.2004,3.43519
0,24.2366,0.81525,-1.07434,0.0203747,0.00522897,0.0049514,0.000277572,0.947649,32.7167,0.0814224,0.00851243,0.144071,68.2501,3.47278
0,25.2755,0.415874,-1.08552,0.0234728,0.00510895,0.00495477,0.000154185,0.905109,16.6914,0.0415633,0.00852989,0.144071,42.0859,3.45404
0,15.3684,0.46896,-1.04045,0.0130296,0.00522643,0.00503426,0.000192169,0.914539,18.8198,0.0476208,0.00861299,0.144071,26.3229,3.38179
0,6.99639,0.387885,-1.01008,0.00870368,0.00530485,0.00511047,0.000194376,0.89903,15.565,0.0399842,0.00872923,0.144071,14.9931,3.3203
0,24.6927,0.687599,-1.03279,0.0115839,0.005401,0.00513528,0.000265715,0.93899,27.5892,0.0712237,0.00878006,0.144071,34.0618,3.38888
0,16.5574,0.529906,-1.04607,0.0137209,0.00534494,0.0051342,0.000210739,0.923198,21.2631,0.0548778,0.0087911,0.144071,31.6661,3.39794
0,50.952,0.960684,-1.048,0.0140559,0.00547616,0.00513696,0.000339196,0.954573,38.5435,0.0995433,0.00879731,0.144071,56.91,3.4349
0,35.6998,0.536821,-1.07959,0.0210219,0.00533427,0.0051348,0.000199471,0.924079,21.5408,0.0556005,0.00882616,0.144071,49.2985,3.45764
0,12.3858,0.374917,-1.05368,0.0149266,0.00536345,0.00520188,0.00016157,0.895962,15.0437,0.0393387,0.00891148,0.144071,25.4573,3.39314
0,17.1705,0.846961,-1.09306,0.0247473,0.00546525,0.00516367,0.000301579,0.949237,33.9812,0.088216,0.00891367,0.144071,90.009,3.50995
0,30.9637,0.696043,-1.08305,0.0217002,0.00544313,0.00519153,0.000251594,0.939619,27.9268,0.0728881,0.00893814,0.144071,65.7077,3.47904
0,11.5044,0.405289,-1.05092,0.0143062,0.00541087,0.00523726,0.000173614,0.902753,16.2616,0.0428148,0.00897301,0.144071,26.357,3.39233
0,25.3349,0.859129,-1.08248,0.0213609,0.00554112,0.00523327,0.000307853,0.949824,34.4668,0.0906894,0.0090146,0.144071,79.6455,3.49107
0,31.6672,0.965597,-1.01238,0.00865597,0.00566817,0.00529551,0.00037266,0.954652,38.7331,0.10314,0.00904012,0.144071,36.188,3.37199
0,34.2391,0.823573,-1.05031,0.0139533,0.0056368,0.00532895,0.000307855,0.947853,33.0371,0.0885255,0.00912884,0.144071,50.6046,3.42995
0,23.943,0.340228,-1.09009,0.023203,0.00545067,0.00531137,0.000139293,0.886791,13.6506,0.0364503,0.00915026,0.144071,37.2516,3.45139
0,49.5275,0.712325,-1.04348,0.0127287,0.00563322,0.00535518,0.000278045,0.940721,28.5746,0.0769445,0.0091665,0.144071,40.3964,3.40956
0,10.9731,0.364632,-1.04001,0.0121095,0.00555429,0.00538222,0.00017207,0.893301,14.6282,0.039586,0.00921551,0.144071,20.8293,3.36826
0,17.4995,0.477376,-1.05409,0.014435,0.00560504,0.00540441,0.000200638,0.915625,19.1502,0.0520395,0.00926254,0.144071,31.8743,3.40634
0,17.2848,0.655113,-1.02859,0.010225,0.00579093,0.00551274,0.000278191,0.936063,26.2754,0.0728465,0.00942433,0.144071,30.8314,3.37893
0,47.9559,0.709122,-1.04679,0.0128353,0.0058234,0.00553871,0.000284693,0.940361,28.4406,0.0792236,0.00948465,0.144071,41.9673,3.41513
0,14.1576,0.333277,-1.06927,0.017095,0.0056827,0.00553271,0.000149988,0.884616,13.3686,0.0371936,0.00950511,0.144071,27.9895,3.41409
0,18.1945,0.218279,-1.09532,0.0238536,0.00561953,0.00551898,0.000100552,0.835355,8.75628,0.0242994,0.00951967,0.144071,27.1307,3.43837
0,14.9081,0.9249768,-1.096711,0.02387526,0.005959124,0.005600376,0.000358748,0.9527143,37.09285,0.1044896,0.009682429,0.1440707,102.5882,3.522758
0,25.1723,0.635929,-1.09964,0.0247751,0.00585675,0.00560729,0.000249455,0.934321,25.5043,0.0719262,0.00968811,0.144071,74.6809,3.50395
0,35.7087,0.621116,-1.08222,0.019529,0.00596152,0.00571094,0.000250575,0.932873,24.9076,0.0715494,0.00982688,0.144071,58.4039,3.47074
0,17.1694,0.919955,-1.08691,0.0206393,0.00608563,0.00572511,0.000360529,0.952406,36.8868,0.106237,0.0098754,0.144071,89.9778,3.50377
0,24.3495,0.808696,-1.07272,0.0170562,0.00611343,0.00579117,0.000322257,0.946697,32.4248,0.0944662,0.00995847,0.144071,66.3098,3.4693
0,38.5229,0.59305,-1.05838,0.013901,0.00618398,0.0059259,0.000258081,0.92994,23.7767,0.0708876,0.0101644,0.144071,41.1775,3.4256
0,15.4258,0.430856,-1.0261,0.00916067,0.00618622,0.00596,0.000226218,0.907325,17.274,0.0517969,0.0101886,0.144071,20.2539,3.3528
0,15.6724,0.95995,-1.08561,0.0196669,0.0062956,0.00590835,0.000387255,0.954006,38.4823,0.114404,0.0101922,0.144071,92.1613,3.50412
0,24.7898,0.7022,-1.09043,0.0206887,0.00626586,0.00597456,0.000291303,0.939556,28.1505,0.0846237,0.0103079,0.144071,72.8288,3.4931
0,13.34397,0.9246006,-1.104809,0.02481302,0.006353562,0.005965895,0.000387667,0.9524392,37.06306,0.1112641,0.01033771,0.1440707,113.7746,3.538346
0,9.36959,0.351431,-1.04254,0.0110932,0.00625212,0.006065,0.000187123,0.889409,14.0887,0.0429929,0.0103916,0.144071,20.8135,3.37075
0,13.9742,0.479356,-1.02949,0.00937248,0.00632638,0.00608154,0.000244844,0.915472,19.2157,0.0588026,0.0104018,0.144071,23.3244,3.36404
0,20.1854,0.855131,-1.09178,0.0207005,0.00642706,0.00606977,0.000357291,0.949039,34.2758,0.104696,0.0104818,0.144071,89.3216,3.50813
0,31.5101,0.696441,-1.03561,0.0100482,0.00645265,0.00613444,0.000318209,0.938997,27.9144,0.0861756,0.0104957,0.144071,35.7355,3.39449
0,23.8992,0.814425,-1.08383,0.0186378,0.00644015,0.00609905,0.000341105,0.946814,32.6438,0.100193,0.0105123,0.144071,76.9952,3.49016
0,26.3607,0.257027,-1.10242,0.0235321,0.00624362,0.00611867,0.000124947,0.855819,10.3042,0.0317221,0.0105706,0.144071,34.1374,3.45863
0,25.6792,0.690465,-1.08481,0.018641,0.00647422,0.00617733,0.000296883,0.93852,27.6743,0.0860336,0.0106433,0.144071,66.6834,3.48175
0,34.7742,0.478081,-1.107,0.0246567,0.00639664,0.00618496,0.000211682,0.91523,19.1633,0.0596435,0.0107009,0.144071,62.9694,3.50028
0,34.3376,0.48875,-1.08971,0.0196974,0.00644723,0.00622657,0.000220661,0.916815,19.5899,0.0613848,0.0107263,0.144071,51.4574,3.47037
0,37.531,0.586793,-1.05946,0.0133429,0.00653029,0.0062605,0.00026979,0.929061,23.5177,0.0741002,0.0107371,0.144071,41.3354,3.42691
0,13.2933,0.262259,-1.08824,0.0191543,0.00641752,0.00628146,0.00013606,0.858121,10.5121,0.0332289,0.0108245,0.144071,28.9504,3.43498
0,15.8482,0.950882,-1.08659,0.0186721,0.00671057,0.00630101,0.000409562,0.953354,38.1028,0.120854,0.0108713,0.144071,92.4732,3.50534
0,14.49168,0.8670552,-1.101787,0.02261223,0.006684512,0.00630364,0.000380872,0.9494827,34.74474,0.1102461,0.01091192,0.1440707,102.9162,3.528061
0,34.0199,0.651255,-1.05761,0.0126358,0.00675564,0.00645221,0.000303428,0.935106,26.0953,0.0847588,0.0110712,0.144071,44.4972,3.42945
0,25.382,0.673425,-1.08715,0.0184602,0.00672641,0.00642477,0.000301641,0.936996,26.9844,0.0872714,0.0110754,0.144071,67.1132,3.4845
0,10.3407,0.231397,-1.07482,0.0157232,0.0065831,0.00645249,0.000130604,0.842489,9.27353,0.0301169,0.0110984,0.144071,21.8938,3.40583
0,22.421,0.787636,-1.0875,0.0184829,0.0067898,0.00644061,0.00034919,0.945008,31.5589,0.102324,0.0111114,0.144071,78.1742,3.49484
0,29.8063,0.727754,-1.08085,0.0169478,0.0067861,0.00646015,0.000325951,0.941086,29.1597,0.0948315,0.0111252,0.144071,66.5908,3.4777
0,32.0913,0.821321,-1.03596,0.00951478,0.00688923,0.00650584,0.00038339,0.946913,32.9053,0.107781,0.0111336,0.144071,41.9593,3.4043
0,13.80903,0.7710402,-1.109915,0.02442554,0.006815145,0.006464697,0.000350448,0.9439607,30.89316,0.1005427,0.01121363,0.1440707,102.173,3.535673
0,30.1093,0.672499,-1.07504,0.0155595,0.00684756,0.00653827,0.000309295,0.936841,26.944,0.088691,0.0112472,0.144071,57.3686,3.46244
0,32.1661,0.808085,-1.0373,0.00947842,0.00702824,0.00664281,0.000385428,0.946067,32.3705,0.108276,0.0113701,0.144071,42.0307,3.40574
0,25.534,0.336152,-1.1072,0.0232145,0.00675082,0.00658462,0.000166203,0.884796,13.4694,0.0446469,0.011394,0.144071,45.8964,3.48091
0,25.4836,0.336955,-1.10717,0.0229158,0.00683641,0.00666777,0.000168637,0.884977,13.5005,0.0453188,0.0115384,0.144071,45.9764,3.48099
0,14.5969,0.298272,-1.05782,0.0121499,0.00690261,0.00672815,0.000174462,0.872381,11.9498,0.0404793,0.0115453,0.144071,21.9013,3.38885
0,32.8966,0.805661,-1.03791,0.00939907,0.0071408,0.00675056,0.000390245,0.945853,32.2697,0.109703,0.0115559,0.144071,42.2373,3.40664
0,19.1702,0.837445,-1.08678,0.0173305,0.0071947,0.0068039,0.000390794,0.947602,33.541,0.114932,0.0117408,0.144071,82.0908,3.49739
0,27.215,0.388671,-1.0777,0.0154096,0.00703575,0.00683145,0.000204301,0.898115,15.5693,0.0535575,0.0117506,0.144071,35.7791,3.43664
0,13.48814,0.855249,-1.107933,0.02258869,0.007224156,0.006814014,0.000410142,0.9485249,34.25303,0.1175495,0.01182067,0.1440707,109.9058,3.538941
0,20.2634,0.20916,-1.09895,0.0194612,0.00720484,0.00708141,0.000123424,0.828562,8.37711,0.0298761,0.0122247,0.144071,27.4167,3.44259
0,8.85594,0.242154,-1.06777,0.0130361,0.00726375,0.00711137,0.000152377,0.84787,9.69798,0.0347353,0.0122281,0.144071,20.7824,3.3959
0,30.2267,0.929422,-1.06571,0.0126766,0.00757156,0.00712189,0.000449667,0.951862,37.2107,0.133516,0.0122452,0.144071,69.1675,3.46501
0,40.4515,0.841912,-1.03807,0.00887005,0.00759443,0.0071656,0.00042883,0.947583,33.7063,0.121687,0.0122715,0.144071,44.1322,3.40943
0,33.6317,0.462077,-1.10502,0.0208173,0.00737992,0.00714247,0.00023745,0.912048,18.5035,0.0665715,0.0123554,0.144071,59.4776,3.49469
0,11.88723,0.7480714,-1.115075,0.02347202,0.007555071,0.00717495,0.000380121,0.9419834,29.95054,0.1082648,0.01246879,0.1440707,106.0654,3.54351
0,34.8889,0.478598,-1.07042,0.0131501,0.00755661,0.00729535,0.000261262,0.91457,19.1616,0.0704275,0.0125411,0.144071,39.3837,3.435
0,44.7695,0.521091,-1.09474,0.0178972,0.0075724,0.00730046,0.000271937,0.920625,20.8626,0.0767342,0.0125936,0.144071,58.2182,3.48306
0,28.8154,0.58438,-1.09968,0.0188782,0.00766119,0.00735862,0.000302575,0.928077,23.3943,0.0867394,0.0127214,0.144071,69.0014,3.49883
0,21.5783,0.533951,-1.11742,0.0236011,0.00763306,0.00735448,0.000278583,0.922246,21.3761,0.0792098,0.0127802,0.144071,79.687,3.52604
0,39.8786,0.818798,-1.05855,0.0110135,0.00791339,0.00748742,0.000425963,0.946103,32.7704,0.123662,0.0128564,0.144071,55.9018,3.44433
0,16.2935,0.333802,-1.06889,0.0125466,0.00770615,0.00750217,0.000203975,0.883507,13.3624,0.0505128,0.0128884,0.144071,27.8765,3.41348
0,21.9755,0.52249,-1.12208,0.0247327,0.0077176,0.00744085,0.000276751,0.920717,20.9155,0.0784199,0.0129466,0.144071,82.9102,3.53336
0,17.9823,0.855849,-1.0907,0.0164397,0.00797827,0.00753519,0.000443074,0.948066,34.251,0.130082,0.0130166,0.144071,88.1177,3.50612
0,33.539,0.346423,-1.12125,0.0241077,0.00775597,0.00756283,0.000193145,0.887093,13.8669,0.0528465,0.0131421,0.144071,56.4509,3.50764
0,16.1215,0.715866,-1.10956,0.0207285,0.00795907,0.00757859,0.000380484,0.939472,28.6494,0.109432,0.0131527,0.144071,94.7662,3.53001
0,15.3008,0.231728,-1.10315,0.0190522,0.00775642,0.00761386,0.000142563,0.841961,9.27581,0.0355884,0.013179,0.144071,31.5299,3.45477
0,16.0268,0.249278,-1.09026,0.016074,0.00783168,0.0076746,0.000157085,0.851124,9.97758,0.0385892,0.0132381,0.144071,28.4327,3.43597
0,15.6804,0.6189084,-1.125114,0.02494264,0.007997359,0.0076587,0.000338659,0.9313483,24.76819,0.09561071,0.01334843,0.1440707,100.9234,3.549996
0,20.3773,0.207583,-1.12425,0.0246326,0.128757,0.00673569,0.122021,0.807635,7.29604,0.0282033,0.0133668,0.144071,33.9037,3.48007
0,33.9733,0.682293,-1.06605,0.0115291,0.00824838,0.00786836,0.00038002,0.936727,27.2979,0.108288,0.0135232,0.144071,51.7879,3.44711
0,53.1501,0.555762,-1.07085,0.0121045,0.0082852,0.00796341,0.000321781,0.924478,22.2347,0.0892717,0.0136995,0.144071,45.4592,3.44398
0,27.0596,0.825648,-1.06749,0.0115839,0.00842458,0.00797191,0.000452668,0.946155,33.0275,0.132765,0.0137104,0.144071,63.1909,3.46098
0,36.892,0.839039,-1.04287,0.0083909,0.00852319,0.008047,0.000476194,0.946823,33.5598,0.136189,0.0137965,0.144071,46.77,3.41772
0,12.55697,0.9134172,-1.106353,0.01890994,0.008485347,0.007973099,0.000512248,0.9505398,36.53621,0.1468999,0.0138365,0.1440707,114.6323,3.540442
0,21.075,0.854885,-1.08193,0.0137587,0.00852756,0.00805693,0.00047063,0.947658,34.1935,0.138932,0.0138961,0.144071,78.6317,3.48966
0,32.8822,0.351915,-1.10664,0.0188698,0.0082573,0.00804604,0.000211262,0.88828,14.0797,0.0571144,0.0139178,0.144071,47.448,3.48236
0,18.088,0.938835,-1.08294,0.0138499,0.00862101,0.0081032,0.000517808,0.951588,37.5478,0.153451,0.0139849,0.144071,87.1124,3.49758
0,12.39485,0.8055714,-1.118489,0.02177371,0.008533753,0.008068201,0.000465551,0.944938,32.22086,0.131101,0.01404374,0.1440707,118.8465,3.555251
0,36.9987,0.36836,-1.12805,0.0245183,0.00831708,0.0080996,0.000217476,0.892499,14.7367,0.0601813,0.0141011,0.144071,65.0689,3.52342
0,52.237,0.4955,-1.08951,0.0149219,0.00848537,0.00819176,0.000293609,0.916503,19.8197,0.0818739,0.014124,0.144071,51.9497,3.47076
0,51.9046,0.486611,-1.09333,0.0156659,0.00847747,0.00818952,0.000287957,0.915199,19.4643,0.0803832,0.0141297,0.144071,53.6598,3.47658
0,12.5316,0.9791583,-1.105549,0.01831798,0.008704771,0.008142546,0.000562225,0.9532136,39.15715,0.1608194,0.01413689,0.1440707,121.2522,3.543808
0,26.0437,0.9065,-1.06282,0.0104648,0.00882886,0.00831496,0.000513899,0.95,36.247,0.152038,0.0142938,0.144071,65.0524,3.45817
0,25.2278,0.488603,-1.10715,0.0183961,0.00858417,0.00829497,0.000289203,0.915429,19.5419,0.0817516,0.0143699,0.144071,64.3222,3.50178
0,20.4348,0.283709,-1.12437,0.0228658,0.00845882,0.00828157,0.000177251,0.865918,11.3485,0.0473927,0.0144215,0.144071,49.2605,3.50236
0,14.53271,0.7792857,-1.109816,0.01854641,0.008958415,0.008493659,0.000464756,0.9430839,31.15615,0.1335109,0.01474939,0.1440707,103.0065,3.536153
0,17.5089,0.284112,-1.08789,0.0139551,0.00877389,0.00857824,0.000195654,0.865882,11.361,0.04916,0.0147917,0.144071,30.8707,3.43831
0,13.5577,0.6940564,-1.118159,0.02042984,0.008986443,0.008564885,0.000421558,0.9371699,27.74786,0.1199062,0.01490431,0.1440707,102.7603,3.544325
0,19.83,0.812329,-1.09138,0.0143001,0.00921952,0.00873165,0.00048787,0.944885,32.4687,0.143072,0.0150952,0.144071,84.5476,3.50398
0,29.8864,0.457876,-1.0636,0.00989918,0.00919222,0.00888079,0.000311428,0.910196,18.3017,0.0820209,0.0152626,0.144071,34.6276,3.42065
0,14.9116,0.592279,-1.12484,0.0216187,0.00917469,0.00880302,0.000371672,0.927933,23.6744,0.105168,0.0153466,0.144071,96.481,3.54655
0,12.1462,0.8812141,-1.123099,0.02107817,0.009386568,0.008817807,0.000568761,0.9484228,35.21606,0.1567354,0.01539227,0.1440707,137.313,3.570869
0,26.1261,0.787639,-1.07981,0.0119895,0.00948512,0.00899822,0.000486909,0.943256,31.4734,0.142958,0.0155181,0.144071,70.7604,3.48059
0,28.9206,0.991111,-1.06059,0.00930027,0.00969645,0.00908815,0.000608303,0.953043,39.5955,0.181687,0.0156287,0.144071,68.8318,3.45957
0,16.8114,0.688726,-1.11332,0.0182544,0.00945625,0.00901912,0.000437138,0.936452,27.5217,0.125296,0.0156758,0.144071,95.8573,3.53458
0,23.2413,0.380385,-1.06417,0.00966019,0.00944252,0.00916414,0.000278378,0.894691,15.2005,0.0703138,0.015754,0.144071,29.4713,3.41192
0,18.532,0.628109,-1.10914,0.0171797,0.00949437,0.00909394,0.00040043,0.931252,25.0985,0.115216,0.0157851,0.144071,83.3063,3.52074
0,22.218,0.286548,-1.09537,0.0143145,0.00939538,0.00918798,0.000207395,0.866448,11.4512,0.0531058,0.0158728,0.144071,34.2274,3.45174
0,12.34951,0.6291778,-1.133329,0.02318672,0.009537992,0.009121406,0.000416586,0.931321,25.14006,0.1157605,0.01595739,0.1440707,113.8428,3.56691
0,15.5784,0.564489,-1.12703,0.0213389,0.00953339,0.00916393,0.000369463,0.924681,22.5554,0.104343,0.015992,0.144071,94.879,3.54757
0,12.72,0.6320508,-1.132423,0.02284327,0.00957041,0.009151393,0.000419016,0.9315657,25.25403,0.1166714,0.01601,0.1440707,113.0067,3.565463
0,35.0603,0.682752,-1.06868,0.0100018,0.00982024,0.0093692,0.000451041,0.935745,27.273,0.12903,0.0161243,0.144071,53.5759,3.45183
0,12.24158,0.8322318,-1.123042,0.02000536,0.009843909,0.009282824,0.000561085,0.9455881,33.24322,0.1558295,0.0162057,0.1440707,129.913,3.566528
0,15.5487,0.589717,-1.12598,0.0207673,0.00968459,0.00929342,0.00039117,0.927337,23.5598,0.110546,0.0162112,0.144071,97.4917,3.54842
0,11.8051,0.7045576,-1.115987,0.01813179,0.009851993,0.009384904,0.00046709,0.9374076,28.14309,0.1333741,0.01633125,0.1440707,101.3306,3.541156
0,15.9362,0.332549,-1.1408,0.0247738,0.00962241,0.00939318,0.000229231,0.881936,13.2865,0.0630076,0.0164388,0.144071,69.9319,3.54081
0,16.429,0.700956,-1.11221,0.0171094,0.00995258,0.00948553,0.000467043,0.937072,27.9964,0.134115,0.016488,0.144071,96.0658,3.53362
0,11.99722,0.967496,-1.109863,0.01658006,0.01014377,0.009490614,0.000653155,0.9517977,38.6346,0.1852118,0.01650869,0.1440707,126.6391,3.551402
0,26.4678,0.775626,-1.08073,0.0113946,0.0100873,0.00957659,0.000510746,0.942124,30.9745,0.149826,0.0165218,0.144071,70.5489,3.48131
0,12.63804,0.6928501,-1.121691,0.01920963,0.009984453,0.009514415,0.000470038,0.9364294,27.67174,0.1329678,0.01658669,0.1440707,107.3193,3.550973
0,11.27801,0.7682718,-1.124574,0.01990455,0.01004082,0.009512413,0.000528404,0.9416861,30.68226,0.1474113,0.01661151,0.1440707,122.7949,3.563782
0,16.0426,0.8904282,-1.134571,0.02260304,0.01012936,0.00948336,0.000645998,0.9483831,35.55761,0.1703281,0.01663265,0.1440707,160.6624,3.594944
0,36.1306,0.481503,-1.0787,0.0108892,0.0101267,0.00978017,0.000346543,0.913374,19.228,0.0949884,0.0168453,0.144071,44.0146,3.4499
0,31.671,0.431101,-1.09412,0.0132269,0.0100922,0.0097829,0.000309332,0.904889,17.2159,0.0850691,0.0169049,0.144071,48.489,3.47116
0,12.05743,0.625206,-1.138217,0.02329661,0.01008623,0.009643976,0.000442254,0.9305957,24.96753,0.1216198,0.01691121,0.1440707,120.4813,3.575999
0,23.7429,0.441985,-1.11297,0.0167936,0.0100821,0.00977179,0.000310334,0.906883,17.6507,0.0871177,0.0169623,0.144071,63.194,3.50647
0,30.4755,0.477981,-1.06156,0.00861129,0.0103047,0.00994269,0.000362007,0.91272,19.0839,0.0958604,0.0170917,0.144071,35.0767,3.41936
0,16.368,0.563921,-1.12846,0.0196366,0.0105438,0.0101351,0.000408768,0.923966,22.5097,0.115284,0.0176993,0.144071,96.5106,3.55019
0,25.6623,0.407426,-1.12336,0.0182874,0.0105256,0.0102249,0.000300673,0.899961,16.2633,0.0840297,0.0178002,0.144071,67.05,3.52065
0,10.85791,0.6284444,-1.140939,0.02277608,0.01067453,0.01020071,0.000473815,0.9305177,25.08195,0.1293072,0.01791326,0.1440707,125.351,3.581703
0,50.4653,0.445685,-1.08846,0.011607,0.0107203,0.0103802,0.000340039,0.907131,17.787,0.0933168,0.0179147,0.144071,46.4728,3.46293
0,23.197,0.416911,-1.11828,0.0169946,0.0106317,0.0103214,0.000310279,0.901815,16.6401,0.0867976,0.017944,0.144071,64.1368,3.51272
0,13.23415,0.809427,-1.122861,0.01799856,0.0108961,0.01029347,0.000602635,0.9436214,32.29794,0.1680601,0.01797091,0.1440707,126.1892,3.56413
0,12.96597,0.7819432,-1.117138,0.0165707,0.01098375,0.01040537,0.000578374,0.9419288,31.19851,0.1641187,0.01813586,0.1440707,113.4572,3.550469
0,19.98917,0.9444097,-1.144646,0.023496,0.01112313,0.01032694,0.000796191,0.9501805,37.67539,0.196724,0.01821132,0.1440707,193.3857,3.620899
0,21.0889,0.24717,-1.09565,0.0124002,0.0108474,0.0106343,0.000213108,0.848231,9.86312,0.0530189,0.0183889,0.144071,30.2219,3.44484
0,19.3623,0.576158,-1.11799,0.0165022,0.011007,0.0105764,0.00043063,0.925034,22.9874,0.122915,0.0184108,0.144071,86.0564,3.53179
0,22.7958,0.314133,-1.09689,0.0125806,0.0109084,0.0106506,0.00025788,0.875361,12.5344,0.0674855,0.018417,0.144071,37.8159,3.45908
0,28.7962,0.868971,-1.06715,0.00849301,0.0114488,0.0108079,0.000640907,0.946473,34.6545,0.18944,0.0186187,0.144071,65.9932,3.46342
0,15.4135,0.272739,-1.14609,0.0233057,0.0108724,0.0106549,0.000217462,0.859953,10.8831,0.0586168,0.0187044,0.144071,62.8815,3.53928
0,30.6027,0.522302,-1.09921,0.0126964,0.0112654,0.0108624,0.000403024,0.918417,20.8332,0.114438,0.0188017,0.144071,61.7209,3.49121
0,16.1574,0.265268,-1.12135,0.0167145,0.0111346,0.0109133,0.00022127,0.856564,10.5822,0.0583938,0.0189798,0.144071,44.6725,3.49343
0,21.36377,0.9717233,-1.144409,0.02226261,0.01172665,0.01085948,0.000867175,0.9509247,38.74136,0.2128515,0.01916164,0.1440707,198.0956,3.622812
0,23.7983,0.382204,-1.1208,0.0162808,0.0114279,0.011119,0.000308882,0.893861,15.2426,0.0857205,0.0193472,0.144071,61.2239,3.51229
0,20.1796,0.203248,-1.10241,0.0128424,0.0116212,0.0111709,0.000450307,0.822008,8.10411,0.0457974,0.0193671,0.144071,27.9497,3.44715
0,12.72096,0.6559364,-1.131261,0.01858095,0.01160189,0.01107612,0.000525772,0.9323733,26.15464,0.1465462,0.0193908,0.1440707,115.202,3.565715
0,17.3744,0.900884,-1.08995,0.0108602,0.0119665,0.011272,0.000694485,0.947685,35.9084,0.20483,0.019516,0.144071,91.5374,3.508
0,10.89662,0.4798604,-1.149665,0.02333497,0.01149986,0.01110733,0.000392539,0.9122439,19.13581,0.1075102,0.01955791,0.1440707,109.1196,3.580151
0,20.0601,0.312655,-1.1304,0.0177946,0.0117422,0.0114761,0.000266087,0.874351,12.4649,0.0723742,0.0200242,0.144071,57.9009,3.51838
0,12.45364,0.6692056,-1.125117,0.01650817,0.01209818,0.01154559,0.000552586,0.9331687,26.67034,0.1558479,0.02016937,0.1440707,108.4668,3.555168
0,41.8532,0.9987359,-1.154272,0.02399709,0.01237985,0.01137301,0.001006842,0.9515605,39.792,0.2291137,0.02017766,0.1440707,230.7948,3.646875
0,24.9498,0.441477,-1.12807,0.0168311,0.0121433,0.0117707,0.000372677,0.905481,17.5937,0.104818,0.0205479,0.144071,76.594,3.53406
0,11.40873,0.6218007,-1.142655,0.02015554,0.01230505,0.01176323,0.000541817,0.9288397,24.77589,0.1475377,0.02069346,0.1440707,126.81,3.584297
0,13.20986,0.9955794,-1.097164,0.01118974,0.01279197,0.01196806,0.000823912,0.9511834,39.64969,0.2403393,0.02077948,0.1440707,110.4759,3.528548
0,14.31587,0.9311475,-1.116809,0.01437202,0.0127299,0.01192896,0.000800937,0.9485577,37.08597,0.2240507,0.02082216,0.1440707,133.3604,3.56231
0,21.7535,0.472369,-1.12796,0.016563,0.0123436,0.0119404,0.000403192,0.910541,18.821,0.11377,0.0208506,0.144071,81.3652,3.53798
0,9.20488,0.428179,-1.14938,0.0217962,0.0122166,0.0118455,0.000371136,0.902989,17.0625,0.102307,0.0208625,0.144071,97.9365,3.57214
0,11.1656,0.6149088,-1.1387,0.01893067,0.01246343,0.01192653,0.000536893,0.9280779,24.49735,0.1479279,0.02094113,0.1440707,119.2719,3.575729
0,12.8319,0.370758,-1.13208,0.0173789,0.0123106,0.0119879,0.000322732,0.890573,14.7729,0.0896514,0.0209513,0.144071,68.8442,3.53108
0,12.62919,0.6375722,-1.159294,0.02463539,0.01240787,0.0118122,0.000595671,0.9302316,25.40166,0.1519097,0.02096469,0.1440707,160.752,3.619713
0,12.74612,0.7065869,-1.150649,0.02196408,0.01256044,0.01190527,0.00065517,0.9357971,28.14694,0.1696797,0.02104294,0.1440707,158.4552,3.609882
0,13.80084,0.884985,-1.103592,0.01191815,0.01294152,0.01219035,0.000751172,0.9462857,35.23984,0.2176092,0.02118881,0.1440707,107.1925,3.532788
0,14.46517,0.8504119,-1.140826,0.01921644,0.01282987,0.01203475,0.000795118,0.9446084,33.86698,0.2064389,0.02120059,0.1440707,166.488,3.60416
0,11.45047,0.7352374,-1.126308,0.01581134,0.01286898,0.0122205,0.000648486,0.937655,29.27909,0.1812348,0.02138302,0.1440707,120.3344,3.563999
0,17.2718,0.305866,-1.13807,0.0183633,0.0125128,0.0122355,0.000277252,0.871573,12.1848,0.0754881,0.0214138,0.144071,62.6607,3.53103
0,8.562546,0.4279779,-1.158728,0.02383806,0.01254916,0.01216177,0.000387388,0.9027393,17.04873,0.1049889,0.02150896,0.1440707,110.3716,3.590044
0,12.1781,0.479511,-1.13779,0.0181987,0.012705,0.0122803,0.000424744,0.91142,19.0986,0.118777,0.021531,0.144071,93.5888,3.55737
0,11.3969,0.342174,-1.15208,0.0216916,0.0126284,0.0123186,0.000309779,0.882847,13.6296,0.0850223,0.0217022,0.144071,82.8382,3.5633
0,25.6387,0.366048,-1.10972,0.0125138,0.012918,0.0125784,0.00033958,0.889021,14.5763,0.0928729,0.0218323,0.144071,51.0575,3.4899
0,21.0409,0.359471,-1.10623,0.0119453,0.0129442,0.0126079,0.000336316,0.887329,14.314,0.0914179,0.0218704,0.144071,48.036,3.4827
0,13.5777,0.6251159,-1.152199,0.02144192,0.01303204,0.01243757,0.000594467,0.9286811,24.88965,0.1568272,0.02198884,0.1440707,144.0308,3.603727
0,11.5578,0.32578,-1.15993,0.0236056,0.0127743,0.0124731,0.000301192,0.877911,12.9747,0.0819643,0.0220573,0.144071,87.71,3.57503
0,15.43722,0.9712287,-1.12248,0.0145879,0.01351383,0.01260926,0.000904572,0.9497385,38.65162,0.2470224,0.0220643,0.1440707,149.3083,3.576883
0,13.28953,0.9711023,-1.112566,0.01278193,0.01359178,0.01270911,0.000882671,0.949684,38.64353,0.2489461,0.02217085,0.1440707,131.4358,3.556947
0,13.8492,0.564944,-1.12157,0.014313,0.0132474,0.0127379,0.000509514,0.922341,22.4889,0.145154,0.0222258,0.144071,88.4102,3.53722
0,15.21949,0.8951107,-1.135106,0.01703057,0.01350988,0.01264357,0.000866315,0.9463948,35.62252,0.2282819,0.02222713,0.1440707,162.4061,3.596372
0,19.14728,0.8786321,-1.140142,0.01790722,0.01367433,0.01279737,0.000876962,0.9454894,34.9609,0.2268052,0.0225518,0.1440707,170.2052,3.605333
0,11.51182,0.6566098,-1.146725,0.01929717,0.01354949,0.01290899,0.000640505,0.9311668,26.1299,0.1709719,0.02277403,0.1440707,140.5663,3.59633
0,44.89355,0.8943691,-1.165892,0.02457916,0.01385705,0.01279723,0.00105982,0.9461186,35.58048,0.230865,0.02287102,0.1440707,240.9662,3.662687
0,8.667114,0.5126211,-1.158554,0.02191302,0.0136821,0.01317115,0.000510948,0.9155711,20.39711,0.13619,0.02334621,0.1440707,129.907,3.602037
0,17.0115,0.306251,-1.14745,0.0189415,0.0136163,0.0133147,0.000301515,0.871018,12.1865,0.08225,0.0234175,0.144071,70.7365,3.54821
0,16.66543,0.6453251,-1.16863,0.02486104,0.01381439,0.0131104,0.000703992,0.9300097,25.67393,0.1706552,0.02342097,0.1440707,183.2173,3.640132
0,28.5927,0.604531,-1.09814,0.0100216,0.0141181,0.0135457,0.000572363,0.925991,24.0436,0.165176,0.023493,0.144071,69.6795,3.49792
0,23.77851,0.7964276,-1.156402,0.02112967,0.0141371,0.01326244,0.000874657,0.9407391,31.6751,0.2130566,0.02355176,0.1440707,190.9863,3.631548
0,8.830624,0.4747309,-1.169896,0.02484755,0.01384952,0.013357,0.000492511,0.9099458,18.88625,0.1279033,0.02381789,0.1440707,140.0086,3.619188
0,34.86853,0.9442054,-1.147296,0.01805228,0.01496213,0.01387747,0.001084655,0.9476526,37.52101,0.2643029,0.02452344,0.1440707,199.7911,3.626466
0,27.143,0.371448,-1.11032,0.0111019,0.0146664,0.0142766,0.000389808,0.889254,14.7651,0.106967,0.0248005,0.144071,52.1079,3.49176
0,12.8188,0.359873,-1.15377,0.0191369,0.0146078,0.0142316,0.000376122,0.886388,14.3058,0.103307,0.0251392,0.144071,88.501,3.56949
0,12.49481,0.7441009,-1.134628,0.01485275,0.01520461,0.01441236,0.000792252,0.9367382,29.56194,0.2163177,0.02533038,0.1440707,135.3321,3.581266
0,11.72998,0.5730297,-1.165533,0.02159539,0.01518839,0.01452916,0.000659231,0.9219895,22.76593,0.1679356,0.02591116,0.1440707,157.487,3.624263
0,56.68074,0.9373386,-1.175822,0.02417738,0.01610629,0.01467871,0.001427582,0.9465803,37.20488,0.2775297,0.02641407,0.1440707,286.1042,3.690204
0,15.88652,0.6932172,-1.14248,0.01567449,0.01583485,0.01505258,0.000782269,0.9326564,27.52279,0.2104773,0.02654945,0.1440707,139.9771,3.591754
0,33.59789,0.7093808,-1.169088,0.02180972,0.015925,0.01500782,0.000917179,0.9338058,28.16195,0.2147446,0.02685537,0.1440707,201.3376,3.648955
0,38.08869,0.9363716,-1.151879,0.01739119,0.01641366,0.01520579,0.001207868,0.9463555,37.15488,0.2871986,0.02699938,0.1440707,210.1271,3.635649
0,16.21108,0.7404698,-1.123994,0.01208006,0.01633738,0.01551434,0.000823036,0.9357559,29.38385,0.2317213,0.02716795,0.1440707,117.4653,3.559888
0,19.8774,0.629796,-1.10866,0.00988993,0.0163361,0.0156485,0.000687677,0.926982,24.992,0.198791,0.027253,0.144071,82.8277,3.51988
0,10.6137,0.5841524,-1.155442,0.01801343,0.01606867,0.01538324,0.000685434,0.9226264,23.18708,0.1812588,0.02728744,0.1440707,140.8046,3.60518
0,33.2145,0.411189,-1.09767,0.00856885,0.0162259,0.015751,0.000474945,0.897111,16.319,0.13064,0.0273106,0.144071,48.5219,3.47474
0,15.3886,0.7007581,-1.148513,0.01641427,0.01630994,0.0154767,0.000833236,0.9329224,27.80876,0.2187619,0.02739585,0.1440707,152.7846,3.604773
0,47.49438,0.7218401,-1.174806,0.02281291,0.01637398,0.01537221,0.001001768,0.9344173,28.64351,0.2238219,0.02763105,0.1440707,220.2423,3.662955
0,11.17301,0.4680285,-1.174993,0.02279984,0.01603921,0.01546838,0.000570834,0.9074848,18.57827,0.14603,0.02771356,0.1440707,147.4441,3.628388
0,49.48985,0.7068246,-1.178316,0.02364436,0.01648519,0.01547963,0.001005562,0.9332508,28.0445,0.2206975,0.0278889,0.1440707,225.8632,3.668852
0,10.81413,0.531,-1.159165,0.01846958,0.01635462,0.01571963,0.000634997,0.9162655,21.07115,0.1683689,0.02791704,0.1440707,135.1546,3.605701
0,16.08001,0.8721471,-1.132971,0.01306901,0.01706047,0.01600956,0.001050903,0.9429513,34.58372,0.28164,0.02818147,0.1440707,153.9664,3.589857
0,48.25502,0.8447282,-1.181675,0.02426947,0.01711382,0.01573111,0.001382713,0.9414737,33.49465,0.2680411,0.02836865,0.1440707,279.1923,3.693459
0,43.19194,0.8089092,-1.166177,0.01971349,0.01715007,0.01600165,0.001148418,0.9394912,32.07319,0.2610897,0.02862047,0.1440707,219.5467,3.654029
0,13.37004,0.8173084,-1.106795,0.009178761,0.01737785,0.01644256,0.000935287,0.939841,32.39871,0.2710694,0.02866825,0.1440707,103.3941,3.533401
0,23.2486,0.374495,-1.14075,0.0141843,0.0167616,0.0163177,0.000443882,0.888672,14.8546,0.123263,0.0286932,0.144071,77.543,3.54755
0,11.1622,0.432566,-1.14495,0.014938,0.0168274,0.0163155,0.000511865,0.900875,17.1568,0.142357,0.0287572,0.144071,93.2499,3.56428
0,49.00972,0.9988718,-1.169842,0.02044565,0.01771648,0.01609618,0.0016203,0.9480365,39.58237,0.324308,0.02892583,0.1440707,281.4498,3.682477
0,12.52296,0.6316127,-1.147945,0.01539327,0.01717581,0.01639695,0.000778861,0.9266003,25.04274,0.2089003,0.02900055,0.1440707,137.5194,3.595832
0,32.0973,0.212245,-1.11199,0.00967074,0.0150938,0.0148077,0.000286183,0.82494,8.4331,0.0633941,0.0290864,0.144071,32.7757,3.46585
0,48.60965,0.9974139,-1.160808,0.01796576,0.01793671,0.0164164,0.001520311,0.9478449,39.51573,0.3302772,0.0293119,0.1440707,250.2416,3.661344
0,36.6367,0.231696,-1.11642,0.0100741,0.0177826,0.0169532,0.000829327,0.836079,9.18082,0.0792312,0.029556,0.144071,37.2668,3.47775
0,13.37691,0.7702671,-1.119743,0.01046302,0.01790314,0.01697366,0.000929479,0.9366882,30.51763,0.2637195,0.02969994,0.1440707,115.4,3.554324
0,15.15494,0.9771302,-1.114985,0.009806328,0.01822259,0.01702747,0.001195121,0.9468853,38.70086,0.3356044,0.02981029,0.1440707,136.1862,3.562113
0,34.26703,0.5563956,-1.18563,0.02417443,0.01737942,0.01657099,0.000808429,0.9186832,22.05589,0.1859762,0.02996437,0.1440707,198.2246,3.664092
0,16.381,0.456492,-1.1273,0.0114104,0.0176959,0.0171375,0.000558442,0.904537,18.0898,0.1578,0.0300081,0.144071,78.0526,3.53453
0,18.5438,0.371775,-1.1477,0.0147377,0.017581,0.0171168,0.000464215,0.887495,14.7344,0.128359,0.0301951,0.144071,84.2111,3.56003
0,14.72342,0.5721096,-1.164345,0.01811211,0.01781827,0.01705153,0.000766734,0.9201902,22.66868,0.1967741,0.03042652,0.1440707,154.7416,3.621639
0,15.60811,0.3811513,-1.163544,0.01792309,0.01759052,0.01710524,0.000485279,0.8897216,15.10585,0.1315079,0.0304328,0.1440707,105.556,3.591632
0,51.43363,0.8826935,-1.182762,0.02292073,0.01845833,0.01685403,0.001604301,0.9425128,34.95215,0.3000812,0.03046011,0.1440707,295.1099,3.700485
0,29.73082,0.5664887,-1.179035,0.02181269,0.01774288,0.01693207,0.000810802,0.9196077,22.44769,0.1934757,0.03051131,0.1440707,185.1725,3.651463
0,14.47687,0.4226005,-1.154267,0.01578142,0.01786393,0.01732585,0.000538082,0.8983302,16.74391,0.1476896,0.03068013,0.1440707,102.8635,3.580505
0,10.88288,0.5333841,-1.156928,0.01632919,0.01796737,0.01727217,0.000695201,0.9155288,21.13105,0.1858284,0.03068177,0.1440707,131.8049,3.601524
0,13.89867,0.771816,-1.128355,0.01123989,0.01856205,0.0175767,0.000985351,0.9363538,30.55848,0.2736379,0.03088112,0.1440707,129.1172,3.571371
0,13.38454,0.559311,-1.16451,0.0178557,0.01808883,0.01733044,0.000758385,0.9185712,22.15546,0.1955187,0.03092892,0.1440707,151.8262,3.62026
0,25.9992,0.229232,-1.15258,0.0153158,0.017844,0.0175388,0.000305184,0.834412,9.08263,0.0810962,0.0309344,0.144071,58.7828,3.5415
0,29.3093,0.29493,-1.14188,0.0132083,0.0181988,0.0178095,0.000389293,0.864137,11.6815,0.105949,0.0312666,0.144071,63.6328,3.53583
0,11.8949,0.686657,-1.10822,0.00852512,0.018882,0.0180218,0.000860196,0.930168,27.1779,0.249611,0.0314352,0.144071,89.2501,3.52452
0,24.4552,0.262736,-1.18346,0.022051,0.0181725,0.0178138,0.000358742,0.851095,10.4066,0.0944062,0.0319456,0.144071,98.1766,3.60639
0,25.08225,0.2696933,-1.18977,0.02364849,0.01829249,0.01791783,0.000374659,0.8540728,10.68089,0.0974722,0.03230384,0.1440707,108.8949,3.620107
0,57.70397,0.8789055,-1.183417,0.02124874,0.01999747,0.01826525,0.001732218,0.9413179,34.74758,0.323812,0.03313465,0.1440707,296.2382,3.701555
0,12.66311,0.6648592,-1.139452,0.01205414,0.01973781,0.01881701,0.000920797,0.9278459,26.29221,0.2523513,0.0332065,0.1440707,129.2849,3.582567
0,28.6707,0.294491,-1.16025,0.0156979,0.0192331,0.0188204,0.000412732,0.863332,11.6518,0.111795,0.0333089,0.144071,80.4365,3.5695
0,44.40007,0.807973,-1.165003,0.0166593,0.01996619,0.01864449,0.001321699,0.9375926,31.94428,0.3038593,0.03336087,0.1440707,215.8293,3.651256
0,51.85092,0.8442996,-1.179467,0.02002043,0.02011913,0.0185329,0.001586233,0.9394788,33.37529,0.3156205,0.03342776,0.1440707,270.9917,3.688126
0,16.59361,0.6932125,-1.122469,0.009570172,0.02012402,0.01918132,0.000942701,0.9298674,27.40266,0.268207,0.03362776,0.1440707,108.1002,3.552275
0,24.42117,0.4967299,-1.181396,0.02030045,0.01949161,0.01872734,0.000764273,0.909621,19.64838,0.1876383,0.0337938,0.1440707,168.9065,3.645941
0,45.81214,0.8062642,-1.195166,0.02406299,0.02037152,0.018613,0.00175853,0.9371946,31.86353,0.3027045,0.03402577,0.1440707,317.292,3.720921
0,36.82835,0.6785044,-1.166186,0.01651142,0.02015787,0.01908332,0.001074549,0.9286774,26.82032,0.2611751,0.03417491,0.1440707,185.7497,3.638886
0,28.9994,0.334847,-1.14216,0.0120616,0.020036,0.0195563,0.000479779,0.876078,13.2377,0.132086,0.0343626,0.144071,71.3833,3.54352
0,42.3936,0.6937911,-1.172812,0.01784671,0.02031135,0.01915155,0.001159798,0.9297716,27.42029,0.2680142,0.03442678,0.1440707,206.5322,3.654997
0,51.19732,0.7550072,-1.193977,0.02338529,0.02048425,0.01890396,0.001580293,0.9339747,29.83443,0.2878916,0.03448114,0.1440707,293.592,3.711141
0,11.8577,0.545896,-1.12918,0.0101091,0.0205247,0.0197581,0.000766541,0.915423,21.5704,0.217561,0.0347013,0.144071,94.2179,3.54923
0,32.63937,0.4790133,-1.187011,0.02121057,0.01995624,0.01918642,0.00076982,0.9066929,18.93861,0.1853816,0.03476243,0.1440707,175.5447,3.654825
0,58.60471,0.9494228,-1.189888,0.02184839,0.02155635,0.0193069,0.002249449,0.9434688,37.47578,0.3697408,0.03501835,0.1440707,346.3981,3.725804
0,46.15016,0.6445327,-1.189368,0.02167096,0.02051228,0.01931448,0.001197794,0.9255751,25.46825,0.2511038,0.0350698,0.1440707,238.3615,3.685098
0,30.50541,0.9987795,-1.129865,0.009998965,0.02159495,0.0200688,0.001526142,0.9455055,39.42244,0.4043117,0.03539333,0.1440707,168.1873,3.594051
0,33.9447,0.219867,-1.19479,0.0229946,0.0202381,0.0196243,0.000613803,0.827597,8.69033,0.0870322,0.0354354,0.144071,97.5255,3.61725
0,43.25688,0.9462179,-1.193709,0.02255162,0.0218994,0.01953,0.002369401,0.9431034,37.33618,0.3727508,0.03563306,0.1440707,362.6091,3.735124
0,23.7404,0.425081,-1.12383,0.00915812,0.0210882,0.0204638,0.000624422,0.896745,16.7869,0.175462,0.0357613,0.144071,69.8808,3.5238
0,33.3493,0.245128,-1.16698,0.0158982,0.0205872,0.020213,0.000374151,0.841231,9.68532,0.0999425,0.035858,0.144071,74.8116,3.57141
0,15.15841,0.8782928,-1.124986,0.009263066,0.02170197,0.02039494,0.00130703,0.9402123,34.66296,0.3613158,0.03588426,0.1440707,139.6805,3.574093
0,31.4014,0.312883,-1.16137,0.0147461,0.0207563,0.0202848,0.000471509,0.868791,12.3603,0.12802,0.035969,0.144071,86.0111,3.57514
0,14.60921,0.4558863,-1.170413,0.01645466,0.02091841,0.02020998,0.000708431,0.9023705,18.00655,0.1858435,0.03620608,0.1440707,135.5044,3.61715
0,30.50712,0.5547889,-1.176794,0.01783707,0.02105195,0.02012812,0.000923826,0.9161273,21.91001,0.2252456,0.03625308,0.1440707,176.2757,3.644964
0,19.13341,0.3193577,-1.188631,0.0205365,0.02076423,0.02026008,0.000504149,0.8708929,12.61595,0.13051,0.03665859,0.1440707,124.3067,3.628762
0,55.5705,0.8654799,-1.174412,0.01707855,0.02208372,0.02036489,0.001718826,0.9392886,34.14396,0.3555202,0.03672237,0.1440707,259.8566,3.678753
0,27.3456,0.408512,-1.12763,0.00936063,0.0215949,0.0209778,0.000617078,0.893145,16.1242,0.172858,0.0367385,0.144071,70.7653,3.52842
0,21.42438,0.3102325,-1.196282,0.0225003,0.02073178,0.02023349,0.000498286,0.867935,12.25587,0.1266145,0.03691411,0.1440707,133.6826,3.64197
0,43.44636,0.8938378,-1.150548,0.01244818,0.02236491,0.02083022,0.001534697,0.9405108,35.25256,0.3755586,0.03708081,0.1440707,197.2056,3.628547
0,31.3489,0.274177,-1.14426,0.0114663,0.0215206,0.0210902,0.000430419,0.853964,10.8228,0.116637,0.0371308,0.144071,61.5025,3.53603
0,29.2141,0.225371,-1.15417,0.0129979,0.0214175,0.0210579,0.000359606,0.830026,8.89715,0.095728,0.0372044,0.144071,59.083,3.54342
0,39.42947,0.4634107,-1.198029,0.02264098,0.02134735,0.0205066,0.000840755,0.9033319,18.29573,0.1916835,0.03751728,0.1440707,196.0949,3.675522
0,20.09644,0.3491029,-1.188182,0.01991142,0.02132878,0.02075975,0.000569028,0.8792955,13.78305,0.1461843,0.03759176,0.1440707,133.7342,3.6339
0,53.02613,0.9172276,-1.168124,0.01537405,0.02277194,0.02095098,0.001820955,0.9413088,36.15998,0.3876205,0.03762821,0.1440707,253.3,3.669878
0,37.60767,0.6407285,-1.169738,0.01565744,0.02212909,0.02101058,0.001118513,0.924198,25.27614,0.2715421,0.03772137,0.1440707,184.1159,3.641667
0,26.2514,0.333746,-1.15522,0.0129814,0.0218586,0.021334,0.000524564,0.874607,13.1696,0.14362,0.037758,0.144071,84.1257,3.56749
0,49.46263,0.9221932,-1.180612,0.01788202,0.02306585,0.02098529,0.002080558,0.9413165,36.34481,0.3903571,0.03797977,0.1440707,298.891,3.699724
0,19.9978,0.3671434,-1.195359,0.02099253,0.02208293,0.02144307,0.00063986,0.8835087,14.48415,0.158799,0.03909913,0.1440707,153.3739,3.651931
0,47.16782,0.7130865,-1.180427,0.01728428,0.02312188,0.02167801,0.001443872,0.9293738,28.10204,0.3118076,0.03919975,0.1440707,233.5174,3.674162
0,19.25144,0.360214,-1.179068,0.01692646,0.02244312,0.02183997,0.000603146,0.881528,14.20554,0.1586857,0.03933584,0.1440707,122.2963,3.617971
0,37.61755,0.9690721,-1.130287,0.008929051,0.02421972,0.02256472,0.001654996,0.942601,38.14726,0.4410738,0.03984963,0.1440707,164.1354,3.592433
0,46.55947,0.7514571,-1.170388,0.01486874,0.0237492,0.02227119,0.001478008,0.9316277,29.59516,0.337577,0.04005524,0.1440707,215.6499,3.656563
0,50.65407,0.7742893,-1.203091,0.02245421,0.02412123,0.02197667,0.00214456,0.9327937,30.48276,0.3432341,0.04037063,0.1440707,337.652,3.735994
0,28.38338,0.4455024,-1.186848,0.01821952,0.02306448,0.02225381,0.000810673,0.8992149,17.55784,0.1999768,0.04038494,0.1440707,163.7575,3.648803
0,30.28409,0.2839332,-1.204937,0.02297,0.02252822,0.02202279,0.000505434,0.8572837,11.19633,0.1261286,0.04041116,0.1440707,138.1817,3.653199
0,38.72674,0.6930718,-1.161258,0.01310505,0.02387008,0.02260075,0.00126933,0.9274008,27.29235,0.3159558,0.04041709,0.1440707,177.6702,3.630104
0,51.03276,0.5315467,-1.203473,0.02251612,0.02314916,0.02199961,0.001149548,0.9119343,20.94715,0.2358749,0.04045792,0.1440707,238.5041,3.699262
0,52.25318,0.6078408,-1.19667,0.02057685,0.02348357,0.02214729,0.001336282,0.9202241,23.94554,0.2715411,0.04056642,0.1440707,247.579,3.69614
0,57.33781,0.7790949,-1.209857,0.02434168,0.02434762,0.02196339,0.002384228,0.9329265,30.66483,0.3451556,0.040622,0.1440707,370.461,3.753897
0,43.87516,0.7120058,-1.171876,0.01488951,0.02408057,0.02267,0.001410574,0.9286717,28.03191,0.3255818,0.04077116,0.1440707,208.8629,3.65509
0,48.69195,0.5489098,-1.21062,0.02441807,0.02340858,0.02210093,0.001307646,0.9138856,21.62564,0.2447016,0.04089331,0.1440707,269.326,3.718638
0,50.50994,0.9372283,-1.187362,0.017933,0.02520707,0.02271284,0.002494223,0.9405441,36.8564,0.4293803,0.0413019,0.1440707,330.8219,3.71789
0,52.2649,0.230324,-1.13451,0.00903101,0.0244247,0.0236718,0.000752922,0.831164,9.06474,0.109976,0.0415945,0.144071,46.6959,3.50926
0,36.65378,0.5573074,-1.176165,0.01534692,0.02424148,0.0231775,0.001063978,0.9143541,21.93776,0.2605473,0.04179621,0.1440707,175.4177,3.643918
0,41.59277,0.4520502,-1.197075,0.01972498,0.02415379,0.02324076,0.000913029,0.8996425,17.79603,0.2119152,0.04253941,0.1440707,189.1902,3.671386
0,33.59672,0.8381995,-1.215356,0.02472343,0.02609435,0.02301488,0.003079472,0.9351459,32.9321,0.389118,0.0429215,0.1440707,425.9524,3.777343
0,47.05182,0.4334703,-1.202557,0.02085809,0.02437077,0.02346887,0.000901896,0.8962155,17.0608,0.2051997,0.04316287,0.1440707,195.3481,3.679709
0,34.174,0.305375,-1.14066,0.00940511,0.0251056,0.0245539,0.000551707,0.863532,12.0101,0.151244,0.043223,0.144071,64.4441,3.53541
0,42.68204,0.9479736,-1.201572,0.02046382,0.02679963,0.02361595,0.003183679,0.9399095,37.21805,0.4515719,0.04344138,0.1440707,401.2319,3.755686
0,58.0122,0.223366,-1.13444,0.00850004,0.0308105,0.0303847,0.000425842,0.825584,8.73334,0.136898,0.0441524,0.144071,45.2513,3.50729
0,42.23057,0.488397,-1.20069,0.01984095,0.02515815,0.02407878,0.001079364,0.9047552,19.20712,0.2372099,0.04430079,0.1440707,212.6878,3.68558
0,35.52426,0.4561741,-1.190984,0.01748546,0.02527783,0.02434483,0.000933008,0.8996163,17.9377,0.2240075,0.04437627,0.1440707,176.3496,3.65919
0,27.11,0.33468,-1.15783,0.0114186,0.0256484,0.0250311,0.000617299,0.872493,13.1553,0.16898,0.0443894,0.144071,87.1104,3.57247
0,58.74809,0.9146047,-1.180964,0.01519326,0.02714144,0.02472584,0.002415601,0.9382813,35.89536,0.4561521,0.04490374,0.1440707,297.4926,3.699564
0,30.04597,0.3447972,-1.211306,0.02236804,0.02502544,0.02430113,0.000724308,0.8757764,13.56164,0.1690112,0.04503651,0.1440707,177.807,3.680218
0,61.18355,0.9956906,-1.15542,0.01077013,0.02774301,0.02550453,0.002238481,0.9413035,39.05356,0.5122321,0.0456261,0.1440707,232.382,3.648684
0,49.39824,0.5707115,-1.216113,0.02328439,0.02635565,0.024692,0.001663646,0.9144575,22.41672,0.2842485,0.04601978,0.1440707,299.4024,3.735412
0,24.40026,0.2919419,-1.214488,0.02273973,0.02548474,0.02487335,0.000611392,0.8584951,11.47731,0.1464724,0.04614823,0.1440707,159.9117,3.674474
0,51.81594,0.9258512,-1.208913,0.02111695,0.02845885,0.024888,0.003570849,0.9378475,36.28754,0.4647895,0.04626045,0.1440707,430.8278,3.772431
0,47.7013,0.7168757,-1.172663,0.01314229,0.02754588,0.02591312,0.001632761,0.9267488,28.12342,0.3747043,0.0466608,0.1440707,212.1127,3.657301
0,55.8749,0.603385,-1.216673,0.02311992,0.02703904,0.02514692,0.001892119,0.9174232,23.68346,0.3060585,0.04668141,0.1440707,317.5726,3.742527
0,23.22346,0.3156777,-1.21476,0.02242381,0.02593178,0.0252478,0.00068398,0.8664678,12.40476,0.1607654,0.04696261,0.1440707,171.8443,3.680762
0,43.37726,0.5620692,-1.182422,0.01479649,0.02713623,0.02589267,0.001243556,0.9130215,22.05957,0.2935566,0.04697942,0.1440707,191.4343,3.657775
0,36.77035,0.8831856,-1.199875,0.01836854,0.02875836,0.0257585,0.002999861,0.935695,34.60465,0.4588785,0.04735361,0.1440707,366.6614,3.742648
0,50.89508,0.626366,-1.20505,0.01954642,0.02758192,0.02580109,0.001780826,0.9193016,24.57176,0.3259804,0.04755842,0.1440707,283.2112,3.718348
0,40.98587,0.2146253,-1.206769,0.0199407,0.0266557,0.02612472,0.00053098,0.8203623,8.427575,0.1130987,0.047659,0.1440707,111.2806,3.638683
0,54.02841,0.5271761,-1.211982,0.02125845,0.02717359,0.02573515,0.001438441,0.9087651,20.68932,0.2736577,0.0478006,0.1440707,263.692,3.717821
0,51.49087,0.6746254,-1.215989,0.02230747,0.02805069,0.02571028,0.002340415,0.923137,26.45218,0.3498603,0.04795873,0.1440707,349.4224,3.752939
0,32.26808,0.3069522,-1.177256,0.01354828,0.02729567,0.0266779,0.000617765,0.8627139,12.045,0.1651762,0.04801319,0.1440707,103.5195,3.603948
0,20.35739,0.5170008,-1.15807,0.01051277,0.02811785,0.02706851,0.001049346,0.9068577,20.27029,0.2822804,0.0483614,0.1440707,129.5311,3.60133
0,51.50627,0.754273,-1.18176,0.0141908,0.02870922,0.0267587,0.001950522,0.9285439,29.55514,0.4071165,0.04856986,0.1440707,250.0586,3.682224
0,20.12487,0.4400899,-1.176585,0.01323935,0.02792465,0.02699926,0.000925391,0.8951394,17.25824,0.2396726,0.04871231,0.1440707,141.7257,3.626837
0,46.48718,0.7776067,-1.155274,0.009973853,0.02925431,0.02752379,0.001730516,0.9296873,30.45234,0.4317113,0.04917634,0.1440707,183.1219,3.626731
0,47.00997,0.7231288,-1.163566,0.01108618,0.02905087,0.02740863,0.001642232,0.9262222,28.32483,0.3997866,0.04921459,0.1440707,190.1801,3.638337
0,36.86053,0.9843955,-1.203849,0.01858804,0.03049902,0.02658985,0.003909166,0.938943,38.50109,0.5279718,0.04924474,0.1440707,427.8234,3.766424
0,52.36298,0.8886053,-1.194151,0.01625096,0.03014242,0.02717971,0.00296271,0.9350516,34.76739,0.4871682,0.04972941,0.1440707,342.5045,3.72873
0,51.32696,0.7930499,-1.186274,0.01467006,0.02967644,0.02741432,0.002262119,0.9303017,31.04361,0.438534,0.04978744,0.1440707,277.8033,3.697531
0,37.4722,0.249083,-1.18501,0.014378,0.0283416,0.0278121,0.000529479,0.838418,9.76365,0.139734,0.0499834,0.144071,95.3924,3.60593
0,45.0961,0.292928,-1.15629,0.00991267,0.0288957,0.0282837,0.000611945,0.85672,11.4758,0.167118,0.0501309,0.144071,75.8713,3.56165
0,26.46972,0.266432,-1.22523,0.02402321,0.02727415,0.02665818,0.000615973,0.8471021,10.45519,0.1432656,0.05014582,0.1440707,169.4725,3.690057
0,47.2616,0.216737,-1.16419,0.0107495,0.0295889,0.0287363,0.00085263,0.820029,8.48486,0.125629,0.0511631,0.144071,64.8633,3.55935
0,49.85487,0.5630176,-1.217842,0.02139588,0.02934917,0.02750075,0.001848427,0.9116392,22.04653,0.3123141,0.05120595,0.1440707,301.9986,3.738088
0,61.38879,0.8838637,-1.202699,0.01761067,0.03122043,0.02784243,0.003377998,0.9340825,34.54343,0.4963838,0.05121568,0.1440707,380.1862,3.749959
0,27.59468,0.3622561,-1.193712,0.01563412,0.02893815,0.02812065,0.000817504,0.8779304,14.19116,0.2054784,0.05140098,0.1440707,148.0607,3.647441
0,30.00294,0.2568085,-1.220886,0.02216421,0.02814271,0.02754554,0.000597165,0.842223,10.06855,0.1426875,0.05140212,0.1440707,155.2425,3.678443
0,53.5581,0.8898238,-1.18302,0.01320768,0.03192248,0.02914611,0.002776376,0.9339629,34.75116,0.5231301,0.05303657,0.1440707,297.0839,3.701469
0,42.8073,0.8604139,-1.231318,0.02454362,0.03229562,0.0274727,0.004822918,0.932206,33.58963,0.4767975,0.05307473,0.1440707,535.0042,3.826193
0,41.0651,0.2895631,-1.19223,0.01483192,0.02983794,0.02918269,0.000655254,0.8548933,11.33294,0.1704487,0.05315933,0.1440707,119.1365,3.629174
0,44.98372,0.5119936,-1.227671,0.0233748,0.03001754,0.02819961,0.00181793,0.9049015,20.03473,0.2912278,0.05317868,0.1440707,313.6931,3.752141
0,48.30724,0.6593289,-1.199062,0.0161251,0.03102569,0.02899942,0.002026276,0.9199726,25.77327,0.3856707,0.05338124,0.1440707,274.8672,3.709203
0,54.41133,0.4411645,-1.226878,0.0228405,0.02992036,0.02852737,0.001392989,0.8940215,17.26486,0.253856,0.05387087,0.1440707,270.8396,3.735479
0,58.2339,0.203402,-1.17138,0.0111246,0.0308404,0.0303694,0.000471046,0.810394,7.95255,0.1246,0.0542239,0.144071,67.472,3.56908
0,27.36348,0.3271185,-1.203519,0.01671234,0.03041162,0.02961874,0.000792874,0.8672342,12.79522,0.1954325,0.05453999,0.1440707,153.2855,3.660044
0,49.51306,0.8795408,-1.171057,0.0109508,0.03282415,0.03031028,0.002513877,0.9329037,34.31758,0.5377384,0.0548556,0.1440707,251.8742,3.672245
0,44.48323,0.3964216,-1.226678,0.02231027,0.03040138,0.02920869,0.001192684,0.8849643,15.50617,0.233558,0.05501005,0.1440707,245.1111,3.725154
0,50.2787,0.6257375,-1.20442,0.0167171,0.03178922,0.02976699,0.002022226,0.916499,24.4409,0.3757096,0.05515937,0.1440707,280.287,3.716617
0,49.98046,0.3916733,-1.227954,0.02259445,0.0304095,0.02922444,0.00118506,0.8839228,15.32031,0.2308848,0.05521581,0.1440707,246.4652,3.726976
0,50.06982,0.6147416,-1.222832,0.02087729,0.03219467,0.02968937,0.002505299,0.9151546,24.00136,0.3681449,0.05595225,0.1440707,349.1969,3.759706
0,37.89371,0.7532624,-1.233677,0.0239948,0.033279,0.02903031,0.004248694,0.9253806,29.37667,0.4410858,0.05595878,0.1440707,485.853,3.814056
0,60.68522,0.9222674,-1.180691,0.01208018,0.03405863,0.03100973,0.0030489,0.934032,35.93873,0.5768728,0.05627732,0.1440707,298.1571,3.699533
0,47.56723,0.8347144,-1.208545,0.017145,0.03421705,0.030578,0.003639044,0.9295805,32.52165,0.5148399,0.05670908,0.1440707,387.7152,3.758274
0,37.91359,0.203664,-1.212769,0.01774972,0.03198384,0.03146979,0.000514049,0.8098862,7.953384,0.1292805,0.0578311,0.1440707,114.8995,3.64703
0,55.7649,0.223082,-1.19161,0.0134647,0.0326913,0.0321389,0.000552431,0.821791,8.70532,0.144617,0.0580918,0.144071,94.4434,3.61182
0,40.8853,0.316406,-1.1622,0.00919482,0.0335017,0.0327378,0.000763927,0.861925,12.3367,0.208938,0.0583078,0.144071,87.4658,3.57712
0,45.05532,0.8070031,-1.237287,0.02385453,0.03536388,0.0301537,0.005210176,0.9272975,31.40465,0.4908412,0.05895973,0.1440707,542.9234,3.834455
0,41.41072,0.8211477,-1.233656,0.02265209,0.03564898,0.03052062,0.005128362,0.9279057,31.94564,0.5055216,0.05926029,0.1440707,526.7652,3.826135
0,51.75252,0.7702855,-1.177068,0.01088802,0.03519576,0.03283987,0.002355888,0.9252999,29.981,0.5102445,0.05960048,0.1440707,239.6621,3.673331
0,49.29017,0.4985855,-1.197381,0.01406764,0.03404211,0.03258364,0.001458473,0.9004761,19.42912,0.3276909,0.05988132,0.1440707,207.1719,3.679849
0,53.37401,0.9064981,-1.177035,0.01066048,0.03655425,0.03348584,0.003068409,0.9316793,35.23298,0.6122845,0.06084701,0.1440707,279.5995,3.688973
0,39.29637,0.3877005,-1.216798,0.01752923,0.03418911,0.0329988,0.001190308,0.8806305,15.1058,0.2580594,0.0616688,0.1440707,211.3565,3.701106
0,32.52263,0.2733468,-1.235295,0.0220941,0.03329139,0.03247311,0.000818278,0.84631,10.66019,0.1790454,0.06204969,0.1440707,196.8288,3.713123
0,55.1704,0.202165,-1.16336,0.00874426,0.0354096,0.0348739,0.000535669,0.806774,7.8669,0.14221,0.0622282,0.144071,60.4783,3.55407
0,37.53988,0.407646,-1.209817,0.01586251,0.03476819,0.03353547,0.001232715,0.8845363,15.8734,0.2757483,0.06230412,0.1440707,202.153,3.690051
0,43.3479,0.77504,-1.233891,0.02149006,0.0373414,0.03237635,0.004965055,0.9240805,30.09897,0.5061476,0.06265318,0.1440707,499.8732,3.818455
0,55.4402,0.5236,-1.220569,0.01799821,0.03568873,0.03364858,0.002040145,0.9027531,20.36911,0.3553788,0.06304275,0.1440707,291.8131,3.737075
0,48.05349,0.751646,-1.177975,0.01022869,0.03768987,0.03524239,0.002447481,0.9224666,29.17988,0.534323,0.06418532,0.1440707,236.7151,3.673029
0,55.30733,0.3126527,-1.239357,0.02249957,0.03453453,0.03347754,0.001056988,0.8600506,12.17739,0.2111256,0.06419488,0.1440707,233.0998,3.732919
0,34.59429,0.9765763,-1.214318,0.01624295,0.03988413,0.03417518,0.005708952,0.9323216,37.82553,0.673197,0.06446609,0.1440707,484.2314,3.794211
0,44.63875,0.4604434,-1.218596,0.017022,0.03634677,0.03469505,0.001651724,0.8931528,17.89997,0.3222322,0.06498998,0.1440707,252.709,3.720115
0,48.32453,0.3721544,-1.244394,0.02363186,0.03532125,0.03380716,0.001514083,0.8762651,14.48308,0.2537798,0.06520419,0.1440707,290.2928,3.760336
0,41.1422,0.5988296,-1.239933,0.02222853,0.04596653,0.04242943,0.003537097,0.9093951,23.04741,0.5125021,0.06546016,0.1440707,420.334,3.800147
0,47.74849,0.5627757,-1.186923,0.0111908,0.03782032,0.03604783,0.001772488,0.9061311,21.84473,0.4092038,0.06581284,0.1440707,202.3787,3.667257
0,36.7607,0.5687646,-1.236161,0.02100855,0.03761761,0.03451649,0.003101122,0.9068365,22.08185,0.3959901,0.06598548,0.1440707,384.7585,3.784923
0,44.38161,0.652106,-1.236917,0.02114889,0.03841029,0.03433362,0.004076678,0.9144186,25.29666,0.4516094,0.06618755,0.1440707,441.3868,3.80373
0,46.12072,0.6069961,-1.244349,0.02324371,0.03803262,0.03402748,0.004005144,0.9105581,23.55599,0.4166207,0.06625412,0.1440707,454.0978,3.815089
0,42.02618,0.3546336,-1.177911,0.009852278,0.03774247,0.03675713,0.000985344,0.8703686,13.76659,0.2629339,0.06658333,0.1440707,118.2667,3.61431
0,41.8537,0.7040569,-1.216922,0.01600026,0.03965666,0.03609934,0.003557324,0.9177454,27.27655,0.5126632,0.06766951,0.1440707,366.796,3.759739
0,42.89259,0.5484751,-1.186666,0.01063139,0.03954206,0.03775787,0.001784191,0.9033589,21.25154,0.4177241,0.06904764,0.1440707,196.8368,3.664498
0,44.2802,0.6408007,-1.241821,0.02144377,0.04018976,0.0357442,0.004445563,0.9122893,24.8121,0.4620124,0.06952151,0.1440707,462.1559,3.81503
0,41.28545,0.9296352,-1.223666,0.01689369,0.04277007,0.03638858,0.006381489,0.9284833,35.89914,0.6823432,0.06989064,0.1440707,520.3442,3.814268
0,48.36591,0.863016,-1.245284,0.02229625,0.04232232,0.03489525,0.007427065,0.9256687,33.34213,0.6074498,0.06990483,0.1440707,639.9029,3.869729
0,32.19174,0.3149565,-1.220339,0.01609593,0.03836998,0.0373395,0.001030479,0.858391,12.21838,0.2372161,0.07028595,0.1440707,183.5484,3.691999
0,37.10195,0.4461046,-1.251128,0.02384733,0.03878399,0.03619788,0.002586115,0.8890925,17.29867,0.3257204,0.07045311,0.1440707,372.6002,3.795879
0,49.92105,0.7134464,-1.236103,0.01940558,0.04195057,0.0368923,0.005058273,0.9169168,27.5743,0.5309117,0.07138293,0.1440707,474.8241,3.813161
0,44.20291,0.5147535,-1.253646,0.02403238,0.04020338,0.03653374,0.00366964,0.8986137,19.93121,0.3793312,0.07220839,0.1440707,438.7148,3.819628
0,50.99646,0.6823874,-1.250349,0.02298297,0.04195393,0.03615357,0.005800363,0.9145728,26.37379,0.4976309,0.07237476,0.1440707,546.7451,3.84862
0,43.65331,0.2959226,-1.225528,0.01656507,0.03970114,0.03868765,0.001013489,0.8510395,11.46409,0.2309275,0.07300223,0.1440707,185.6764,3.698193
0,38.88623,0.9018816,-1.244907,0.02123141,0.04491505,0.03665033,0.008264714,0.925816,34.74935,0.666734,0.07305561,0.1440707,663.5775,3.875815
0,45.78113,0.6701717,-1.196739,0.01137113,0.04253933,0.03978634,0.002752987,0.9132956,25.88584,0.5378303,0.07347276,0.1440707,269.9095,3.704982
0,45.04693,0.7098901,-1.173045,0.008381957,0.04296628,0.04048003,0.002486252,0.916097,27.40776,0.5796384,0.07352072,0.1440707,210.1477,3.656824
0,41.91361,0.5357867,-1.238352,0.01906571,0.04230654,0.03908538,0.003221167,0.8999065,20.70016,0.4224073,0.0747846,0.1440707,373.8339,3.783512
0,35.79395,0.3507902,-1.209594,0.01312549,0.04155229,0.04034949,0.001202804,0.8669104,13.56348,0.285503,0.07508027,0.1440707,175.742,3.677505
0,54.00683,0.9840982,-1.243452,0.02022134,0.04657317,0.03738779,0.009185378,0.9281932,37.85132,0.7421529,0.07528523,0.1440707,707.6194,3.886215
0,47.12392,0.7174071,-1.179557,0.008876153,0.04404872,0.04134528,0.002703434,0.9159136,27.66665,0.598297,0.07548423,0.1440707,230.6855,3.672115
0,45.24439,0.7942017,-1.246034,0.02082949,0.04527757,0.0380115,0.007266073,0.9199608,30.58885,0.6089351,0.07555151,0.1440707,596.4208,3.85842
0,55.99352,0.6540218,-1.208183,0.01274719,0.04394154,0.04084246,0.003099082,0.9109964,25.22504,0.5388021,0.07591962,0.1440707,305.4366,3.729678
0,46.08849,0.857641,-1.238575,0.01879308,0.04615185,0.03872008,0.007431769,0.9228419,33.00198,0.6698337,0.07608718,0.1440707,582.8535,3.847143
0,39.69603,0.4568804,-1.215445,0.01391074,0.04271027,0.04085948,0.001850796,0.888454,17.64416,0.3765481,0.07637119,0.1440707,240.4823,3.712042
0,35.00229,0.2563383,-1.246063,0.02045438,0.04086808,0.03988007,0.000988008,0.8341106,9.918524,0.2062028,0.07696548,0.1440707,213.3748,3.731251
0,46.82379,0.6097423,-1.248402,0.02098866,0.0440319,0.03908012,0.00495178,0.9068603,23.515,0.4806483,0.07729374,0.1440707,479.4804,3.826865
0,32.92472,0.2790816,-1.224603,0.01540075,0.04210422,0.04111318,0.000991035,0.8431397,10.78461,0.2314395,0.07759339,0.1440707,174.2244,3.691773
0,37.72887,0.9110087,-1.208097,0.01234777,0.04748788,0.04183439,0.005653482,0.9244685,35.00646,0.7687431,0.07828971,0.1440707,417.2405,3.767331
0,55.73907,0.5984959,-1.218389,0.014091,0.04485335,0.04175664,0.003096714,0.9052606,23.06144,0.5040944,0.07830001,0.1440707,320.3713,3.745238
0,44.63049,0.2331157,-1.197039,0.01068234,0.0439299,0.04295845,0.000971455,0.8206451,8.991174,0.2019972,0.07851256,0.1440707,104.7379,3.624569
0,32.91869,0.4908078,-1.181367,0.008682718,0.04489573,0.04319462,0.001701104,0.8923384,18.91113,0.4276281,0.07898141,0.1440707,165.6554,3.644282
0,47.59042,0.5792487,-1.217334,0.01371271,0.04517504,0.04226613,0.002908904,0.90307,22.31228,0.493836,0.0793773,0.1440707,306.5347,3.739227
0,36.44886,0.3809829,-1.204391,0.01161203,0.04411093,0.04273707,0.001373859,0.8727663,14.69157,0.3284244,0.07937929,0.1440707,176.8572,3.672843
0,95.09755,0.993358,-1.25988,0.0236629,0.04818071,0.03724757,0.01093315,0.9275161,38.14306,0.7463265,0.07944919,0.1440707,881.2291,3.947629
0,30.49375,0.8359419,-1.221306,0.01432023,0.04822003,0.04219737,0.006022654,0.9202615,32.09725,0.7115193,0.07998833,0.1440707,455.3764,3.792439
0,51.49787,0.7939563,-1.233979,0.01680064,0.0476496,0.04115346,0.006496139,0.9183781,30.50342,0.6590647,0.08023136,0.1440707,510.3102,3.821631
0,42.02517,0.6051369,-1.221682,0.01421688,0.04626759,0.04287518,0.003392409,0.9049732,23.28281,0.523341,0.08095993,0.1440707,337.5293,3.754543
0,43.4856,0.3167667,-1.218771,0.0136699,0.04436796,0.04318385,0.001184106,0.8551739,12.21196,0.2759219,0.08110898,0.1440707,180.4691,3.688963
0,40.04743,0.636695,-1.233452,0.01648692,0.04698823,0.04249103,0.004497202,0.907386,24.4785,0.5456999,0.08120741,0.1440707,411.6853,3.790919
0,41.27644,0.6572259,-1.265128,0.02469349,0.04647994,0.03906969,0.007410256,0.9095658,25.28132,0.5179404,0.081443,0.1440707,637.1463,3.888816
0,50.7848,0.6738716,-1.205601,0.01140496,0.04756872,0.04416926,0.003399454,0.9102469,25.89202,0.6003749,0.08208733,0.1440707,303.5387,3.726408
0,51.37865,0.6319991,-1.246995,0.0193955,0.04693735,0.04149464,0.00544271,0.9070569,24.29926,0.5289731,0.0821445,0.1440707,486.4917,3.827566
0,47.95505,0.4091943,-1.228861,0.01519959,0.04568994,0.04379461,0.001895334,0.8777929,15.7534,0.3614726,0.08304064,0.1440707,258.1915,3.732548
0,48.56663,0.8221966,-1.240066,0.01749487,0.04980189,0.04209309,0.007708803,0.9185257,31.51701,0.6980903,0.08331382,0.1440707,570.0576,3.845009
0,43.58361,0.5162391,-1.263087,0.0234996,0.04581957,0.04090802,0.004911552,0.8951432,19.87177,0.4259754,0.08336652,0.1440707,495.7166,3.846415
0,53.91185,0.6538618,-1.194672,0.009642616,0.04880865,0.04583862,0.00297003,0.9078062,25.09048,0.6045645,0.08437332,0.1440707,256.3027,3.697615
0,50.16037,0.3021835,-1.187319,0.008646084,0.04813911,0.0470583,0.001080803,0.8479206,11.60378,0.286835,0.08561711,0.1440707,115.468,3.621943
0,42.21242,0.5053353,-1.254779,0.02026208,0.04811671,0.04382677,0.004289937,0.8921598,19.40522,0.4467291,0.08690019,0.1440707,436.5338,3.820082
0,47.34284,0.2187218,-1.238724,0.01645735,0.04643425,0.04556156,0.000872682,0.8107618,8.413909,0.2010091,0.08705253,0.1440707,169.4662,3.703548
0,39.23478,0.7584457,-1.224611,0.01361745,0.05195251,0.04614055,0.005811957,0.9132649,29.00746,0.7058826,0.08776413,0.1440707,432.6762,3.788708
0,46.8539,0.6307926,-1.264597,0.02273216,0.04993488,0.04244626,0.007488621,0.9049639,24.1766,0.5400714,0.08786795,0.1440707,608.2363,3.880284
0,52.89456,0.322324,-1.252979,0.01953878,0.04647788,0.0447763,0.001701583,0.8555602,12.39877,0.291116,0.08805689,0.1440707,284.2013,3.766648
0,52.01196,0.7852948,-1.260128,0.02141173,0.05186859,0.04229672,0.009571873,0.9150608,30.03699,0.6699842,0.08808238,0.1440707,705.6424,3.902363
0,38.70205,0.8234917,-1.247188,0.01809579,0.05290182,0.04394349,0.008958327,0.9165106,31.46367,0.7299261,0.08826359,0.1440707,624.9833,3.867524
0,43.30279,0.445605,-1.260838,0.02141493,0.04839508,0.04462191,0.003773165,0.8827979,17.10653,0.401073,0.08887707,0.1440707,420.3823,3.821067
0,43.55054,0.6416204,-1.266423,0.02299264,0.05049082,0.04255115,0.007939673,0.9055392,24.5772,0.5506994,0.08893512,0.1440707,632.5935,3.888859
0,51.47841,0.6982282,-1.261198,0.02149574,0.05127342,0.04289365,0.008379778,0.9095907,26.72352,0.6041093,0.08895272,0.1440707,640.3194,3.885757
0,34.53758,0.3750297,-1.232447,0.0147347,0.04902654,0.04719208,0.001834461,0.8681616,14.38763,0.3569932,0.08969865,0.1440707,249.6624,3.732752
0,46.35927,0.5683163,-1.221212,0.01269443,0.05090952,0.04760724,0.003302277,0.8981319,21.7597,0.5457431,0.09012329,0.1440707,315.9368,3.746483
0,38.93698,0.3005584,-1.233072,0.01461823,0.04903659,0.04770644,0.001330157,0.8467874,11.53049,0.2892217,0.09114251,0.1440707,206.7885,3.715371
0,108.151,0.9535123,-1.254802,0.01891997,0.05637245,0.04450618,0.01186627,0.9204558,36.29795,0.8559961,0.09309206,0.1440707,791.6798,3.919656
0,37.25727,0.6713997,-1.237528,0.0151164,0.05384225,0.0479025,0.005939748,0.9057963,25.62712,0.6487309,0.09333025,0.1440707,454.9644,3.808534
0,42.43153,0.5182745,-1.267016,0.02207521,0.051225,0.04533388,0.005891122,0.8918656,19.8371,0.4739231,0.09333841,0.1440707,522.3738,3.858211
0,46.00696,0.4424363,-1.27562,0.02453414,0.04991329,0.04485752,0.005055768,0.8812388,16.95779,0.4003236,0.09379858,0.1440707,504.7544,3.861631
0,36.24585,0.3951082,-1.256967,0.01912974,0.05110068,0.04818544,0.002915244,0.8712701,15.12486,0.3840228,0.09466743,0.1440707,358.3319,3.796941
0,45.47266,0.5471354,-1.267072,0.02159064,0.05263676,0.04603444,0.006602316,0.894515,20.9106,0.5080458,0.09550214,0.1440707,549.4077,3.866109
0,43.40506,0.5471294,-1.269299,0.02217653,0.05257799,0.0457518,0.006826182,0.8945529,20.91167,0.504921,0.0956773,0.1440707,565.3567,3.872904
0,37.37882,0.531206,-1.19892,0.008947174,0.05424298,0.05172551,0.002517473,0.8916271,20.26739,0.5542337,0.09603164,0.1440707,222.6138,3.688081
0,44.94409,0.6760845,-1.218887,0.01155358,0.05558627,0.05088768,0.004698598,0.905039,25.75837,0.693967,0.09610928,0.1440707,360.222,3.759498
0,38.33408,0.4174809,-1.207693,0.009978113,0.05343072,0.05153626,0.00189446,0.8744692,15.94205,0.433985,0.09638032,0.1440707,199.8361,3.686884
0,44.4258,0.5207737,-1.228483,0.01279356,0.05471106,0.05136785,0.003343215,0.8899436,19.85952,0.5395921,0.09817916,0.1440707,319.4879,3.755018
0,50.35235,0.805599,-1.235494,0.01398507,0.05803381,0.04987142,0.008162392,0.9120925,30.61325,0.8103933,0.09827848,0.1440707,525.8127,3.827694
0,46.02788,0.7157729,-1.236399,0.01411535,0.05728353,0.05043346,0.006850074,0.9068946,27.22147,0.7281472,0.09850981,0.1440707,475.7328,3.813732
0,49.0358,0.8762714,-1.243045,0.01533767,0.05951255,0.04925812,0.01025443,0.9148138,33.24657,0.8706461,0.09873869,0.1440707,627.3331,3.86403
0,37.54358,0.7891519,-1.230367,0.01295338,0.05914413,0.05154296,0.007601179,0.9102684,29.9529,0.8204556,0.09934348,0.1440707,482.6464,3.809784
0,33.51828,0.3319875,-1.236309,0.01386188,0.05375743,0.05204053,0.0017169,0.8538403,12.673,0.3484886,0.1001954,0.1440707,234.9687,3.730644
0,51.93036,0.5464207,-1.262529,0.01938666,0.0553839,0.04896884,0.006415061,0.892629,20.82273,0.5397245,0.1003313,0.1440707,517.182,3.852203
0,40.5903,0.7267203,-1.229466,0.01266821,0.05887445,0.05232507,0.006549378,0.9065145,27.59117,0.7670122,0.1004114,0.1440707,441.2968,3.796251
0,36.0915,0.3392549,-1.257963,0.01822761,0.05364736,0.05134896,0.002298399,0.8559356,12.95193,0.3513848,0.100632,0.1440707,316.3708,3.783389
0,37.35994,0.3795291,-1.258617,0.01833165,0.05380539,0.0509122,0.002893195,0.8660806,14.48708,0.3897554,0.1009048,0.1440707,352.6739,3.796674
0,52.80363,0.4532807,-1.277266,0.02327441,0.05347014,0.04768255,0.005787593,0.8808072,17.30839,0.4359652,0.100987,0.1440707,526.4503,3.869652
0,44.06349,0.6122966,-1.271259,0.02153375,0.05635688,0.0475404,0.00881648,0.8989624,23.30906,0.587151,0.1010456,0.1440707,643.069,3.896572
0,45.01921,0.7599837,-1.243106,0.01499671,0.05979147,0.05115105,0.008640425,0.9081382,28.82595,0.7841226,0.1010623,0.1440707,548.3455,3.841838
0,48.27166,0.8942099,-1.249708,0.01631446,0.06050085,0.04910545,0.0113954,0.9149979,33.89152,0.8857157,0.1011211,0.1440707,696.5029,3.889498
0,46.78436,0.6460996,-1.259887,0.01854807,0.05739988,0.04913958,0.008260294,0.9013514,24.5687,0.6404071,0.1013673,0.1440707,584.147,3.86882
0,48.01225,0.2892293,-1.235808,0.01361262,0.05428002,0.05286334,0.001416685,0.8393893,11.03469,0.3084055,0.1013763,0.1440707,206.7816,3.718104
0,40.60068,0.8570402,-1.231929,0.01292369,0.06153006,0.05245081,0.009079247,0.9123783,32.44716,0.9067312,0.1015902,0.1440707,532.2033,3.825991
0,46.17574,0.9652741,-1.240987,0.01448304,0.0626727,0.05090606,0.01176664,0.9166031,36.50035,0.9911636,0.1018378,0.1440707,669.4559,3.873491
0,36.04025,0.43742,-1.213829,0.01020599,0.05631408,0.05409108,0.002223005,0.8762821,16.65257,0.4772538,0.1019555,0.1440707,225.3928,3.704166
0,36.10986,0.3863476,-1.257165,0.01776782,0.05476884,0.05179197,0.002976867,0.8669913,14.73233,0.4036136,0.1021838,0.1440707,351.6495,3.794874
0,36.55918,0.2592765,-1.26358,0.0192628,0.05271959,0.05120434,0.001515253,0.8280466,9.90825,0.2677905,0.1023479,0.1440707,268.892,3.771431
0,43.29666,0.5333633,-1.217352,0.01058809,0.057809,0.05460566,0.003203334,0.8894984,20.27297,0.5874705,0.1028262,0.1440707,282.8336,3.730509
0,46.63594,0.7133613,-1.230696,0.01256328,0.06012632,0.05352494,0.006601373,0.9047316,27.04794,0.7701777,0.1028618,0.1440707,440.3611,3.79719
0,32.8391,0.6026493,-1.237906,0.01374926,0.05872839,0.05333004,0.005398348,0.8964042,22.88415,0.6482787,0.1031101,0.1440707,412.5236,3.79564
0,111.2298,0.8337602,-1.274787,0.02203391,0.05960831,0.04642614,0.01318217,0.9126899,31.63043,0.7807804,0.1033296,0.1440707,899.3637,3.967104
0,39.77296,0.418639,-1.25181,0.0160499,0.05713522,0.05382303,0.003312186,0.8721608,15.92371,0.4544991,0.105602,0.1440707,352.7193,3.789883
0,35.50469,0.8037054,-1.214917,0.009985859,0.06247307,0.05586675,0.006606319,0.9089648,30.39735,0.9056814,0.1056698,0.1440707,402.2187,3.76935
0,44.28454,0.4432362,-1.273369,0.02096669,0.05681616,0.05133458,0.005481585,0.8769179,16.86501,0.4589553,0.1066297,0.1440707,490.0868,3.855017
0,37.80842,0.4044331,-1.209214,0.009169575,0.05911045,0.05709118,0.002019265,0.8681828,15.35113,0.4657371,0.1069488,0.1440707,197.6476,3.687415
0,48.49658,0.2048166,-1.213044,0.009594305,0.05860226,0.05767337,0.000928898,0.7944367,7.778457,0.238268,0.1073684,0.1440707,114.964,3.647346
0,51.24443,0.4705833,-1.262493,0.018105,0.05823795,0.05311445,0.005123503,0.8804965,17.87857,0.5041669,0.1073832,0.1440707,449.9636,3.83196
0,37.63349,0.4697541,-1.210876,0.009319209,0.0603551,0.05733218,0.003022925,0.8792838,17.80695,0.5432431,0.1075017,0.1440707,231.2555,3.703672
0,66.33666,0.2514315,-1.283091,0.0231749,0.8272031,0.009345172,0.8178579,0.4912958,1.752714,0.04739496,0.1093012,0.1440707,103.0025,3.709425
0,48.77163,0.2988332,-1.287681,0.02446044,0.05561392,0.05245992,0.003153997,0.8419706,11.38501,0.3162144,0.1098451,0.1440707,414.1133,3.845921
0,34.91205,0.3980009,-1.230861,0.01171169,0.06018636,0.05778864,0.002397725,0.8661008,15.08971,0.4639292,0.1105752,0.1440707,257.1742,3.734148
0,47.75214,0.7205609,-1.24262,0.0135856,0.06398732,0.05559957,0.008387748,0.9027436,27.20869,0.8081041,0.1108651,0.1440707,517.433,3.832367
0,37.65996,0.8398216,-1.213298,0.009311505,0.06585134,0.05857543,0.007275914,0.9086544,31.64887,0.992265,0.1109899,0.1440707,410.2986,3.770321
0,50.32385,0.8272821,-1.256921,0.0163056,0.06519675,0.05303978,0.01215697,0.9085238,31.19816,0.885076,0.1109977,0.1440707,708.4035,3.899893
0,41.22918,0.2301061,-1.213212,0.009237777,0.0629586,0.06187429,0.001084307,0.808058,8.698453,0.2871861,0.1117524,0.1440707,126.6664,3.654767
0,34.7508,0.2448885,-1.267314,0.01823108,0.05937139,0.05615885,0.003212546,0.8178954,9.292695,0.2774033,0.1134541,0.1440707,267.8636,3.774769
0,44.24067,0.2552561,-1.275185,0.02010745,0.07407135,0.05518499,0.01888636,0.8206836,9.534739,0.2841334,0.1138101,0.1440707,303.0459,3.795813
0,135.9933,0.6830384,-1.291987,0.02490509,0.06189084,0.04848135,0.01340949,0.9015072,25.84959,0.6679516,0.1140189,0.1440707,928.0827,3.991496
0,45.32663,0.7463714,-1.232792,0.01156947,0.0668008,0.05877503,0.00802577,0.9025777,28.09859,0.8848569,0.1147464,0.1440707,471.0747,3.808715
0,212.3505,0.8581725,-1.277122,0.02044067,0.0655764,0.05055333,0.01502307,0.90992,32.34995,0.8750835,0.114775,0.1440707,950.7147,3.982264
0,46.17356,0.2444613,-1.222893,0.01013126,0.06256941,0.06133674,0.001232663,0.8148534,9.244946,0.3024517,0.11539,0.1440707,151.1799,3.678299
0,33.87867,0.2551828,-1.26802,0.01791654,0.05955165,0.05781995,0.001731696,0.821888,9.681474,0.2976146,0.1164965,0.1440707,280.242,3.7802
0,42.29385,0.9179244,-1.226009,0.01036285,0.07120994,0.0606169,0.01059305,0.9086756,34.39376,1.122343,0.1174177,0.1440707,524.9535,3.817959
0,49.29802,0.6748996,-1.259797,0.01578733,0.06757469,0.05732186,0.01025283,0.8969278,25.38683,0.7803414,0.118956,0.1440707,605.8752,3.874826
0,37.68153,0.2801132,-1.281293,0.02077917,0.06032875,0.05774158,0.002587168,0.8319406,10.61854,0.3262477,0.1191192,0.1440707,360.0971,3.821862
0,84.20949,0.9619213,-1.2534,0.01432139,0.07259644,0.057527,0.01506944,0.909865,35.98848,1.116186,0.1207889,0.1440707,779.8949,3.915195
0,42.69104,0.8251799,-1.225933,0.01000706,0.07190438,0.06278042,0.009123957,0.9037887,30.89559,1.044956,0.1214737,0.1440707,473.648,3.802635
0,28.94733,0.5874959,-1.228264,0.01017761,0.06935102,0.06419242,0.005158607,0.8878824,22.05697,0.7607006,0.1230686,0.1440707,354.6672,3.766998
0,38.69915,0.4661777,-1.281295,0.02008476,0.0646701,0.05688724,0.007782855,0.8755689,17.59023,0.5349234,0.1232407,0.1440707,566.8125,3.885315
0,50.77889,0.5473887,-1.2827,0.02040537,0.06637664,0.05601329,0.01036335,0.8854882,20.61687,0.6184607,0.1235138,0.1440707,668.8628,3.915043
0,62.344844,0.85959493,-1.2993287,0.024963049,0.067565813,0.049788144,0.017777669,0.90871385,32.334578,0.86326664,0.1250042,0.14407067,1265.6092,4.080318
0,46.82327,0.508131,-1.292119,0.02240132,0.066297,0.05566231,0.01063469,0.8806489,19.1399,0.5705084,0.1269779,0.1440707,704.6542,3.93409
0,37.35908,0.577919,-1.232504,0.01035915,0.07173964,0.06622917,0.005510473,0.8852615,21.64173,0.7720429,0.1276786,0.1440707,368.553,3.775907
0,79.747321,0.77640311,-1.2981746,0.024068647,0.068577273,0.051661261,0.016916012,0.90340849,29.173549,0.80905387,0.12774168,0.14407067,1131.688,4.0474118
0,41.33984,0.586393,-1.252661,0.0132798,0.07225305,0.06434759,0.007905461,0.8858022,21.94691,0.7611078,0.1290328,0.1440707,483.9113,3.832458
0,72.42325,0.8635586,-1.252905,0.01320387,0.07661563,0.06238586,0.01422976,0.9026862,32.1684,1.086684,0.130182,0.1440707,698.2037,3.893152
0,36.07017,0.3985063,-1.25245,0.01309482,0.06926109,0.0656566,0.003604484,0.86026,14.96299,0.5277628,0.1305011,0.1440707,338.7971,3.78575
0,52.49764,0.6062404,-1.249511,0.01256853,0.07822524,0.06500532,0.01321993,0.886712,22.54368,0.7949118,0.1309287,0.1440707,476.869,3.827187
0,58.51931,0.2179623,-1.257939,0.01375618,0.06871592,0.06729959,0.001416329,0.7965197,8.18877,0.2958823,0.1333005,0.1440707,214.8765,3.743779
0,57.839814,0.79841065,-1.2999619,0.023590343,0.071384285,0.053285923,0.018098362,0.90283085,29.910076,0.85815153,0.13335831,0.14407067,1187.9626,4.0626203
0,36.351326,0.97621176,-1.3020403,0.024159578,0.073705015,0.052670394,0.021034621,0.90967845,36.479469,1.0371362,0.13373936,0.14407067,1476.8845,4.1319883
0,117.80658,0.73853431,-1.2982319,0.022897238,0.07152805,0.054451034,0.017077016,0.89900982,27.662704,0.81115151,0.1343757,0.14407067,1079.1241,4.0348183
0,43.39709,0.8190945,-1.249921,0.01183902,0.08190212,0.0680564,0.01384572,0.8967734,30.33739,1.124419,0.1397293,0.1440707,637.8753,3.873809
0,55.397036,0.68141094,-1.3005596,0.022518968,0.073958022,0.05699746,0.016960563,0.89329243,25.45628,0.78341119,0.14077972,0.14407067,1029.7391,4.0251492
0,46.10047,0.3347308,-1.224747,0.008427625,0.07654966,0.07433793,0.002211731,0.8399952,12.46994,0.5019164,0.1420581,0.1440707,202.5798,3.705171
0,49.64786,0.7305628,-1.266574,0.01435907,0.0809192,0.06643062,0.01448858,0.8921428,27.08734,0.9789286,0.1426842,0.1440707,709.0414,3.909716
0,38.2466,0.3858622,-1.282891,0.01759959,0.0743177,0.06785241,0.006465292,0.8541942,14.40951,0.5281079,0.1435572,0.1440707,485.7999,3.863255
0,42.39189,0.6987657,-1.239069,0.009995031,0.08295766,0.07322101,0.009736648,0.8883081,25.85093,1.03203,0.1439729,0.1440707,477.3257,3.816883
0,42.49577,0.3194376,-1.252127,0.01178783,0.07488784,0.07231986,0.002567984,0.8365776,11.92163,0.4659816,0.1443705,0.1440707,276.4261,3.762862
0,35.709916,0.94744133,-1.3094377,0.024581546,0.077227166,0.054809975,0.022417191,0.90621995,35.269743,1.0474592,0.14454594,0.14407067,1576.2354,4.1620234
0,35.72709,0.2945494,-1.306421,0.02362059,0.07117775,0.0651813,0.005996447,0.8303776,11.03687,0.3872633,0.1447097,0.1440707,517.8403,3.896289
0,37.40638,0.2032842,-1.304576,0.02300872,0.06930485,0.06697407,0.002330784,0.7867305,7.63249,0.2746221,0.1450778,0.1440707,369.1228,3.84817
0,44.54871,0.3765354,-1.288885,0.01860977,0.07414809,0.06727017,0.006877917,0.8522877,14.06379,0.5109207,0.1466296,0.1440707,513.2348,3.877399
0,34.25161,0.5066559,-1.236965,0.009266906,0.08281274,0.07755686,0.005255875,0.8694525,18.74676,0.792608,0.151145,0.1440707,344.228,3.772137
0,121.324,0.97746288,-1.2925154,0.018796188,0.084066788,0.061402912,0.022663876,0.90278535,36.11763,1.2106383,0.15210542,0.14407067,1303.7266,4.0824312
0,45.56784,0.3038866,-1.310157,0.02343749,0.07414364,0.06703446,0.007109171,0.8319141,11.35038,0.4108988,0.1530095,0.1440707,557.6973,3.911574
0,49.35733,0.464146,-1.271483,0.01425944,0.08067432,0.07275693,0.007917392,0.8647206,17.21389,0.6811678,0.153032,0.1440707,495.137,3.854638
0,43.0912,0.2633829,-1.252343,0.01114801,0.07957584,0.07755325,0.002022593,0.8129023,9.779816,0.4120147,0.1530795,0.1440707,234.0152,3.746284
0,47.91178,0.6734639,-1.242446,0.009676952,0.08738271,0.07735342,0.01002929,0.8834994,24.79466,1.050797,0.1552975,0.1440707,480.7201,3.821283
0,111.0506,0.6152012,-1.300579,0.02038913,0.08025453,0.0633221,0.01693243,0.883472,22.82654,0.785774,0.1555246,0.1440707,933.8614,4.001529
0,31.32154,0.5646292,-1.234687,0.008629775,0.08732233,0.0808235,0.006498824,0.8734313,20.78911,0.9205051,0.1576248,0.1440707,369.0359,3.778252
0,40.50004,0.2607841,-1.303054,0.02065673,0.07640344,0.07107407,0.005329375,0.8143109,9.716697,0.3738673,0.1584676,0.1440707,445.213,3.871053
0,181.3786,0.962805,-1.267238,0.01288484,0.09284899,0.07158331,0.02126568,0.8960956,35.23491,1.390194,0.1603714,0.1440707,926.1086,3.966254
0,42.20255,0.4871329,-1.268498,0.01306296,0.08564227,0.07696482,0.008677446,0.8648719,17.96879,0.7562491,0.1607659,0.1440707,497.3244,3.852304
0,49.86784,0.2381882,-1.272198,0.01359275,0.08173888,0.07952103,0.002217849,0.7996356,8.823515,0.3820564,0.1620205,0.1440707,276.9899,3.783147
0,40.30178,0.4026033,-1.277338,0.01449544,0.08461786,0.07753647,0.007081396,0.8509169,14.8674,0.6296635,0.1623004,0.1440707,468.5288,3.852488
0,32.02867,0.5222069,-1.247774,0.009913086,0.08884348,0.08176074,0.007082747,0.8673632,19.19512,0.861217,0.1623363,0.1440707,405.9305,3.803399
0,56.36032,0.438609,-1.317582,0.0242334,0.07726389,0.06316206,0.01410184,0.8627864,16.32714,0.5588033,0.1627928,0.1440707,850.9297,3.99765
0,53.19389,0.2052245,-1.24654,0.009689275,0.08488076,0.08339568,0.001485089,0.7785224,7.576387,0.3452216,0.163475,0.1440707,175.6997,3.71443
0,34.02611,0.85810314,-1.3084202,0.021433063,0.086280475,0.062451601,0.023828874,0.89593777,31.63061,1.0809566,0.16362676,0.14407067,1411.2555,4.1232885
0,200.39,0.8371594,-1.280458,0.01489908,0.09182436,0.07090143,0.02092294,0.8911596,30.67137,1.19726,0.1643598,0.1440707,960.6605,3.988066
0,161.1274,0.988183,-1.270071,0.01297046,0.09563197,0.07289569,0.02273628,0.8951885,36.0527,1.452996,0.1652167,0.1440707,983.7162,3.983374
0,42.37887,0.2580196,-1.30408,0.01973305,0.08075566,0.07618332,0.004572336,0.809791,9.568387,0.396495,0.1680873,0.1440707,446.7166,3.872545
0,36.84744,0.94588,-1.3017895,0.019014088,0.091445838,0.06591817,0.025527668,0.89639831,34.669057,1.257669,0.1693847,0.14407067,1419.8027,4.1186278
0,55.51797,0.980018,-1.250076,0.009749706,0.101285,0.08084214,0.02044282,0.8910276,35.53131,1.598075,0.1700112,0.1440707,753.4016,3.90495
0,43.16685,0.2746923,-1.318867,0.02338976,0.08109825,0.07342127,0.007676978,0.8166324,10.18288,0.4068118,0.1714698,0.1440707,570.0263,3.923801
0,39.60717,0.2796608,-1.294654,0.01710717,0.08405742,0.07950835,0.00454907,0.8167526,10.33368,0.4485072,0.1717783,0.1440707,423.7877,3.855959
0,240.6736,0.8873395,-1.271585,0.01269905,0.09759805,0.07592054,0.02167751,0.8895934,32.30316,1.358859,0.1720609,0.1440707,904.366,3.965158
0,46.2763,0.3227184,-1.293361,0.01640222,0.08710288,0.08078864,0.00631424,0.8296113,11.88504,0.5258952,0.1762089,0.1440707,471.9478,3.869548
0,60.40565,0.4565851,-1.296041,0.01655057,0.09179144,0.07855876,0.01323268,0.8561973,16.72871,0.723505,0.1807456,0.1440707,666.2033,3.927662
0,53.050108,0.70809334,-1.3089451,0.019340895,0.09264388,0.06971377,0.02293011,0.8827213,25.919311,0.99571317,0.1825535,0.14407067,1181.6909,4.0701136
0,103.251,0.6284524,-1.290227,0.01503798,0.09677436,0.07799959,0.01877476,0.8734824,22.89938,0.9887577,0.1846126,0.1440707,829.5792,3.964843
0,38.871635,0.78256141,-1.3049996,0.018142109,0.096967949,0.071983959,0.02498399,0.88447651,28.508657,1.1362642,0.18499902,0.14407067,1233.0622,4.0783302
0,41.12718,0.6262498,-1.246757,0.008537441,0.1028344,0.09186514,0.01096924,0.8691205,22.66603,1.160442,0.1860495,0.1440707,472.1598,3.823009
0,49.62938,0.314761,-1.303198,0.01755256,0.08935564,0.08174663,0.007609013,0.8257329,11.56338,0.5190102,0.1868387,0.1440707,523.4678,3.894713
0,30.806715,0.86032414,-1.3091935,0.018836448,0.098633376,0.071304994,0.027328382,0.88762999,31.283746,1.2373918,0.18804132,0.14407067,1422.9067,4.1267468
0,116.4421,0.7639963,-1.271011,0.01137558,0.1058429,0.08542154,0.0204214,0.8773401,27.55879,1.316388,0.1906693,0.1440707,776.576,3.931942
0,51.60026,0.5224738,-1.292276,0.01485258,0.09845575,0.08249679,0.01595895,0.8611214,19.00232,0.8694142,0.1918999,0.1440707,716.8963,3.937509
0,31.495662,0.65762484,-1.3248016,0.022485886,0.094659409,0.069642045,0.025017364,0.87738198,24.018472,0.92379348,0.19249154,0.14407067,1350.5655,4.1256264
0,43.88783,0.3770478,-1.299928,0.01626739,0.09629447,0.08530163,0.01099285,0.8377771,13.74607,0.6487523,0.1933078,0.1440707,588.1049,3.909978
0,44.53834,0.3940921,-1.326325,0.02274892,0.08793462,0.0722137,0.01572091,0.8472294,14.50036,0.5740405,0.1940247,0.1440707,861.0594,4.008967
0,110.6994,0.7499687,-1.270028,0.01099006,0.1085034,0.08816264,0.02034075,0.8747184,26.9723,1.333684,0.194881,0.1440707,752.7603,3.924734
0,51.515216,0.76640104,-1.3032648,0.016700001,0.10166615,0.076266928,0.025399222,0.8804184,27.774677,1.1790101,0.19654547,0.14407067,1180.2575,4.0640926
0,32.40137,0.2386646,-1.303398,0.01667162,0.09442373,0.09013325,0.004290478,0.7916757,8.719032,0.4339086,0.1972183,0.1440707,412.7463,3.861203
0,30.88569,0.4069765,-1.258564,0.009267549,0.1041231,0.09816687,0.005956222,0.8389886,14.70865,0.8058597,0.1994596,0.1440707,369.3806,3.802244
0,34.03326,0.5958283,-1.253081,0.008628557,0.109751,0.09783202,0.01191896,0.8614092,21.39872,1.175783,0.1996607,0.1440707,487.8052,3.834046
0,46.13869,0.5413793,-1.274475,0.01125905,0.1068904,0.09286104,0.01402937,0.8576621,19.5057,1.014052,0.2014076,0.1440707,587.8416,3.88445
0,27.345296,0.81988453,-1.3160883,0.019131847,0.10402275,0.07480203,0.029220716,0.88176103,29.634994,1.2370614,0.2022822,0.14407067,1482.538,4.1473304
0,30.30533,0.66675732,-1.3339676,0.024033913,0.10287682,0.073820377,0.029056441,0.87238042,24.130984,0.99281703,0.20259528,0.14407067,1535.1834,4.1772257
0,34.287516,0.9275007,-1.311141,0.017880384,0.10532058,0.075026584,0.030293996,0.88617305,33.476254,1.4036363,0.20311393,0.14407067,1563.7676,4.1608975
0,32.911538,0.98744919,-1.3304005,0.022883066,0.11032696,0.074936315,0.035390648,0.8850291,35.440542,1.4925616,0.20325457,0.14407067,2122.925,4.3044438
0,125.3646,0.5547242,-1.300179,0.01548219,0.1022472,0.08292124,0.01932596,0.8624228,20.09042,0.9278292,0.2037678,0.1440707,837.672,3.976866
0,51.1771,0.5052045,-1.310945,0.01773007,0.0997405,0.08046695,0.01927354,0.858121,18.34806,0.8199926,0.2043218,0.1440707,882.8848,3.999112
0,44.9691,0.2553697,-1.253855,0.008506077,0.1051216,0.1026044,0.002517229,0.7930359,9.2191,0.5285188,0.2045594,0.1440707,230.5588,3.74636
0,47.69473,0.6081574,-1.269345,0.01035494,0.1110346,0.09505056,0.01598404,0.8618654,21.81002,1.165993,0.2050283,0.1440707,612.3723,3.886185
0,47.09953,0.3628308,-1.304604,0.01613622,0.10132,0.08963848,0.01168154,0.831214,13.1542,0.6560302,0.206942,0.1440707,602.337,3.918646
0,53.40715,0.5336281,-1.28698,0.01278455,0.1084677,0.09176081,0.01670693,0.8558535,19.19247,0.987691,0.2082825,0.1440707,680.6239,3.922503
0,37.771397,0.88652971,-1.3326377,0.022456157,0.11125811,0.076603738,0.034654374,0.88012698,31.785139,1.3698355,0.21315678,0.14407067,1970.3833,4.2732284
0,37.74982,0.3732809,-1.282311,0.01172999,0.1086563,0.1003872,0.008269072,0.8287238,13.42259,0.7558565,0.2137929,0.1440707,462.9718,3.855769
0,31.24168,0.2764786,-1.283842,0.01187177,0.1059693,0.1016882,0.004281148,0.8013634,9.971697,0.5670967,0.2154345,0.1440707,362.7503,3.825304
0,97.16732,0.9340974,-1.257474,0.008370491,0.1248518,0.09946852,0.02538329,0.8727828,32.97835,1.874144,0.2177648,0.1440707,785.0524,3.920609
0,51.98563,0.5508215,-1.267413,0.009489519,0.1163216,0.1024675,0.01385415,0.8523672,19.63633,1.138471,0.2182423,0.1440707,543.8185,3.86484
0,32.372908,0.95887742,-1.3079163,0.015726288,0.11626467,0.082902297,0.033362376,0.87994128,34.185385,1.6034478,0.22156526,0.14407067,1542.9505,4.1529419
0,33.070798,0.60739241,-1.3402985,0.023824423,0.10522105,0.0760203,0.029200747,0.86566753,21.925034,0.93137399,0.22169079,0.14407067,1524.7426,4.1811784
0,31.194095,0.72362788,-1.3199424,0.018342718,0.10967642,0.080273242,0.029403179,0.87214327,25.990721,1.1716861,0.22169258,0.14407067,1381.283,4.1278876
0,29.821116,0.94708769,-1.3337715,0.02160682,0.12554678,0.085256887,0.040289891,0.87304246,33.41042,1.628714,0.22478564,0.14407067,2118.5724,4.3068641
0,39.486972,0.9923704,-1.2961543,0.013195041,0.12304437,0.089148054,0.03389632,0.87638062,35.10804,1.7844765,0.22704062,0.14407067,1367.935,4.1010086
0,32.876593,0.50808944,-1.3348644,0.021651604,0.10381155,0.0788962,0.024915348,0.85560997,18.369387,0.80857707,0.22749202,0.14407067,1205.3479,4.1016452
0,39.559063,0.83943369,-1.3427687,0.023872944,0.11036515,0.075602307,0.03476284,0.87835319,30.126824,1.280108,0.22837272,0.14407067,2131.433,4.3186696
0,33.20101,0.59367062,-1.3371894,0.022125373,0.10594347,0.07769159,0.028251878,0.86393096,21.412418,0.93034653,0.22936938,0.14407067,1433.6728,4.1572206
0,42.78295,0.311609,-1.314662,0.01656569,0.1069877,0.09578798,0.01119972,0.8133756,11.22594,0.6020689,0.2293775,0.1440707,597.7633,3.927424
0,42.67317,0.2923319,-1.345693,0.02433862,0.09523313,0.0797789,0.01545423,0.8145519,10.67009,0.4704239,0.2325761,0.1440707,845.1769,4.024294
0,32.035992,0.76634501,-1.3211307,0.017679342,0.11666669,0.084135093,0.032531599,0.86997518,27.308894,1.3005489,0.23354872,0.14407067,1477.3321,4.1511812
0,43.03938,0.3069073,-1.337235,0.02136934,0.1003834,0.08514596,0.01523745,0.8162398,11.13833,0.5271042,0.2376249,0.1440707,789.8098,4.001605
0,42.144784,0.74216818,-1.3077264,0.014613714,0.12065512,0.090298778,0.03035634,0.86577609,26.327931,1.3517905,0.23785241,0.14407067,1204.8047,4.0743786
0,55.50116,0.2075039,-1.289697,0.01159091,0.11457,0.1116951,0.002874895,0.7612829,7.412006,0.4675042,0.2378901,0.1440707,305.9996,3.811397
0,34.016259,0.79157246,-1.3204636,0.017207891,0.12223674,0.087847347,0.03438939,0.86766112,28.030009,1.4026344,0.23790019,0.14407067,1507.4152,4.1573916
0,34.14981,0.54976857,-1.3382424,0.021519012,0.11064631,0.081876729,0.028769581,0.85602917,19.724663,0.90795759,0.23904393,0.14407067,1351.0095,4.1391702
0,83.40495,0.5558075,-1.292125,0.01185546,0.1224013,0.1015171,0.02088416,0.8489875,19.67776,1.138122,0.2399476,0.1440707,751.5299,3.946508
0,44.64377,0.63662568,-1.3086271,0.014645451,0.11981845,0.092437365,0.027381083,0.85852636,22.605368,1.1870168,0.2400988,0.14407067,1055.3293,4.0394472
0,61.065752,0.70104648,-1.298644,0.012719233,0.12493398,0.096688436,0.028245544,0.86006277,24.748153,1.3672455,0.24318798,0.14407067,1014.5022,4.019509
0,41.00584,0.3610644,-1.337541,0.02095368,0.1045328,0.08518485,0.01934795,0.8287275,13.04336,0.6204005,0.2432904,0.1440707,914.5349,4.033663
0,33.985097,0.57130748,-1.3479787,0.023922588,0.11143503,0.080313782,0.031121247,0.85778161,20.47926,0.92551862,0.24367189,0.14407067,1586.3114,4.2028483
0,48.22309,0.5733702,-1.273456,0.009169541,0.1294394,0.111661,0.01777838,0.8460079,20.13675,1.291403,0.2440876,0.1440707,607.2194,3.888861
0,34.90425,0.202028,-1.305301,0.01378823,0.1138524,0.1103242,0.003528236,0.7582155,7.222255,0.4495805,0.2443589,0.1440707,365.8089,3.847788
0,30.786454,0.56085796,-1.3365112,0.020550441,0.11381329,0.084306951,0.029506336,0.85510204,20.050873,0.95376513,0.24480571,0.14407067,1344.607,4.1359517
0,50.36911,0.322823,-1.320553,0.01654054,0.1131463,0.09923229,0.013914,0.8129705,11.54972,0.6461639,0.2477836,0.1440707,663.6762,3.951489
0,44.94456,0.5067913,-1.312796,0.01486972,0.1194991,0.09618964,0.02330947,0.8450279,18.00173,0.9832924,0.2494868,0.1440707,900.8052,4.005476
0,62.28229,0.2915152,-1.328838,0.01792339,0.1140614,0.09775912,0.01630226,0.8034741,10.41885,0.5748356,0.2543418,0.1440707,673.788,3.962514
0,26.870239,0.8216902,-1.330379,0.018061738,0.13770192,0.09610952,0.041592404,0.85846988,28.583848,1.592941,0.25743948,0.14407067,1764.6868,4.2253616
0,37.402658,0.72588268,-1.3064261,0.013273053,0.12984187,0.098062421,0.03177945,0.85843916,25.481194,1.4358009,0.25753974,0.14407067,1156.5453,4.0616066
0,96.85543,0.4289297,-1.304603,0.01294386,0.1239113,0.1059771,0.01793421,0.8301042,15.15966,0.9169028,0.2579777,0.1440707,695.0884,3.944015
0,43.817408,0.9013885,-1.2963868,0.011608405,0.13717109,0.10131014,0.03586095,0.86275218,31.375587,1.8420021,0.25884435,0.14407067,1245.5305,4.0726555
0,90.23357,0.6821519,-1.293241,0.01107963,0.1342681,0.1061,0.02816806,0.8524439,23.82428,1.459896,0.260459,0.1440707,919.2971,3.990556
0,40.840413,0.67575155,-1.3560632,0.024823071,0.11258058,0.078245931,0.034334648,0.86739638,24.191965,1.0665322,0.26052948,0.14407067,2055.906,4.3154442
0,38.439913,0.91281605,-1.3472699,0.022084354,0.12301847,0.083029587,0.039988884,0.87395438,32.294523,1.5287671,0.26156208,0.14407067,2432.971,4.3885234
0,31.945497,0.82039742,-1.3191357,0.015261034,0.13521184,0.096940277,0.038271567,0.86030999,28.621289,1.6041823,0.26371239,0.14407067,1526.1107,4.1603274
0,30.093393,0.82515342,-1.3398411,0.019742878,0.13993584,0.096188035,0.043747806,0.8575171,28.629959,1.6009616,0.26595498,0.14407067,1998.1765,4.2865485
0,33.759508,0.95053914,-1.3149724,0.014291207,0.13481688,0.095306401,0.039510478,0.86665013,33.176702,1.8273311,0.26694439,0.14407067,1664.6251,4.1875253
0,42.708688,0.95286042,-1.3429378,0.020276556,0.13426543,0.090344531,0.043920899,0.86620567,33.278919,1.7364262,0.26946302,0.14407067,2392.6484,4.3755027
0,37.273275,0.57057425,-1.3188396,0.01485774,0.12682777,0.098156403,0.028671372,0.84754472,20.098667,1.1296814,0.26984225,0.14407067,1083.689,4.0565293
0,73.97364,0.4192145,-1.309072,0.01310145,0.1277528,0.1087471,0.01900574,0.8258871,14.75133,0.9195578,0.269931,0.1440707,719.979,3.955124
0,34.611875,0.38099315,-1.3506704,0.022332073,0.11263067,0.087488907,0.025141766,0.82781343,13.638819,0.67234988,0.27020938,0.14407067,1133.2118,4.1002727
0,53.976692,0.83927796,-1.3533124,0.022629886,0.11691954,0.079451837,0.037467702,0.87421909,29.899317,1.3450392,0.27585764,0.14407067,2433.5803,4.3946971
0,72.871453,0.77636014,-1.2925145,0.010325427,0.14375308,0.11071133,0.033041741,0.85204355,26.817446,1.7337261,0.27688643,0.14407067,1025.6582,4.0161077
0,29.801338,0.61813992,-1.3271956,0.016107953,0.13097466,0.097500369,0.033474286,0.84919357,21.670773,1.2156771,0.2770997,0.14407067,1298.3191,4.1158478
0,47.67648,0.4058866,-1.305106,0.01196873,0.1351678,0.1171813,0.01798657,0.8183496,14.16093,0.9593742,0.2808025,0.1440707,662.8865,3.935827
0,28.696687,0.62637518,-1.3397121,0.01859511,0.13042895,0.094241958,0.036186993,0.85021404,21.973275,1.1907046,0.28190333,0.14407067,1544.1973,4.1850213
0,30.88092,0.2164303,-1.318061,0.01403393,0.1280298,0.1218756,0.00615415,0.7584033,7.613333,0.5320592,0.2828404,0.1440707,454.1849,3.888828
0,30.89235,0.32345991,-1.3543074,0.022300709,0.11535948,0.092100029,0.023259449,0.8113413,11.543631,0.60090442,0.28353005,0.14407067,1025.4015,4.0778378
0,32.923029,0.40988031,-1.3518377,0.021401992,0.12202272,0.093096416,0.028926309,0.82754668,14.517622,0.76968883,0.28621129,0.14407067,1224.8455,4.1232292
0,48.77116,0.44666761,-1.3559773,0.022446876,0.12446514,0.09250356,0.031961583,0.83259711,15.776587,0.83342798,0.28779135,0.14407067,1395.2407,4.1671495
0,80.978,0.3460367,-1.314733,0.012862,0.1364534,0.1199665,0.0164868,0.8040875,12.05489,0.8373509,0.2956966,0.1440707,649.908,3.941918
0,48.709514,0.76774931,-1.3005313,0.010711038,0.15042028,0.11411099,0.036309287,0.84684533,26.313507,1.7671446,0.29586912,0.14407067,1122.3883,4.0475387
0,67.230432,0.52820055,-1.360567,0.023052636,0.12287721,0.087952815,0.034924394,0.84490117,18.69022,0.93707374,0.29724626,0.14407067,1727.7576,4.2472919
0,33.426038,0.82695494,-1.3232887,0.014257459,0.14870324,0.10588355,0.042819694,0.85117389,28.399977,1.7661822,0.29774183,0.14407067,1614.4292,4.1845212
0,31.671842,0.77520707,-1.3399204,0.017566955,0.15106513,0.10497069,0.046094447,0.84661998,26.548945,1.6413868,0.29920209,0.14407067,1878.6989,4.2602592
0,34.630938,0.40621814,-1.3467675,0.019088498,0.1272961,0.098691307,0.028604788,0.82332209,14.301494,0.80865519,0.30066653,0.14407067,1136.3335,4.0971172
0,53.07714,0.2154029,-1.295078,0.00981155,0.1693296,0.1328259,0.03650367,0.7446579,7.21831,0.5771113,0.3011419,0.1440707,326.4561,3.824075
0,78.35322,0.4379871,-1.320978,0.01366095,0.1376008,0.1124311,0.02516968,0.8223304,15.23789,0.9932833,0.3016537,0.1440707,870.3731,4.005982
0,34.45956,0.60507297,-1.3476324,0.019203134,0.12981069,0.093321443,0.036489249,0.84850817,21.241083,1.1389755,0.30221083,0.14407067,1655.9229,4.2182262
0,31.67495,0.81281328,-1.3202907,0.013411152,0.1566746,0.11217234,0.044502261,0.84479499,27.652929,1.8390847,0.30457305,0.14407067,1523.999,4.1610012
0,50.193901,0.87244615,-1.2916269,0.00924585,0.16037987,0.1209104,0.039469471,0.84526793,29.551303,2.1277837,0.30571132,0.14407067,1126.3618,4.0395875
0,31.360691,0.46865594,-1.3530662,0.020221038,0.13791833,0.10201684,0.035901488,0.82675059,16.298878,0.96438658,0.30774467,0.14407067,1398.3456,4.1649555
0,31.463308,0.75023335,-1.3357794,0.015940044,0.15869667,0.111768,0.046928672,0.83967153,25.462682,1.6913715,0.31265904,0.14407067,1722.6321,4.2213564
0,42.98748,0.2304272,-1.358862,0.02102959,0.1207419,0.103331,0.01741092,0.7711793,8.173446,0.4802745,0.3187831,0.1440707,809.8663,4.028414
0,53.184109,0.90780104,-1.2903895,0.008468615,0.17218346,0.12933648,0.042846981,0.83860798,30.316562,2.3683009,0.32850581,0.14407067,1146.3407,4.043133
0,55.55286,0.2400818,-1.337204,0.01540085,0.135908,0.1225329,0.01337511,0.7664751,8.369017,0.5933857,0.3295812,0.1440707,631.7145,3.959397
0,48.649504,0.30099021,-1.369967,0.023396306,0.12512285,0.097338549,0.027784297,0.79743751,10.623182,0.59096588,0.33046594,0.14407067,1174.0032,4.1293073
0,77.222583,0.38174938,-1.3630092,0.021385659,0.1346162,0.10156718,0.033049024,0.81266637,13.327303,0.7820903,0.33062665,0.14407067,1321.6845,4.1571151
0,42.978397,0.61945853,-1.3711308,0.022884749,0.14027614,0.096233043,0.0440431,0.84309627,21.484556,1.2024351,0.34294169,0.14407067,2279.5702,4.3792501
0,45.914437,0.56169772,-1.3705309,0.022701815,0.14461056,0.10076023,0.043850331,0.83524518,19.383032,1.141608,0.34305167,0.14407067,2059.9903,4.330807
0,32.841317,0.83769225,-1.3286785,0.013257516,0.17689734,0.12405205,0.052845293,0.83168957,27.815935,2.0961078,0.34315174,0.14407067,1734.2755,4.2168625
0,41.00491,0.2022452,-1.364303,0.02093832,0.1275123,0.1106185,0.01689386,0.7502163,7.118568,0.4512644,0.3433509,0.1440707,777.5413,4.025486
0,32.399538,0.91679536,-1.3281761,0.013001204,0.16521715,0.11524871,0.049968441,0.8439611,30.874582,2.1312464,0.34766629,0.14407067,1884.7864,4.2498633
0,38.872152,0.83553346,-1.3490816,0.016937141,0.16839371,0.11443328,0.05396043,0.8375578,28.030883,1.9285964,0.34908074,0.14407067,2255.409,4.3519616
0,65.21144,0.48764078,-1.3702647,0.021981391,0.13931731,0.099408985,0.03990832,0.82880229,16.93161,0.97780178,0.35308556,0.14407067,1807.2564,4.2747385
0,33.044959,0.99016056,-1.3040395,0.009346632,0.18159744,0.13051761,0.051079824,0.83516476,32.690967,2.6067532,0.35468783,0.14407067,1479.0892,4.1344924
0,46.74519,0.3627101,-1.311462,0.01020906,0.1627722,0.1433008,0.01947138,0.7903972,12.25063,1.048416,0.3572099,0.1440707,644.2581,3.937102
0,30.612011,0.49286331,-1.3317997,0.01322005,0.15870839,0.12310188,0.035606509,0.8162428,16.727391,1.2238166,0.35820092,0.14407067,1106.1295,4.0749001
0,44.967822,0.76866453,-1.3600093,0.018968169,0.15370265,0.10467867,0.049023982,0.84592466,26.243091,1.6230063,0.35867425,0.14407067,2405.7264,4.3953937
0,32.261059,0.49463357,-1.3312338,0.012930244,0.16092942,0.12494854,0.035980885,0.8149323,16.743153,1.2466368,0.36357692,0.14407067,1100.9208,4.0730802
0,32.53089,0.59723404,-1.350226,0.016383947,0.1563177,0.11223509,0.044082607,0.82952494,20.327251,1.3520676,0.36621124,0.14407067,1675.8561,4.2253053
0,59.498279,0.58524582,-1.3826439,0.024359363,0.15756173,0.10663573,0.050926002,0.82751081,19.889853,1.2588275,0.37353019,0.14407067,2492.7967,4.4367628
0,36.15606,0.2150657,-1.37177,0.02112709,0.134466,0.1125086,0.02195748,0.7535626,7.509489,0.4880697,0.3745336,0.1440707,898.7913,4.063943
0,35.9612,0.4415572,-1.33011,0.01233039,0.1630934,0.1305672,0.03252624,0.8056739,14.90799,1.16291,0.3757982,0.1440707,977.3013,4.041831
0,77.428619,0.82819543,-1.3816439,0.02379645,0.16993032,0.1123431,0.057587212,0.83629114,27.733364,1.8767413,0.37748604,0.14407067,3395.4351,4.6269191
0,31.983674,0.93811928,-1.3152462,0.010122796,0.18725879,0.13324309,0.054015706,0.82901962,30.758525,2.5213197,0.37819565,0.14407067,1619.0305,4.1775183
0,33.426127,0.47437417,-1.3518521,0.016140511,0.16785176,0.12470521,0.043146548,0.80697567,15.924907,1.1932483,0.37958053,0.14407067,1378.0818,4.1590564
0,32.569442,0.98134236,-1.30618,0.008932128,0.19228889,0.13806749,0.054221399,0.82707632,31.976562,2.7329844,0.38149343,0.14407067,1501.6389,4.1417891
0,33.590433,0.52818496,-1.3423392,0.014159178,0.17759259,0.13177496,0.04581763,0.80719732,17.523797,1.4039256,0.38292706,0.14407067,1341.6521,4.1410929
0,31.99397,0.2042574,-1.37257,0.02042789,0.1404535,0.1186941,0.02175942,0.7431794,7.082757,0.489026,0.3913566,0.1440707,868.4448,4.057086
0,30.694585,0.57782859,-1.3437454,0.013906519,0.17941222,0.13081141,0.048600804,0.81142244,19.128426,1.5246489,0.39699042,0.14407067,1483.4333,4.1751925
0,57.333975,0.40122991,-1.3675478,0.018844129,0.16648916,0.12380578,0.042683379,0.79686083,13.491484,1.0019808,0.3977434,0.14407067,1446.4174,4.1905086
0,35.11093,0.7000001,-1.3140831,0.009422944,0.1874413,0.14161041,0.045830889,0.81646098,22.946054,1.9994863,0.40026023,0.14407067,1208.2003,4.0815393
0,40.24568,0.95002634,-1.3417163,0.013285852,0.20082891,0.13582862,0.065000287,0.81886044,30.628842,2.6028678,0.40484585,0.14407067,2293.1746,4.352783
0,41.321245,0.59710437,-1.3887201,0.024280584,0.14138564,0.14138418,1.4588642e-06,0.84057689,20.682525,1.7028494,0.40516141,0.14407067,2758.9934,4.4997434
0,63.906976,0.97673075,-1.3468296,0.013971541,0.20720041,0.14499782,0.062202599,0.81615075,31.238735,2.8566793,0.41111117,0.14407067,2505.9013,4.4037627
0,91.026331,0.89224667,-1.3340818,0.011850209,0.19101203,0.13264849,0.058363541,0.82504755,29.119383,2.3873297,0.41149517,0.14407067,1961.6941,4.2727582
0,38.494746,0.3734222,-1.3886488,0.023630677,0.15025933,0.1077693,0.042490026,0.80151099,12.800935,0.81174642,0.41592374,0.14407067,1789.2022,4.2891009
0,35.43696,0.220644,-1.316865,0.009332878,0.1828765,0.1748978,0.007978758,0.7252397,7.273358,0.7783978,0.4188236,0.1440707,446.825,3.885363
0,48.617352,0.54070201,-1.3730015,0.019122559,0.16967436,0.11853893,0.051135422,0.81554681,18.1118,1.2928382,0.42039337,0.14407067,2034.9414,4.3277849
0,46.535413,0.51931516,-1.3838409,0.021746544,0.15582074,0.10802965,0.047791091,0.82381444,17.685643,1.1316161,0.42489251,0.14407067,2260.9872,4.3879311
0,54.047143,0.32211886,-1.3756405,0.019531345,0.15671504,0.11892025,0.037794783,0.78271638,10.958363,0.7726755,0.42578594,0.14407067,1327.0951,4.1710069
0,41.08095,0.439836,-1.320306,0.009534973,0.1872747,0.154636,0.03263862,0.7887705,14.42081,1.371913,0.4284735,0.1440707,851.3729,4.000486
0,29.718034,0.7474099,-1.3447793,0.013018292,0.19840992,0.13840991,0.060000002,0.8115056,24.169427,2.0866577,0.42974594,0.14407067,1899.2316,4.2696637
0,74.535095,0.96958587,-1.3592528,0.015633645,0.21020668,0.14053729,0.069669388,0.81385765,30.892631,2.7485462,0.43096819,0.14407067,2915.0717,4.5034114
0,28.928223,0.69907805,-1.3235518,0.009882279,0.20285634,0.14960148,0.053254859,0.80509184,22.481093,2.1095349,0.43101497,0.14407067,1355.6851,4.1255651
0,50.352701,0.44173027,-1.3884651,0.02236354,0.1670243,0.11700078,0.050023519,0.80391438,14.843785,1.042488,0.43845431,0.14407067,2063.6549,4.3495441
0,44.636406,0.52935284,-1.3956818,0.02439534,0.16632897,0.12520046,0.041128508,0.81535593,17.803079,1.3368305,0.44097698,0.14407067,2677.3677,4.4893116
0,33.775574,0.68493086,-1.3278571,0.010019234,0.2078264,0.15262996,0.055196437,0.80049098,21.888816,2.108685,0.44929539,0.14407067,1403.0387,4.1408299
0,36.70766,0.2798547,-1.316309,0.008457568,0.2025376,0.1870063,0.01553128,0.7388902,9.003224,1.055636,0.4588813,0.1440707,539.0155,3.912347
0,33.509894,0.74667581,-1.3428926,0.011715866,0.21944522,0.15427179,0.065173429,0.79806811,23.512057,2.3235058,0.46608652,0.14407067,1833.7027,4.2532482
0,113.83468,0.8104072,-1.3375426,0.010866744,0.21775208,0.15284202,0.064910064,0.80239008,25.574248,2.4984532,0.46913439,0.14407067,1852.0442,4.2519713
0,41.44399,0.2202382,-1.353012,0.01318009,0.1777272,0.1576021,0.02012508,0.7289533,7.305731,0.7001319,0.4718177,0.1440707,710.3854,3.996513
0,49.369095,0.49495011,-1.3754073,0.017239552,0.19195188,0.13552508,0.056426797,0.79439743,16.134437,1.3530264,0.4809465,0.14407067,1919.4467,4.3047612
0,35.31967,0.4638739,-1.326656,0.009135857,0.2081328,0.1673391,0.04079361,0.7778763,14.81861,1.565751,0.4851968,0.1440707,962.5016,4.03472
0,43.02573,0.2683251,-1.322551,0.00857422,0.2105219,0.1939984,0.01652354,0.7291367,8.545876,1.049989,0.490423,0.1440707,561.7595,3.925129
0,32.744447,0.692585,-1.3226731,0.008491956,0.22685204,0.16864914,0.058202901,0.78734673,21.601846,2.3560385,0.49595274,0.14407067,1317.0741,4.1157042
0,54.317921,0.51863472,-1.3655421,0.014471701,0.19437426,0.13977465,0.054599603,0.79558842,16.855828,1.4622283,0.50474348,0.14407067,1763.9621,4.2603629
0,38.752478,0.69388478,-1.3782545,0.016509357,0.18541053,0.18540816,2.3656554e-06,0.81793229,22.80244,2.595024,0.5209254,0.14407067,2732.7945,4.4837002
0,42.172599,0.49720994,-1.3419069,0.010321685,0.21669654,0.16492001,0.051776529,0.77607438,15.711766,1.6540107,0.52238637,0.14407067,1244.2321,4.1178698
0,39.169228,0.53420959,-1.3549696,0.012074984,0.23548376,0.17080639,0.06467737,0.76591898,16.476067,1.8405218,0.52811127,0.14407067,1563.5798,4.2046835
0,40.143096,0.6071175,-1.3917428,0.019364473,0.17831437,0.17831247,1.9075296e-06,0.8158795,20.124894,2.1836329,0.52813345,0.14407067,2875.3735,4.5274882
0,29.076102,0.92937646,-1.3296451,0.008694386,0.24289893,0.16966289,0.073236033,0.78818448,28.385771,3.1805608,0.52978731,0.14407067,1890.8218,4.2526684
0,44.65747,0.2587241,-1.326665,0.008340806,0.2223421,0.2050389,0.01730313,0.7175235,8.116721,1.070036,0.5315085,0.1440707,571.6103,3.93205
0,58.094232,0.50244429,-1.3641701,0.013430054,0.21049611,0.15232118,0.058174924,0.78186257,16.002851,1.5437373,0.53439028,0.14407067,1674.3281,4.2389058
0,42.789848,0.53925848,-1.3841911,0.017352952,0.20003672,0.13784107,0.062195657,0.79446931,17.402923,1.4993422,0.53487128,0.14407067,2317.4216,4.4005067
0,36.13729,0.2512237,-1.360017,0.01249199,0.1981961,0.1674077,0.03078842,0.7304214,8.126132,0.8483228,0.5446755,0.1440707,862.8142,4.043105
0,60.201203,0.54230085,-1.371831,0.014479483,0.20556582,0.14440045,0.061165374,0.78824955,17.380144,1.5795523,0.54691424,0.14407067,1990.2115,4.3167865
0,39.097972,0.23728815,-1.3777597,0.015479854,0.19118219,0.15527548,0.035906703,0.7292416,7.7425126,0.74319727,0.55204984,0.14407067,1034.1724,4.1034309
0,30.369331,0.90418354,-1.3332409,0.008688228,0.27459227,0.19074474,0.08384753,0.7631325,26.46025,3.478839,0.55522431,0.14407067,1906.4746,4.2597274
0,40.007162,0.57416205,-1.3990881,0.019922065,0.1840363,0.18403446,1.8354985e-06,0.80866736,18.899943,2.1313699,0.56414428,0.14407067,2994.0046,4.559947
0,36.146226,0.33258523,-1.3607233,0.012051565,0.21293473,0.1683682,0.044566534,0.74799918,10.56012,1.1295051,0.56972486,0.14407067,1104.8764,4.1035221
0,37.483718,0.46719448,-1.3406482,0.009123783,0.23722842,0.18398379,0.053244628,0.75725799,14.376308,1.7338138,0.58149529,0.14407067,1148.0531,4.093801
0,50.329438,0.74658834,-1.3596991,0.011558784,0.24402743,0.16813159,0.075895838,0.7823401,22.768919,2.5319534,0.5862507,0.14407067,2247.9139,4.3609527
0,37.270586,0.41723857,-1.3394449,0.008754542,0.24169193,0.193225,0.048466933,0.74634524,12.763956,1.6261962,0.59672626,0.14407067,1018.3368,4.0612483
0,32.734765,0.4950505,-1.3471414,0.009470401,0.26927389,0.20213716,0.067136732,0.73729187,14.593494,2.0184632,0.60894018,0.14407067,1301.0685,4.1364362
0,34.406438,0.46135407,-1.3648774,0.011754344,0.25810148,0.18874127,0.069360211,0.74098265,13.808103,1.756412,0.61614593,0.14407067,1538.3151,4.2088482
0,60.186352,0.63147356,-1.3446602,0.008954112,0.26318884,0.1911965,0.071992335,0.75744153,18.770098,2.4353438,0.62384871,0.14407067,1577.8167,4.1976044
0,35.3421,0.2214242,-1.364953,0.01160089,0.2186692,0.1883046,0.03036463,0.7025478,6.979354,0.8410294,0.6249014,0.1440707,820.8794,4.037338
0,42.849427,0.29588526,-1.3855315,0.015028983,0.21635807,0.1640942,0.052263868,0.73428773,9.3539742,0.97935859,0.62830465,0.14407067,1371.0936,4.1911176
0,31.685212,0.39219986,-1.3653346,0.011542297,0.25542609,0.1925076,0.062918496,0.7305813,11.780681,1.5229319,0.63116107,0.14407067,1338.9725,4.1634652
0,51.629973,0.45222344,-1.3959879,0.016837712,0.22364809,0.15425274,0.069395359,0.7645205,14.163378,1.4070551,0.64142728,0.14407067,2280.5813,4.4043263
0,45.3517,0.2350855,-1.36979,0.01191326,0.225476,0.1881397,0.03733635,0.7042933,7.345409,0.8921368,0.647523,0.1440707,917.0342,4.066538
0,77.752633,0.814082,-1.3875317,0.014832027,0.26630891,0.17715129,0.089157629,0.76533359,24.095534,2.9089592,0.65321729,0.14407067,3476.8126,4.6498261
0,38.1296,0.2721176,-1.356672,0.009931232,0.2389037,0.2012062,0.03769752,0.7110619,8.355095,1.104392,0.6563051,0.1440707,872.9517,4.042329
0,35.09602,0.3953839,-1.3635648,0.010782098,0.26561416,0.20116298,0.064451184,0.7243369,11.713817,1.6043245,0.66047528,0.14407067,1312.6683,4.1555681
0,52.715717,0.5224214,-1.3954581,0.016220474,0.21969144,0.21968945,1.9904484e-06,0.77773381,16.445326,2.3150231,0.66132006,0.14407067,2585.3782,4.4694286
0,42.668571,0.44465269,-1.3788379,0.013027093,0.24909368,0.17893441,0.070159266,0.74667412,13.469822,1.6048704,0.66513923,0.14407067,1781.6736,4.2776113
0,48.034453,0.33964975,-1.3912248,0.015202021,0.23453788,0.17088254,0.063655343,0.73451608,10.488422,1.170723,0.66827948,0.14407067,1653.5056,4.2612741
0,35.224398,0.39072702,-1.3562938,0.009576342,0.26548928,0.20629192,0.05919736,0.72388263,11.577819,1.6258514,0.67732843,0.14407067,1182.4829,4.1176505
0,52.719376,0.31796776,-1.3788785,0.012569109,0.24296094,0.18564931,0.057311629,0.72287676,9.7108344,1.190698,0.68973471,0.14407067,1327.444,4.1743262
0,33.960433,0.29540604,-1.3671629,0.010790842,0.24873609,0.19897436,0.049761727,0.71179469,8.9529686,1.1856095,0.69115617,0.14407067,1069.2547,4.1013607
0,31.526344,0.34040827,-1.365105,0.010412437,0.26081579,0.2041057,0.056710096,0.71667791,10.150979,1.401459,0.69758852,0.14407067,1172.6623,4.1241262
0,38.407458,0.39737908,-1.3919209,0.014586769,0.24309889,0.1726234,0.070475489,0.74129898,12.133869,1.3836614,0.70272263,0.14407067,1912.4332,4.3197248
0,39.559026,0.62775593,-1.3882394,0.013845184,0.23360428,0.23360158,2.6983775e-06,0.77829226,19.408817,2.9579564,0.70616696,0.14407067,2779.0719,4.5035343
0,59.929541,0.32937008,-1.3848053,0.012909769,0.25114662,0.18777756,0.063369062,0.72044217,9.9502984,1.2475357,0.72465319,0.14407067,1472.7295,4.2138017
0,35.509328,0.70965943,-1.3690442,0.01020453,0.32626685,0.21925141,0.10701544,0.71341824,19.288261,3.1384668,0.74874452,0.14407067,2354.5767,4.393392
0,40.403252,0.67309959,-1.3789533,0.011397767,0.25789744,0.25789412,3.3144371e-06,0.76410087,20.151084,3.5014339,0.76134968,0.14407067,2608.4889,4.4578688
0,57.843608,0.27463853,-1.3844829,0.01148356,0.27331242,0.21227229,0.061040134,0.68719009,8.0512696,1.1759258,0.81128626,0.14407067,1244.1579,4.1604284
0,47.198822,0.6707893,-1.3679237,0.008997706,0.31189072,0.21678219,0.095108533,0.72641787,18.620816,2.9331542,0.83703575,0.14407067,2200.5201,4.3588793
0,46.26387,0.2051173,-1.377275,0.009418426,0.2925685,0.249427,0.04314146,0.642898,5.853854,1.031979,0.9017053,0.1440707,881.4143,4.065071
0,75.174629,0.9886239,-1.381403,0.009520121,0.37442739,0.24917232,0.12525507,0.68920412,24.949624,4.9688521,0.94064789,0.14407067,3695.0728,4.6892084
0,41.148863,0.61333586,-1.3869535,0.008544256,0.34789589,0.34763931,0.000256578,0.69146888,16.135055,4.3008313,1.1255327,0.14407067,2557.8055,4.4550189
0,39.959011,0.46935138,-1.399991,0.008498756,0.43274226,0.28958705,0.14315521,0.6084643,10.740727,2.7415893,1.3378455,0.14407067,2287.6906,4.4098698
0,4.71848,0.518328,-0.535585,0.017098,5.0326e-05,5.91609e-06,4.44099e-05,0.925068,20.9092,6.18535e-05,1.00178e-05,0.144071,0.0441287,2.54343
0,5.39974,0.346646,-0.555037,0.0217858,3.79964e-05,5.96114e-06,3.20353e-05,0.891987,13.9838,4.16813e-05,1.0094e-05,0.144071,0.0392951,2.55693
0,5.13813,0.595876,-0.518437,0.013555,6.30636e-05,5.98714e-06,5.70764e-05,0.934166,24.0372,7.19616e-05,1.01382e-05,0.144071,0.0403046,2.52163
0,4.59886,0.983387,-0.545984,0.0191442,4.83713e-05,6.03883e-06,4.23324e-05,0.95904,39.6697,0.000119785,1.02258e-05,0.144071,0.0922978,2.59176
0,5.5294,0.241,-0.55396,0.021122,3.5048e-05,6.0642e-06,2.8984e-05,0.85167,9.7221,2.9479e-05,1.0268e-05,0.14407,0.02822,2.5388
0,4.99977,0.713431,-0.531281,0.0157641,5.61846e-05,6.07155e-06,5.0113e-05,0.944409,28.7795,8.73729e-05,1.02811e-05,0.144071,0.0562952,2.55165
0,5.4326,0.307849,-0.564901,0.0242532,3.38586e-05,6.07795e-06,2.77806e-05,0.880012,12.4187,3.77415e-05,1.02917e-05,0.144071,0.0401496,2.56789
0,4.79034,0.568607,-0.548856,0.019497,4.56689e-05,6.15241e-06,3.95165e-05,0.931239,22.9376,7.05639e-05,1.0418e-05,0.144071,0.0570265,2.56988
0,4.96187,0.454792,-0.532222,0.0157427,5.32769e-05,6.1538e-06,4.71231e-05,0.915486,18.3462,5.64523e-05,1.04203e-05,0.144071,0.0374706,2.53167
0,4.61397,0.826361,-0.54863,0.019383,4.75162e-05,6.17057e-06,4.13456e-05,0.951639,33.3353,0.000102854,1.04488e-05,0.144071,0.0808644,2.58761
0,4.48886,0.885717,-0.555371,0.0209829,4.4638e-05,6.21568e-06,3.84223e-05,0.954734,35.7298,0.000111047,1.05252e-05,0.144071,0.0942068,2.6022
0,5.16691,0.402089,-0.50483,0.0109254,7.23902e-05,6.23701e-06,6.61532e-05,0.905448,16.2198,5.05852e-05,1.05612e-05,0.144071,0.0235598,2.48043
0,4.78468,0.674264,-0.555618,0.0207595,4.43152e-05,6.30249e-06,3.80127e-05,0.941378,27.1998,8.57171e-05,1.06722e-05,0.144071,0.0729643,2.58931
0,6.03854,0.383382,-0.539636,0.0168988,4.86343e-05,6.30563e-06,4.23287e-05,0.901307,15.4656,4.87624e-05,1.06773e-05,0.144071,0.0352898,2.536
0,5.4559,0.891799,-0.524008,0.013808,6.46211e-05,6.3134e-06,5.83077e-05,0.955015,35.9745,0.000113568,1.06907e-05,0.144071,0.0633809,2.55046
0,4.65749,0.738311,-0.562832,0.022731,4.12628e-05,6.31469e-06,3.49481e-05,0.94619,29.7835,9.40408e-05,1.06929e-05,0.144071,0.0872065,2.60569
0,4.46848,0.891363,-0.538757,0.0166215,5.47982e-05,6.33871e-06,4.84595e-05,0.955001,35.9572,0.000113967,1.07336e-05,0.144071,0.0765658,2.57493
0,5.51267,0.874518,-0.56005,0.0217107,4.34828e-05,6.37938e-06,3.71034e-05,0.954182,35.2781,0.000112531,1.08024e-05,0.144071,0.098834,2.60934
0,4.56158,0.737114,-0.518752,0.012638,6.91249e-05,6.44754e-06,6.26774e-05,0.946089,29.7344,9.58637e-05,1.09179e-05,0.144071,0.049429,2.53243
0,5.07828,0.763872,-0.545307,0.0177276,5.13543e-05,6.46489e-06,4.48894e-05,0.947889,30.8144,9.96109e-05,1.09472e-05,0.144071,0.0719095,2.57825
0,5.49366,0.958394,-0.500192,0.00992172,8.77872e-05,6.47066e-06,8.13166e-05,0.957992,38.66,0.000125089,1.09571e-05,0.144071,0.0500058,2.51447
0,5.5814,0.2377,-0.57066,0.024455,3.1399e-05,6.4907e-06,2.4908e-05,0.84992,9.5888,3.112e-05,1.099e-05,0.14407,0.034563,2.566
0,4.55138,0.821661,-0.552699,0.0191548,4.84113e-05,6.57909e-06,4.18322e-05,0.951376,33.1457,0.000109039,1.11406e-05,0.144071,0.0847422,2.59408
0,5.3034,0.526321,-0.559275,0.0208305,4.31589e-05,6.58311e-06,3.65758e-05,0.926126,21.2318,6.98887e-05,1.11473e-05,0.144071,0.0606771,2.58349
0,5.43533,0.732131,-0.535577,0.0153035,5.83815e-05,6.60904e-06,5.17724e-05,0.945749,29.5338,9.76006e-05,1.11913e-05,0.144071,0.060961,2.56003
0,4.64363,0.609683,-0.571745,0.0241766,3.88573e-05,6.65731e-06,3.21999e-05,0.935575,24.5947,8.18706e-05,1.1273e-05,0.144071,0.0816652,2.61123
0,5.11366,0.611037,-0.560876,0.0206909,4.43669e-05,6.76523e-06,3.76017e-05,0.935705,24.6492,8.33827e-05,1.14558e-05,0.144071,0.0711715,2.59329
0,6.6949,0.22427,-0.50785,0.010461,6.3221e-05,6.7715e-06,5.6449e-05,0.84234,9.0469,3.0633e-05,1.1466e-05,0.14407,0.014684,2.4591
0,5.44318,0.314662,-0.574764,0.0243837,3.47068e-05,6.86189e-06,2.7845e-05,0.882304,12.6936,4.35525e-05,1.16192e-05,0.144071,0.04646,2.58526
0,4.68536,0.488334,-0.509521,0.0105435,7.80742e-05,6.86426e-06,7.12099e-05,0.920814,19.6987,6.76139e-05,1.16235e-05,0.144071,0.029883,2.49734
0,5.01676,0.45429,-0.567267,0.0220305,4.06252e-05,6.89756e-06,3.37276e-05,0.915409,18.3261,6.32053e-05,1.16797e-05,0.144071,0.0587151,2.58979
0,5.4202,0.410359,-0.513204,0.0109294,7.33786e-05,6.94282e-06,6.64358e-05,0.907175,16.5534,5.74678e-05,1.17564e-05,0.144071,0.026724,2.49528
0,4.9287,0.452197,-0.561716,0.0203494,4.34263e-05,6.95343e-06,3.64729e-05,0.915049,18.2416,6.34237e-05,1.17744e-05,0.144071,0.0544434,2.58036
0,4.61278,0.800629,-0.578289,0.0247872,3.94006e-05,7.06272e-06,3.23379e-05,0.950169,32.2975,0.000114059,1.19596e-05,0.144071,0.114855,2.6353
0,4.8695,0.374247,-0.515899,0.0110995,7.12419e-05,7.07727e-06,6.41646e-05,0.899127,15.0967,5.34256e-05,1.1984e-05,0.144071,0.0254568,2.49548
0,5.23702,0.826465,-0.571098,0.022398,4.30014e-05,7.12648e-06,3.58749e-05,0.951648,33.3396,0.000118802,1.20676e-05,0.144071,0.107932,2.62492
0,4.60882,0.797133,-0.536442,0.0143468,6.27635e-05,7.12857e-06,5.56349e-05,0.949946,32.1558,0.000114619,1.20711e-05,0.144071,0.066819,2.56561
0,4.54075,0.855984,-0.518703,0.0113816,7.76206e-05,7.15477e-06,7.04658e-05,0.953214,34.5292,0.000123534,1.21155e-05,0.144071,0.0569351,2.53965
0,5.37919,0.296047,-0.505204,0.00956531,7.68972e-05,7.15824e-06,6.97389e-05,0.875797,11.9421,4.27456e-05,1.2121e-05,0.144071,0.01802,2.46703
0,5.17022,0.572646,-0.533991,0.0138307,6.28471e-05,7.16543e-06,5.56817e-05,0.931679,23.1001,8.27663e-05,1.21334e-05,0.144071,0.0474255,2.54554
0,5.56538,0.668361,-0.569671,0.0216723,4.35443e-05,7.23133e-06,3.6313e-05,0.940892,26.9617,9.74888e-05,1.22451e-05,0.144071,0.0866786,2.61222
0,4.75418,0.749297,-0.579503,0.0244771,3.98174e-05,7.26462e-06,3.25528e-05,0.946937,30.2268,0.000109797,1.23014e-05,0.144071,0.109553,2.63409
0,4.62005,0.814526,-0.533408,0.0135004,6.65166e-05,7.28595e-06,5.92306e-05,0.950959,32.8573,0.000119706,1.23376e-05,0.144071,0.0655971,2.56163
0,4.62137,0.662347,-0.566842,0.0206816,4.53149e-05,7.30729e-06,3.80077e-05,0.940386,26.719,9.76263e-05,1.23737e-05,0.144071,0.082877,2.60708
0,5.02434,0.442334,-0.570789,0.0216606,4.14733e-05,7.34002e-06,3.41333e-05,0.913321,17.8438,6.54897e-05,1.2429e-05,0.144071,0.0599524,2.59439
0,4.9494,0.440521,-0.550782,0.0167282,5.1465e-05,7.35035e-06,4.41147e-05,0.912989,17.7705,6.5313e-05,1.24465e-05,0.144071,0.046192,2.56098
0,6.25233,0.249362,-0.569529,0.0210635,6.5566e-05,7.42592e-06,5.81401e-05,0.855923,10.059,3.73513e-05,1.25761e-05,0.144071,0.0354843,2.56618
0,5.19603,0.43681,-0.536006,0.0136878,6.12222e-05,7.43018e-06,5.37921e-05,0.912308,17.6206,6.54662e-05,1.25817e-05,0.144071,0.0379129,2.53605
0,4.61498,0.919648,-0.552187,0.0169598,5.50121e-05,7.38184e-06,4.76302e-05,0.956323,37.0982,0.000136934,1.25e-05,0.144071,0.0937382,2.59876
0,5.16458,0.422467,-0.576316,0.0228938,3.94964e-05,7.4555e-06,3.20409e-05,0.909615,17.0424,6.35324e-05,1.26245e-05,0.144071,0.0617224,2.60141
0,5.66852,0.583627,-0.577427,0.0231758,4.10362e-05,7.47063e-06,3.35656e-05,0.932892,23.5436,8.79462e-05,1.26502e-05,0.144071,0.084336,2.61857
0,5.76197,0.556923,-0.576674,0.0225231,4.17647e-05,7.6131e-06,3.41516e-05,0.9299,22.4663,8.55228e-05,1.28915e-05,0.144071,0.0799587,2.61507
0,5.39031,0.731822,-0.551055,0.0161699,5.66872e-05,7.63072e-06,4.90565e-05,0.945729,29.5213,0.000112641,1.29214e-05,0.144071,0.0743401,2.58571
0,4.51832,0.919162,-0.578701,0.0230026,4.28649e-05,7.65091e-06,3.5214e-05,0.956309,37.079,0.00014185,1.29557e-05,0.144071,0.131706,2.64275
0,6.14867,0.318395,-0.512553,0.00977558,7.72105e-05,7.69765e-06,6.95128e-05,0.883496,12.8436,4.94367e-05,1.30345e-05,0.144071,0.0211133,2.48252
0,5.6334,0.20729,-0.50631,0.0090036,7.0513e-05,7.7008e-06,6.2813e-05,0.83159,8.3619,3.2199e-05,1.3062e-05,0.14407,0.013479,2.4532
0,5.24288,0.88737,-0.580384,0.0229916,4.30434e-05,7.82191e-06,3.52215e-05,0.954815,35.7965,0.000140005,1.32452e-05,0.144071,0.130133,2.64382
0,5.4369,0.564135,-0.577342,0.0220783,4.27427e-05,7.83345e-06,3.49092e-05,0.930733,22.7572,8.91377e-05,1.32646e-05,0.144071,0.0816192,2.6168
0,5.06947,0.477789,-0.569821,0.0200355,4.5278e-05,7.83723e-06,3.74407e-05,0.919229,19.274,7.55308e-05,1.3271e-05,0.144071,0.0635458,2.59641
0,4.61901,0.62214,-0.584716,0.0242572,4.00696e-05,7.8381e-06,3.22315e-05,0.936782,25.0972,9.83612e-05,1.32726e-05,0.144071,0.098315,2.63374
0,4.74086,0.692087,-0.549963,0.0154632,5.8923e-05,7.86831e-06,5.10547e-05,0.942792,27.9184,0.000109842,1.33237e-05,0.144071,0.0695405,2.58119
0,4.64832,0.670103,-0.572422,0.0206221,4.61217e-05,7.87289e-06,3.82488e-05,0.941035,27.0319,0.000106415,1.33315e-05,0.144071,0.090016,2.61691
0,5.37825,0.903738,-0.518914,0.0102144,8.6814e-05,7.99393e-06,7.88201e-05,0.955568,36.4552,0.000145723,1.35366e-05,0.144071,0.0601254,2.54266
0,5.06586,0.341213,-0.511178,0.00922876,8.3152e-05,8.01096e-06,7.5141e-05,0.890427,13.764,5.5136e-05,1.35651e-05,0.144071,0.0220571,2.48339
0,4.5471,0.792336,-0.573667,0.0205612,4.69638e-05,8.02346e-06,3.89404e-05,0.949669,31.9628,0.000128232,1.35865e-05,0.144071,0.107168,2.62712
0,4.9881,0.667347,-0.585078,0.0236924,0.000203746,8.05896e-06,0.000195687,0.940799,26.9165,0.000108481,1.36523e-05,0.144071,0.10548,2.63772
0,4.83807,0.487947,-0.526359,0.0109955,7.64957e-05,8.17144e-06,6.83243e-05,0.920757,19.6832,8.0426e-05,1.38369e-05,0.144071,0.0370714,2.52525
0,5.7957,0.308348,-0.514986,0.00944488,7.9437e-05,8.2202e-06,7.12168e-05,0.880155,12.4383,5.11268e-05,1.39192e-05,0.144071,0.0211763,2.48511
0,6.78734,0.828798,-0.541952,0.0133042,6.84633e-05,8.25097e-06,6.02123e-05,0.951761,33.4329,0.000137936,1.39718e-05,0.144071,0.0744258,2.57667
0,6.06045,0.372349,-0.576261,0.0206283,4.27746e-05,8.26847e-06,3.45061e-05,0.898683,15.0206,6.21013e-05,1.40011e-05,0.144071,0.055023,2.59545
0,4.87537,0.876613,-0.569821,0.0189477,5.08638e-05,8.28703e-06,4.25767e-05,0.954281,35.3624,0.000146532,1.40328e-05,0.144071,0.112306,2.62568
0,4.49489,0.950561,-0.563067,0.0171212,5.57459e-05,8.40905e-06,4.73369e-05,0.957682,38.3452,0.000161232,1.42395e-05,0.144071,0.111264,2.61845
0,4.64251,0.452965,-0.5157,0.00931649,8.79506e-05,8.40998e-06,7.95406e-05,0.915153,18.2718,7.68396e-05,1.42409e-05,0.144071,0.0301937,2.50405
0,5.95298,0.513394,-0.521738,0.0100429,8.39041e-05,8.43092e-06,7.54731e-05,0.924381,20.7095,8.73075e-05,1.42764e-05,0.144071,0.0366128,2.51999
0,5.28999,0.384725,-0.583594,0.0220006,4.11456e-05,8.51853e-06,3.2627e-05,0.901622,15.5198,6.61059e-05,1.44246e-05,0.144071,0.062264,2.60914
0,4.49545,0.749229,-0.574542,0.0195795,4.92197e-05,8.52106e-06,4.06987e-05,0.946927,30.2238,0.000128776,1.44291e-05,0.144071,0.10278,2.62585
0,4.45026,0.85952,-0.566095,0.0175485,5.44153e-05,8.52969e-06,4.58856e-05,0.953413,34.6727,0.000147882,1.44438e-05,0.144071,0.105066,2.61853
0,5.59395,0.633288,-0.59112,0.0241134,4.11641e-05,8.56079e-06,3.26033e-05,0.937825,25.5469,0.000109355,1.44964e-05,0.144071,0.108536,2.64522
0,5.41359,0.709292,-0.586341,0.02266,4.35706e-05,8.56747e-06,3.50031e-05,0.944111,28.6129,0.000122575,1.45077e-05,0.144071,0.113562,2.64277
0,5.41912,0.385526,-0.590919,0.0240049,3.8528e-05,8.57739e-06,2.99506e-05,0.901808,15.5522,6.67012e-05,1.45243e-05,0.144071,0.0685347,2.62139
0,5.4987,0.456398,-0.572615,0.018866,4.80728e-05,8.6272e-06,3.94456e-05,0.915762,18.411,7.94215e-05,1.46086e-05,0.144071,0.063157,2.59889
0,5.04838,0.745193,-0.52863,0.0107211,8.26084e-05,8.62846e-06,7.39799e-05,0.946633,30.0599,0.000129696,1.4611e-05,0.144071,0.0566977,2.54936
0,4.82757,0.761778,-0.576367,0.0197863,4.89425e-05,8.63199e-06,4.03105e-05,0.947755,30.73,0.000132637,1.46169e-05,0.144071,0.106887,2.62969
0,5.04553,0.457973,-0.584349,0.0219032,4.26578e-05,8.63965e-06,3.40182e-05,0.91603,18.4746,7.98106e-05,1.46297e-05,0.144071,0.0736628,2.61853
0,4.84253,0.954984,-0.54292,0.0126242,7.29075e-05,8.80407e-06,6.41035e-05,0.957858,38.523,0.000169592,1.49084e-05,0.144071,0.0862765,2.58523
0,4.48605,0.736723,-0.533077,0.0109871,8.12711e-05,8.91452e-06,7.23566e-05,0.946054,29.7183,0.000132473,1.50955e-05,0.144071,0.0593847,2.55619
0,6.6616,0.22668,-0.58246,0.020687,3.7714e-05,8.9285e-06,2.8786e-05,0.84376,9.1444,4.0824e-05,1.5118e-05,0.14407,0.038634,2.5835
0,4.56985,0.83608,-0.55868,0.0151916,6.18113e-05,8.95785e-06,5.28535e-05,0.952165,33.7269,0.00015107,1.51688e-05,0.144071,0.0930368,2.60486
0,4.85979,0.533102,-0.557297,0.0148928,6.02419e-05,8.97676e-06,5.12652e-05,0.926986,21.505,9.65284e-05,1.52007e-05,0.144071,0.059861,2.58082
0,4.85115,0.85765,-0.596648,0.0245195,4.1993e-05,9.03849e-06,3.29545e-05,0.953324,34.5977,0.000156362,1.53054e-05,0.144071,0.155238,2.66915
0,4.92056,0.50309,-0.588618,0.022056,4.34288e-05,9.06342e-06,3.43654e-05,0.922978,20.2947,9.19735e-05,1.53474e-05,0.144071,0.084838,2.63006
0,5.4228,0.21788,-0.51593,0.0086669,0.00031013,9.0653e-06,0.00030107,0.83841,8.7868,3.984e-05,1.5354e-05,0.14407,0.015897,2.4713
0,4.56074,0.494092,-0.517241,0.00881275,9.44456e-05,9.06845e-06,8.53772e-05,0.921654,19.9307,9.03787e-05,1.5356e-05,0.144071,0.0333566,2.51071
0,4.59731,0.730609,-0.537802,0.0114501,7.8267e-05,9.08923e-06,6.91778e-05,0.94563,29.4718,0.000133948,1.53913e-05,0.144071,0.0626047,2.56362
0,5.46274,0.643021,-0.578868,0.0193439,4.96528e-05,9.11762e-06,4.05351e-05,0.938703,25.9393,0.000118258,1.54393e-05,0.144071,0.0940672,2.62562
0,5.08586,0.522511,-0.586661,0.021213,4.51879e-05,9.18964e-06,3.59983e-05,0.925626,21.0781,9.68544e-05,1.55612e-05,0.144071,0.0856797,2.62861
0,4.65464,0.799355,-0.573384,0.0176355,5.4734e-05,9.32056e-06,4.54134e-05,0.950083,32.2456,0.000150282,1.5783e-05,0.144071,0.107677,2.62708
0,4.89347,0.806448,-0.597221,0.0239422,4.28977e-05,9.32484e-06,3.35729e-05,0.950508,32.5322,0.000151685,1.57903e-05,0.144071,0.147485,2.66709
0,5.40566,0.905136,-0.563046,0.0153574,6.20178e-05,9.37219e-06,5.26456e-05,0.95565,36.5125,0.000171112,1.58705e-05,0.144071,0.106142,2.616
0,4.87282,0.501868,-0.55262,0.0134105,6.5729e-05,9.38773e-06,5.63413e-05,0.922791,20.2449,9.50332e-05,1.58966e-05,0.144071,0.0533086,2.57018
0,5.56631,0.680707,-0.599727,0.0244975,4.17078e-05,9.41156e-06,3.22962e-05,0.941903,27.4598,0.000129225,1.59371e-05,0.144071,0.129736,2.663
0,5.03386,0.475485,-0.584704,0.0200917,4.68221e-05,9.46166e-06,3.73605e-05,0.918869,19.181,9.07463e-05,1.60217e-05,0.144071,0.0765917,2.62089
0,4.64772,0.671025,-0.566322,0.0157001,5.97026e-05,9.56176e-06,5.01408e-05,0.941102,27.0687,0.00012942,1.61914e-05,0.144071,0.0833399,2.60685
0,5.50071,0.40917,-0.589512,0.021052,4.42168e-05,9.60543e-06,3.46113e-05,0.906949,16.5059,7.92767e-05,1.62651e-05,0.144071,0.0710306,2.62183
0,4.51361,0.928741,-0.526653,0.00932266,9.62042e-05,9.67396e-06,8.65302e-05,0.956705,37.4635,0.000181228,1.63816e-05,0.144071,0.0681651,2.55685
0,4.43577,0.888946,-0.568584,0.0157957,6.09142e-05,9.78392e-06,5.11303e-05,0.95488,35.8595,0.000175434,1.65677e-05,0.144071,0.112019,2.62431
0,4.90813,0.844903,-0.554315,0.0130655,7.15891e-05,9.84759e-06,6.17415e-05,0.952634,34.0824,0.000167827,1.66755e-05,0.144071,0.0888477,2.59813
0,5.2242,0.390946,-0.572243,0.0163121,5.42818e-05,9.9304e-06,4.43514e-05,0.903027,15.7706,7.83084e-05,1.68154e-05,0.144071,0.0546011,2.59104
0,5.13575,0.325667,-0.53502,0.00995704,7.88567e-05,1.00856e-05,6.87711e-05,0.885799,13.1369,6.62523e-05,1.70781e-05,0.144071,0.0287453,2.52084
0,4.91142,0.520809,-0.562935,0.0141567,6.3875e-05,1.01528e-05,5.37222e-05,0.925389,21.009,0.000106657,1.71921e-05,0.144071,0.062981,2.58907
0,6.0329,0.309265,-0.55032,0.0118943,6.69635e-05,1.02764e-05,5.66871e-05,0.880476,12.4755,6.41059e-05,1.74011e-05,0.144071,0.0334267,2.5439
0,4.96885,0.512157,-0.585868,0.018096,5.26672e-05,1.06633e-05,4.20039e-05,0.924232,20.6602,0.000110159,1.80567e-05,0.144071,0.0832552,2.62634
0,4.50659,0.92381,-0.583232,0.0173801,5.73989e-05,1.07328e-05,4.6666e-05,0.95651,37.266,0.000199997,1.81746e-05,0.144071,0.140274,2.65052
0,5.60671,0.707257,-0.547429,0.0109556,8.28811e-05,1.07499e-05,7.21312e-05,0.943934,28.5296,0.000153359,1.82035e-05,0.144071,0.0687045,2.57803
0,5.72364,0.260592,-0.583763,0.0174054,4.74417e-05,1.0791e-05,3.66508e-05,0.861267,10.5122,5.67213e-05,1.82723e-05,0.144071,0.0442458,2.59175
0,5.39306,0.775794,-0.597824,0.0207839,4.93897e-05,1.08253e-05,3.85644e-05,0.94865,31.2954,0.000169399,1.83311e-05,0.144071,0.143261,2.6662
0,5.31369,0.639218,-0.605793,0.0229978,4.51684e-05,1.08377e-05,3.43306e-05,0.938363,25.786,0.000139737,1.83522e-05,0.144071,0.132198,2.67004
0,6.13916,0.260042,-0.537647,0.00957021,7.6957e-05,1.08535e-05,6.61036e-05,0.860996,10.4897,5.69293e-05,1.83782e-05,0.144071,0.0244245,2.5151
0,4.74153,0.580709,-0.56006,0.0127166,7.16516e-05,1.08926e-05,6.0759e-05,0.932558,23.4252,0.00012759,1.84451e-05,0.144071,0.0671578,2.58949
0,5.33311,0.97516,-0.590004,0.0186276,5.46424e-05,1.09241e-05,4.37182e-05,0.958705,39.3375,0.000214876,1.84986e-05,0.144071,0.161159,2.66443
0,5.51438,0.5878,-0.531531,0.00873222,9.95404e-05,1.09959e-05,8.85446e-05,0.933299,23.7105,0.000130372,1.862e-05,0.144071,0.0470828,2.54271
0,5.16031,0.547695,-0.577046,0.0156564,6.00299e-05,1.10045e-05,4.90254e-05,0.928792,22.0937,0.000121572,1.86344e-05,0.144071,0.0791033,2.61489
0,4.54154,0.783545,-0.530788,0.00856268,0.000104157,1.1107e-05,9.305e-05,0.949096,31.6063,0.000175544,1.88084e-05,0.144071,0.061131,2.55539
0,4.50202,0.849287,-0.589876,0.0179137,5.63742e-05,1.13407e-05,4.50334e-05,0.952877,34.2598,0.000194277,1.9204e-05,0.144071,0.140982,2.65743
0,5.6029,0.24349,-0.59171,0.018326,4.4988e-05,1.135e-05,3.3637e-05,0.85296,9.8223,5.5745e-05,1.9219e-05,0.14407,0.04623,2.6019
0,5.37439,0.453306,-0.600168,0.020396,4.79029e-05,1.13685e-05,3.65344e-05,0.915236,18.2863,0.000103948,1.92507e-05,0.144071,0.0894174,2.64431
0,5.63078,0.410371,-0.605362,0.0216341,4.52219e-05,1.14573e-05,3.37646e-05,0.907195,16.5543,9.48383e-05,1.94011e-05,0.144071,0.0872998,2.64827
0,6.6514,0.20154,-0.61617,0.024666,3.421e-05,1.1544e-05,2.2667e-05,0.82764,8.13,4.6926e-05,1.955e-05,0.14407,0.053992,2.6344
0,4.91738,0.783979,-0.56462,0.0126427,7.4828e-05,1.16171e-05,6.32108e-05,0.949142,31.6247,0.000183708,1.9672e-05,0.144071,0.0944545,2.61158
0,5.10372,0.483146,-0.58066,0.0155075,6.01651e-05,1.16381e-05,4.8527e-05,0.920043,19.4898,0.000113419,1.97073e-05,0.144071,0.0737911,2.61493
0,4.60051,0.760021,-0.560909,0.0120162,7.79307e-05,1.16538e-05,6.62768e-05,0.947622,30.6582,0.000178657,1.97342e-05,0.144071,0.0874452,2.60391
0,5.81028,0.556254,-0.6083,0.0220252,4.68825e-05,1.16866e-05,3.5196e-05,0.929818,22.4392,0.000131125,1.97895e-05,0.144071,0.119895,2.66752
0,5.5157,0.844791,-0.606602,0.0213043,4.97918e-05,1.18212e-05,3.79706e-05,0.952642,34.0787,0.000201436,2.00177e-05,0.144071,0.173889,2.68494
0,4.90604,0.892637,-0.564299,0.012294,7.7607e-05,1.18975e-05,6.57095e-05,0.955047,36.0078,0.000214218,2.01469e-05,0.144071,0.106441,2.6174
0,5.61297,0.797718,-0.603534,0.0202122,5.17615e-05,1.19785e-05,3.9783e-05,0.949988,32.1797,0.000192742,2.0284e-05,0.144071,0.158295,2.67704
0,5.98723,0.410928,-0.61638,0.0237676,4.27717e-05,1.20144e-05,3.07574e-05,0.907311,16.5769,9.95845e-05,2.03445e-05,0.144071,0.100697,2.66663
0,4.89853,0.570357,-0.589012,0.0166094,5.86561e-05,1.20964e-05,4.65597e-05,0.931427,23.0079,0.000139164,2.04835e-05,0.144071,0.0957907,2.6367
0,4.84987,0.600382,-0.578252,0.0144423,6.59802e-05,1.21158e-05,5.38644e-05,0.934625,24.2189,0.000146725,2.05163e-05,0.144071,0.0875164,2.62129
0,5.17585,0.747242,-0.611286,0.0218953,0.0273245,1.18567e-05,0.0273127,0.945217,29.3214,0.00017871,2.06854e-05,0.144071,0.160142,2.68539
0,4.64307,0.758029,-0.57878,0.0142883,6.8156e-05,1.23297e-05,5.58264e-05,0.947498,30.5782,0.000188522,2.08786e-05,0.144071,0.109737,2.63345
0,4.79943,0.880938,-0.603994,0.0197134,5.34842e-05,1.23544e-05,4.11298e-05,0.954494,35.5367,0.00021953,2.09206e-05,0.144071,0.175016,2.68266
0,5.60991,0.307273,-0.604632,0.0198183,4.64534e-05,1.23906e-05,3.40628e-05,0.879807,12.3954,7.67967e-05,2.09812e-05,0.144071,0.0667738,2.63377
0,5.63507,0.63909,-0.606706,0.0203381,5.11856e-05,1.23994e-05,3.87862e-05,0.938348,25.7807,0.000159841,2.09967e-05,0.144071,0.133731,2.67154
0,5.10983,0.990189,-0.618045,0.0234778,4.73752e-05,1.24254e-05,3.49498e-05,0.959311,39.9441,0.000248172,2.10409e-05,0.144071,0.234451,2.71175
0,5.75694,0.535459,-0.596933,0.0178541,5.547e-05,1.24584e-05,4.30116e-05,0.927287,21.6002,0.000134559,2.10964e-05,0.144071,0.100006,2.64683
0,5.11963,0.569945,-0.596297,0.0177051,5.61339e-05,1.2461e-05,4.3673e-05,0.931382,22.9913,0.000143255,2.11009e-05,0.144071,0.105116,2.64876
0,4.49394,0.975206,-0.580155,0.0143571,6.91558e-05,1.24891e-05,5.66668e-05,0.958698,39.3388,0.000245669,2.11486e-05,0.144071,0.142013,2.64808
0,5.36081,0.349879,-0.574637,0.0133385,6.50158e-05,1.25233e-05,5.24925e-05,0.892861,14.1138,8.83814e-05,2.1206e-05,0.144071,0.0509641,2.58989
0,5.06576,0.679968,-0.608597,0.0203544,5.17794e-05,1.26942e-05,3.90852e-05,0.941837,27.4297,0.000174108,2.14959e-05,0.144071,0.145243,2.67768
0,4.56045,0.829094,-0.566657,0.0118228,8.07611e-05,1.2752e-05,6.8009e-05,0.95177,33.4444,0.000213259,2.15939e-05,0.144071,0.102255,2.6177
0,6.62034,0.265893,-0.599001,0.0178723,4.86344e-05,1.2781e-05,3.58534e-05,0.863654,10.7261,6.85483e-05,2.16421e-05,0.144071,0.0547544,2.61794
0,4.77943,0.577417,-0.590353,0.0159273,6.14517e-05,1.28336e-05,4.86181e-05,0.932206,23.2926,0.000149473,2.17318e-05,0.144071,0.0985785,2.63951
0,4.6211,0.862438,-0.557397,0.0103979,9.04255e-05,1.28736e-05,7.75519e-05,0.95354,34.7891,0.000223951,2.17999e-05,0.144071,0.0942628,2.60425
0,4.68307,0.944569,-0.613497,0.0213348,5.11543e-05,1.28974e-05,3.82568e-05,0.957428,38.1037,0.000245733,2.18403e-05,0.144071,0.21137,2.70187
0,5.81694,0.857273,-0.612206,0.0209824,5.1514e-05,1.28984e-05,3.86156e-05,0.953298,34.5821,0.000223038,2.18418e-05,0.144071,0.189498,2.69496
0,5.62391,0.35068,-0.588684,0.0152248,5.94307e-05,1.31413e-05,4.62894e-05,0.893083,14.1462,9.29554e-05,2.22526e-05,0.144071,0.061167,2.61331
0,4.64436,0.964797,-0.565688,0.0113213,8.48348e-05,1.31522e-05,7.16827e-05,0.958261,38.9183,0.000255952,2.22716e-05,0.144071,0.116723,2.62353
0,5.78127,0.525527,-0.607313,0.0186433,5.46643e-05,1.36326e-05,4.10317e-05,0.926015,21.1996,0.00014451,2.30848e-05,0.144071,0.112304,2.66317
0,6.31639,0.565576,-0.626045,0.0236538,4.64581e-05,1.36677e-05,3.27904e-05,0.930895,22.8153,0.000155923,2.31445e-05,0.144071,0.152936,2.69778
0,4.58277,0.97506,-0.605871,0.0182408,5.84581e-05,1.36775e-05,4.47806e-05,0.958699,39.3334,0.000269007,2.31613e-05,0.144071,0.197571,2.69077
0,5.38871,0.545057,-0.595009,0.0158248,6.22811e-05,1.37128e-05,4.85683e-05,0.928471,21.9872,0.000150763,2.32207e-05,0.144071,0.0991869,2.64448
0,6.85664,0.380653,-0.630802,0.0249327,4.26356e-05,1.37837e-05,2.8852e-05,0.900673,15.3556,0.000105832,2.33406e-05,0.144071,0.113088,2.68702
0,5.67091,0.277149,-0.594224,0.0155509,5.56561e-05,1.3815e-05,4.18411e-05,0.868458,11.18,7.72303e-05,2.33927e-05,0.144071,0.0533786,2.61185
0,4.84023,0.969928,-0.6195,0.0212212,5.26e-05,1.40058e-05,3.85941e-05,0.958493,39.1266,0.000274015,2.37173e-05,0.144071,0.234183,2.71314
0,5.7343,0.542555,-0.613017,0.0193506,5.38845e-05,1.41327e-05,3.97518e-05,0.92817,21.8865,0.000154666,2.39319e-05,0.144071,0.124468,2.67416
0,4.69116,0.717989,-0.573128,0.0115389,8.29546e-05,1.41983e-05,6.87563e-05,0.944725,28.9626,0.000205626,2.40429e-05,0.144071,0.0969437,2.62143
0,5.80714,0.293691,-0.615488,0.0198712,4.76956e-05,1.42065e-05,3.34891e-05,0.874944,11.8475,8.41597e-05,2.40563e-05,0.144071,0.0737792,2.64975
0,4.82627,0.451165,-0.556118,0.00925236,9.43999e-05,1.42319e-05,8.01681e-05,0.914839,18.1991,0.000129516,2.40996e-05,0.144071,0.0505598,2.57096
0,5.7046,0.21521,-0.57296,0.011468,6.4727e-05,1.4256e-05,5.047e-05,0.83678,8.6813,6.1885e-05,2.4138e-05,0.14407,0.032735,2.5655
0,4.75191,0.776287,-0.581013,0.0127117,7.71648e-05,1.4262e-05,6.29028e-05,0.948663,31.3144,0.00022332,2.41509e-05,0.144071,0.115507,2.63832
0,4.63922,0.99063,-0.613942,0.0191553,5.72247e-05,1.44472e-05,4.27775e-05,0.959321,39.9615,0.000288682,2.44647e-05,0.144071,0.222507,2.70496
0,5.74419,0.268772,-0.592021,0.0143886,5.91957e-05,1.4514e-05,4.46817e-05,0.864911,10.8421,7.8686e-05,2.45767e-05,0.144071,0.0505269,2.60683
0,4.95013,0.669655,-0.618907,0.0200745,5.41506e-05,1.46935e-05,3.9457e-05,0.940993,27.0136,0.000198473,2.48817e-05,0.144071,0.163441,2.69406
0,5.15208,0.597978,-0.625146,0.0217269,5.06748e-05,1.47088e-05,3.5966e-05,0.93439,24.1223,0.000177414,2.49076e-05,0.144071,0.159242,2.69896
0,5.17719,0.611233,-0.618075,0.0198034,5.42758e-05,1.47365e-05,3.95393e-05,0.935718,24.6569,0.000181688,2.49544e-05,0.144071,0.148429,2.68827
0,5.70629,0.404494,-0.581832,0.012259,7.42248e-05,1.49454e-05,5.92794e-05,0.905956,16.3168,0.000121939,2.53077e-05,0.144071,0.0636901,2.60854
0,6.36589,0.298894,-0.627006,0.0215449,4.64612e-05,1.51922e-05,3.1269e-05,0.876853,12.0574,9.15931e-05,2.57255e-05,0.144071,0.0868704,2.66967
0,5.3684,0.337433,-0.581453,0.0119602,7.32188e-05,1.52444e-05,5.79744e-05,0.889342,13.6117,0.000103758,2.58139e-05,0.144071,0.0538603,2.59954
0,5.20379,0.850249,-0.610194,0.0172085,6.23803e-05,1.53259e-05,4.70544e-05,0.952924,34.2984,0.000262843,2.59526e-05,0.144071,0.183221,2.69122
0,5.36164,0.409927,-0.609804,0.0170756,5.81412e-05,1.53681e-05,4.27731e-05,0.907096,16.5362,0.000127073,2.60237e-05,0.144071,0.0923348,2.6556
0,5.65719,0.810186,-0.621024,0.0197187,5.63406e-05,1.5371e-05,4.09695e-05,0.950716,32.6825,0.000251196,2.60292e-05,0.144071,0.201113,2.70684
0,6.3832,0.24429,-0.62585,0.020974,4.4949e-05,1.5376e-05,2.9573e-05,0.85337,9.8546,7.5763e-05,2.6036e-05,0.14407,0.071875,2.6588
0,4.62687,0.709449,-0.582241,0.0117946,8.28495e-05,1.56154e-05,6.72342e-05,0.944097,28.6181,0.000223459,2.64427e-05,0.144071,0.107758,2.63598
0,4.96269,0.933214,-0.637043,0.0236681,5.03879e-05,1.57317e-05,3.46562e-05,0.956933,37.6456,0.000296129,2.66401e-05,0.144071,0.282728,2.74038
0,5.00554,0.560122,-0.615904,0.0180119,5.87627e-05,1.57566e-05,4.30062e-05,0.930262,22.595,0.00017802,2.66817e-05,0.144071,0.133051,2.68048
0,7.64533,0.369157,-0.638546,0.0238421,4.60355e-05,1.59216e-05,3.01138e-05,0.897894,14.8918,0.000118556,2.69612e-05,0.144071,0.121518,2.69846
0,5.0299,0.48155,-0.566407,0.00929686,9.69525e-05,1.61649e-05,8.07875e-05,0.919776,19.4247,0.000157015,2.73731e-05,0.144071,0.0612591,2.59111
0,6.23141,0.288333,-0.567558,0.00941999,8.61605e-05,1.61915e-05,6.9969e-05,0.872892,11.6309,9.4169e-05,2.74176e-05,0.144071,0.0392256,2.56936
0,4.72578,0.739592,-0.609746,0.0159733,6.64869e-05,1.64162e-05,5.00706e-05,0.946262,29.8345,0.000244901,2.7799e-05,0.144071,0.159576,2.68367
0,5.24949,0.428627,-0.605342,0.014741,6.68126e-05,1.68104e-05,5.00021e-05,0.910781,17.2904,0.000145339,2.84661e-05,0.144071,0.0907998,2.65028
0,4.65257,0.622727,-0.575358,0.0100043,9.49088e-05,1.6852e-05,7.80568e-05,0.936803,25.1195,0.000211677,2.85368e-05,0.144071,0.0872552,2.61824
0,5.4965,0.264088,-0.588081,0.0117786,7.10748e-05,1.68552e-05,5.42196e-05,0.862837,10.653,8.97858e-05,2.85411e-05,0.144071,0.0473094,2.59951
0,4.55025,0.864255,-0.567718,0.00905673,0.000105824,1.68748e-05,8.89495e-05,0.953623,34.8619,0.000294176,2.85758e-05,0.144071,0.10784,2.62149
0,5.53938,0.416623,-0.618902,0.017212,5.9755e-05,1.71362e-05,4.26188e-05,0.908451,16.8063,0.000144007,2.90178e-05,0.144071,0.105319,2.67146
0,5.12528,0.504366,-0.620162,0.0173525,6.12059e-05,1.72747e-05,4.39312e-05,0.923147,20.3458,0.000175744,2.92525e-05,0.144071,0.127517,2.68255
0,5.09821,0.680533,-0.632547,0.0202986,5.65043e-05,1.73139e-05,3.91904e-05,0.941879,27.4524,0.000237667,2.93193e-05,0.144071,0.197715,2.71749
0,5.4467,0.564369,-0.579516,0.0102484,9.29181e-05,1.73532e-05,7.55649e-05,0.930728,22.7656,0.000197546,2.93855e-05,0.144071,0.0839613,2.62043
0,5.64607,0.729509,-0.615652,0.0161143,6.71463e-05,1.7555e-05,4.95913e-05,0.94556,29.4277,0.00025832,2.97275e-05,0.144071,0.169932,2.6928
0,5.8724,0.9925,-0.638801,0.0214585,5.61595e-05,1.77478e-05,3.84117e-05,0.959396,40.037,0.000355304,3.00543e-05,0.144071,0.306765,2.74633
0,49.7169,0.313046,-0.650503,0.0245513,4.59556e-05,1.80292e-05,2.79264e-05,0.881761,12.6282,0.000113844,3.05289e-05,0.144071,0.122353,2.71077
0,5.56242,0.3502,-0.620256,0.0164963,6.08163e-05,1.81934e-05,4.26229e-05,0.892951,14.1268,0.000128515,3.08079e-05,0.144071,0.091644,2.66566
0,5.99152,0.463398,-0.61795,0.0159446,6.52937e-05,1.82737e-05,4.702e-05,0.916917,18.6931,0.000170807,3.09441e-05,0.144071,0.114651,2.67487
0,10.957,0.288865,-0.645592,0.022437,4.81674e-05,1.85216e-05,2.96458e-05,0.87312,11.6528,0.000107919,3.13633e-05,0.144071,0.107048,2.69899
0,6.0295,0.23536,-0.62299,0.016621,5.5311e-05,1.8704e-05,3.6607e-05,0.84864,9.4944,8.8797e-05,3.1672e-05,0.14407,0.067128,2.6524
0,5.14135,0.742714,-0.601041,0.0124629,8.28891e-05,1.88143e-05,6.40748e-05,0.946465,29.9599,0.000281861,3.18599e-05,0.144071,0.143264,2.66942
0,6.09317,0.639094,-0.62265,0.0164184,6.706e-05,1.88502e-05,4.82098e-05,0.938338,25.7805,0.000243,3.19208e-05,0.144071,0.164125,2.69801
0,5.50288,0.911212,-0.643515,0.0214255,5.71761e-05,1.88844e-05,3.82917e-05,0.955935,36.7578,0.000347095,3.19793e-05,0.144071,0.300303,2.74995
0,4.64783,0.941745,-0.606204,0.0130802,8.14619e-05,1.91552e-05,6.23068e-05,0.957286,37.9886,0.000363868,3.24374e-05,0.144071,0.191915,2.68961
0,4.87031,0.772246,-0.596757,0.0115754,8.83543e-05,1.91721e-05,6.91822e-05,0.948401,31.151,0.000298641,3.24658e-05,0.144071,0.140695,2.6642
0,5.58406,0.785785,-0.652621,0.0236343,5.35912e-05,1.92438e-05,3.43474e-05,0.949266,31.6983,0.000305014,3.2588e-05,0.144071,0.293147,2.75782
0,5.15491,0.752657,-0.621958,0.0159277,6.96606e-05,1.92591e-05,5.04014e-05,0.947142,30.3614,0.000292388,3.26134e-05,0.144071,0.189799,2.7048
0,5.14501,0.69029,-0.625156,0.0165779,6.72689e-05,1.92797e-05,4.79892e-05,0.942646,27.8456,0.000268446,3.26482e-05,0.144071,0.182236,2.7059
0,5.5211,0.332198,-0.598018,0.0116966,7.83664e-05,1.92839e-05,5.90825e-05,0.887792,13.4004,0.000129217,3.26544e-05,0.144071,0.0657121,2.62633
0,6.69116,0.979254,-0.638955,0.019646,6.1359e-05,1.94233e-05,4.19357e-05,0.958866,39.5025,0.000383657,3.28917e-05,0.144071,0.303434,2.74592
0,5.10604,0.560853,-0.600143,0.0118091,8.49913e-05,1.96283e-05,6.5363e-05,0.930329,22.6239,0.000222053,3.32382e-05,0.144071,0.108798,2.65437
0,4.76444,0.894879,-0.625473,0.0163038,6.97076e-05,1.96835e-05,5.00241e-05,0.95516,36.0985,0.000355298,3.33322e-05,0.144071,0.234101,2.7191
0,6.0017,0.268762,-0.621688,0.0153841,6.17674e-05,1.98713e-05,4.18962e-05,0.864905,10.8417,0.000107725,3.36486e-05,0.144071,0.073961,2.65608
0,5.4093,0.21675,-0.65821,0.024501,0.00013277,1.9937e-05,0.00011283,0.83775,8.743,8.7168e-05,3.3773e-05,0.14407,0.098433,2.7073
0,5.32968,0.611224,-0.577893,0.00871756,0.000109363,1.99792e-05,8.93841e-05,0.935682,24.6552,0.000246322,3.38326e-05,0.144071,0.0885825,2.62156
0,5.52432,0.842861,-0.597846,0.0112115,9.20616e-05,2.00731e-05,7.19885e-05,0.952512,33.9994,0.000341268,3.39917e-05,0.144071,0.155051,2.67029
0,4.44069,0.973216,-0.600747,0.0115627,9.07645e-05,2.02023e-05,7.05622e-05,0.958603,39.2577,0.000396584,3.42107e-05,0.144071,0.184649,2.68217
0,4.77805,0.801108,-0.604901,0.0120595,8.71355e-05,2.04316e-05,6.67038e-05,0.950166,32.3153,0.000330156,3.45989e-05,0.144071,0.161748,2.67952
0,5.47439,0.491503,-0.634746,0.0175725,6.37822e-05,2.05726e-05,4.32096e-05,0.921293,19.8268,0.000203958,3.48376e-05,0.144071,0.150167,2.70554
0,6.64155,0.774856,-0.652092,0.0216745,5.8245e-05,2.08415e-05,3.74035e-05,0.948585,31.2573,0.000325744,3.52937e-05,0.144071,0.287315,2.75625
0,5.50164,0.401432,-0.621698,0.0145999,7.07885e-05,2.09408e-05,4.98478e-05,0.905309,16.1934,0.000169563,3.54606e-05,0.144071,0.105554,2.67437
0,4.8616,0.782665,-0.635889,0.0174877,6.7187e-05,2.0978e-05,4.6209e-05,0.949066,31.572,0.00033118,3.55244e-05,0.144071,0.235561,2.72983
0,6.31277,0.370761,-0.585308,0.00912337,9.89746e-05,2.09987e-05,7.79758e-05,0.898258,14.9557,0.000157041,3.55585e-05,0.144071,0.061566,2.61027
0,5.1909,0.540331,-0.598407,0.0107791,9.22605e-05,2.10295e-05,7.12311e-05,0.927871,21.7959,0.000229199,3.5611e-05,0.144071,0.102776,2.64971
0,6.01933,0.942539,-0.651416,0.0208916,6.09516e-05,2.14357e-05,3.95159e-05,0.957334,38.0214,0.000407533,3.63001e-05,0.144071,0.343305,2.76474
0,5.50428,0.421795,-0.627659,0.0153256,6.97971e-05,2.15366e-05,4.82605e-05,0.909465,17.0148,0.000183233,3.64697e-05,0.144071,0.119187,2.68658
0,11.9107,0.217792,-0.637413,0.0172715,0.000981324,2.16522e-05,0.000959672,0.838279,8.77752,9.51196e-05,3.66802e-05,0.144071,0.0756107,2.67294
0,4.6184,0.884636,-0.596483,0.0101979,0.000101128,2.16852e-05,7.94428e-05,0.954644,35.6842,0.000386949,3.67219e-05,0.144071,0.159554,2.6704
0,5.71849,0.800348,-0.653332,0.0209246,6.08117e-05,2.1935e-05,3.88767e-05,0.950138,32.2855,0.000354112,3.71454e-05,0.144071,0.301038,2.75989
0,5.8811,0.23937,-0.64953,0.019928,5.2805e-05,2.1936e-05,3.0869e-05,0.8508,9.6562,0.00010591,3.7145e-05,0.14407,0.095757,2.6972
0,5.26478,0.978776,-0.640073,0.0175283,6.90903e-05,2.20848e-05,4.70055e-05,0.958842,39.4829,0.000436016,3.7399e-05,0.144071,0.307679,2.74776
0,4.77854,0.691268,-0.603578,0.0108193,9.56748e-05,2.239e-05,7.32848e-05,0.942704,27.8843,0.000312195,3.79153e-05,0.144071,0.138304,2.67014
0,5.10264,0.940801,-0.645878,0.0185641,6.68151e-05,2.24669e-05,4.43482e-05,0.957255,37.9511,0.00042635,3.80463e-05,0.144071,0.319168,2.75545
0,5.72961,0.590902,-0.621846,0.0134401,8.08246e-05,2.27909e-05,5.80337e-05,0.933637,23.8361,0.000271646,3.85942e-05,0.144071,0.150945,2.69291
0,5.93103,0.585902,-0.62581,0.0140939,7.81946e-05,2.28688e-05,5.53258e-05,0.933111,23.6345,0.000270268,3.87262e-05,0.144071,0.157575,2.69908
0,5.4381,0.22868,-0.6605,0.021857,5.0581e-05,2.3026e-05,2.7554e-05,0.84491,9.2251,0.00010621,3.8992e-05,0.14407,0.10606,2.7134
0,5.16471,0.505179,-0.622972,0.0133576,8.02809e-05,2.32655e-05,5.70154e-05,0.923249,20.3782,0.000237074,3.93978e-05,0.144071,0.132399,2.68729
0,6.36714,0.366603,-0.62432,0.0135075,7.63708e-05,2.34097e-05,5.29611e-05,0.897237,14.7883,0.000173108,3.96414e-05,0.144071,0.100594,2.67452
0,5.40713,0.269455,-0.662709,0.0216586,5.3837e-05,2.39049e-05,2.99321e-05,0.86521,10.8697,0.000129927,4.04804e-05,0.144071,0.125548,2.7243
0,6.74067,0.32411,-0.661641,0.0211972,5.67333e-05,2.40923e-05,3.2641e-05,0.885327,13.0744,0.000157505,4.07978e-05,0.144071,0.14557,2.73084
0,5.79291,0.930003,-0.622567,0.012789,8.80757e-05,2.41736e-05,6.39021e-05,0.956767,37.5147,0.000453472,4.0936e-05,0.144071,0.233979,2.71617
0,6.16717,0.624323,-0.674744,0.024985,5.61623e-05,2.41856e-05,3.19767e-05,0.936979,25.1849,0.000304573,4.09573e-05,0.144071,0.313516,2.78339
0,5.48305,0.873994,-0.638051,0.0155159,7.69225e-05,2.43094e-05,5.26131e-05,0.954134,35.2558,0.000428557,4.11663e-05,0.144071,0.269016,2.73883
0,6.84813,0.320365,-0.642349,0.0163875,6.62526e-05,2.43237e-05,4.19289e-05,0.884136,12.9233,0.000157181,4.11892e-05,0.144071,0.112457,2.69828
0,5.67098,0.692277,-0.616833,0.0117455,9.20928e-05,2.44525e-05,6.76403e-05,0.942785,27.9251,0.00034145,4.14081e-05,0.144071,0.164201,2.69222
0,5.63568,0.342168,-0.662897,0.0211079,5.78883e-05,2.45875e-05,3.33008e-05,0.890715,13.8029,0.000169699,4.16365e-05,0.144071,0.155234,2.7354
0,5.85375,0.368819,-0.66348,0.0212657,5.83347e-05,2.45885e-05,3.37462e-05,0.897803,14.878,0.000182924,4.16385e-05,0.144071,0.167253,2.73982
0,6.21303,0.293164,-0.664059,0.0211521,5.65402e-05,2.49053e-05,3.16348e-05,0.874742,11.8261,0.000147275,4.21745e-05,0.144071,0.137468,2.73031
0,4.80279,0.827967,-0.612839,0.0109044,9.92324e-05,2.50215e-05,7.42108e-05,0.951695,33.3984,0.000417881,4.23719e-05,0.144071,0.184817,2.69431
0,5.62236,0.502816,-0.668775,0.0220266,6.02725e-05,2.54094e-05,3.4863e-05,0.922929,20.2833,0.000257709,4.30293e-05,0.144071,0.237421,2.76312
0,5.4323,0.611663,-0.613357,0.0107379,9.84551e-05,2.55792e-05,7.2876e-05,0.935732,24.6732,0.00031559,4.3316e-05,0.144071,0.139791,2.68047
0,5.57711,0.802897,-0.627701,0.0126837,8.97858e-05,2.6036e-05,6.37498e-05,0.95027,32.3874,0.000421657,4.40901e-05,0.144071,0.217246,2.71748
0,6.21363,0.355019,-0.646268,0.016033,7.03334e-05,2.61446e-05,4.41888e-05,0.894244,14.3211,0.000187223,4.42731e-05,0.144071,0.129573,2.70948
0,5.78962,0.505184,-0.674031,0.0227765,6.02203e-05,2.62891e-05,3.39312e-05,0.923262,20.3788,0.000267886,4.45193e-05,0.144071,0.255109,2.77208
0,5.82226,0.738914,-0.600226,0.0087128,0.000118213,2.66314e-05,9.15817e-05,0.946182,29.8056,0.000396929,4.50981e-05,0.144071,0.141084,2.66781
0,5.4056,0.22899,-0.67001,0.021349,5.4906e-05,2.6637e-05,2.827e-05,0.84509,9.2375,0.00012303,4.5106e-05,0.14407,0.11998,2.7293
0,4.7765,0.835598,-0.603322,0.00884779,0.000118518,2.7289e-05,9.12291e-05,0.952102,33.7055,0.00045995,4.62119e-05,0.144071,0.164985,2.67896
0,6.29058,0.803767,-0.652384,0.0164911,7.6822e-05,2.74948e-05,4.93272e-05,0.950329,32.4229,0.000445766,4.65611e-05,0.144071,0.2986,2.75853
0,5.85414,0.552222,-0.671637,0.0207978,6.54531e-05,2.79182e-05,3.75348e-05,0.929331,22.2762,0.000310976,4.72783e-05,0.144071,0.26865,2.77234
0,6.39119,0.528592,-0.674601,0.0215032,6.41251e-05,2.80501e-05,3.6075e-05,0.926406,21.323,0.000299075,4.75017e-05,0.144071,0.267976,2.77518
0,5.5496,0.399747,-0.618459,0.0104471,9.76196e-05,2.80722e-05,6.95474e-05,0.904931,16.1249,0.000226353,4.75372e-05,0.144071,0.100867,2.6688
0,5.34997,0.97415,-0.656302,0.0169043,7.71996e-05,2.82073e-05,4.89922e-05,0.958649,39.2959,0.000554259,4.7768e-05,0.144071,0.377277,2.77448
0,5.10951,0.321738,-0.500121,0.022683,3.30292e-05,2.82786e-06,3.02013e-05,0.884594,12.9791,1.83521e-05,4.78831e-06,0.144071,0.0181643,2.46236
0,4.67348,0.653577,-0.50206,0.0230965,3.66976e-05,2.84721e-06,3.38504e-05,0.939641,26.3655,3.75354e-05,4.82119e-06,0.144071,0.0356134,2.49889
0,4.66832,0.95326,-0.617206,0.0101016,0.000109484,2.85679e-05,8.09161e-05,0.957762,38.452,0.000549307,4.83779e-05,0.144071,0.223633,2.70848
0,7.09478,0.54197,-0.648363,0.0150365,8.01095e-05,2.86371e-05,5.14724e-05,0.928081,21.8623,0.000313061,4.84949e-05,0.144071,0.19579,2.7328
0,5.46343,0.301041,-0.606478,0.00875858,0.000105295,2.87083e-05,7.65871e-05,0.877587,12.1433,0.000174324,4.86137e-05,0.144071,0.0671544,2.63591
0,4.90471,0.655457,-0.624771,0.0109854,0.000100943,2.89506e-05,7.19929e-05,0.939762,26.4397,0.00038276,4.90256e-05,0.144071,0.172709,2.70276
0,4.58471,0.912671,-0.50872,0.0246589,3.55897e-05,2.90497e-06,3.26847e-05,0.956017,36.8175,5.34788e-05,4.91903e-06,0.144071,0.0532449,2.52622
0,5.04544,0.650257,-0.624335,0.0108633,0.00010201,2.91126e-05,7.28973e-05,0.939309,26.2298,0.000381848,4.92999e-05,0.144071,0.170464,2.70165
0,6.17984,0.502645,-0.681788,0.0227205,6.31731e-05,2.91146e-05,3.40585e-05,0.922903,20.2763,0.000295187,4.93047e-05,0.144071,0.280529,2.78472
0,10.9805,0.472901,-0.663738,0.0179779,7.15526e-05,2.91818e-05,4.23708e-05,0.918446,19.0763,0.000278361,4.9417e-05,0.144071,0.210326,2.75186
0,5.65161,0.848984,-0.677179,0.0213202,6.79512e-05,2.92428e-05,3.87085e-05,0.952853,34.2472,0.000500776,4.95223e-05,0.144071,0.432542,2.80239
0,7.0837,0.511866,-0.657617,0.0164403,7.62544e-05,2.94979e-05,4.67566e-05,0.924177,20.648,0.000304559,4.99526e-05,0.144071,0.209136,2.74544
0,6.0274,0.20023,-0.6892,0.024656,5.2205e-05,2.9278e-05,2.2927e-05,0.8267,8.0773,0.00011825,4.997e-05,0.14407,0.13721,2.7554
0,5.04538,0.536261,-0.684148,0.0229677,6.3641e-05,2.96874e-05,3.39536e-05,0.927382,21.6323,0.000321124,5.02752e-05,0.144071,0.307011,2.79172
0,6.48773,0.916613,-0.675961,0.0202289,7.15728e-05,3.0342e-05,4.12307e-05,0.956174,36.9752,0.000560991,5.13839e-05,0.144071,0.458152,2.80413
0,4.96882,0.847102,-0.61622,0.00933571,0.000117275,3.05224e-05,8.67528e-05,0.952722,34.1696,0.000521531,5.16877e-05,0.144071,0.197263,2.70104
0,5.71676,0.705258,-0.660111,0.016308,8.00296e-05,3.07047e-05,4.93248e-05,0.943786,28.4491,0.000436796,5.19972e-05,0.144071,0.291349,2.76499
0,5.04645,0.955191,-0.691412,0.0243105,6.53389e-05,3.07899e-05,3.4549e-05,0.957872,38.5316,0.00059323,5.21433e-05,0.144071,0.581218,2.83183
0,6.05533,0.439451,-0.67218,0.0189191,7.04986e-05,3.09055e-05,3.9593e-05,0.912783,17.727,0.00027395,5.23369e-05,0.144071,0.219187,2.76242
0,5.0215,0.22748,-0.68029,0.020953,5.9718e-05,3.097e-05,2.8748e-05,0.84422,9.1766,0.00014211,5.2443e-05,0.14407,0.13615,2.746
0,5.17405,0.745712,-0.640447,0.0124685,9.60381e-05,3.12071e-05,6.48311e-05,0.94666,30.0805,0.000469407,5.28287e-05,0.144071,0.238569,2.73504
0,6.62528,0.327297,-0.624176,0.00981617,0.000102437,3.21528e-05,7.02842e-05,0.886288,13.2024,0.000212269,5.44473e-05,0.144071,0.0907473,2.66908
0,5.24365,0.773549,-0.642386,0.0123229,9.79695e-05,3.23609e-05,6.56086e-05,0.948477,31.2033,0.000504933,5.48016e-05,0.144071,0.25323,2.74005
0,6.24131,0.521578,-0.653493,0.014186,8.69283e-05,3.24215e-05,5.45067e-05,0.925476,21.0396,0.000341097,5.49039e-05,0.144071,0.201824,2.73949
0,6.45566,0.284391,-0.663089,0.0160007,7.40873e-05,3.25158e-05,4.15715e-05,0.871365,11.472,0.000186524,5.50624e-05,0.144071,0.132212,2.72734
0,5.71233,0.793903,-0.655615,0.0144379,8.90907e-05,3.27359e-05,5.63549e-05,0.949736,32.0246,0.000524223,5.5437e-05,0.144071,0.307625,2.76329
0,5.2975,0.22322,-0.67395,0.018187,0.024768,3.2165e-05,0.024736,0.83823,8.7822,0.00014483,5.5692e-05,0.14407,0.12096,2.7336
0,4.56343,0.767785,-0.619344,0.00897116,0.000122662,3.30633e-05,8.95987e-05,0.948095,30.97,0.000512048,5.59907e-05,0.144071,0.187022,2.70142
0,11.8222,0.215077,-0.631879,0.0104784,0.000465326,3.324e-05,0.000432086,0.836629,8.67256,0.000144205,5.63112e-05,0.144071,0.0697175,2.66323
0,5.20195,0.293722,-0.508572,0.0214968,3.41183e-05,3.32605e-06,3.07922e-05,0.874964,11.8489,1.97056e-05,5.63187e-06,0.144071,0.0186875,2.47227
0,6.2234,0.823741,-0.683639,0.0203207,7.39334e-05,3.33355e-05,4.05979e-05,0.951476,33.2287,0.000553889,5.64541e-05,0.144071,0.456653,2.81164
0,5.19808,0.290401,-0.504844,0.0203217,3.59633e-05,3.35391e-06,3.26094e-05,0.873713,11.7149,1.9646e-05,5.67903e-06,0.144071,0.0176376,2.46557
0,8.95466,0.895928,-0.672818,0.0175031,8.11766e-05,3.36801e-05,4.74965e-05,0.955202,36.1404,0.000608656,5.70361e-05,0.144071,0.430526,2.79779
0,5.31755,0.818543,-0.68097,0.0193968,7.61962e-05,3.37461e-05,4.24501e-05,0.951182,33.019,0.000557173,5.71492e-05,0.144071,0.43861,2.8069
0,11.0053,0.212903,-0.630631,0.0101594,9.07653e-05,3.37616e-05,5.70037e-05,0.835288,8.58809,0.000144987,5.71557e-05,0.144071,0.0680497,2.66074
0,5.7342,0.554452,-0.691706,0.022149,6.95636e-05,3.39228e-05,3.56408e-05,0.929592,22.366,0.000379386,5.74485e-05,0.144071,0.348952,2.80586
0,6.65789,0.428957,-0.667004,0.0160901,8.04515e-05,3.40021e-05,4.64494e-05,0.910835,17.3035,0.000294202,5.75807e-05,0.144071,0.200616,2.75269
0,6.25695,0.514602,-0.680726,0.0190171,7.51588e-05,3.43127e-05,4.08461e-05,0.924551,20.7584,0.000356165,5.81082e-05,0.144071,0.282801,2.78407
0,5.19414,0.926977,-0.701053,0.0244683,6.90369e-05,3.46237e-05,3.44132e-05,0.956644,37.3933,0.000647392,5.86369e-05,0.144071,0.639228,2.84637
0,4.97704,0.444105,-0.508258,0.0205473,3.93659e-05,3.46571e-06,3.59002e-05,0.913638,17.9153,3.10458e-05,5.86846e-06,0.144071,0.0269505,2.49077
0,6.84491,0.261001,-0.655411,0.0135569,8.19493e-05,3.47726e-05,4.71767e-05,0.861433,10.5284,0.000183064,5.88844e-05,0.144071,0.111209,2.71077
0,5.10731,0.745144,-0.645932,0.0119742,0.000102197,3.48552e-05,6.73418e-05,0.946617,30.0574,0.000523881,5.90258e-05,0.144071,0.2558,2.74412
0,5.08519,0.280334,-0.693481,0.0219961,6.50519e-05,3.49476e-05,3.01043e-05,0.869752,11.3084,0.000197614,5.91822e-05,0.144071,0.192921,2.77716
0,4.91343,0.934464,-0.643868,0.011591,0.000106056,3.5065e-05,7.09911e-05,0.956952,37.694,0.000660941,5.93814e-05,0.144071,0.309023,2.75178
0,4.66089,0.922808,-0.50913,0.0205005,4.27971e-05,3.51268e-06,3.92844e-05,0.956474,37.2261,6.53846e-05,5.94809e-06,0.144071,0.0540946,2.52744
0,5.60068,0.410756,-0.698827,0.0233192,6.73181e-05,3.53068e-05,3.20113e-05,0.90726,16.5695,0.000292528,5.97923e-05,0.144071,0.290251,2.80351
0,6.26552,0.548853,-0.672523,0.0165162,8.27942e-05,3.55578e-05,4.72365e-05,0.928917,22.1399,0.000393655,6.02161e-05,0.144071,0.270182,2.77352
0,5.76915,0.415507,-0.639767,0.0107308,0.000104428,3.59331e-05,6.8495e-05,0.9082,16.7605,0.00030116,6.08499e-05,0.144071,0.137352,2.70598
0,5.46184,0.302997,-0.502671,0.0184097,3.99389e-05,3.6003e-06,3.63386e-05,0.878321,12.223,2.2004e-05,6.09626e-06,0.144071,0.0178021,2.46387
0,4.5217,0.772879,-0.521293,0.0233826,3.76221e-05,3.6005e-06,3.40216e-05,0.948474,31.1781,5.61306e-05,6.09679e-06,0.144071,0.0534141,2.53896
0,4.87839,0.641409,-0.516026,0.021791,3.94568e-05,3.61076e-06,3.5846e-05,0.938565,25.8745,4.67152e-05,6.11414e-06,0.144071,0.0418656,2.52117
0,5.71039,0.396033,-0.632335,0.00968541,0.000111224,3.61867e-05,7.50372e-05,0.904117,15.9749,0.000289072,6.12793e-05,0.144071,0.119532,2.6914
0,5.36327,0.411057,-0.679266,0.0174607,7.92003e-05,3.66774e-05,4.25229e-05,0.907314,16.5815,0.000304107,6.21121e-05,0.144071,0.225913,2.77106
0,5.55943,0.824019,-0.695359,0.0212886,7.60517e-05,3.69887e-05,3.90631e-05,0.95149,33.2399,0.000614796,6.26416e-05,0.144071,0.531009,2.83113
0,4.59159,0.684869,-0.519613,0.0222511,3.90475e-05,3.70283e-06,3.53446e-05,0.942237,27.6278,5.11525e-05,6.27006e-06,0.144071,0.0466279,2.53029
0,5.31081,0.496317,-0.695266,0.0212174,7.36135e-05,3.7069e-05,3.65445e-05,0.92199,20.0208,0.000371103,6.27768e-05,0.144071,0.329675,2.8065
0,5.39432,0.338758,-0.680212,0.017476,7.73285e-05,3.70932e-05,4.02353e-05,0.889725,13.6651,0.00025346,6.28159e-05,0.144071,0.192179,2.76369
0,5.7143,0.23219,-0.6485,0.011541,8.99e-05,3.738e-05,5.252e-05,0.84687,9.3662,0.00017507,6.3298e-05,0.14407,0.092087,2.6942
0,5.05466,0.846646,-0.702655,0.0231336,7.34787e-05,3.73828e-05,3.60959e-05,0.952726,34.1527,0.000638409,6.33097e-05,0.144071,0.598422,2.84458
0,22.3975,0.385057,-0.656637,0.0127606,9.45684e-05,3.75298e-05,5.70386e-05,0.901665,15.5324,0.000291492,6.35526e-05,0.144071,0.159234,2.73045
0,5.10415,0.389243,-0.700264,0.0223104,7.06364e-05,3.75905e-05,3.30458e-05,0.902634,15.7017,0.000295138,6.36599e-05,0.144071,0.281607,2.80339
0,5.02506,0.808395,-0.512199,0.0196826,4.43566e-05,3.80574e-06,4.05508e-05,0.95062,32.6107,6.20566e-05,6.44434e-06,0.144071,0.0495964,2.52605
0,6.6395,0.982017,-0.665166,0.0140378,9.73108e-05,3.80626e-05,5.92482e-05,0.958954,39.6125,0.00075395,6.44587e-05,0.144071,0.426041,2.7896
0,5.8715,0.715969,-0.653263,0.0120176,0.000319265,3.81475e-05,0.000281118,0.944551,28.8742,0.000550916,6.46187e-05,0.144071,0.270583,2.75434
0,6.35027,0.913924,-0.661556,0.0133572,0.000100251,3.81895e-05,6.20619e-05,0.956032,36.8656,0.00070401,6.46734e-05,0.144071,0.379689,2.78006
0,5.28095,0.918826,-0.654255,0.0121261,0.000106231,3.83013e-05,6.79292e-05,0.956252,37.0631,0.000709859,6.48625e-05,0.144071,0.347473,2.7682
0,8.79933,0.965533,-0.67147,0.0150611,9.37782e-05,3.84688e-05,5.53094e-05,0.958285,38.9477,0.000749206,6.51466e-05,0.144071,0.454539,2.79923
0,5.63978,0.607192,-0.65348,0.0119315,0.000104558,3.85404e-05,6.60176e-05,0.935286,24.4927,0.000472028,6.52668e-05,0.144071,0.232444,2.74674
0,5.53934,0.488883,-0.528827,0.0240185,3.51793e-05,3.86137e-06,3.13179e-05,0.920923,19.7217,3.80778e-05,6.53845e-06,0.144071,0.0383336,2.52944
0,4.80889,0.948038,-0.512907,0.0195513,4.51375e-05,3.86629e-06,4.12712e-05,0.957581,38.2438,7.39342e-05,6.54687e-06,0.144071,0.0582684,2.53504
0,4.64671,0.666839,-0.50488,0.0175525,4.85454e-05,3.88468e-06,4.46607e-05,0.940762,26.9002,5.22518e-05,6.57799e-06,0.144071,0.037631,2.50454
0,5.94333,0.974671,-0.694838,0.0201339,8.07218e-05,3.8849e-05,4.18728e-05,0.958668,39.3168,0.000763771,6.57924e-05,0.144071,0.619228,2.83852
0,14.019,0.277272,-0.644506,0.0105255,0.000101383,3.89343e-05,6.24487e-05,0.868481,11.1845,0.000217753,6.59304e-05,0.144071,0.101865,2.69535
0,5.15868,0.818506,-0.696838,0.0205959,7.92402e-05,3.89658e-05,4.02744e-05,0.951178,33.0174,0.000643325,6.59901e-05,0.144071,0.537747,2.83325
0,6.61546,0.4335,-0.712301,0.0248616,6.97577e-05,3.93725e-05,3.03852e-05,0.911693,17.4869,0.000344276,6.66793e-05,0.144071,0.362429,2.82841
0,4.69378,0.636918,-0.526207,0.0227165,3.83278e-05,3.94754e-06,3.43802e-05,0.938159,25.6934,5.07148e-05,6.6844e-06,0.144071,0.047401,2.53773
0,5.12781,0.374292,-0.700784,0.0213509,7.37378e-05,3.95426e-05,3.41952e-05,0.899136,15.0985,0.000298539,6.69659e-05,0.144071,0.273663,2.80244
0,5.93796,0.795765,-0.658459,0.0123904,0.000105286,3.95641e-05,6.5722e-05,0.949837,32.0992,0.000635055,6.70011e-05,0.144071,0.319778,2.76813
0,4.65535,0.881032,-0.525727,0.0222749,4.00842e-05,4.00104e-06,3.60831e-05,0.954507,35.541,7.11034e-05,6.77505e-06,0.144071,0.0640495,2.55272
0,9.9161,0.21177,-0.62993,0.008454,0.00010499,3.6708e-05,6.8281e-05,0.83455,8.5425,0.0001568,6.8068e-05,0.14407,0.06714,2.6593
0,4.95975,0.479946,-0.675441,0.0151681,9.04596e-05,4.01967e-05,5.02629e-05,0.919534,19.3601,0.000389142,6.80721e-05,0.144071,0.247787,2.77199
0,5.0292,0.736575,-0.644032,0.0101025,0.000120296,4.03161e-05,7.998e-05,0.946019,29.7112,0.000598992,6.82742e-05,0.144071,0.246913,2.7404
0,5.46173,0.297205,-0.5284,0.0224421,3.37367e-05,4.11009e-06,2.96266e-05,0.876248,11.9894,2.46396e-05,6.95948e-06,0.144071,0.0243583,2.50571
0,5.16712,0.724554,-0.691386,0.0181613,8.63221e-05,4.12011e-05,4.5121e-05,0.945195,29.2273,0.00060215,6.97752e-05,0.144071,0.446634,2.81825
0,5.44458,0.289802,-0.660063,0.0121002,9.64172e-05,4.13578e-05,5.50594e-05,0.873448,11.69,0.000241759,7.0036e-05,0.144071,0.129279,2.72316
0,4.96151,0.362484,-0.694271,0.0185123,8.07729e-05,4.19462e-05,3.88267e-05,0.896188,14.6221,0.000306695,7.10359e-05,0.144071,0.24456,2.79014
0,5.52195,0.290094,-0.658895,0.0116649,9.93789e-05,4.22621e-05,5.71169e-05,0.873558,11.7018,0.000247295,7.15674e-05,0.144071,0.127465,2.72126
0,5.63667,0.538992,-0.643519,0.00948424,0.00012411,4.26631e-05,8.14473e-05,0.927685,21.7412,0.000463832,7.22477e-05,0.144071,0.18304,2.72449
0,13.9226,0.389525,-0.710674,0.0224274,7.55901e-05,4.2744e-05,3.28461e-05,0.902694,15.713,0.000335843,7.23883e-05,0.144071,0.322108,2.82072
0,5.41305,0.770401,-0.712178,0.0228311,7.92212e-05,4.28055e-05,3.64158e-05,0.94829,31.0769,0.000665183,7.24947e-05,0.144071,0.618254,2.85578
0,5.4878,0.23485,-0.67893,0.014876,0.0003257,4.2848e-05,0.00028285,0.84832,9.4713,0.00020298,7.2585e-05,0.14407,0.13741,2.7452
0,5.22558,0.728799,-0.641026,0.00913776,0.000130757,4.28841e-05,8.78728e-05,0.945468,29.3972,0.00063042,7.26232e-05,0.144071,0.235186,2.73489
0,4.97516,0.45389,-0.530598,0.021897,3.81979e-05,4.33292e-06,3.38649e-05,0.915342,18.31,3.96695e-05,7.33693e-06,0.144071,0.0366304,2.52888
0,6.39652,0.410574,-0.6472,0.0097827,0.000118743,4.33638e-05,7.53796e-05,0.907191,16.5613,0.000359123,7.34343e-05,0.144071,0.149483,2.71776
0,4.95057,0.476994,-0.522902,0.0195715,4.26113e-05,4.39144e-06,3.82198e-05,0.919107,19.242,4.22518e-05,7.43605e-06,0.144071,0.0347286,2.51844
0,4.42609,0.842011,-0.516424,0.0179482,4.90194e-05,4.40626e-06,4.46132e-05,0.952494,33.9666,7.48365e-05,7.46124e-06,0.144071,0.0544325,2.53506
0,5.90123,0.41973,-0.704535,0.0199675,8.18205e-05,4.43692e-05,3.74512e-05,0.909053,16.9313,0.000375645,7.51404e-05,0.144071,0.318519,2.814
0,5.7479,0.795242,-0.659313,0.01111,0.000118228,4.46099e-05,7.36176e-05,0.949797,32.0777,0.000715575,7.55466e-05,0.144071,0.3231,2.76951
0,4.82976,0.491366,-0.508496,0.0159827,5.15251e-05,4.46907e-06,4.7056e-05,0.921281,19.8216,4.42943e-05,7.5675e-06,0.144071,0.0296611,2.49593
0,5.43509,0.257662,-0.685987,0.015603,8.59288e-05,4.47453e-05,4.11835e-05,0.859887,10.3937,0.000232554,7.5774e-05,0.144071,0.16289,2.76096
0,9.94847,0.386832,-0.659318,0.0110536,0.000110784,4.48423e-05,6.5942e-05,0.902061,15.6038,0.000349893,7.59373e-05,0.144071,0.165497,2.73511
0,5.0167,0.915961,-0.695655,0.0176206,9.24452e-05,4.48583e-05,4.75869e-05,0.956131,36.9481,0.000828791,7.59701e-05,0.144071,0.589624,2.83681
0,5.06192,0.288261,-0.675836,0.0135162,9.46362e-05,4.53397e-05,4.92965e-05,0.872859,11.6279,0.000263627,7.67802e-05,0.144071,0.157578,2.74911
0,5.548,0.21407,-0.67018,0.012547,9.1848e-05,4.5428e-05,4.642e-05,0.83604,8.6354,0.00019616,7.6915e-05,0.14407,0.11361,2.7266
0,4.93325,0.483375,-0.53874,0.0229809,3.72288e-05,4.58371e-06,3.26451e-05,0.920093,19.4995,4.46917e-05,7.76161e-06,0.144071,0.0430872,2.54536
0,5.58489,0.385707,-0.724818,0.0249261,7.57362e-05,4.61193e-05,2.96169e-05,0.901826,15.5589,0.00035881,7.8107e-05,0.144071,0.382859,2.84375
0,5.95677,0.92702,-0.725663,0.0249267,8.11541e-05,4.66201e-05,3.4534e-05,0.956638,37.3946,0.00087174,7.89572e-05,0.144071,0.876911,2.88727
0,6.06297,0.593635,-0.707977,0.0196227,8.79306e-05,4.71886e-05,4.0742e-05,0.933918,23.9462,0.000565042,7.99171e-05,0.144071,0.458315,2.83617
0,5.50314,0.487788,-0.701502,0.0179704,9.05204e-05,4.74161e-05,4.31043e-05,0.920724,19.6765,0.000466533,8.03012e-05,0.144071,0.351508,2.81604
0,9.71395,0.289896,-0.650835,0.0093348,0.000119245,4.76178e-05,7.16269e-05,0.87347,11.6935,0.000278443,8.06361e-05,0.144071,0.11486,2.70785
0,5.96359,0.563482,-0.661463,0.0106849,0.000120815,4.7684e-05,7.31308e-05,0.930609,22.7291,0.000541974,8.07521e-05,0.144071,0.240201,2.75641
0,5.83462,0.724707,-0.710106,0.0198929,8.92249e-05,4.78379e-05,4.1387e-05,0.945205,29.2334,0.000699295,8.10175e-05,0.144071,0.568155,2.84935
0,5.14741,0.336873,-0.514982,0.016198,4.74628e-05,4.79287e-06,4.267e-05,0.889195,13.5894,3.25677e-05,8.1157e-06,0.144071,0.0228997,2.48912
0,4.8904,0.437217,-0.534455,0.0207321,4.03456e-05,4.80882e-06,3.55368e-05,0.912396,17.6374,4.24093e-05,8.14278e-06,0.144071,0.0371968,2.53352
0,4.66461,0.694512,-0.525942,0.0185825,4.722e-05,4.8093e-06,4.24107e-05,0.942988,28.0165,6.73732e-05,8.14369e-06,0.144071,0.0512474,2.54148
0,6.10806,0.91767,-0.727836,0.024848,8.26863e-05,4.80913e-05,3.45951e-05,0.956215,37.0174,0.00089018,8.14499e-05,0.144071,0.893037,2.89038
0,6.12859,0.935587,-0.705892,0.0186876,9.34647e-05,4.82397e-05,4.5225e-05,0.95701,37.7397,0.000910362,8.16979e-05,0.144071,0.686254,2.85487
0,5.3768,0.421981,-0.719299,0.0221509,8.23921e-05,4.8346e-05,3.40461e-05,0.909494,17.0221,0.000411509,8.18779e-05,0.144071,0.386908,2.83877
0,4.65707,0.585655,-0.538517,0.0216948,4.0453e-05,4.84153e-06,3.56115e-05,0.933109,23.6254,5.71939e-05,8.19823e-06,0.144071,0.0513286,2.55413
0,5.92173,0.949038,-0.678902,0.0131002,0.000112343,4.86554e-05,6.36873e-05,0.95758,38.2816,0.000931408,8.23995e-05,0.144071,0.491876,2.81073
0,6.1222,0.22636,-0.71718,0.021343,7.7377e-05,4.8807e-05,2.857e-05,0.84356,9.1312,0.00022285,8.2693e-05,0.14407,0.21776,2.8071
0,5.20636,0.676266,-0.69827,0.0167034,9.74993e-05,4.8938e-05,4.85613e-05,0.941508,27.2791,0.000667558,8.28791e-05,0.144071,0.457188,2.82633
0,5.68608,0.276858,-0.711214,0.0196094,8.31728e-05,4.92267e-05,3.39461e-05,0.868321,11.168,0.000274905,8.33665e-05,0.144071,0.239656,2.80605
0,6.49706,0.410692,-0.71489,0.0202907,8.68709e-05,4.98729e-05,3.6998e-05,0.907235,16.5666,0.000413149,8.44633e-05,0.144071,0.356711,2.83018
0,5.18187,0.797221,-0.708508,0.0186712,9.45067e-05,4.99324e-05,4.45743e-05,0.949931,32.1583,0.000802946,8.45649e-05,0.144071,0.609256,2.85135
0,85.44,0.484048,-0.662606,0.0102794,0.000124725,5.03006e-05,7.44242e-05,0.920139,19.5249,0.000491119,8.51785e-05,0.144071,0.211773,2.75108
0,5.13902,0.765491,-0.710706,0.0190148,9.40416e-05,5.04337e-05,4.36079e-05,0.947966,30.8784,0.000778729,8.54141e-05,0.144071,0.603004,2.85302
0,4.58287,0.978117,-0.537779,0.0205203,4.4531e-05,5.07028e-06,3.94607e-05,0.958831,39.4572,0.000100034,8.58564e-06,0.144071,0.0826376,2.57787
0,5.83968,0.940189,-0.726202,0.0229752,8.8298e-05,5.09309e-05,3.73671e-05,0.957214,37.9255,0.000965877,8.62591e-05,0.144071,0.895003,2.88886
0,5.81946,0.569539,-0.651497,0.00875263,0.000140359,5.12159e-05,8.91436e-05,0.931283,22.973,0.000588374,8.67336e-05,0.144071,0.213452,2.74037
0,7.93437,0.349154,-0.656924,0.00935577,0.000126949,5.13755e-05,7.55733e-05,0.892623,14.0837,0.000361825,8.70012e-05,0.144071,0.146383,2.72641
0,5.2594,0.801775,-0.720435,0.0210837,9.13374e-05,5.15382e-05,3.97992e-05,0.950203,32.3421,0.000833502,8.72863e-05,0.144071,0.713974,2.87145
0,6.26542,0.441502,-0.722352,0.0216075,8.67859e-05,5.15434e-05,3.52425e-05,0.913143,17.8094,0.000459019,8.72938e-05,0.144071,0.419312,2.84596
0,5.08404,0.455923,-0.687246,0.0137011,0.00010704,5.1785e-05,5.52552e-05,0.915644,18.3908,0.000476234,8.76989e-05,0.144071,0.275081,2.78917
0,5.33229,0.536439,-0.700876,0.0162782,0.0001001,5.19254e-05,4.81742e-05,0.927381,21.6388,0.000561857,8.79385e-05,0.144071,0.380712,2.81952
0,4.85903,0.684145,-0.692324,0.014583,0.000107607,5.19318e-05,5.5675e-05,0.942135,27.5967,0.00071665,8.79489e-05,0.144071,0.428212,2.81702
0,4.56224,0.978298,-0.520802,0.016055,5.55821e-05,5.21072e-06,5.03714e-05,0.958831,39.4641,0.000102824,8.82348e-06,0.144071,0.0664582,2.54969
0,5.5229,0.308671,-0.531065,0.0183013,4.2027e-05,5.22977e-06,3.67973e-05,0.880289,12.4518,3.25614e-05,8.83124e-06,0.144071,0.0260585,2.51184
0,5.33958,0.773873,-0.522849,0.0164642,5.35335e-05,5.21663e-06,4.83169e-05,0.948526,31.2177,8.143e-05,8.83347e-06,0.144071,0.0545585,2.5416
0,4.58321,0.615214,-0.512728,0.0143975,5.91608e-05,5.23822e-06,5.39226e-05,0.936104,24.8174,6.50034e-05,8.87001e-06,0.144071,0.0385905,2.51369
0,6.27725,0.996772,-0.717318,0.0199176,9.55234e-05,5.24146e-05,4.31087e-05,0.959537,40.2077,0.00105384,8.87707e-05,0.144071,0.844485,2.87698
0,5.24303,0.438425,-0.506177,0.013217,6.09168e-05,5.24568e-06,5.56711e-05,0.912603,17.6858,4.63898e-05,8.88255e-06,0.144071,0.0259328,2.48671
0,5.37982,0.290797,-0.551581,0.0234759,3.34242e-05,5.29179e-06,2.81324e-05,0.873865,11.7309,3.10398e-05,8.96044e-06,0.144071,0.0321866,2.54321
0,5.33187,0.961322,-0.506025,0.0130538,6.71211e-05,5.30078e-06,6.18204e-05,0.958128,38.7789,0.000102786,8.97602e-06,0.144071,0.0540542,2.5243
0,5.92838,0.956316,-0.733227,0.0241354,8.89222e-05,5.30603e-05,3.58619e-05,0.957904,38.5761,0.00102352,8.98671e-05,0.144071,0.995611,2.90138
0,5.88148,0.316313,-0.52739,0.0171502,4.48715e-05,5.30893e-06,3.95626e-05,0.88284,12.7601,3.38727e-05,8.9895e-06,0.144071,0.0253988,2.50685
0,4.58511,0.574827,-0.503042,0.0125279,6.67365e-05,5.31572e-06,6.14208e-05,0.931918,23.188,6.16346e-05,9.00125e-06,0.144071,0.0319818,2.49435
0,6.69949,0.588961,-0.735032,0.0246372,8.60816e-05,5.31997e-05,3.28819e-05,0.93343,23.7577,0.000632006,9.01022e-05,0.144071,0.644001,2.88073
0,5.45335,0.565659,-0.710074,0.0178495,9.79966e-05,5.32924e-05,4.47042e-05,0.930872,22.8175,0.000608058,9.0255e-05,0.144071,0.450104,2.83733
0,5.61024,0.994748,-0.716377,0.0193387,9.7648e-05,5.33353e-05,4.43126e-05,0.959457,40.126,0.00107017,9.03299e-05,0.144071,0.832714,2.87532
0,4.77844,0.579783,-0.539274,0.0198271,4.42656e-05,5.34932e-06,3.89163e-05,0.932475,23.3884,6.25588e-05,9.05809e-06,0.144071,0.051345,2.55491
0,5.78401,0.874345,-0.713772,0.0183597,0.000100294,5.4331e-05,4.59628e-05,0.954136,35.2691,0.000958199,9.20156e-05,0.144071,0.711786,2.86463
0,5.16644,0.427447,-0.704053,0.0161597,0.000100942,5.44853e-05,4.64569e-05,0.910535,17.2422,0.000469772,9.22735e-05,0.144071,0.321843,2.81405
0,7.03101,0.589035,-0.671176,0.0105781,0.000129118,5.45645e-05,7.45538e-05,0.93341,23.7597,0.000648301,9.24055e-05,0.144071,0.283603,2.77467
0,5.73941,0.262496,-0.702151,0.0157327,9.56874e-05,5.46146e-05,4.10728e-05,0.862104,10.5885,0.000289172,9.24896e-05,0.144071,0.203709,2.78863
0,5.36255,0.298438,-0.529129,0.0169444,4.47889e-05,5.49483e-06,3.92941e-05,0.876689,12.039,3.30776e-05,9.30426e-06,0.144071,0.0246768,2.50711
0,4.73353,0.737285,-0.557148,0.024221,3.83109e-05,5.50901e-06,3.28019e-05,0.946121,29.7422,8.19283e-05,9.32855e-06,0.144071,0.08096,2.59619
0,5.61716,0.271007,-0.541622,0.0197557,3.82696e-05,5.53322e-06,3.27364e-05,0.865888,10.9325,3.02471e-05,9.36919e-06,0.144071,0.0266372,2.52353
0,5.38369,0.396969,-0.539313,0.0191347,4.32509e-05,5.54576e-06,3.77052e-05,0.904364,16.0137,4.44061e-05,9.39064e-06,0.144071,0.0362664,2.53708
0,5.28735,0.410502,-0.709064,0.0169051,9.96439e-05,5.55453e-05,4.40986e-05,0.907188,16.5587,0.000459925,9.40693e-05,0.144071,0.33085,2.82048
0,5.47282,0.399451,-0.722806,0.0199258,9.35594e-05,5.62205e-05,3.7339e-05,0.90487,16.1131,0.000452984,9.52149e-05,0.144071,0.38508,2.84203
0,5.58869,0.397867,-0.721006,0.0194647,9.44005e-05,5.62371e-05,3.81634e-05,0.904527,16.0492,0.000451322,9.52429e-05,0.144071,0.374928,2.83886
0,4.96568,0.249413,-0.688399,0.0127829,0.00026314,5.63152e-05,0.000206825,0.85589,10.0591,0.000283316,9.54006e-05,0.144071,0.163366,2.76353
0,5.4873,0.24655,-0.73751,0.02396,8.3003e-05,5.6471e-05,2.6531e-05,0.85449,9.9453,0.00028084,9.564e-05,0.14407,0.304,2.8446
0,5.15511,0.427007,-0.697183,0.0142675,0.000108974,5.6499e-05,5.24746e-05,0.910446,17.2243,0.000486632,9.56834e-05,0.144071,0.294381,2.80259
0,6.75539,0.350129,-0.662474,0.00913127,0.000134351,5.65269e-05,7.78241e-05,0.892886,14.1229,0.000399217,9.57266e-05,0.144071,0.157591,2.73575
0,5.07337,0.63874,-0.70202,0.0150975,0.000110195,5.68144e-05,5.33809e-05,0.938278,25.7651,0.000731994,9.62193e-05,0.144071,0.454679,2.8298
0,4.61403,0.656126,-0.516843,0.0139763,6.16741e-05,5.68899e-06,5.59851e-05,0.939845,26.4676,7.52918e-05,9.63334e-06,0.144071,0.0432182,2.52362
0,5.82901,0.256543,-0.708247,0.0162631,9.65418e-05,5.71362e-05,3.94056e-05,0.859355,10.3484,0.000295663,9.67611e-05,0.144071,0.215995,2.79773
0,5.63327,0.311857,-0.712365,0.017145,9.76583e-05,5.71402e-05,4.05182e-05,0.881332,12.5796,0.000359437,9.67694e-05,0.144071,0.269924,2.81331
0,5.3811,0.21419,-0.66245,0.0090063,0.00012191,5.7296e-05,6.4609e-05,0.8361,8.6397,0.00024754,9.7022e-05,0.14407,0.10292,2.7138
0,4.57376,0.82119,-0.505144,0.0118036,7.34705e-05,5.79625e-06,6.76743e-05,0.951333,33.1259,9.601e-05,9.81505e-06,0.144071,0.0459811,2.51511
0,5.47817,0.513957,-0.559622,0.0237602,3.7736e-05,5.79724e-06,3.19387e-05,0.924487,20.7332,6.00999e-05,9.81656e-06,0.144071,0.0596228,2.58294
0,5.24197,0.48449,-0.534207,0.0171247,4.9626e-05,5.80326e-06,4.38227e-05,0.920254,19.5442,5.67129e-05,9.82673e-06,0.144071,0.0407361,2.53795
0,5.7694,0.314313,-0.725439,0.0199396,9.29955e-05,5.8115e-05,3.48804e-05,0.882152,12.6788,0.000368447,9.84227e-05,0.144071,0.321501,2.83538
0,4.58187,0.737366,-0.510313,0.0125447,6.89355e-05,5.82827e-06,6.31072e-05,0.946107,29.7446,8.66858e-05,9.86922e-06,0.144071,0.0443657,2.51844
0,5.68059,0.691337,-0.728168,0.0204901,9.91281e-05,5.85691e-05,4.0559e-05,0.942707,27.887,0.00081674,9.91956e-05,0.144071,0.685328,2.87707
0,4.60368,0.740933,-0.559977,0.0235679,3.95951e-05,5.87118e-06,3.37239e-05,0.946371,29.8894,8.77465e-05,9.94183e-06,0.144071,0.0843489,2.60112
0,5.59618,0.959707,-0.713038,0.0167836,0.000109618,5.88753e-05,5.07427e-05,0.958033,38.7121,0.00113972,9.97122e-05,0.144071,0.77079,2.868
