v,CO2share,E_appl,Vcell,CO_out,H2_out,Predicted,Actual,Difference,Absolute_Error
0.0183154,0.577311,-0.639834,2.72166,0.000245371,23.2883,3.58503730619581e-05,3.56821e-05,1.6827306195809776e-07,1.6827306195809776e-07
0.02329777,0.6539297,-1.135584,3.573997,0.1230977,26.12271,0.016371033057269092,0.0163481,2.2933057269091534e-05,2.2933057269091534e-05
0.0222259,0.505009,-0.862385,3.08523,0.00308114,20.366,0.0005143936578421873,0.00051274,1.6536578421873054e-06,1.6536578421873054e-06
0.0196048,0.733391,-0.840229,3.06642,0.00381725,29.5772,0.00043879391373604883,0.000437318,1.475913736048815e-06,1.475913736048815e-06
0.01528505,0.7566868,-1.232025,3.809148,0.6775396,28.98023,0.08606676368855574,0.08600131,6.545368855574718e-05,6.545368855574718e-05
0.01646725,0.8660199,-1.141808,3.607602,0.2479573,34.40726,0.02508832120967238,0.02505435,3.397120967238085e-05,3.397120967238085e-05
0.01342521,0.8394425,-1.14455,3.610703,0.3043569,33.21578,0.03187570203756874,0.03183303,4.267203756874033e-05,4.267203756874033e-05
0.0215891,0.93322,-1.00639,3.35972,0.0370739,37.5684,0.0033637825959842394,0.0033564,7.382595984239612e-06,7.382595984239612e-06
0.019856236,0.86593638,-1.3127854,4.1481047,1.2114613,31.558763,0.1868483612438422,0.18680696,4.14012438421929e-05,4.14012438421929e-05
0.0230931,0.506372,-1.09615,3.48398,0.0588033,20.3061,0.009955013414866178,0.00993839,1.66234148661782e-05,1.66234148661782e-05
0.014152,0.662025,-0.874323,3.11829,0.0073925,26.6905,0.0009416686064002948,0.00093872,2.9486064002947916e-06,2.9486064002947916e-06
0.02131681,0.6704307,-1.257387,3.867203,0.5648033,25.72133,0.08546480281318133,0.08541465,5.015281318133946e-05,5.015281318133946e-05
0.024635689,0.71629905,-1.3539568,4.325364,1.1562496,25.548145,0.25549054047833886,0.25550393,-1.3389521661133497e-05,1.3389521661133497e-05
0.0151,0.23121,-0.95507,3.2037,0.0068099,9.3128,0.002488560107301488,0.002482,6.56010730148808e-06,6.56010730148808e-06
0.0111057,0.63993,-0.830272,3.04315,0.00517392,25.8034,0.0006816497713513954,0.000679316,2.3337713513953877e-06,2.3337713513953877e-06
0.0136908,0.57391,-0.947434,3.2338,0.0169073,23.1164,0.002488406539891733,0.00248182,6.586539891733148e-06,6.586539891733148e-06
0.00991193,0.39908,-0.945284,3.2125,0.0157944,16.0662,0.0033435243869021107,0.00333462,8.904386902110727e-06,8.904386902110727e-06
0.01245349,0.229693,-1.220899,3.67018,0.2259312,8.78069,0.09157515418145101,0.09149851,7.664418145100771e-05,7.664418145100771e-05
0.02062221,0.769878,-1.14185,3.598495,0.1766167,30.68424,0.020044334812440733,0.02001716,2.717481244073408e-05,2.717481244073408e-05
0.0230644,0.682145,-0.967068,3.27567,0.0153413,27.4862,0.001900546083552896,0.00189575,4.7960835528959925e-06,4.7960835528959925e-06
0.01781383,0.9271918,-1.273633,3.985068,1.046521,34.66633,0.12598900271739208,0.1259278,6.120271739207261e-05,6.120271739207261e-05
0.0236428,0.867608,-0.725075,2.88303,0.00085371,34.9979,8.296155501848828e-05,8.26191e-05,3.424550184882787e-07,3.424550184882787e-07
0.0201441,0.57144,-0.543841,2.5618,6.43554e-05,23.0519,9.504913495431456e-06,9.45426e-06,5.065349543145716e-08,5.065349543145716e-08
0.0226547,0.550953,-0.743665,2.89188,0.000718332,22.2242,0.00010991754128597569,0.000109477,4.40541285975693e-07,4.40541285975693e-07
0.017013475,0.61545323,-1.3870094,4.4911422,2.386888,20.054657,0.5655005486321554,0.56565488,-0.00015433136784459567,0.00015433136784459567
0.00943039,0.533057,-1.06174,3.42557,0.0978705,21.301,0.015672549736734456,0.0156422,3.0349736734457122e-05,3.0349736734457122e-05
0.0110507,0.732276,-0.889689,3.14896,0.0127511,29.5127,0.001468926510448349,0.00146446,4.466510448349016e-06,4.466510448349016e-06
0.01949536,0.7805977,-1.179131,3.679735,0.2988297,30.84778,0.034218248978596766,0.03418028,3.796897859676546e-05,3.796897859676546e-05
0.0164186,0.7298319,-1.148169,3.6072,0.2267664,28.96358,0.027303772069121168,0.02726777,3.600206912116738e-05,3.600206912116738e-05
0.01443749,0.3777112,-1.229717,3.727202,0.353952,14.50257,0.08845904857257053,0.08839087,6.817857257053472e-05,6.817857257053472e-05
0.022508,0.20138,-0.57259,2.562,2.9361e-05,8.1224,1.2304124058444206e-05,1.2241e-05,6.312405844420621e-08,6.312405844420621e-08
0.0156214,0.221641,-1.11689,3.47652,0.0492457,8.84116,0.01920618465280092,0.0191769,2.9284652800918437e-05,2.9284652800918437e-05
0.0143548,0.279002,-0.66109,2.72316,0.000198799,11.2545,6.009341622339001e-05,5.98195e-05,2.7391622339001306e-07,2.7391622339001306e-07
0.0186223,0.235142,-1.14328,3.52619,0.0610551,9.36174,0.022608230658586415,0.0225765,3.173065858641522e-05,3.173065858641522e-05
0.0180698,0.444398,-0.684192,2.78289,0.000338434,17.9264,6.42210078952952e-05,6.39381e-05,2.8290789529519334e-07,2.8290789529519334e-07
0.024028,0.415576,-1.08895,3.46006,0.0423841,16.6777,0.008722931893138596,0.00870838,1.4551893138595867e-05,1.4551893138595867e-05
0.0206209,0.439993,-0.800407,2.97551,0.00130596,17.7468,0.0002501990909219879,0.000249293,9.06090921987937e-07,9.06090921987937e-07
0.0219474,0.410679,-0.963984,3.24529,0.00933076,16.5479,0.0019197403000192374,0.00191486,4.8803000192373935e-06,4.8803000192373935e-06
0.012215144,0.76580521,-1.3187699,4.133588,1.7958996,25.96743,0.32798540948974975,0.32792548,5.992948974975487e-05,5.992948974975487e-05
0.0170471,0.369796,-0.963633,3.23967,0.0107668,14.8956,0.0024604697665939145,0.00245421,6.259766593914428e-06,6.259766593914428e-06
0.009485862,0.9071647,-1.22178,3.803779,1.157111,33.9109,0.12159171799633407,0.1214908,0.00010091799633407672,0.00010091799633407672
0.0104671,0.967573,-1.07438,3.48351,0.187657,38.6337,0.01660802254667607,0.0165786,2.9422546676070166e-05,2.9422546676070166e-05
0.02381984,0.3509716,-1.330565,4.002668,0.5118007,12.93322,0.19569443675619907,0.1956732,2.1236756199083384e-05,2.1236756199083384e-05
0.02125553,0.8467839,-1.226999,3.811019,0.5166539,32.96191,0.05802400063068903,0.05797764,4.636063068903101e-05,4.636063068903101e-05
0.0124432,0.797216,-0.8499,3.08666,0.00740078,32.1437,0.000782730220346728,0.000780146,2.5842203467279796e-06,2.5842203467279796e-06
0.01906078,0.8261058,-1.244205,3.858782,0.6691246,31.72685,0.08069969663194924,0.08064474,5.495663194923783e-05,5.495663194923783e-05
0.0227069,0.905385,-0.619311,2.70944,0.000238465,36.5231,2.2219033699282302e-05,2.21117e-05,1.0733369928230186e-07,1.0733369928230186e-07
0.00876582,0.480299,-1.00592,3.32385,0.0466256,19.2787,0.008234730658885702,0.0082166,1.8130658885702824e-05,1.8130658885702824e-05
0.015330767,0.61917785,-1.3496523,4.2308698,1.6230533,20.417237,0.38848628150871406,0.38849556,-9.278491285957813e-06,9.278491285957813e-06
0.01155393,0.7063803,-1.243417,3.831305,0.9398175,26.34244,0.13179207723514777,0.1317021,8.997723514778122e-05,8.997723514778122e-05
0.0233973,0.977279,-0.652443,2.76822,0.000382307,39.423,3.299487521102026e-05,3.28426e-05,1.5227521102025444e-07,1.5227521102025444e-07
0.0175571,0.590554,-0.886301,3.13271,0.00619844,23.8102,0.0008852116111651245,0.000882503,2.7086111651245057e-06,2.7086111651245057e-06
0.01395228,0.3231293,-1.297874,3.881768,0.6408342,11.64491,0.21958452801368306,0.2195131,7.142801368306695e-05,7.142801368306695e-05
0.0128681,0.567117,-0.530514,2.53931,8.42502e-05,22.877,1.2539384416855762e-05,1.24714e-05,6.798441685576187e-08,6.798441685576187e-08
0.008475733,0.3554524,-1.256085,3.781524,0.7424805,12.78988,0.21138437008708616,0.2112579,0.00012647008708616125,0.00012647008708616125
0.00844787,0.595125,-0.531945,2.54399,0.000137168,24.006,1.945458800013631e-05,1.93494e-05,1.0518800013630873e-07,1.0518800013630873e-07
0.01714383,0.2526029,-1.269752,3.783143,0.3111404,9.537196,0.12454989602820346,0.1244872,6.269602820345443e-05,6.269602820345443e-05
0.0120819,0.983841,-0.508484,2.52952,0.000117302,39.687,1.0065282684006075e-05,1.00092e-05,5.6082684006074555e-08,5.6082684006074555e-08
0.0214059,0.741762,-1.08369,3.48409,0.0793767,29.7571,0.009152067285508518,0.00913577,1.6297285508518056e-05,1.6297285508518056e-05
0.00972847,0.905707,-0.515564,2.53721,0.000146877,36.5345,1.3689626018198694e-05,1.36141e-05,7.552601819869328e-08,7.552601819869328e-08
0.024872,0.21806,-0.75201,2.8633,0.00028824,8.7963,0.00011144038419328393,0.000111,4.4038419328393285e-07,4.4038419328393285e-07
0.0126414,0.850529,-0.781372,2.97567,0.00322487,34.303,0.00031964470933608786,0.000318444,1.2007093360878892e-06,1.2007093360878892e-06
0.0186321,0.983666,-0.827394,3.05956,0.00456885,39.6715,0.0003915605981967317,0.000390208,1.3525981967316613e-06,1.3525981967316613e-06
0.0246956,0.439742,-0.539558,2.54226,3.82343e-05,17.7394,7.33831520388282e-06,7.299e-06,3.931520388282006e-08,3.931520388282006e-08
0.00859066,0.764905,-1.02423,3.37976,0.0957154,30.6552,0.01062927859347554,0.0106064,2.2878593475540027e-05,2.2878593475540027e-05
0.0108844,0.745868,-0.8531,3.08872,0.00824729,30.0703,0.0009323553324015321,0.000929303,3.052332401532105e-06,3.052332401532105e-06
0.016915,0.70101,-0.519874,2.53186,6.91055e-05,28.2785,8.321368582247746e-06,8.27567e-06,4.5698582247745686e-08,4.5698582247745686e-08
0.01986257,0.647415,-1.21759,3.752241,0.3849928,25.28158,0.055028007725399466,0.0549812,4.6807725399465594e-05,4.6807725399465594e-05
0.02093342,0.2824139,-1.210324,3.663602,0.1464837,11.09332,0.04756276303647762,0.04752001,4.275303647761908e-05,4.275303647761908e-05
0.0182887,0.270113,-0.662229,2.72361,0.000153294,10.8961,4.786210095683472e-05,4.76442e-05,2.1790095683471935e-07,2.1790095683471935e-07
0.0216312,0.971333,-0.643799,2.75357,0.000367816,39.1831,3.1940119871264494e-05,3.17909e-05,1.4921987126449363e-07,1.4921987126449363e-07
0.0211467,0.397768,-1.0688,3.42237,0.0357082,15.973,0.0076522669094525346,0.00763785,1.4416909452534717e-05,1.4416909452534717e-05
0.0216843,0.831873,-1.0011,3.34426,0.0307509,33.4937,0.003129121130158272,0.00312185,7.271130158272281e-06,7.271130158272281e-06
0.013583,0.20046,-0.78884,2.9209,0.00077882,8.085,0.000327420013764856,0.0003262,1.220013764855973e-06,1.220013764855973e-06
0.0163691,0.386078,-0.672045,2.75615,0.000277689,15.5738,6.0656789516110905e-05,6.03853e-05,2.714895161109058e-07,2.714895161109058e-07
0.0110802,0.522157,-0.728517,2.86414,0.00114583,21.0609,0.00018502024247090318,0.000184261,7.592424709031891e-07,7.592424709031891e-07
0.0248491,0.848782,-0.645109,2.74911,0.000284538,34.2397,2.8275511173834262e-05,2.81438e-05,1.3171117383426194e-07,1.3171117383426194e-07
0.0126362,0.709668,-0.653571,2.75443,0.000521537,28.6264,6.198476604696112e-05,6.16994e-05,2.8536604696112206e-07,2.8536604696112206e-07
0.024875216,0.57012163,-1.3636052,4.2957279,0.93139908,20.356838,0.2863965895623019,0.28643002,-3.3430437698100945e-05,3.3430437698100945e-05
0.01391022,0.2756276,-1.194317,3.630004,0.1778709,10.75596,0.058280784481631674,0.05822185,5.8934481631675584e-05,5.8934481631675584e-05
0.0166787,0.452507,-0.599033,2.64235,0.000125056,18.2539,2.3316306527795095e-05,2.32006e-05,1.157065277950955e-07,1.157065277950955e-07
0.0172961,0.302108,-1.15351,3.55854,0.0957505,11.9918,0.0277580921227749,0.0277218,3.6292122774898156e-05,3.6292122774898156e-05
0.01041263,0.2353876,-1.286619,3.815422,0.5690443,8.322873,0.2546441099372599,0.2545448,9.93099372598727e-05,9.93099372598727e-05
0.01687646,0.4465278,-1.246328,3.783219,0.4338583,17.0901,0.09366301105956247,0.09360055,6.246105956246584e-05,6.246105956246584e-05
0.00909793,0.310676,-0.89363,3.11451,0.00691167,12.5182,0.0018768109163229054,0.00187117,5.6409163229054725e-06,5.6409163229054725e-06
0.0113569,0.39581,-0.650149,2.72095,0.000309735,15.966,6.600276260113484e-05,6.56971e-05,3.0566260113483966e-07,3.0566260113483966e-07
0.0243783,0.964306,-0.576944,2.64219,0.000137286,38.9003,1.2013239847610062e-05,1.19518e-05,6.143984761006211e-08,6.143984761006211e-08
0.02029913,0.7039631,-1.269719,3.91522,0.6938982,26.70603,0.1051452850540138,0.1050913,5.398505401379983e-05,5.398505401379983e-05
0.0158479,0.8305757,-1.187841,3.706015,0.4316091,32.56581,0.04707392216123489,0.04702421,4.971216123489386e-05,4.971216123489386e-05
0.0193163,0.730448,-1.08701,3.48923,0.0902862,29.2779,0.010583750431222894,0.0105651,1.8650431222894462e-05,1.8650431222894462e-05
0.010243,0.21925,-0.61548,2.6368,0.00012187,8.8442,4.689169150056008e-05,4.6661e-05,2.30691500560083e-07,2.30691500560083e-07
0.01042724,0.6168364,-1.24837,3.826334,0.9614705,22.72632,0.15561998855826628,0.1555189,0.00010108855826629348,0.00010108855826629348
0.0138187,0.89087,-0.875541,3.13506,0.010348,35.9156,0.000979579632926023,0.000976515,3.0646329260230034e-06,3.0646329260230034e-06
0.021658769,0.51362944,-1.3416645,4.1365063,0.8704474,18.386949,0.24818149688348579,0.24817404,7.456883485773558e-06,7.456883485773558e-06
0.0203206,0.667332,-0.811269,3.01355,0.00231072,26.9155,0.0002918894996638718,0.000290852,1.0374996638717578e-06,1.0374996638717578e-06
0.01773026,0.6485359,-1.198708,3.706856,0.3442161,25.42785,0.048375619115224276,0.04832822,4.739911522427809e-05,4.739911522427809e-05
0.0207516,0.94172,-0.577358,2.64172,0.000158342,37.9889,1.4187969837589743e-05,1.41155e-05,7.246983758974278e-08,7.246983758974278e-08
0.011892184,0.95376466,-1.292955,4.0727903,1.8405203,33.4779,0.24185727464977724,0.24177151,8.576464977724796e-05,8.576464977724796e-05
0.01287659,0.6461227,-1.29815,3.999206,1.258906,22.87582,0.23877282875321057,0.2386964,7.642875321056675e-05,7.642875321056675e-05
0.0209276,0.495589,-0.974592,3.27234,0.0135245,19.9644,0.002307021278276323,0.00230131,5.7112782763228155e-06,5.7112782763228155e-06
0.010482,0.21884,-0.86206,3.0463,0.002827,8.8223,0.0010861723707104576,0.0010827,3.4723707104575806e-06,3.4723707104575806e-06
0.0238781,0.6608953,-1.226708,3.778182,0.363288,25.85997,0.05145852755395639,0.05141739,4.113755395639129e-05,4.113755395639129e-05
0.00980722,0.341952,-0.673655,2.75323,0.000419082,13.7931,0.00010335582174952867,0.000102894,4.618217495286743e-07,4.618217495286743e-07
0.02050624,0.8259998,-1.256479,3.898882,0.7111497,31.57103,0.08781341588394898,0.08776099,5.242588394897829e-05,5.242588394897829e-05
0.0169308,0.644115,-0.924218,3.20049,0.0113992,25.96,0.001493587411371547,0.0014894,4.187411371546967e-06,4.187411371546967e-06
0.01246409,0.3653519,-1.342158,4.048931,1.061377,12.12162,0.4340043956420313,0.4339952,9.195642031278872e-06,9.195642031278872e-06
0.01306321,0.5483849,-1.242767,3.796947,0.6543117,20.69573,0.1155965884939603,0.1155176,7.898849396030527e-05,7.898849396030527e-05
0.0157369,0.961691,-0.812215,3.03312,0.00435223,38.7852,0.00038151383107928774,0.00038016,1.3538310792877441e-06,1.3538310792877441e-06
0.02235336,0.7521909,-1.174361,3.665655,0.2367281,29.83866,0.028070544787992466,0.02803847,3.207478799246641e-05,3.207478799246641e-05
0.014322695,0.5118905,-1.3309739,4.0816239,1.1722309,17.60329,0.32716920552205475,0.327136,3.32055220547689e-05,3.32055220547689e-05
0.0208455,0.441338,-0.990245,3.29308,0.0147696,17.7735,0.002831606098478054,0.00282489,6.7160984780537634e-06,6.7160984780537634e-06
0.019938,0.499075,-0.527352,2.52797,4.59479e-05,20.1327,7.771040169951559e-06,7.72876e-06,4.2280169951558464e-08,4.2280169951558464e-08
0.0153201,0.943024,-1.06787,3.46991,0.115292,37.7979,0.010437244315605733,0.0104176,1.9644315605731738e-05,1.9644315605731738e-05
0.0244281,0.8841,-0.776474,2.96943,0.00162908,35.6616,0.0001553330775187834,0.000154744,5.890775187833886e-07,5.890775187833886e-07
0.00963306,0.463354,-0.637129,2.70671,0.000361643,18.6903,6.583607803182145e-05,6.55256e-05,3.1047803182145876e-07,3.1047803182145876e-07
0.00884675,0.872868,-0.717481,2.87071,0.00208191,35.2055,0.00020111816078905942,0.000200276,8.421607890594246e-07,8.421607890594246e-07
0.0162083,0.780325,-0.806372,3.01305,0.00318101,31.4716,0.0003436481815623419,0.000342416,1.2321815623418664e-06,1.2321815623418664e-06
0.0126215,0.7410115,-1.269967,3.923219,1.150999,27.06375,0.16964419104350004,0.1695572,8.699104350004538e-05,8.699104350004538e-05
0.01972686,0.5294183,-1.136545,3.561445,0.119142,21.11029,0.019574495735089844,0.01954731,2.7185735089845647e-05,2.7185735089845647e-05
0.00857671,0.695916,-0.841065,3.06523,0.00836739,28.0546,0.0010138260537913414,0.00101042,3.4060537913414585e-06,3.4060537913414585e-06
0.0217066,0.550642,-0.970442,3.27056,0.0137392,22.1848,0.0021088256634093474,0.00210355,5.27566340934732e-06,5.27566340934732e-06
0.009560946,0.2679159,-1.328348,3.943615,0.9686169,8.677016,0.4738658956814232,0.4738094,5.6495681423185395e-05,5.6495681423185395e-05
0.01049543,0.2922611,-1.238432,3.72418,0.4128757,10.9421,0.1360895153772827,0.1359925,9.701537728271092e-05,9.701537728271092e-05
0.02340206,0.75453448,-1.3309243,4.2017755,1.1375557,27.217119,0.20010895648708182,0.20008877,2.018648708182469e-05,2.018648708182469e-05
0.0162082,0.890466,-0.559577,2.60944,0.000152552,35.9209,1.4457664781539979e-05,1.43821e-05,7.556478153997821e-08,7.556478153997821e-08
0.024656198,0.41327516,-1.3669652,4.200875,0.79660116,14.503166,0.30167717420427304,0.30171891,-4.17357957269715e-05,4.17357957269715e-05
0.0173201,0.727045,-0.521078,2.53562,7.10867e-05,29.3288,8.25333230495941e-06,8.2081e-06,4.5232304959409955e-08,4.5232304959409955e-08
0.0182687,0.452337,-0.951114,3.22832,0.0104705,18.2259,0.0019550620734434293,0.00194992,5.14207344342937e-06,5.14207344342937e-06
0.0134002,0.377824,-0.739415,2.86704,0.00078857,15.2397,0.0001759616154931454,0.000175253,7.086154931453903e-07,7.086154931453903e-07
0.0130364,0.257047,-1.16132,3.56358,0.119044,10.1271,0.04071225807722739,0.0406606,5.1658077227394184e-05,5.1658077227394184e-05
0.0218409,0.9253885,-1.131432,3.591516,0.1762175,36.95457,0.01655656402516779,0.01653295,2.3614025167789654e-05,2.3614025167789654e-05
0.0243004,0.388837,-1.02195,3.34065,0.0167283,15.6517,0.0036492585813303973,0.00364118,8.078581330397353e-06,8.078581330397353e-06
0.008440376,0.9732283,-1.12949,3.591096,0.4636344,38.26644,0.04178796532520651,0.04172774,6.022532520651158e-05,6.022532520651158e-05
0.0121461,0.258457,-0.673198,2.73986,0.000254268,10.4256,8.296520333232213e-05,8.25936e-05,3.716033323221315e-07,3.716033323221315e-07
0.01056296,0.262588,-1.236988,3.712677,0.3642175,9.847801,0.13273583016531318,0.132639,9.683016531317201e-05,9.683016531317201e-05
0.01688443,0.4709156,-1.163743,3.606223,0.1726117,18.64004,0.032426944575269234,0.03238742,3.952457526923414e-05,3.952457526923414e-05
0.0158487,0.514849,-0.703404,2.82176,0.000572135,20.7678,9.370318232814859e-05,9.33029e-05,4.002823281485811e-07,4.002823281485811e-07
0.0132238,0.598812,-0.682108,2.79361,0.000606679,24.1545,8.543872099734697e-05,8.50615e-05,3.772209973469686e-07,3.772209973469686e-07
0.0111048,0.287807,-0.754569,2.87979,0.000880562,11.6082,0.00025793507807635207,0.00025692,1.0150780763520679e-06,1.0150780763520679e-06
0.0207331,0.564958,-0.75546,2.91268,0.000936481,22.7887,0.00013974128252398308,0.000139193,5.482825239830856e-07,5.482825239830856e-07
0.0126977,0.559339,-1.09269,3.48344,0.112866,22.3301,0.01731839379584407,0.0172903,2.80937958440676e-05,2.80937958440676e-05
0.0243419,0.703746,-0.800269,2.99783,0.00176637,28.3858,0.00021157748153492376,0.000210811,7.664815349237508e-07,7.664815349237508e-07
0.0188985,0.955293,-0.620207,2.71357,0.000305811,38.5359,2.700544732317722e-05,2.68751e-05,1.303473231772214e-07,1.303473231772214e-07
0.0103078,0.621642,-0.559965,2.59261,0.000168295,25.0759,2.284705719853169e-05,2.27278e-05,1.192571985316917e-07,1.192571985316917e-07
0.00838945,0.566319,-0.708683,2.83507,0.00127221,22.8416,0.00018942959860253832,0.000188626,8.035986025383183e-07,8.035986025383183e-07
0.02363592,0.2714337,-1.31927,3.923137,0.3922688,10.06211,0.17059603700921663,0.1705657,3.0337009216646615e-05,3.0337009216646615e-05
0.020075,0.997036,-0.507389,2.52836,7.05458e-05,40.2205,5.9731088486964995e-06,5.93983e-06,3.327884869649962e-08,3.327884869649962e-08
0.0246125,0.526393,-0.641745,2.72042,0.000170627,21.2346,2.7340675455917187e-05,2.72126e-05,1.28075455917186e-07,1.28075455917186e-07
0.0242719,0.685458,-0.996938,3.32683,0.0214667,27.6071,0.0026500773912864137,0.00264393,6.14739128641361e-06,6.14739128641361e-06
0.0119828,0.83782,-0.596497,2.66775,0.000311943,33.7963,3.14140579331633e-05,3.12577e-05,1.5635793316330252e-07,1.5635793316330252e-07
0.0119571,0.209037,-1.14308,3.51967,0.0841597,8.26185,0.03512035702307967,0.0350748,4.5557023079664805e-05,4.5557023079664805e-05
0.018088,0.340128,-0.595493,2.62322,8.28229e-05,13.7207,2.0544422915508883e-05,2.04418e-05,1.0262291550888118e-07,1.0262291550888118e-07
0.0155094,0.288503,-1.02317,3.32828,0.0197426,11.5981,0.005807981682361463,0.00579523,1.2751682361462555e-05,1.2751682361462555e-05
0.0102892,0.484533,-1.11026,3.50682,0.150179,19.2362,0.02678018224714296,0.0267396,4.058224714295969e-05,4.058224714295969e-05
0.0207494,0.478612,-0.938903,3.21056,0.00834289,19.2903,0.0014715654253632776,0.00146758,3.985425363277556e-06,3.985425363277556e-06
0.01061002,0.7385615,-1.148828,3.609244,0.3562565,29.04167,0.042610522442482666,0.04255443,5.60924424826692e-05,5.60924424826692e-05
0.0127254,0.859615,-0.77676,2.96852,0.00305164,34.6699,0.00029927938418409004,0.000298146,1.1333841840900356e-06,1.1333841840900356e-06
0.010352969,0.76352658,-1.3689044,4.4417538,3.9825585,22.836792,0.7365729385125009,0.73668518,-0.00011224148749910956,0.00011224148749910956
0.0098271478,0.96009087,-1.342804,4.3550464,3.2883922,29.074922,0.555046059394081,0.55503346,1.2599394081047599e-05,1.2599394081047599e-05
0.01731,0.301441,-0.76018,2.89119,0.000635886,12.1589,0.0001778314251821404,0.000177138,6.93425182140406e-07,6.93425182140406e-07
0.01028648,0.7595027,-1.156187,3.626742,0.4129636,29.7632,0.04830552087156402,0.04824423,6.129087156402091e-05,6.129087156402091e-05
0.0113783,0.914168,-1.01661,3.37636,0.0784317,36.7118,0.007277248875883334,0.00726121,1.603887588333408e-05,1.603887588333408e-05
0.0149856,0.481842,-0.875375,3.10464,0.00515033,19.4268,0.000901378629878599,0.000898552,2.8266298785989755e-06,2.8266298785989755e-06
0.020243,0.358379,-1.00028,3.29991,0.0140384,14.4285,0.0033168127473026878,0.00330915,7.662747302687907e-06,7.662747302687907e-06
0.0157207,0.802272,-0.507804,2.51838,7.28753e-05,32.3633,7.668279911583272e-06,7.62561e-06,4.266991158327138e-08,4.266991158327138e-08
0.0228239,0.935228,-0.78361,2.98409,0.00202139,37.7232,0.0001822010710444243,0.00018152,6.810710444242929e-07,6.810710444242929e-07
0.0200628,0.669407,-0.541465,2.56547,7.34183e-05,27.0039,9.256716858595582e-06,9.20723e-06,4.9486858595582415e-08,4.9486858595582415e-08
0.0229326,0.915515,-1.04434,3.42551,0.0555584,36.8153,0.005154676252144849,0.00514425,1.0426252144848415e-05,1.0426252144848415e-05
0.0226512,0.308996,-1.16107,3.57399,0.0820873,12.2975,0.02335596229866756,0.0233278,2.8162298667561148e-05,2.8162298667561148e-05
0.022951605,0.70003119,-1.3564263,4.3310677,1.218961,24.711802,0.28307095157194095,0.28309028,-1.932842805907331e-05,1.932842805907331e-05
0.0124567,0.88948,-1.0106,3.36435,0.0645836,35.7454,0.006153646292128396,0.00613972,1.3926292128395301e-05,1.3926292128395301e-05
0.014221,0.21474,-0.5771,2.572,5.2193e-05,8.6064,2.063494021660827e-05,2.0528e-05,1.0694021660826957e-07,1.0694021660826957e-07
0.0220565,0.967435,-0.758648,2.94423,0.00157039,39.0233,0.0001368444636081241,0.000136311,5.334636081241024e-07,5.334636081241024e-07
0.02138542,0.7911869,-1.117811,3.552657,0.1299415,31.64334,0.014196404105609288,0.01417482,2.1584105609288515e-05,2.1584105609288515e-05
0.00955345,0.685042,-1.0664,3.44793,0.131654,27.3598,0.016424461971053156,0.0163929,3.156197105315742e-05,3.156197105315742e-05
0.01423558,0.941097,-1.18535,3.713154,0.52864,36.79482,0.0507560993091173,0.05070208,5.401930911730357e-05,5.401930911730357e-05
0.0111941,0.864842,-0.528885,2.55706,0.000144633,34.8865,1.4116235203209814e-05,1.40396e-05,7.66352032098136e-08,7.66352032098136e-08
0.013085,0.945892,-0.839373,3.07759,0.00729518,38.1414,0.0006502443855063171,0.000648048,2.196385506317072e-06,2.196385506317072e-06
0.015625,0.523327,-0.913667,3.1726,0.00876606,21.0929,0.0014133848744715704,0.00140933,4.054874471570323e-06,4.054874471570323e-06
0.00917107,0.303214,-1.12247,3.50231,0.122792,11.9811,0.03514411649897526,0.0350922,5.191649897526296e-05,5.191649897526296e-05
0.0196539,0.698757,-1.00644,3.34415,0.0305085,28.1246,0.0036973664221554717,0.00368913,8.236422155471611e-06,8.236422155471611e-06
0.009056792,0.6325128,-1.273915,3.906075,1.441591,22.08985,0.2487069112012361,0.2485877,0.00011921120123611906,0.00011921120123611906
0.01784626,0.4877467,-1.216355,3.720384,0.3179217,19.00814,0.060281799287111026,0.06022955,5.2249287111026665e-05,5.2249287111026665e-05
0.0106224,0.583194,-0.78515,2.96356,0.0027623,23.5197,0.00039930475473497727,0.000397816,1.4887547349772706e-06,1.4887547349772706e-06
0.0192108,0.487553,-1.13712,3.55719,0.113465,19.4339,0.020249254442792054,0.0202219,2.735444279205329e-05,2.735444279205329e-05
0.0136701,0.59697,-0.815417,3.01505,0.00324059,24.0748,0.0004576260107178494,0.00045601,1.6160107178493708e-06,1.6160107178493708e-06
0.0172189,0.698848,-0.651759,2.75067,0.00036823,28.1907,4.444195463868285e-05,4.42365e-05,2.0545463868284998e-07,2.0545463868284998e-07
0.0142733,0.583003,-0.649578,2.73831,0.000360352,23.5174,5.2133139671936327e-05,5.18921e-05,2.410396719363292e-07,2.410396719363292e-07
0.016297935,0.79226377,-1.311785,4.1132717,1.3286029,28.335003,0.22473766001915735,0.22468614,5.152001915734172e-05,5.152001915734172e-05
0.0215818,0.698236,-0.608731,2.67919,0.000168907,28.1667,2.0408261089082295e-05,2.03082e-05,1.0006108908229506e-07,1.0006108908229506e-07
0.02313872,0.3920347,-1.187092,3.639964,0.1394994,15.52765,0.03193277692767872,0.03189889,3.388692767872237e-05,3.388692767872237e-05
0.0207735,0.675234,-1.11764,3.5415,0.113989,27.0013,0.014582535533372343,0.0145604,2.213553337234407e-05,2.213553337234407e-05
0.0247648,0.942577,-0.688393,2.82616,0.000552799,38.0228,4.9455948522668626e-05,4.92395e-05,2.1644852266862387e-07,2.1644852266862387e-07
0.0208801,0.21093,-1.06319,3.38083,0.0175133,8.3117,0.007211428265823608,0.00719772,1.3708265823607346e-05,1.3708265823607346e-05
0.0126297,0.969205,-0.674763,2.80489,0.000935565,39.095,8.140771032424219e-05,8.10445e-05,3.632103242421904e-07,3.632103242421904e-07
0.0147735,0.868473,-0.507275,2.52139,8.33777e-05,35.0337,8.104700552516534e-06,8.05954e-06,4.5160552516533456e-08,4.5160552516533456e-08
0.01615961,0.869004,-1.260554,3.921543,0.9665716,32.63406,0.11741846810644566,0.1173515,6.696810644565843e-05,6.696810644565843e-05
0.012740741,0.4880208,-1.350714,4.1587881,1.3938335,15.968229,0.4738757096095638,0.47389043,-1.4720390436151476e-05,1.4720390436151476e-05
0.0205051,0.781786,-0.544198,2.57754,8.68914e-05,31.5372,9.380470417176075e-06,9.33051e-06,4.996041717607468e-08,4.996041717607468e-08
0.0162376,0.918494,-0.607587,2.69068,0.000291007,37.0513,2.6729657505085745e-05,2.65985e-05,1.3115750508574517e-07,1.3115750508574517e-07
0.0109994,0.33782,-1.07181,3.41912,0.0604773,13.504,0.015291360686719551,0.0152635,2.7860686719552094e-05,2.7860686719552094e-05
0.01373896,0.2032698,-1.284197,3.797124,0.3671586,7.448478,0.18708381759241338,0.1870071,7.671759241337228e-05,7.671759241337228e-05
0.022152,0.22074,-0.82907,2.9919,0.00088117,8.9029,0.0003365057376779334,0.00033534,1.1657376779334065e-06,1.1657376779334065e-06
0.0119033,0.856281,-0.636593,2.7354,0.000537146,34.5405,5.2914212972903915e-05,5.2665e-05,2.4921297290391727e-07,2.4921297290391727e-07
0.0242702,0.733656,-0.503795,2.50737,4.10003e-05,29.5959,4.717849586261943e-06,4.69143e-06,2.641958626194322e-08,2.641958626194322e-08
0.017077,0.512497,-0.563333,2.58896,8.74525e-05,20.674,1.4400021355573764e-05,1.43251e-05,7.492135557376443e-08,7.492135557376443e-08
0.016236,0.22471,-0.94517,3.186,0.0054237,9.0539,0.0020382059535616823,0.0020328,5.4059535616822994e-06,5.4059535616822994e-06
0.009895567,0.7253814,-1.270234,3.918629,1.428298,25.78025,0.21711906183689791,0.2170102,0.00010886183689792772,0.00010886183689792772
0.0106021,0.250803,-0.623227,2.65557,0.000148781,10.1169,5.00408852454274e-05,4.9801e-05,2.398852454273999e-07,2.398852454273999e-07
0.0197815,0.586103,-1.04221,3.39667,0.0401148,23.5606,0.005814595954744179,0.00580313,1.1465954744179115e-05,1.1465954744179115e-05
0.014023013,0.21057188,-1.3947665,4.1484204,0.79988496,6.4756014,0.7579400266023282,0.75818563,-0.00024560339767187855,0.00024560339767187855
0.01459893,0.4572314,-1.285356,3.893534,0.749755,16.73714,0.17870270326216695,0.1786297,7.300326216694297e-05,7.300326216694297e-05
0.0219323,0.26448,-1.07858,3.41872,0.0259133,10.6166,0.008365221472117634,0.00835024,1.4981472117633898e-05,1.4981472117633898e-05
0.0170981,0.294866,-0.931945,3.17606,0.00570507,11.8834,0.0016332120237643843,0.00162871,4.502023764384319e-06,4.502023764384319e-06
0.0123967,0.38296337,-1.3684667,4.1760249,1.2811533,12.060908,0.6116939169524607,0.61178503,-9.111304753928184e-05,9.111304753928184e-05
0.0225748,0.946462,-0.517353,2.54234,6.76833e-05,38.1805,6.036523291973749e-06,6.00332e-06,3.320329197374837e-08,3.320329197374837e-08
0.01580811,0.200736,-1.337948,3.936976,0.5152812,6.991541,0.3241915399557274,0.3241728,1.873995572743148e-05,1.873995572743148e-05
0.02125853,0.5624752,-1.246024,3.809796,0.4311353,21.73916,0.07406640596996615,0.07401703,4.9375969966153344e-05,4.9375969966153344e-05
0.0125921,0.963766,-1.05289,3.44391,0.118533,38.6274,0.010476772253556732,0.0104565,2.0272253556731165e-05,2.0272253556731165e-05
0.0238727,0.453063,-1.09765,3.48033,0.051929,18.1701,0.009817160124592968,0.00980129,1.5870124592967313e-05,1.5870124592967313e-05
0.00952328,0.389246,-0.676198,2.76343,0.000507569,15.7007,0.00010996967448215503,0.00010948,4.896744821550249e-07,4.896744821550249e-07
0.0147268,0.717852,-0.967867,3.27963,0.0255357,28.9048,0.0030072327603101355,0.00299968,7.552760310135676e-06,7.552760310135676e-06
0.0245201,0.53875,-0.654849,2.74329,0.000207422,21.7331,3.24716813886435e-05,3.23225e-05,1.4918138864350027e-07,1.4918138864350027e-07
0.01615961,0.3426398,-1.268708,3.810863,0.445174,12.88434,0.13037654514136002,0.1303093,6.724514136002835e-05,6.724514136002835e-05
0.01890063,0.8242663,-1.18529,3.699327,0.3502436,32.4907,0.03819905254169032,0.03815799,4.106254169031903e-05,4.106254169031903e-05
0.0197721,0.674568,-0.724531,2.86984,0.000788173,27.2106,9.851217169512284e-05,9.81051e-05,4.0707169512283186e-07,4.0707169512283186e-07
0.02340171,0.8605683,-1.14909,3.622522,0.190206,34.30981,0.019384127749583698,0.0193588,2.5327749583699266e-05,2.5327749583699266e-05
0.02264226,0.2170172,-1.306392,3.859675,0.3003564,8.12877,0.15094533867821955,0.1509061,3.923867821956084e-05,3.923867821956084e-05
0.02155459,0.2427451,-1.195571,3.624693,0.1034116,9.582024,0.03822182014999682,0.03818345,3.837014999681643e-05,3.837014999681643e-05
0.01705932,0.7687773,-1.13841,3.59134,0.2040035,30.58223,0.023183832780145977,0.02315187,3.196278014597556e-05,3.196278014597556e-05
0.0093372084,0.80384893,-1.3453221,4.2908954,3.0382487,23.712204,0.603363812491589,0.60336048,3.3324915890142748e-06,3.3324915890142748e-06
0.0240426,0.313148,-1.314672,3.929868,0.4237284,11.68023,0.1580969989951931,0.158063,3.39989951931019e-05,3.39989951931019e-05
0.02349157,0.6428418,-1.24999,3.838958,0.4584878,24.88465,0.07052694981734584,0.07048183,4.511981734584003e-05,4.511981734584003e-05
0.00898914,0.386484,-0.677673,2.76555,0.000544119,15.5891,0.00011873131810895968,0.000118203,5.283181089596711e-07,5.283181089596711e-07
0.019599652,0.92578532,-1.3176875,4.1978793,1.370315,33.451303,0.20159036756807772,0.20155209,3.8277568077726976e-05,3.8277568077726976e-05
0.02398044,0.7313322,-1.212642,3.753683,0.340822,28.75279,0.04277344669093498,0.04273541,3.803669093498108e-05,3.803669093498108e-05
0.020053,0.20107,-0.63409,2.6639,7.2252e-05,8.0854,3.0416186156099418e-05,3.0271e-05,1.4518615609941887e-07,1.4518615609941887e-07
0.0176244,0.550136,-0.784279,2.95931,0.00155312,22.1893,0.0002379887814881821,0.000237099,8.897814881820936e-07,8.897814881820936e-07
0.01520813,0.7649474,-1.269674,3.929151,0.9896684,28.40361,0.14026215640521433,0.1401914,7.075640521433946e-05,7.075640521433946e-05
0.0136422,0.668723,-0.670415,2.77952,0.000565152,26.9748,7.127408627113137e-05,7.09537e-05,3.2038627113136994e-07,3.2038627113136994e-07
0.0200496,0.650698,-0.606984,2.67287,0.000165679,26.2489,2.1480652118584556e-05,2.13753e-05,1.053521185845578e-07,1.053521185845578e-07
0.023189,0.89084,-0.816808,3.03697,0.00290227,35.9308,0.000274635052112528,0.000273668,9.670521125279899e-07,9.670521125279899e-07
0.0108053,0.51485,-0.587397,2.62913,0.000189133,20.7681,3.0996166881461117e-05,3.08401e-05,1.5606688146111342e-07,1.5606688146111342e-07
0.0201127,0.61557,-0.924334,3.19844,0.00918483,24.8133,0.0012591704188434044,0.00125563,3.540418843404414e-06,3.540418843404414e-06
0.024369,0.720699,-0.659157,2.76446,0.000295072,29.0727,3.4530970783612036e-05,3.43731e-05,1.5787078361203827e-07,1.5787078361203827e-07
0.0172164,0.768083,-0.675672,2.79499,0.000550293,30.9833,6.042051292919843e-05,6.0151e-05,2.695129291984305e-07,2.695129291984305e-07
0.0124174,0.517751,-0.959303,3.24869,0.0195736,20.8455,0.0031951829232488003,0.00318694,8.242923248800212e-06,8.242923248800212e-06
0.0208364,0.732477,-1.0162,3.36352,0.0341651,29.4772,0.003953083110203685,0.00394437,8.71311020368519e-06,8.71311020368519e-06
0.00950805,0.984546,-0.736499,2.90826,0.00278942,39.7091,0.0002388798137256102,0.000237913,9.668137256101995e-07,9.668137256101995e-07
0.0220396,0.48085,-1.11206,3.50981,0.0715025,19.2504,0.012794620955189653,0.0127749,1.972095518965218e-05,1.972095518965218e-05
0.01334195,0.8789002,-1.170922,3.672053,0.4432885,34.49577,0.04499870532399534,0.04494612,5.258532399533833e-05,5.258532399533833e-05
0.0101552,0.903658,-1.06295,3.45822,0.156429,36.1231,0.014781797498955501,0.0147547,2.7097498955500413e-05,2.7097498955500413e-05
0.0147798,0.872919,-0.694447,2.83244,0.000927154,35.2113,8.956517951585376e-05,8.91772e-05,3.879795158537574e-07,3.879795158537574e-07
0.0235565,0.37554,-0.5679,2.58196,4.92629e-05,15.1494,1.1069487158868413e-05,1.10122e-05,5.72871588684134e-08,5.72871588684134e-08
0.0224238,0.755104,-0.581117,2.63714,0.000123309,30.4609,1.3779109016197167e-05,1.37091e-05,7.000901619716625e-08,7.000901619716625e-08
0.0228719,0.888651,-0.980742,3.31276,0.0240095,35.7982,0.0022843278404476356,0.00227877,5.557840447635749e-06,5.557840447635749e-06
0.02042481,0.4230788,-1.198148,3.668406,0.194108,16.66548,0.041692823343850376,0.04165166,4.116334385037557e-05,4.116334385037557e-05
0.00992661,0.678731,-0.90975,3.1788,0.0170149,27.3438,0.0021156316970512143,0.0021095,6.1316970512144235e-06,6.1316970512144235e-06
0.017267446,0.49537769,-1.3632252,4.2347569,1.1915622,16.691684,0.41057063653442194,0.41061736,-4.672346557804685e-05,4.672346557804685e-05
0.0164629,0.713084,-0.539916,2.56596,9.34329e-05,28.7655,1.1058740114931415e-05,1.09996e-05,5.9140114931413975e-08,5.9140114931413975e-08
0.0104046,0.449913,-0.653322,2.73221,0.000400279,18.1482,7.503912411786003e-05,7.46936e-05,3.4552411786003114e-07,3.4552411786003114e-07
0.01491044,0.3785256,-1.204461,3.672747,0.2554085,14.74316,0.061933744309508175,0.06187541,5.8334309508176196e-05,5.8334309508176196e-05
0.014162326,0.87884797,-1.3478679,4.3595612,2.4989247,28.06989,0.4110133864377933,0.41101815,-4.763562206744343e-06,4.763562206744343e-06
0.0183588,0.351671,-0.630729,2.68325,0.00013266,14.1862,3.182001553717126e-05,3.16686e-05,1.514155371712606e-07,1.514155371712606e-07
0.0191792,0.320319,-0.880479,3.094,0.00285649,12.916,0.0007519838743611332,0.000749654,2.329874361133217e-06,2.329874361133217e-06
0.022547416,0.95678066,-1.2926999,4.0784964,0.99939764,35.866507,0.12714569898950712,0.12710049,4.520898950710617e-05,4.520898950710617e-05
0.0226913,0.458886,-0.520769,2.51308,3.41118e-05,18.5116,6.274765545540225e-06,6.24032e-06,3.444554554022531e-08,3.444554554022531e-08
0.0226728,0.755016,-0.835798,3.06046,0.00321021,30.451,0.00035843678996194005,0.000357219,1.2177899619400718e-06,1.2177899619400718e-06
0.01687239,0.309085,-1.181048,3.611781,0.1401763,12.18208,0.040522923594879114,0.04047815,4.477359487911614e-05,4.477359487911614e-05
0.021540541,0.59527549,-1.3185496,4.0691071,0.82365137,21.855123,0.18546766940300125,0.18543367,3.399940300125026e-05,3.399940300125026e-05
0.0190022,0.628995,-0.510818,2.51158,4.91347e-05,25.3736,6.5943298839837235e-06,6.55772e-06,3.66098839837239e-08,3.66098839837239e-08
0.0203777,0.974614,-0.829542,3.06268,0.00425482,39.3072,0.00036802889109290645,0.000366766,1.2628910929064698e-06,1.2628910929064698e-06
0.0139007,0.251337,-1.13922,3.52235,0.0829828,9.97025,0.028749247300369037,0.0287091,4.014730036903599e-05,4.014730036903599e-05
0.0247314,0.359202,-1.00314,3.30487,0.011948,14.4661,0.002816392690966556,0.00281004,6.3526909665559406e-06,6.3526909665559406e-06
0.0161069,0.962422,-0.922254,3.21748,0.0174565,38.7873,0.001530896308316249,0.00152657,4.32630831624886e-06,4.32630831624886e-06
0.0216,0.505118,-1.0583,3.41672,0.0388455,20.2967,0.006546899244250326,0.00653394,1.2959244250325581e-05,1.2959244250325581e-05
0.0228862,0.623865,-1.04646,3.4075,0.0389661,25.0863,0.00530763651386722,0.00529716,1.0476513867219324e-05,1.0476513867219324e-05
0.0206852,0.800637,-1.0919,3.50408,0.098249,32.0918,0.010523695213986849,0.0105056,1.8095213986848296e-05,1.8095213986848296e-05
0.0114333,0.579675,-0.84167,3.05734,0.00526965,23.3727,0.0007664534507167797,0.000763889,2.5644507167796923e-06,2.5644507167796923e-06
0.0127451,0.752235,-1.10449,3.52358,0.175115,29.9779,0.020076173934611828,0.0200438,3.237393461182764e-05,3.237393461182764e-05
0.00841333,0.899976,-0.587946,2.65706,0.000427587,36.3023,4.0090167835299665e-05,3.98882e-05,2.0196783529966272e-07,2.0196783529966272e-07
0.0142928,0.330135,-1.01625,3.32298,0.0224431,13.2719,0.005766603512634253,0.00575394,1.2663512634253186e-05,1.2663512634253186e-05
0.0153422,0.697907,-0.734535,2.88811,0.00119494,28.1509,0.00014435534959620578,0.000143768,5.873495962057708e-07,5.873495962057708e-07
0.0232147,0.63594,-0.63463,2.71767,0.00019946,25.6537,2.645646616063484e-05,2.63313e-05,1.2516616063483864e-07,1.2516616063483864e-07
0.023218759,0.71851928,-1.313334,4.0958935,0.87795378,26.617927,0.16091849558163657,0.16088335,3.5145581636558676e-05,3.5145581636558676e-05
0.0156566,0.674811,-0.884045,3.13548,0.00771589,27.2058,0.0009643262325866424,0.000961368,2.958232586642391e-06,2.958232586642391e-06
0.01859622,0.403043,-1.261174,3.809874,0.4216184,15.35894,0.1028488529981281,0.1027909,5.795299812809407e-05,5.795299812809407e-05
0.02326623,0.3733556,-1.3307,4.01494,0.5499355,13.72502,0.20069844249510704,0.2006788,1.964249510705285e-05,1.964249510705285e-05
0.0166701,0.558296,-0.616148,2.68073,0.000192325,22.5212,2.9060918473245352e-05,2.89201e-05,1.408184732453507e-07,1.408184732453507e-07
0.020503,0.614655,-0.627538,2.70425,0.000199278,24.795,2.7348636381265016e-05,2.72181e-05,1.305363812650167e-07,1.305363812650167e-07
0.01644073,0.4821223,-1.187829,3.656895,0.2422159,18.94564,0.045369511507412606,0.04532172,4.779150741260341e-05,4.779150741260341e-05
0.0160348,0.766602,-0.899303,3.16736,0.0104083,30.9029,0.0011453274671508562,0.00114192,3.4074671508561687e-06,3.4074671508561687e-06
0.0218616,0.884678,-0.564642,2.61753,0.000119922,35.6879,1.143908190372544e-05,1.13797e-05,5.938190372543958e-08,5.938190372543958e-08
0.008870615,0.9555264,-1.191374,3.729077,0.9169494,36.50182,0.08800286373222031,0.08791174,9.112373222031067e-05,9.112373222031067e-05
0.0240459,0.882779,-0.7454,2.91767,0.0011088,35.6094,0.00010589071196612484,0.000105468,4.2271196612483973e-07,4.2271196612483973e-07
0.02420772,0.8915964,-1.250388,3.892421,0.6105971,34.45654,0.06879111155990483,0.0687477,4.3411559904837915e-05,4.3411559904837915e-05
0.0204291,0.929662,-0.702758,2.84935,0.000794845,37.5011,7.209363838217422e-05,7.1785e-05,3.0863838217421477e-07,3.0863838217421477e-07
0.01674668,0.525681,-1.186964,3.662034,0.2571775,20.66927,0.04404875372035104,0.04400203,4.672372035104122e-05,4.672372035104122e-05
0.00891716,0.86788,-0.995969,3.33764,0.0729985,34.8558,0.007124150100814248,0.00710758,1.6570100814248048e-05,1.6570100814248048e-05
0.02469987,0.9651065,-1.116828,3.565147,0.1355896,38.6439,0.012137261282302763,0.0121187,1.8561282302763035e-05,1.8561282302763035e-05
0.00877989,0.820297,-0.71206,2.85865,0.00183885,33.0854,0.0001890257180067471,0.000188229,7.967180067471134e-07,7.967180067471134e-07
0.0134657,0.940232,-0.84037,3.07896,0.00713731,37.9134,0.0006400003766137956,0.000637848,2.1523766137956533e-06,2.1523766137956533e-06
0.02332263,0.5951155,-1.183204,3.664513,0.1999678,23.58703,0.030138438384956563,0.03010574,3.26983849565643e-05,3.26983849565643e-05
0.0201441,0.28528,-0.820695,2.98927,0.00112469,11.506,0.00033232444806886147,0.000331165,1.1594480688614534e-06,1.1594480688614534e-06
0.01553328,0.9682806,-1.162526,3.662325,0.3792356,38.23543,0.03470114575395172,0.03465852,4.2625753951724965e-05,4.2625753951724965e-05
0.01062209,0.2066561,-1.370784,4.045081,0.8852643,6.284462,0.7354455168976402,0.7355629,-0.00011738310235986926,0.00011738310235986926
0.0194614,0.396693,-0.843952,3.04309,0.00218179,15.9982,0.00046366756393459446,0.000462118,1.5495639345944378e-06,1.5495639345944378e-06
0.0227087,0.823289,-0.956608,3.26759,0.0164489,33.1775,0.0016877495839544916,0.00168338,4.369583954491694e-06,4.369583954491694e-06
0.0195664,0.742065,-0.647195,2.74601,0.000324505,29.9343,3.688423704877273e-05,3.67131e-05,1.7113704877273002e-07,1.7113704877273002e-07
0.00868274,0.530376,-0.659947,2.751,0.000615649,21.3932,9.790263623805177e-05,9.74563e-05,4.463362380517671e-07,4.463362380517671e-07
0.0149544,0.443601,-1.07313,3.43567,0.059469,17.7727,0.011439468980190425,0.0114185,2.0968980190425035e-05,2.0968980190425035e-05
0.0174059,0.589052,-1.12325,3.54313,0.127232,23.4983,0.018703594805414496,0.0186758,2.7794805414496637e-05,2.7794805414496637e-05
0.0230975,0.629221,-0.576316,2.62034,9.37906e-05,25.3829,1.2577581558067221e-05,1.25134e-05,6.418155806722178e-08,6.418155806722178e-08
0.0205535,0.513656,-0.563724,2.58972,7.31921e-05,20.7209,1.2024553761892604e-05,1.19621e-05,6.245376189260344e-08,6.245376189260344e-08
0.0106811,0.436613,-0.980005,3.27522,0.0250006,17.5613,0.004845465578534967,0.00483369,1.1775578534966788e-05,1.1775578534966788e-05
0.01630591,0.7196939,-1.129604,3.568951,0.1792766,28.65644,0.021662251399072845,0.02163094,3.131139907284336e-05,3.131139907284336e-05
0.011916,0.23331,-0.95609,3.2059,0.0088211,9.394,0.0031950793740330424,0.0031867,8.37937403304215e-06,8.37937403304215e-06
0.0233522,0.50888,-1.00007,3.31686,0.0172352,20.493,0.0028674586330590295,0.00286095,6.5086330590293645e-06,6.5086330590293645e-06
0.0131445,0.428662,-0.917817,3.16993,0.00900077,17.2736,0.001772045786776809,0.001767,5.04578677680903e-06,5.04578677680903e-06
0.023496,0.519169,-0.732889,2.87114,0.00056831,20.9424,9.228884889229234e-05,9.19125e-05,3.763488922923331e-07,3.763488922923331e-07
0.009717487,0.9560708,-1.250094,3.900422,1.560291,34.68323,0.17072339306138848,0.1706147,0.00010869306138847068,0.00010869306138847068
0.018892015,0.53357523,-1.3698373,4.3031106,1.2262931,18.051294,0.40851106474195553,0.40857553,-6.446525804448822e-05,6.446525804448822e-05
0.0101809,0.443132,-1.01527,3.33574,0.0417383,17.7899,0.007994424314607796,0.00797727,1.715431460779654e-05,1.715431460779654e-05
0.0198091,0.398208,-1.15448,3.57716,0.111426,15.835,0.024540383326721458,0.0245081,3.228332672145645e-05,3.228332672145645e-05
0.023065983,0.74797388,-1.3575603,4.3697097,1.265045,26.478753,0.2857979275849896,0.28581969,-2.1762415010395664e-05,2.1762415010395664e-05
0.024632458,0.80040825,-1.3340119,4.2420965,1.1823884,28.886504,0.197800753617274,0.19778471,1.6043617274003052e-05,1.6043617274003052e-05
0.0139996,0.376428,-0.983812,3.27447,0.0172708,15.1497,0.0038820577941688834,0.0038727,9.357794168883202e-06,9.357794168883202e-06
0.016255,0.99873,-0.982544,3.32211,0.0388454,40.2067,0.0032894315141946194,0.00328148,7.951514194619574e-06,7.951514194619574e-06
0.0126964,0.404555,-1.06908,3.42369,0.0606333,16.1954,0.01279125839863525,0.0127671,2.4158398635249628e-05,2.4158398635249628e-05
0.01409899,0.9068565,-1.251644,3.897926,1.062481,33.94803,0.12003312321099525,0.119957,7.612321099526032e-05,7.612321099526032e-05
0.0233323,0.626016,-0.717182,2.85402,0.00056402,25.2526,7.596445062271612e-05,7.56472e-05,3.172506227161199e-07,3.172506227161199e-07
0.0099341,0.587729,-1.03703,3.38775,0.0748845,23.5535,0.010833502071768007,0.0108113,2.2202071768007148e-05,2.2202071768007148e-05
0.01427083,0.9251774,-1.231723,3.837222,0.8707022,35.2476,0.09182676546245402,0.091757,6.976546245401893e-05,6.976546245401893e-05
0.0121814,0.87312,-0.611377,2.69448,0.000387135,35.2201,3.740669804309617e-05,3.72242e-05,1.8249804309617058e-07,1.8249804309617058e-07
0.0205408,0.483791,-0.672036,2.76671,0.000277267,19.5157,4.833221378579068e-05,4.81159e-05,2.1631378579068522e-07,2.1631378579068522e-07
0.010672,0.787725,-0.832464,3.05698,0.00681659,31.7617,0.0007295969778670056,0.000727102,2.4949778670055973e-06,2.4949778670055973e-06
0.01696562,0.6293014,-1.146357,3.592437,0.1853879,24.9989,0.025815832527557387,0.02578157,3.4262527557386846e-05,3.4262527557386846e-05
0.0168012,0.649596,-0.729907,2.87694,0.00095704,26.2027,0.00012421572033958044,0.000123706,5.097203395804291e-07,5.097203395804291e-07
0.013522,0.23314,-0.53093,2.4992,3.3142e-05,9.405,1.1996902857752665e-05,1.1933e-05,6.390285775266418e-08,6.390285775266418e-08
0.0201704,0.443581,-0.797608,2.97124,0.0012985,17.8915,0.00024675891964838666,0.00024586,8.989196483866766e-07,8.989196483866766e-07
0.0214276,0.8372768,-1.204599,3.748681,0.3960169,32.89487,0.04317314554521868,0.04313269,4.04555452186775e-05,4.04555452186775e-05
0.0247254,0.251023,-0.554185,2.541,2.63061e-05,10.1264,8.843541749410906e-06,8.79702e-06,4.652174941090533e-08,4.652174941090533e-08
0.0232897,0.659529,-0.62982,2.71144,0.000193839,26.6053,2.4792059534911234e-05,2.4674e-05,1.1805953491123269e-07,1.1805953491123269e-07
0.0211527,0.266662,-0.911991,3.1382,0.00322985,10.7507,0.0010218097177997533,0.00101886,2.949717799753367e-06,2.949717799753367e-06
0.0131097,0.446913,-1.11065,3.50285,0.1095,17.8032,0.02112403358954206,0.0210908,3.323358954206157e-05,3.323358954206157e-05
0.0083464517,0.85529913,-1.2924087,4.0364316,2.3069939,28.413317,0.3421944534060438,0.34207211,0.00012234340604383442,0.00012234340604383442
0.0235731,0.491571,-1.06158,3.42102,0.0361215,19.7559,0.006256918864669948,0.00624539,1.1528864669947854e-05,1.1528864669947854e-05
0.0128987,0.647805,-0.646623,2.73847,0.000426571,26.1312,5.554136819963105e-05,5.52833e-05,2.580681996310519e-07,2.580681996310519e-07
0.0174951,0.970625,-0.633047,2.73567,0.000395822,39.1541,3.439951983096539e-05,3.42363e-05,1.6321983096538687e-07,1.6321983096538687e-07
0.01287586,0.9448037,-1.097755,3.526096,0.1999315,37.68909,0.018226219753852555,0.01819612,3.0099753852555478e-05,3.0099753852555478e-05
0.0216466,0.744784,-0.651504,2.75335,0.000311149,30.0442,3.523604026291246e-05,3.50735e-05,1.625402629124606e-07,1.625402629124606e-07
0.0136901,0.709937,-1.03919,3.40185,0.0675363,28.498,0.008082281489185755,0.00806614,1.614148918575517e-05,1.614148918575517e-05
0.0223352,0.843401,-0.551355,2.59313,9.43451e-05,34.0229,9.440628244454428e-06,9.39077e-06,4.985824445442797e-08,4.985824445442797e-08
0.018802,0.904169,-0.890281,3.16051,0.00932598,36.4547,0.0008699344645740767,0.000867299,2.6354645740767632e-06,2.6354645740767632e-06
0.0156637,0.987902,-0.5129,2.53706,9.61553e-05,39.8515,8.216531003863336e-06,8.17101e-06,4.552100386333652e-08,4.552100386333652e-08
0.019845,0.366275,-1.01909,3.33284,0.0186024,14.7377,0.004307456257214148,0.00429798,9.476257214148e-06,9.476257214148e-06
0.00842466,0.543186,-0.823861,3.02455,0.00533168,21.9001,0.000827579984719082,0.000824709,2.8709847190820778e-06,2.8709847190820778e-06
0.0112118,0.632339,-0.906041,3.16908,0.0133844,25.4802,0.0017860185154556511,0.00178079,5.228515455651169e-06,5.228515455651169e-06
0.00841754,0.607838,-0.900037,3.15708,0.0158642,24.4863,0.002202421766155778,0.0021959,6.521766155777927e-06,6.521766155777927e-06
0.0205678,0.650611,-0.809265,3.00898,0.00216921,26.2413,0.0002810565756380603,0.000280053,1.0035756380602934e-06,1.0035756380602934e-06
0.0102623,0.717803,-0.988031,3.31396,0.0474056,28.8567,0.005590571099841826,0.0055773,1.3271099841825375e-05,1.3271099841825375e-05
0.00871622,0.7411549,-1.293739,4.008134,1.971974,24.8329,0.33332188173861715,0.3332058,0.00011608173861715754,0.00011608173861715754
0.01874146,0.6053929,-1.208505,3.723059,0.3421146,23.6921,0.05189934918766269,0.05185164,4.770918766269089e-05,4.770918766269089e-05
0.00837644,0.747521,-0.755987,2.92711,0.00308756,30.1471,0.0003482312979492133,0.000346867,1.3642979492133251e-06,1.3642979492133251e-06
0.0140329,0.48074,-0.905954,3.15559,0.00812176,19.3762,0.0014253738778537116,0.0014212,4.1738778537114916e-06,4.1738778537114916e-06
0.0213243,0.720219,-0.872654,3.11965,0.00522471,29.043,0.0006116958448166382,0.000609767,1.9288448166381944e-06,1.9288448166381944e-06
0.02479183,0.5794101,-1.160159,3.614199,0.1387787,23.08438,0.021091189139136508,0.02106501,2.6179139136509044e-05,2.6179139136509044e-05
0.0248745,0.875738,-0.542607,2.58045,7.86127e-05,35.3275,7.576374702907351e-06,7.53588e-06,4.049470290735135e-08,4.049470290735135e-08
0.02461632,0.7088369,-1.150178,3.609198,0.1511281,28.27681,0.01868688569765894,0.01866251,2.4375697658941126e-05,2.4375697658941126e-05
0.0219843,0.943284,-0.55815,2.60991,0.000116979,38.0521,1.0465596391431012e-05,1.04108e-05,5.4796391431011893e-08,5.4796391431011893e-08
0.01748,0.536998,-0.5173,2.51476,4.95607e-05,21.6624,7.79065297189771e-06,7.74775e-06,4.290297189770915e-08,4.290297189770915e-08
0.0100561,0.312826,-0.805499,2.96817,0.00203242,12.615,0.0005477147989892393,0.000545745,1.969798989239239e-06,1.969798989239239e-06
0.0104551,0.371856,-0.642532,2.70541,0.000286633,14.9997,6.50166723495119e-05,6.47131e-05,3.035723495119013e-07,3.035723495119013e-07
0.020889,0.597601,-0.751813,2.90932,0.000938215,24.1055,0.00013235406241460663,0.000131832,5.220624146066381e-07,5.220624146066381e-07
0.0212824,0.344933,-0.645152,2.70631,0.00013509,13.9145,3.3032411197255924e-05,3.28787e-05,1.5371119725592314e-07,1.5371119725592314e-07
0.01931467,0.9551135,-1.197283,3.745289,0.458265,37.49649,0.04360227855714591,0.04355908,4.3198557145907035e-05,4.3198557145907035e-05
0.0210003,0.435301,-1.1241,3.52595,0.0789321,17.398,0.015672392172366052,0.0156498,2.259217236605382e-05,2.259217236605382e-05
0.00885181,0.684208,-0.775586,2.95539,0.00343949,27.5926,0.0004238092794569468,0.000422204,1.6052794569467962e-06,1.6052794569467962e-06
0.0202265,0.809283,-0.811878,3.02401,0.00283735,32.6407,0.00029554918908152223,0.000294501,1.0481890815222162e-06,1.0481890815222162e-06
0.021637,0.578082,-0.702018,2.82499,0.000462251,23.3191,6.742535222951298e-05,6.71365e-05,2.8885222951298786e-07,2.8885222951298786e-07
0.01101,0.735228,-0.502224,2.50487,8.87626e-05,29.6581,1.0192270313591997e-05,1.01351e-05,5.717031359199667e-08,5.717031359199667e-08
0.0220019,0.518137,-1.12507,3.5384,0.0907286,20.7144,0.0151463814252725,0.0151233,2.308142527250069e-05,2.308142527250069e-05
0.0179271,0.547554,-0.722589,2.85656,0.000688234,22.0869,0.00010597536637718108,0.000105536,4.3936637718107604e-07,4.3936637718107604e-07
0.0208023,0.297054,-0.633239,2.67973,0.000102136,11.9831,2.900200082594905e-05,2.88645e-05,1.3750082594905032e-07,1.3750082594905032e-07
0.011251,0.779572,-0.91328,3.19165,0.0180413,31.4096,0.0019531320277337613,0.0019475,5.6320277337612405e-06,5.6320277337612405e-06
0.0120908,0.8146,-0.571896,2.62553,0.000219149,32.8598,2.270194863695283e-05,2.25852e-05,1.167486369528315e-07,1.167486369528315e-07
0.0212421,0.823479,-0.920644,3.20681,0.0110965,33.1962,0.0011370606989478422,0.00113384,3.220698947842054e-06,3.220698947842054e-06
0.0133528,0.996084,-0.850438,3.09866,0.00867672,40.1632,0.0007344656457711866,0.000732039,2.4266457711866673e-06,2.4266457711866673e-06
0.0108821,0.855923,-0.891643,3.16003,0.0155192,34.4945,0.0015295785185341598,0.00152495,4.628518534159848e-06,4.628518534159848e-06
0.00888351,0.8836677,-1.107189,3.539518,0.3040736,35.00306,0.02981865283372959,0.02977122,4.743283372958887e-05,4.743283372958887e-05
0.0129012,0.975903,-0.736024,2.90703,0.00202539,39.363,0.00017498161198823371,0.000174272,7.096119882337131e-07,7.096119882337131e-07
0.0153051,0.822794,-0.539557,2.57233,0.000115428,33.191,1.18406132841641e-05,1.17772e-05,6.341328416409952e-08,6.341328416409952e-08
0.0108455,0.275682,-1.01795,3.3173,0.0252224,11.0696,0.007767231870358266,0.00775016,1.707187035826594e-05,1.707187035826594e-05
0.00931611,0.332758,-0.525181,2.50549,6.37619e-05,13.4229,1.6174155434878423e-05,1.60859e-05,8.825543487842185e-08,8.825543487842185e-08
0.016244809,0.60576284,-1.3937859,4.53698,2.5845627,19.268376,0.6460917308542266,0.64629706,-0.0002053291457734252,0.0002053291457734252
0.0157505,0.748162,-1.10218,3.51893,0.137131,29.8937,0.015770676554613918,0.0157457,2.4976554613916763e-05,2.4976554613916763e-05
0.01491766,0.6136071,-1.13257,3.563605,0.1733332,24.39202,0.024597162932992654,0.02456231,3.485293299265377e-05,3.485293299265377e-05
0.013374819,0.40534181,-1.3569093,4.13719,1.2252887,13.139649,0.4887800195878834,0.48881514,-3.5120412116562694e-05,3.5120412116562694e-05
0.0219238,0.715856,-0.808282,3.012,0.00221104,28.8733,0.00026036643166227336,0.000259434,9.324316622733465e-07,9.324316622733465e-07
0.0199784,0.864137,-0.742815,2.91232,0.00126369,34.8568,0.00012328930278071085,0.000122795,4.943027807108487e-07,4.943027807108487e-07
0.0197992,0.496693,-0.664195,2.75494,0.000267036,20.0362,4.5340727987546164e-05,4.51353e-05,2.0542798754616236e-07,2.0542798754616236e-07
0.00915992,0.345889,-0.934034,3.18691,0.0128249,13.9266,0.0031314542466390977,0.00312286,8.594246639097823e-06,8.594246639097823e-06
0.01568408,0.5058771,-1.19517,3.676388,0.2912552,19.79915,0.05225842125581223,0.0522058,5.26212558122352e-05,5.26212558122352e-05
0.01050798,0.2249461,-1.239856,3.707238,0.3265298,8.408936,0.13843479240156323,0.1383371,9.769240156323744e-05,9.769240156323744e-05
0.021891,0.364856,-0.848747,3.04717,0.00189727,14.7146,0.0004383792304224441,0.00043693,1.4492304224441384e-06,1.4492304224441384e-06
0.0115271,0.77448,-0.633793,2.72584,0.000483963,31.2408,5.271183211966525e-05,5.24622e-05,2.496321196652498e-07,2.496321196652498e-07
0.0187158,0.988729,-1.04053,3.42323,0.070031,39.7375,0.006014554128457683,0.00600266,1.1894128457683e-05,1.1894128457683e-05
0.0212879,0.903087,-0.825423,3.05201,0.00357968,36.4233,0.00033414775953932274,0.000332993,1.1547595393227223e-06,1.1547595393227223e-06
0.0104865,0.822257,-0.930593,3.22349,0.0254844,33.1156,0.0026171084073975943,0.00260986,7.248407397594456e-06,7.248407397594456e-06
0.01319027,0.5123907,-1.17691,3.638799,0.2807099,20.08618,0.04915322897150921,0.0490978,5.542897150920961e-05,5.542897150920961e-05
0.02237591,0.3048927,-1.214336,3.677307,0.1551539,11.98157,0.04684849832580864,0.04680753,4.096832580863935e-05,4.096832580863935e-05
0.02035308,0.4691604,-1.314643,3.999066,0.6846541,17.24039,0.18668663454040266,0.1866473,3.933454040266904e-05,3.933454040266904e-05
0.0106758,0.980719,-1.04397,3.42884,0.126983,39.2929,0.01102024643079745,0.0109975,2.2746430797450368e-05,2.2746430797450368e-05
0.0201278,0.421451,-0.998524,3.30483,0.0162308,16.9682,0.0032614359172069354,0.00325387,7.565917206935578e-06,7.565917206935578e-06
0.01624523,0.3873085,-1.168365,3.601936,0.1560807,15.30347,0.03576323316917011,0.03572084,4.2393169170110157e-05,4.2393169170110157e-05
0.0215115,0.979178,-0.761905,2.95024,0.00169931,39.4967,0.00014630282456098832,0.000145734,5.688245609883076e-07,5.688245609883076e-07
0.01653314,0.3085703,-1.230114,3.711247,0.253041,11.92779,0.07764117720740817,0.07758083,6.034720740816235e-05,6.034720740816235e-05
0.01758028,0.2439297,-1.242596,3.719538,0.2309315,9.368991,0.08570688646542347,0.08564753,5.935646542347406e-05,5.935646542347406e-05
0.01385818,0.6116052,-1.146606,3.590788,0.2208245,24.21149,0.031705746657567924,0.03166376,4.1986657567924524e-05,4.1986657567924524e-05
0.012429824,0.7589063,-1.3278767,4.1784496,1.8596275,25.453447,0.3622960352579099,0.36225183,4.42052579098795e-05,4.42052579098795e-05
0.0190872,0.668311,-0.582551,2.6336,0.000130597,26.9595,1.6488587987813087e-05,1.64049e-05,8.368798781308755e-08,8.368798781308755e-08
0.00968862,0.393689,-0.824976,3.01115,0.00340877,15.874,0.0007299904527022751,0.000727461,2.52945270227511e-06,2.52945270227511e-06
0.0225865,0.602977,-1.02487,3.36812,0.0289864,24.2644,0.004076146053239238,0.00406746,8.686053239237608e-06,8.686053239237608e-06
0.0172671,0.880561,-0.705345,2.85097,0.000920823,35.5198,8.817606814098621e-05,8.78009e-05,3.7516814098621006e-07,3.7516814098621006e-07
0.0133996,0.395661,-1.07138,3.42654,0.0578193,15.8425,0.012483196481354942,0.0124603,2.2896481354941697e-05,2.2896481354941697e-05
0.00922998,0.839375,-0.664475,2.78073,0.00097144,33.8569,9.761049751259196e-05,9.71689e-05,4.415975125919672e-07,4.415975125919672e-07
0.0169568,0.622616,-0.815974,3.01801,0.00274434,25.1106,0.0003715729391562544,0.000370262,1.3109391562544188e-06,1.3109391562544188e-06
0.02470098,0.804693,-1.238677,3.838262,0.4800434,31.33391,0.05800650916368671,0.05796517,4.133916368670443e-05,4.133916368670443e-05
0.01762265,0.7566482,-1.247564,3.855174,0.6891644,28.89974,0.0911317347017059,0.09107247,5.9264701705891154e-05,5.9264701705891154e-05
0.0181355,0.291604,-0.54695,2.53565,3.79648e-05,11.7633,1.0987550842527084e-05,1.09293e-05,5.825084252708332e-08,5.825084252708332e-08
0.011224004,0.29831009,-1.3906533,4.2113475,1.3188989,8.5356863,0.8982454009828811,0.89851191,-0.00026650901711888775,0.00026650901711888775
0.01432296,0.4119794,-1.255066,3.796089,0.5174995,15.52063,0.12346272887718318,0.1233876,7.512887718318095e-05,7.512887718318095e-05
0.0231262,0.486311,-1.13017,3.54398,0.0863663,19.4399,0.015385092735778214,0.0153627,2.239273577821395e-05,2.239273577821395e-05
0.01278521,0.8896172,-1.106003,3.537821,0.2102349,35.4421,0.020405730318530275,0.02037311,3.262031853027564e-05,3.262031853027564e-05
0.019402,0.21345,-0.86974,3.0579,0.0016342,8.5836,0.0006476146323404116,0.00064556,2.054632340411618e-06,2.054632340411618e-06
0.0106335,0.269843,-0.565774,2.56343,7.63045e-05,10.8851,2.3862085847571266e-05,2.37383e-05,1.2378584757126654e-07,1.2378584757126654e-07
0.0124076,0.80519,-0.812072,3.02408,0.00461309,32.4711,0.0004829969452694048,0.000481279,1.717945269404835e-06,1.717945269404835e-06
0.018399,0.24249,-0.55291,2.5374,3.3593e-05,9.7819,1.1691399674425515e-05,1.1629e-05,6.239967442551538e-08,6.239967442551538e-08
0.0157369,0.826772,-0.909932,3.18899,0.0131076,33.3244,0.0013376318163303186,0.00133376,3.871816330318573e-06,3.871816330318573e-06
0.0198097,0.5254232,-1.168972,3.624692,0.1749855,20.83207,0.029557595449023904,0.02952286,3.473544902390241e-05,3.473544902390241e-05
0.0121351,0.751647,-0.783611,2.97333,0.00305542,30.3144,0.00034269123565911066,0.000341407,1.2842356591106574e-06,1.2842356591106574e-06
0.01761499,0.6335324,-1.141864,3.584027,0.17017,25.20154,0.02347050911222707,0.02343875,3.175911222706718e-05,3.175911222706718e-05
0.0154421,0.435942,-0.997841,3.30533,0.0216929,17.5414,0.004213962775445756,0.00420419,9.772775445756124e-06,9.772775445756124e-06
0.0224714,0.88524,-0.565166,2.61843,0.00011753,35.7106,1.1203780007886161e-05,1.11457e-05,5.8080007886160284e-08,5.8080007886160284e-08
0.0161652,0.42073,-1.14377,3.56034,0.126232,16.7128,0.02620902305432474,0.026174,3.502305432474123e-05,3.502305432474123e-05
0.0127178,0.619494,-0.677882,2.78823,0.000618123,24.9887,8.414663107688026e-05,8.37727e-05,3.739310768802591e-07,3.739310768802591e-07
0.0219555,0.942091,-0.817763,3.04134,0.00328167,37.9974,0.00029364276704423313,0.000292613,1.0297670442331358e-06,1.0297670442331358e-06
0.0146911,0.916207,-0.594631,2.66904,0.000271653,36.9588,2.501635633626257e-05,2.48915e-05,1.2485633626256864e-07,1.2485633626256864e-07
0.0238985,0.693547,-0.626698,2.70869,0.000190838,27.9776,2.3211274154629098e-05,2.31004e-05,1.1087415462909827e-07,1.1087415462909827e-07
0.00896379,0.938045,-0.845523,3.08744,0.0114268,37.8151,0.0010271841628587547,0.00102376,3.4241628587546123e-06,3.4241628587546123e-06
0.0122865,0.573545,-0.5229,2.52721,8.09241e-05,23.1362,1.1909957152638153e-05,1.18448e-05,6.515715263815232e-08,6.515715263815232e-08
0.0144524,0.317092,-1.05985,3.39536,0.0371257,12.7158,0.009981401890439908,0.00996234,1.9061890439908344e-05,1.9061890439908344e-05
0.0199258,0.293444,-1.06843,3.40633,0.0278177,11.781,0.008082654081580534,0.00806808,1.4574081580533832e-05,1.4574081580533832e-05
0.02405688,0.9329839,-1.206876,3.768038,0.4031857,36.71737,0.0395952833030396,0.03955834,3.694330303960491e-05,3.694330303960491e-05
0.0173896,0.609955,-1.10418,3.5097,0.103927,24.39,0.014655687067204845,0.0146319,2.3787067204844928e-05,2.3787067204844928e-05
0.02439285,0.2726333,-1.337268,3.982001,0.4293862,10.01234,0.2082704740405695,0.208259,1.1474040569503519e-05,1.1474040569503519e-05
0.0122965,0.452081,-0.771636,2.92896,0.00155514,18.2335,0.00028999973219857736,0.000288891,1.1087321985773666e-06,1.1087321985773666e-06
0.0211818,0.921531,-1.02886,3.39838,0.0496906,37.0703,0.004574906977010616,0.00456511,9.796977010615923e-06,9.796977010615923e-06
0.0190103,0.421708,-0.933869,3.19602,0.00752229,16.9964,0.0015056665931024974,0.00150154,4.126593102497366e-06,4.126593102497366e-06
0.0226161,0.90403,-1.08136,3.49225,0.0888591,36.2815,0.00840705604412159,0.00839245,1.4606044121590403e-05,1.4606044121590403e-05
0.0135695,0.8117007,-1.242863,3.850794,0.9161222,30.575,0.11142081568685012,0.1113443,7.651568685013155e-05,7.651568685013155e-05
0.00899387,0.302196,-0.709553,2.80722,0.000640391,12.1889,0.00017868391287833687,0.000177928,7.559128783368762e-07,7.559128783368762e-07
0.00930433,0.70601,-0.613165,2.68708,0.000419353,28.4784,5.0110710627840284e-05,4.98666e-05,2.4411062784028255e-07,2.4411062784028255e-07
0.01331882,0.4024416,-1.238195,3.752404,0.4487561,15.2963,0.10691478041378538,0.1068383,7.648041378538473e-05,7.648041378538473e-05
0.0201565,0.765124,-0.854127,3.09169,0.00462971,30.8556,0.0005101488624997621,0.000508482,1.666862499762143e-06,1.666862499762143e-06
0.0133877,0.643058,-0.518585,2.52554,7.8779e-05,25.9404,1.034127057536778e-05,1.02844e-05,5.687057536778078e-08,5.687057536778078e-08
0.0101202,0.524327,-0.90242,3.15386,0.0117368,21.1266,0.0018887876157942262,0.00188322,5.567615794226316e-06,5.567615794226316e-06
0.0197995,0.866047,-0.829994,3.05756,0.00391391,34.9283,0.0003809807252456381,0.000379675,1.3057252456381233e-06,1.3057252456381233e-06
0.01446227,0.2876469,-1.237243,3.720858,0.2935565,11.00125,0.09726556330551597,0.09719494,7.06233055159794e-05,7.06233055159794e-05
0.0104488,0.615801,-0.694467,2.81549,0.000925397,24.8388,0.00012672224333826665,0.000126174,5.482433382666464e-07,5.482433382666464e-07
0.0242198,0.62658,-0.542538,2.56406,5.77165e-05,25.2764,7.774286465939373e-06,7.73278e-06,4.150646593937266e-08,4.150646593937266e-08
0.0158863,0.306456,-0.913713,3.14738,0.00505206,12.3522,0.0013909585269843133,0.00138696,3.998526984313241e-06,3.998526984313241e-06
0.0196907,0.786057,-0.897388,3.1654,0.00848065,31.692,0.0009100282706044759,0.000907308,2.720270604475894e-06,2.720270604475894e-06
0.023136087,0.43504529,-1.3918838,4.3678672,1.0270254,14.586372,0.44270418165192466,0.44283919,-0.00013500834807533835,0.00013500834807533835
0.0247202,0.985305,-0.612158,2.70173,0.000217453,39.7472,1.861868931201908e-05,1.85278e-05,9.088931201907987e-08,9.088931201907987e-08
0.012757685,0.87974347,-1.3483667,4.3642513,2.4825108,28.192948,0.4591977642682386,0.45920481,-7.045731761412544e-06,7.045731761412544e-06
0.0189152,0.267607,-1.0721,3.40814,0.0279914,10.7385,0.008925264613314728,0.00890941,1.585461331472804e-05,1.585461331472804e-05
0.0125768,0.454436,-0.606,2.65411,0.000182137,18.3313,3.381400991078243e-05,3.36476e-05,1.6640991078243267e-07,1.6640991078243267e-07
0.014057406,0.59075245,-1.3290485,4.1101275,1.3478594,20.237078,0.32520469393286766,0.32516771,3.698393286766244e-05,3.698393286766244e-05
0.02252427,0.4138009,-1.282698,3.872839,0.4367102,15.72236,0.11193904672944412,0.1118921,4.694672944412226e-05,4.694672944412226e-05
0.0130953,0.381311,-0.536459,2.53047,6.00823e-05,15.3818,1.329908781606301e-05,1.32275e-05,7.158781606300923e-08,7.158781606300923e-08
0.02039596,0.3141585,-1.280506,3.832246,0.3704348,11.89042,0.12018951017241593,0.1201376,5.191017241593099e-05,5.191017241593099e-05
0.0178379,0.5076361,-1.317407,4.025321,0.8546321,18.32474,0.22070413479550216,0.2206618,4.233479550216912e-05,4.233479550216912e-05
0.0199041,0.941598,-0.619013,2.71088,0.000281846,37.9836,2.5251021709669245e-05,2.51291e-05,1.219217096692453e-07,1.219217096692453e-07
0.0208144,0.258732,-1.16229,3.56591,0.0761301,10.2825,0.0258182771480384,0.0257865,3.1777148038401176e-05,3.1777148038401176e-05
0.0242142,0.466452,-0.559498,2.57814,5.34373e-05,18.8168,9.667681717854589e-06,9.6172e-06,5.048171785458874e-08,5.048171785458874e-08
0.0114107,0.275411,-0.784226,2.92708,0.00120011,11.1075,0.000367335612638868,0.000365965,1.3706126388680169e-06,1.3706126388680169e-06
0.0244725,0.389444,-0.678111,2.76663,0.000202543,15.71,4.385783491764175e-05,4.36632e-05,1.9463491764174873e-07,1.9463491764174873e-07
0.014783437,0.70551044,-1.3724084,4.4350479,2.2400782,21.825767,0.5395627941796932,0.53965738,-9.458582030674734e-05,9.458582030674734e-05
0.01213659,0.4891228,-1.208199,3.70176,0.4226323,18.84712,0.07982933881305286,0.07975629,7.304881305286726e-05,7.304881305286726e-05
0.0161151,0.473682,-0.941362,3.21418,0.0109702,19.0858,0.001955520613101607,0.00195026,5.260613101606797e-06,5.260613101606797e-06
0.0219207,0.529433,-0.666601,2.76197,0.000265154,21.357,4.223733354973244e-05,4.20464e-05,1.9093354973244187e-07,1.9093354973244187e-07
0.0119998,0.714117,-0.516511,2.52717,9.50373e-05,28.8067,1.1234200453973632e-05,1.11723e-05,6.190045397363223e-08,6.190045397363223e-08
0.0189478,0.898246,-0.770643,2.96051,0.00197996,36.2312,0.0001858162943860159,0.000185106,7.102943860158746e-07,7.102943860158746e-07
0.00881357,0.875665,-1.04645,3.42658,0.141659,35.0253,0.013780572121397381,0.0137536,2.6972121397381837e-05,2.6972121397381837e-05
0.022063,0.812986,-0.615427,2.69771,0.000209655,32.7957,2.1755196109221928e-05,2.16497e-05,1.0549610922192714e-07,1.0549610922192714e-07
0.0181948,0.968111,-0.932029,3.2343,0.0176201,39.0166,0.0015364254120007101,0.00153219,4.2354120007102435e-06,4.2354120007102435e-06
0.0211871,0.41111,-0.653824,2.72882,0.000180785,16.584,3.7088609890588487e-05,3.69181e-05,1.7050989058848501e-07,1.7050989058848501e-07
0.014773,0.439515,-0.83409,3.03149,0.00280574,17.7242,0.0005381780666035802,0.000536343,1.8350666035802342e-06,1.8350666035802342e-06
0.013555,0.894086,-1.05369,3.44085,0.10324,35.8498,0.009833012417377154,0.00981394,1.9072417377153858e-05,1.9072417377153858e-05
0.0219048,0.574926,-0.745241,2.89654,0.000791096,23.1911,0.00011600403611585634,0.000115541,4.6303611585634384e-07,4.6303611585634384e-07
0.01134116,0.6111763,-1.284939,3.938643,1.227479,21.67796,0.2288071888481141,0.2287125,9.46888481140884e-05,9.46888481140884e-05
0.01839508,0.7145393,-1.14289,3.594896,0.1859784,28.43374,0.02277318360388223,0.02274226,3.092360388223109e-05,3.092360388223109e-05
0.0182592,0.87773,-0.574027,2.63273,0.000160703,35.4073,1.544962461531045e-05,1.53704e-05,7.922461531044864e-08,7.922461531044864e-08
0.017209,0.717768,-0.818484,3.02912,0.00321944,28.9481,0.0003781176749877103,0.00037679,1.3276749877102795e-06,1.3276749877102795e-06
0.0187846,0.987441,-1.07473,3.48556,0.107391,39.606,0.009295950253995648,0.009279,1.6950253995647382e-05,1.6950253995647382e-05
0.024795,0.639511,-1.00191,3.33171,0.0208908,25.755,0.0027651574639322245,0.00275872,6.4374639322244305e-06,6.4374639322244305e-06
0.01756404,0.8004506,-1.179753,3.683487,0.3418793,31.55393,0.03828534964250802,0.03824305,4.2299642508021595e-05,4.2299642508021595e-05
0.0160501,0.59888,-0.714056,2.84669,0.000753504,24.1572,0.00010608672247535199,0.000105641,4.4572247535199145e-07,4.4572247535199145e-07
0.00902537,0.334987,-0.734606,2.85351,0.000975862,13.5109,0.0002456130125115666,0.000244615,9.980125115665911e-07,9.980125115665911e-07
0.0153035,0.80225,-0.996499,3.33437,0.0396109,32.2799,0.0041794958233255025,0.00416979,9.70582332550287e-06,9.70582332550287e-06
0.0208914,0.331127,-1.03995,3.36345,0.0208414,13.3153,0.005348234832628805,0.00533754,1.0694832628804773e-05,1.0694832628804773e-05
0.00851216,0.720535,-0.74287,2.90352,0.00247462,29.0598,0.00028956960776507524,0.000288408,1.1616077650752573e-06,1.1616077650752573e-06
0.01290159,0.500861,-1.285572,3.907603,0.9171303,18.07675,0.20277444971038988,0.2026932,8.124971038989126e-05,8.124971038989126e-05
0.02101539,0.4895433,-1.229114,3.750905,0.3158129,19.07927,0.060302379293428,0.06025577,4.660929342800019e-05,4.660929342800019e-05
0.0135619,0.339815,-0.914051,3.15271,0.00658994,13.6946,0.0016364432155970075,0.00163174,4.703215597007477e-06,4.703215597007477e-06
0.0140258,0.249384,-1.01856,3.3137,0.0177907,10.024,0.006053259526939946,0.00603969,1.3569526939945405e-05,1.3569526939945405e-05
0.0111785,0.888141,-0.524934,2.5518,0.000141377,35.8263,1.3436789930748027e-05,1.33635e-05,7.328993074802697e-08,7.328993074802697e-08
0.0083981138,0.45709042,-1.3820528,4.2913791,2.3494699,11.914651,1.075000130629047,1.0752577,-0.0002575693709530036,0.0002575693709530036
0.023003742,0.82009596,-1.3396502,4.2863372,1.329701,29.223289,0.22770566989036353,0.22769598,9.689890363540066e-06,9.689890363540066e-06
0.02052251,0.5113699,-1.202727,3.694072,0.2460909,20.11339,0.04400675156955989,0.04396474,4.2011569559886885e-05,4.2011569559886885e-05
0.0207257,0.775637,-0.73656,2.89663,0.00100899,31.2873,0.0001096735268959132,0.000109229,4.445268959132095e-07,4.445268959132095e-07
0.0209044,0.631323,-0.745719,2.90184,0.000915874,25.4659,0.00012230375737052078,0.000121816,4.877573705207744e-07,4.877573705207744e-07
0.01120346,0.2613212,-1.189442,3.617089,0.197617,10.13903,0.06797142882410298,0.06790083,7.059882410298535e-05,7.059882410298535e-05
0.0125525,0.577262,-0.918073,3.18476,0.0127341,23.2601,0.001861727532340037,0.00185642,5.307532340037037e-06,5.307532340037037e-06
0.01122594,0.7225815,-1.157293,3.625072,0.3657581,28.37635,0.044895974249432244,0.04483936,5.661424943224219e-05,5.661424943224219e-05
0.0233256,0.53852,-0.920258,3.18503,0.00657625,21.7106,0.0010303768929327982,0.00102746,2.9168929327981746e-06,2.9168929327981746e-06
0.00969739,0.804163,-1.10321,3.5255,0.241513,31.9315,0.02595569291321074,0.0259136,4.2092913210740185e-05,4.2092913210740185e-05
0.01012,0.24483,-0.88093,3.0826,0.0041609,9.8679,0.0014334187382981237,0.001429,4.4187382981237654e-06,4.4187382981237654e-06
0.02308582,0.5920447,-1.146099,3.587644,0.1281197,23.61661,0.018909152857410915,0.01888401,2.5142857410915403e-05,2.5142857410915403e-05
0.009009516,0.612668,-1.175776,3.650298,0.4820236,23.70271,0.07092210225544254,0.07084184,8.026225544253973e-05,8.026225544253973e-05
0.016265,0.894929,-0.66481,2.78443,0.000590305,36.1,5.563025221277256e-05,5.53786e-05,2.5165221277256047e-07,2.5165221277256047e-07
0.0212698,0.941704,-1.07611,3.48508,0.0920926,37.7941,0.00835654198211603,0.0083412,1.534198211602944e-05,1.534198211602944e-05
0.01686424,0.5171875,-1.189252,3.66558,0.257689,20.32578,0.04504560643071155,0.04499883,4.677643071155507e-05,4.677643071155507e-05
0.0170555,0.364875,-1.13735,3.5398,0.0959349,14.5228,0.02287559556195666,0.0228435,3.2095561956661106e-05,3.2095561956661106e-05
0.0136324,0.419289,-0.974555,3.26407,0.0175505,16.878,0.0035399115438493173,0.00353118,8.731543849317246e-06,8.731543849317246e-06
0.015845,0.20578,-0.6218,2.6446,8.008e-05,8.2883,3.287519387319472e-05,3.2714e-05,1.6119387319472054e-07,1.6119387319472054e-07
0.02222989,0.6816822,-1.139309,3.584308,0.1407606,27.2045,0.017997909340383474,0.0179731,2.4809340383475514e-05,2.4809340383475514e-05
0.00913515,0.466615,-0.66681,2.75632,0.000562259,18.8214,0.00010162499083673163,0.000101167,4.579908367316314e-07,4.579908367316314e-07
0.00908312,0.543841,-1.12694,3.54471,0.234343,21.4528,0.037580305636100306,0.0375246,5.570563610030749e-05,5.570563610030749e-05
0.01667777,0.5730754,-1.243241,3.80414,0.5409155,21.92705,0.09109609438043752,0.09103407,6.202438043752256e-05,6.202438043752256e-05
0.023878317,0.50679924,-1.3415887,4.1331037,0.80193684,18.291644,0.22489346131088944,0.2248868,6.661310889444216e-06,6.661310889444216e-06
0.00860765,0.53408,-0.518294,2.51615,0.000101382,21.5436,1.602406831353268e-05,1.59359e-05,8.816831353268038e-08,8.816831353268038e-08
0.0217576,0.513957,-0.66097,2.75121,0.00024124,20.7327,3.958621555313076e-05,3.94059e-05,1.8031555313075963e-07,1.8031555313075963e-07
0.0124923,0.298971,-0.55389,2.54829,6.17752e-05,12.0603,1.743742542822032e-05,1.73458e-05,9.162542822032134e-08,9.162542822032134e-08
0.0140777,0.671649,-0.640355,2.72981,0.000373888,27.0932,4.6955151299189554e-05,4.6735e-05,2.2015129918955461e-07,2.2015129918955461e-07
0.0236516,0.963995,-1.05737,3.45211,0.0669081,38.7467,0.005908042607344703,0.00589659,1.1452607344702645e-05,1.1452607344702645e-05
0.024809905,0.33098831,-1.3958012,4.2899923,0.75026678,11.256665,0.43413030420956467,0.43427396,-0.0001436557904353486,0.0001436557904353486
0.0219076,0.555187,-0.955325,3.24546,0.0113108,22.3731,0.00172088577798495,0.00171641,4.475777984949995e-06,4.475777984949995e-06
0.0136669,0.891062,-1.03713,3.41106,0.0826927,35.7712,0.007884695696113503,0.00786848,1.621569611350189e-05,1.621569611350189e-05
0.022845,0.547118,-0.861981,3.08841,0.00323081,22.0643,0.0004978646322966506,0.000496263,1.601632296650531e-06,1.601632296650531e-06
0.01166084,0.9632645,-1.165151,3.667578,0.5158737,37.73474,0.04780936497878706,0.04775154,5.7824978787056336e-05,5.7824978787056336e-05
0.00901573,0.909479,-0.895754,3.16998,0.0209788,36.6428,0.0019462771731891043,0.00194045,5.827173189104249e-06,5.827173189104249e-06
0.01068761,0.4787355,-1.293903,3.925761,1.12157,16.69701,0.2724117281884524,0.2723165,9.522818845236758e-05,9.522818845236758e-05
0.0246458,0.624722,-0.916703,3.18637,0.00689869,25.1873,0.0009316760341235602,0.000929012,2.6640341235601925e-06,2.6640341235601925e-06
0.012025,0.512747,-1.13135,3.54936,0.176866,20.3176,0.030039898638813012,0.0299972,4.269863881301017e-05,4.269863881301017e-05
0.0227107,0.745528,-0.617733,2.69732,0.000192391,30.0745,2.1769791622850707e-05,2.16645e-05,1.0529162285070819e-07,1.0529162285070819e-07
0.00848427,0.257929,-0.766726,2.89509,0.00120736,10.4021,0.0003946286986526473,0.000393107,1.5216986526472788e-06,1.5216986526472788e-06
0.0233561,0.687432,-0.812571,3.01717,0.00210589,27.727,0.00025823436900730305,0.000257319,9.153690073030536e-07,9.153690073030536e-07
0.01553306,0.2431645,-1.293254,3.836607,0.430116,8.915276,0.18587922171386306,0.1858139,6.532171386305907e-05,6.532171386305907e-05
0.01733645,0.4846394,-1.247672,3.795863,0.4651671,18.54811,0.09276472071504016,0.09270351,6.121071504015807e-05,6.121071504015807e-05
0.011302,0.723279,-0.912529,3.18663,0.0165037,29.1421,0.0019256625446874246,0.00192009,5.572544687424633e-06,5.572544687424633e-06
0.018127,0.20753,-0.7055,2.7837,0.0002061,8.3303,8.416051985260083e-05,8.3806e-05,3.545198526008303e-07,3.545198526008303e-07
0.0152817,0.348592,-1.06822,3.41455,0.0429564,13.9745,0.01051059310277752,0.0104917,1.8893102777519863e-05,1.8893102777519863e-05
0.020354,0.7033,-0.976072,3.29253,0.0201085,28.3296,0.0024175366909895404,0.00241158,5.956690989540429e-06,5.956690989540429e-06
0.01929681,0.5912007,-1.151838,3.598871,0.1640487,23.50734,0.024351737584257512,0.02432037,3.136758425751132e-05,3.136758425751132e-05
0.0115364,0.708403,-0.89255,3.15211,0.0122579,28.5509,0.0014597255471851746,0.00145533,4.395547185174695e-06,4.395547185174695e-06
0.019941945,0.52129234,-1.3306098,4.0882362,0.86882162,18.753386,0.2338835031804394,0.23385943,2.407318043939899e-05,2.407318043939899e-05
0.0194703,0.343611,-0.967902,3.24337,0.00925196,13.8425,0.0022756105253900773,0.00226987,5.740525390077536e-06,5.740525390077536e-06
0.0094691551,0.60538837,-1.3643415,4.2907974,2.847694,16.322492,0.7595017031302916,0.75959379,-9.208686970840763e-05,9.208686970840763e-05
0.0140615,0.761162,-0.813682,3.024,0.00392838,30.6967,0.0004350880518939478,0.000433547,1.541051893947775e-06,1.541051893947775e-06
0.02240901,0.3878676,-1.173023,3.611238,0.1204359,15.39928,0.027523958458315557,0.02749234,3.1618458315556264e-05,3.1618458315556264e-05
0.0167184,0.458446,-1.0972,3.48014,0.0745118,18.3406,0.013937462262969874,0.0139148,2.2662262969874725e-05,2.2662262969874725e-05
0.024269,0.441675,-1.06937,3.4289,0.0348018,17.746,0.006716745567087968,0.0067042,1.2545567087968688e-05,1.2545567087968688e-05
0.0222971,0.376846,-0.724204,2.84165,0.000388822,15.2014,8.699035517750273e-05,8.66305e-05,3.598551775027336e-07,3.598551775027336e-07
0.0215327,0.655478,-0.600087,2.66178,0.000142226,26.4419,1.830627981147417e-05,1.82156e-05,9.067981147417028e-08,9.067981147417028e-08
0.0160635,0.440151,-1.08163,3.45021,0.0611487,17.6302,0.011877550347272482,0.0118565,2.1050347272481493e-05,2.1050347272481493e-05
0.0127658,0.756686,-0.941618,3.23788,0.0221891,30.478,0.00247670743812797,0.00247002,6.687438127970114e-06,6.687438127970114e-06
0.0171119,0.692134,-0.721273,2.86567,0.000896118,27.9188,0.00010916396625449016,0.00010871,4.53966254490161e-07,4.53966254490161e-07
0.00898071,0.430296,-0.626833,2.68614,0.000315615,17.3569,6.187449271038911e-05,6.15788e-05,2.956927103891138e-07,2.956927103891138e-07
0.0240404,0.876182,-0.607021,2.68742,0.000186143,35.3452,1.792329200530636e-05,1.78352e-05,8.809200530635801e-08,8.809200530635801e-08
0.0200792,0.243709,-1.10906,3.46756,0.03826,9.75366,0.01351319575852493,0.0134919,2.1295758524931402e-05,2.1295758524931402e-05
0.02002,0.3669363,-1.306058,3.925919,0.5451842,13.56021,0.16998600663792002,0.1699396,4.64066379200212e-05,4.64066379200212e-05
0.0168044,0.970639,-0.87208,3.13358,0.00886913,39.1368,0.0007705253583941676,0.000768099,2.426358394167676e-06,2.426358394167676e-06
0.014104,0.305474,-0.855193,3.04974,0.00267792,12.3173,0.0007391171604201307,0.000736707,2.4101604201307372e-06,2.4101604201307372e-06
0.0176973,0.9407,-0.540407,2.58031,0.000115383,37.9476,1.035243651031226e-05,1.02969e-05,5.553651031225978e-08,5.553651031225978e-08
0.0190356,0.993535,-0.566267,2.62594,0.000157933,40.0789,1.3414262989468523e-05,1.33447e-05,6.956298946852318e-08,6.956298946852318e-08
0.010642574,0.82293364,-1.3158451,4.1386554,2.130785,27.319375,0.36257600530312545,0.36250305,7.295530312545484e-05,7.295530312545484e-05
0.0100691,0.448268,-0.731831,2.86242,0.00112953,18.0803,0.00021244845331101398,0.000211582,8.664533110139716e-07,8.664533110139716e-07
0.0164159,0.589332,-0.872823,3.1101,0.0055653,23.7621,0.0007963204791457269,0.000793809,2.5114791457268556e-06,2.5114791457268556e-06
0.02005002,0.95782458,-1.2923526,4.0763205,1.1152763,35.596342,0.14234665025542878,0.14229571,5.094025542878855e-05,5.094025542878855e-05
0.0208476,0.461008,-0.879696,3.10974,0.00374431,18.5896,0.0006848844281244241,0.000682759,2.125428124424107e-06,2.125428124424107e-06
0.013294369,0.58612981,-1.3933003,4.5050633,2.9884992,17.668463,0.7845733907326911,0.78481973,-0.0002463392673089926,0.0002463392673089926
0.0225748,0.232946,-1.12704,3.49688,0.0407008,9.31458,0.015140109060010584,0.0151179,2.2209060010583773e-05,2.2209060010583773e-05
0.015757876,0.35101034,-1.3585953,4.1112578,0.91439478,11.814963,0.42393967394662474,0.42397474,-3.5066053375276685e-05,3.5066053375276685e-05
0.00973254,0.650885,-0.959864,3.26106,0.0316118,26.1903,0.00410608641879547,0.00409552,1.0566418795469705e-05,1.0566418795469705e-05
0.0197644,0.9635,-1.03226,3.40697,0.0581649,38.7451,0.005121749999492173,0.00511134,1.040999949217334e-05,1.040999949217334e-05
0.0200402,0.831043,-0.964451,3.2814,0.0207994,33.481,0.0021150824055051146,0.00210971,5.372405505114745e-06,5.372405505114745e-06
0.014607,0.535481,-0.852573,3.07169,0.00438268,21.5921,0.0006900596078463942,0.000687797,2.2626078463942574e-06,2.2626078463942574e-06
0.0202499,0.586458,-0.525521,2.53262,5.19255e-05,23.6578,7.473585809571205e-06,7.43284e-06,4.074580957120507e-08,4.074580957120507e-08
0.00946946,0.699551,-0.710536,2.84835,0.00142582,28.2158,0.00017186506818917354,0.000171139,7.260681891735387e-07,7.260681891735387e-07
0.0218696,0.467926,-0.782325,2.94836,0.00103825,18.8742,0.00018704037140225034,0.00018634,7.003714022503341e-07,7.003714022503341e-07
0.0184917,0.943529,-0.807172,3.02377,0.00340617,38.0549,0.0003043232406013895,0.000303232,1.0912406013894997e-06,1.0912406013894997e-06
0.01479268,0.8784202,-1.113889,3.552318,0.1981209,35.01603,0.019515602162841594,0.01948553,3.007216284159342e-05,3.007216284159342e-05
0.01884898,0.4659543,-1.15128,3.581247,0.1315658,18.52528,0.024752351502429014,0.02472037,3.198150242901543e-05,3.198150242901543e-05
0.0133726,0.961695,-0.923097,3.21886,0.0212366,38.7496,0.001863983548739999,0.00185872,5.263548739999112e-06,5.263548739999112e-06
0.0121762,0.589858,-0.61397,2.67974,0.000270512,23.7939,3.868941953458867e-05,3.8501e-05,1.884195345886681e-07,1.884195345886681e-07
0.0248773,0.526616,-0.730578,2.86797,0.000528532,21.2429,8.461645301237298e-05,8.42699e-05,3.465530123729821e-07,3.465530123729821e-07
0.0148531,0.632764,-0.671802,2.77915,0.000499999,25.5245,6.663958095213707e-05,6.6341e-05,2.9858095213708077e-07,2.9858095213708077e-07
0.01180552,0.5984051,-1.194422,3.689115,0.451322,23.18674,0.06876377322471047,0.06869415,6.962322471047722e-05,6.962322471047722e-05
0.013424,0.398627,-0.842625,3.0411,0.00312458,16.0741,0.0006608457366082081,0.000658632,2.2137366082080646e-06,2.2137366082080646e-06
0.0179659,0.7985901,-1.196874,3.723816,0.4090868,31.32125,0.04663018069496975,0.04658366,4.65206949697497e-05,4.65206949697497e-05
0.0225764,0.693044,-0.581096,2.63294,0.00011238,27.9574,1.368228302117287e-05,1.36128e-05,6.948302117287102e-08,6.948302117287102e-08
0.01946339,0.6840902,-1.143604,3.593103,0.1699251,27.24007,0.021721403755062003,0.02169199,2.9413755062001473e-05,2.9413755062001473e-05
0.01809016,0.2062897,-1.207956,3.638515,0.1215511,8.074517,0.05339024891752206,0.05334092,4.932891752205959e-05,4.932891752205959e-05
0.01028894,0.6165146,-1.156278,3.610567,0.3357879,24.168,0.048350425024926945,0.04828938,6.104502492694508e-05,6.104502492694508e-05
0.02001606,0.9707452,-1.12112,3.574182,0.1773532,38.78151,0.01582585009075751,0.01580215,2.3700090757510645e-05,2.3700090757510645e-05
0.0236163,0.402527,-0.986709,3.28261,0.0113659,16.2149,0.0023884609403488446,0.00238274,5.720940348844655e-06,5.720940348844655e-06
0.0216636,0.487878,-1.09054,3.47178,0.0563112,19.5653,0.009874488441730696,0.00985829,1.619844173069568e-05,1.619844173069568e-05
0.01664032,0.6662707,-1.21898,3.758721,0.4780243,25.83478,0.06686634352676935,0.06680947,5.6873526769349314e-05,5.6873526769349314e-05
0.0144749,0.719708,-0.887477,3.1444,0.00930127,29.0134,0.0010900368066038898,0.00108671,3.3268066038896933e-06,3.3268066038896933e-06
0.01402644,0.9251661,-1.242542,3.871184,0.9937227,34.89545,0.10734775543534116,0.1072734,7.435543534115019e-05,7.435543534115019e-05
0.0183605,0.391161,-0.787142,2.94795,0.00109975,15.7773,0.00023700042804722038,0.000236121,8.794280472203795e-07,8.794280472203795e-07
0.02320531,0.5428848,-1.247371,3.809171,0.387719,21.04802,0.06903628243354211,0.06899095,4.5332433542114026e-05,4.5332433542114026e-05
0.0206878,0.69326,-0.736729,2.89144,0.000905449,27.9644,0.00011011309678860581,0.000109667,4.460967886058052e-07,4.460967886058052e-07
0.01820456,0.7687086,-1.168934,3.655512,0.2776436,30.41801,0.032148072693566544,0.03211024,3.7832693566546005e-05,3.7832693566546005e-05
0.0160853,0.783289,-1.06047,3.44521,0.0831248,31.4239,0.009039807721575959,0.00902231,1.7497721575958705e-05,1.7497721575958705e-05
0.018146345,0.26950567,-1.3987121,4.2321579,0.90011682,8.4539475,0.6161492403231978,0.61636496,-0.00021571967680211745,0.00021571967680211745
0.0241421,0.962211,-0.900182,3.18029,0.00877642,38.7976,0.0007693413761305087,0.000767062,2.27937613050868e-06,2.27937613050868e-06
0.00949435,0.585816,-1.08931,3.47997,0.151263,23.3179,0.022177984029749263,0.0221399,3.808402974926281e-05,3.808402974926281e-05
0.0085868,0.20273,-1.0046,3.281,0.019762,8.1381,0.008265152476225697,0.0082499,1.5252476225698086e-05,1.5252476225698086e-05
0.02167353,0.2730459,-1.249565,3.744211,0.2148772,10.57337,0.07602700515455844,0.07597829,4.871515455844022e-05,4.871515455844022e-05
0.0103792,0.650639,-1.03754,3.39414,0.0798807,26.0803,0.010437032829741658,0.0104162,2.083282974165747e-05,2.083282974165747e-05
0.01366,0.659499,-0.971802,3.28197,0.0265959,26.5488,0.003410079736473602,0.00340161,8.469736473602253e-06,8.469736473602253e-06
0.0114009,0.657339,-1.08755,3.48368,0.138329,26.2289,0.018056567445924078,0.0180248,3.176744592407743e-05,3.176744592407743e-05
0.0160617,0.885364,-1.01323,3.36871,0.0515719,35.6072,0.004936370282518412,0.00492569,1.0680282518412201e-05,1.0680282518412201e-05
0.01391577,0.877166,-1.196402,3.732715,0.5756852,34.10947,0.059838014315150186,0.0597784,5.961431515018323e-05,5.961431515018323e-05
0.01038042,0.2255125,-1.35594,4.007306,0.9106307,7.034682,0.6219880612840426,0.6220273,-3.923871595734596e-05,3.923871595734596e-05
0.024515,0.24409,-0.9859,3.2578,0.0065716,9.8333,0.0022771281947009617,0.0022716,5.52819470096182e-06,5.52819470096182e-06
0.022926017,0.52648314,-1.3771228,4.3489132,1.0554836,18.210668,0.3696359357618687,0.36971228,-7.634423813129843e-05,7.634423813129843e-05
0.02118475,0.7269137,-1.243684,3.837887,0.5327052,28.08938,0.0721247572586776,0.07207557,4.918725867759932e-05,4.918725867759932e-05
0.0233403,0.664961,-0.505397,2.50527,3.94455e-05,26.8248,5.007754705693346e-06,4.97979e-06,2.7964705693345345e-08,2.7964705693345345e-08
0.008987901,0.2909159,-1.268977,3.792846,0.6706374,10.34709,0.23521872268141347,0.2350992,0.00011952268141346423,0.00011952268141346423
0.013343,0.789216,-0.822838,3.04103,0.00482781,31.8265,0.0005157094441623132,0.000513917,1.7924441623131835e-06,1.7924441623131835e-06
0.0104297,0.601643,-1.06983,3.44662,0.110688,24.0404,0.015721852476250263,0.0156928,2.9052476250263082e-05,2.9052476250263082e-05
0.00886815,0.619826,-0.640099,2.72551,0.000545917,25.0016,7.429414317206771e-05,7.39451e-05,3.490431720677066e-07,3.490431720677066e-07
0.00952118,0.31229,-0.592271,2.61398,0.000138607,12.5972,3.7448056971264245e-05,3.72604e-05,1.8765697126424527e-07,1.8765697126424527e-07
0.0175611,0.415184,-1.02064,3.34167,0.0243071,16.6988,0.004965492955695742,0.00495486,1.0632955695742165e-05,1.0632955695742165e-05
0.0154643,0.509197,-1.05887,3.41814,0.055089,20.4275,0.009211645310762013,0.00919434,1.7305310762012055e-05,1.7305310762012055e-05
0.008509903,0.4052206,-1.180503,3.628394,0.3580481,15.60887,0.07978368475128163,0.07969536,8.832475128162098e-05,8.832475128162098e-05
0.0132081,0.535562,-0.651519,2.73747,0.000366755,21.6035,5.775905439447432e-05,5.74925e-05,2.665543944743186e-07,2.665543944743186e-07
0.0205333,0.325371,-0.670316,2.74542,0.000182469,13.1252,4.729392283120093e-05,4.70815e-05,2.1242283120093082e-07,2.1242283120093082e-07
0.012281,0.678438,-0.528136,2.54399,0.000102429,27.3675,1.2743779477577222e-05,1.26745e-05,6.927947757722194e-08,6.927947757722194e-08
0.013772,0.22056,-0.86442,3.0506,0.0022289,8.8928,0.0008521267472395252,0.00084937,2.756747239525165e-06,2.756747239525165e-06
0.0188101,0.430628,-1.095,3.47271,0.0605455,17.2474,0.012042623132574235,0.0120219,2.0723132574234845e-05,2.0723132574234845e-05
0.0232401,0.505627,-1.12197,3.53111,0.080635,20.2308,0.013779925490209373,0.0137593,2.0625490209372904e-05,2.0625490209372904e-05
0.0169767,0.474607,-1.05251,3.40332,0.0431421,19.057,0.007733101008658075,0.00771844,1.466100865807514e-05,1.466100865807514e-05
0.0130704,0.284845,-0.990271,3.27218,0.0152009,11.4597,0.004517532038088358,0.00450688,1.065203808835874e-05,1.065203808835874e-05
0.0181872,0.793745,-0.853304,3.09213,0.00526691,32.0087,0.0005594451624248063,0.000557612,1.8331624248063734e-06,1.8331624248063734e-06
0.0194975,0.37369,-1.12599,3.52045,0.0747328,14.9218,0.017294963723137848,0.0172693,2.56637231378469e-05,2.56637231378469e-05
0.01106,0.5456537,-1.247193,3.807577,0.8021999,20.25558,0.14451642046546884,0.1444219,9.452046546884474e-05,9.452046546884474e-05
0.01434296,0.2667419,-1.244915,3.731456,0.3014473,10.14252,0.10822620405099041,0.1081534,7.280405099041598e-05,7.280405099041598e-05
0.00836854,0.510712,-1.07679,3.44972,0.127727,20.3381,0.02142553549889299,0.0213884,3.713549889299006e-05,3.713549889299006e-05
0.014711551,0.66983562,-1.3073917,4.0466204,1.2216549,23.829703,0.23531786411846348,0.23525717,6.0694118463489044e-05,6.0694118463489044e-05
0.0210519,0.540718,-1.12795,3.54652,0.102513,21.6006,0.016426134316263736,0.0164023,2.3834316263734306e-05,2.3834316263734306e-05
0.0240721,0.250615,-1.02642,3.32724,0.0115237,10.0866,0.003901456804886932,0.00389324,8.21680488693197e-06,8.21680488693197e-06
0.014194407,0.3158363,-1.3902195,4.2316473,1.1501034,9.6372034,0.7063287542970648,0.70653617,-0.00020741570293525413,0.00020741570293525413
0.010395,0.234078,-1.05282,3.36878,0.0348029,9.37198,0.012679755662630705,0.0126547,2.5055662630705036e-05,2.5055662630705036e-05
0.0214794,0.67144,-0.853438,3.08412,0.00377908,27.0783,0.00047451324993190804,0.000472955,1.5582499319080428e-06,1.5582499319080428e-06
0.0175228,0.322034,-0.644964,2.70286,0.000152813,12.9906,4.002295674683598e-05,3.98368e-05,1.861567468359847e-07,1.861567468359847e-07
0.0137265,0.554527,-0.886687,3.13029,0.00748108,22.354,0.001137868915952316,0.0011344,3.468915952315908e-06,3.468915952315908e-06
0.0119038,0.21531,-1.19293,3.61217,0.159874,8.36096,0.06690221154759655,0.0668381,6.411154759655702e-05,6.411154759655702e-05
0.0089591,0.629243,-0.940405,3.22653,0.0258799,25.3291,0.003474523190851211,0.00346513,9.393190851211038e-06,9.393190851211038e-06
0.01263384,0.8797269,-1.173504,3.678001,0.4819995,34.44361,0.04912245150131096,0.04906612,5.6331501310964704e-05,5.6331501310964704e-05
0.0143684,0.363152,-0.527566,2.51346,4.65219e-05,14.6494,1.0812982600140238e-05,1.07542e-05,5.8782600140238754e-08,5.8782600140238754e-08
0.0153849,0.956375,-0.967855,3.29458,0.0325638,38.5114,0.002878152810658606,0.00287092,7.232810658606027e-06,7.232810658606027e-06
0.008501952,0.5451419,-1.217414,3.732341,0.7426734,20.41762,0.12826828388878822,0.1281586,0.000109683888788209,0.000109683888788209
0.017031901,0.81433639,-1.3537147,4.3736789,1.8158696,27.533377,0.368405896428041,0.36842438,-1.848357195899375e-05,1.848357195899375e-05
0.0128007,0.985286,-0.699921,2.8475,0.00129629,39.743,0.00011094164855120063,0.000110465,4.766485512006319e-07,4.766485512006319e-07
0.019037243,0.34555048,-1.3627878,4.1283131,0.77918621,11.926601,0.3703166100641315,0.37035756,-4.094993586845064e-05,4.094993586845064e-05
0.01852067,0.3798431,-1.320741,3.980398,0.6587089,13.76004,0.22186377298984683,0.2218265,3.727298984682048e-05,3.727298984682048e-05
0.0226286,0.66085,-0.73222,2.88162,0.0007447,26.6574,9.500696224041745e-05,9.46194e-05,3.8756224041745313e-07,3.8756224041745313e-07
0.0103787,0.782483,-0.564056,2.61055,0.000221742,31.5639,2.391458675447458e-05,2.37904e-05,1.241867544745803e-07,1.241867544745803e-07
0.01086195,0.9733267,-1.09792,3.528423,0.2443112,38.74423,0.021651351722665538,0.02161552,3.583172266553858e-05,3.583172266553858e-05
0.01852421,0.3619533,-1.263542,3.804009,0.3892593,13.77964,0.10643570511415114,0.1063777,5.800511415113285e-05,5.800511415113285e-05
0.0124186,0.524675,-1.03252,3.37395,0.0505328,21.061,0.008178600896107453,0.00816105,1.7550896107453723e-05,1.7550896107453723e-05
0.01675719,0.348929,-1.236396,3.735449,0.305812,13.44267,0.08303704473105065,0.08297636,6.068473105065586e-05,6.068473105065586e-05
0.0227562,0.916573,-0.811805,3.03005,0.00285361,36.9689,0.0002624482936587855,0.000261515,9.332936587855474e-07,9.332936587855474e-07
0.0215596,0.967007,-0.65155,2.76622,0.000405852,39.0085,3.539912816269238e-05,3.52356e-05,1.635281626923788e-07,1.635281626923788e-07
0.02045642,0.5850307,-1.186554,3.67025,0.23317,23.11035,0.035871268823942704,0.03583315,3.811882394270244e-05,3.811882394270244e-05
0.0230193,0.447017,-0.862119,3.07897,0.00262436,18.0275,0.0004949709962566366,0.000493376,1.5949962566365935e-06,1.5949962566365935e-06
0.00962926,0.268527,-0.95666,3.2131,0.0126529,10.8064,0.003982880699649526,0.00397254,1.034069964952599e-05,1.034069964952599e-05
0.021952,0.690061,-0.557734,2.59395,8.52465e-05,27.8371,1.0425168901678093e-05,1.03706e-05,5.4568901678092254e-08,5.4568901678092254e-08
0.0100195,0.540948,-0.893171,3.13992,0.0108633,21.7988,0.0016941734967056592,0.00168908,5.09349670565931e-06,5.09349670565931e-06
0.0142228,0.496473,-0.714549,2.83854,0.000709387,20.0261,0.00012047652139047011,0.000119971,5.055213904701147e-07,5.055213904701147e-07
0.0231401,0.381465,-0.646054,2.71244,0.000139003,15.3882,3.073440393919866e-05,3.05915e-05,1.4290393919865965e-07,1.4290393919865965e-07
0.0202941,0.609587,-0.687097,2.80276,0.000429068,24.59,5.935504629317085e-05,5.90952e-05,2.598462931708488e-07,2.598462931708488e-07
0.02453591,0.5097812,-1.267037,3.856212,0.4186279,19.62243,0.08404491161485764,0.08400049,4.4421614857639846e-05,4.4421614857639846e-05
0.0100166,0.932837,-0.671781,2.79805,0.00109271,37.627,9.878976326176658e-05,9.83478e-05,4.4196326176657984e-07,4.4196326176657984e-07
0.01899162,0.99707028,-1.2915275,4.0835403,1.2121719,36.896052,0.14869612846799934,0.14864215,5.3978467999343804e-05,5.3978467999343804e-05
0.0184484,0.60949,-1.11249,3.52511,0.108646,24.3613,0.015369860074699362,0.0153458,2.4060074699362374e-05,2.4060074699362374e-05
0.0164963,0.370179,-1.05863,3.40102,0.0374058,14.8566,0.008608803497192527,0.00859178,1.7023497192526424e-05,1.7023497192526424e-05
0.010658,0.758167,-0.907907,3.18123,0.0172896,30.5476,0.0019243743729397335,0.00191878,5.594372939733607e-06,5.594372939733607e-06
0.0237903,0.881745,-0.508015,2.52336,5.30705e-05,35.5699,5.0809668389336805e-06,5.05267e-06,2.8296838933680156e-08,2.8296838933680156e-08
0.0124188,0.990334,-0.846246,3.09137,0.00878957,39.9308,0.0007483271120366551,0.000745838,2.489112036655177e-06,2.489112036655177e-06
0.0108283,0.961844,-1.0018,3.35335,0.0717846,38.6485,0.006322813762144812,0.00630835,1.446376214481182e-05,1.446376214481182e-05
0.0162474,0.482728,-0.632327,2.70067,0.000210026,19.4728,3.6700378135517186e-05,3.65262e-05,1.7417813551718302e-07,1.7417813551718302e-07
0.0158663,0.932625,-0.638331,2.74248,0.000448822,37.6209,4.0593301044233645e-05,4.04026e-05,1.9070104423364695e-07,1.9070104423364695e-07
0.0121229,0.680635,-0.901566,3.16523,0.0125816,27.4302,0.0015595675022692674,0.00155496,4.607502269267415e-06,4.607502269267415e-06
0.0185389,0.492049,-1.12639,3.5376,0.103841,19.6352,0.018282889891452183,0.0182556,2.728989145218269e-05,2.728989145218269e-05
0.0238319,0.959655,-0.761948,2.94932,0.00150412,38.7097,0.0001321309284143829,0.000131618,5.129284143829001e-07,5.129284143829001e-07
0.0225047,0.298353,-1.0988,3.45985,0.0367827,11.9608,0.010568809575947509,0.0105511,1.770957594750787e-05,1.770957594750787e-05
0.0103039,0.542241,-1.05946,3.42252,0.0885578,21.6907,0.013930137864319549,0.0139032,2.6937864319549407e-05,2.6937864319549407e-05
0.010614,0.20611,-0.62439,2.649,0.00012396,8.3131,5.073669396440832e-05,5.0493e-05,2.43693964408322e-07,2.43693964408322e-07
0.009929929,0.2882795,-1.204571,3.652823,0.2923612,11.03162,0.09312900519484815,0.09304123,8.777519484814977e-05,8.777519484814977e-05
0.00916112,0.227529,-1.06757,3.39257,0.0462594,9.08452,0.017387062365110645,0.0173542,3.2862365110644665e-05,3.2862365110644665e-05
0.02014711,0.3349351,-1.303507,3.90469,0.4872093,12.42917,0.16347120031031767,0.1634248,4.640031031766245e-05,4.640031031766245e-05
0.0204963,0.634537,-0.810337,3.00955,0.00215243,25.5929,0.00028594540019982696,0.000284928,1.017400199826966e-06,1.017400199826966e-06
0.0217942,0.743742,-0.538154,2.56508,7.19642e-05,30.0026,8.166706276436149e-06,8.12286e-06,4.384627643614833e-08,4.384627643614833e-08
0.022458061,0.26830924,-1.3702585,4.1032019,0.55642973,9.4327827,0.34550813047476353,0.34556385,-5.5719525236475054e-05,5.5719525236475054e-05
0.014018,0.334299,-0.962036,3.23223,0.0115956,13.4619,0.0029314219002651073,0.00292395,7.471900265107467e-06,7.471900265107467e-06
0.0117338,0.727904,-0.894051,3.15597,0.0126242,29.3368,0.0014630923452059158,0.00145871,4.3823452059157594e-06,4.3823452059157594e-06
0.02317375,0.5559866,-1.243682,3.802182,0.3843197,21.5851,0.06593260563178265,0.06588761,4.4995631782646095e-05,4.4995631782646095e-05
0.0162383,0.983305,-0.555361,2.60732,0.000159281,39.666,1.3670545546476129e-05,1.35987e-05,7.184554647612795e-08,7.184554647612795e-08
0.01253558,0.6843445,-1.253703,3.857342,0.9378886,25.42435,0.13861963134162122,0.1385338,8.583134162121198e-05,8.583134162121198e-05
0.008597336,0.7313056,-1.120397,3.551897,0.3065258,28.85742,0.03650485409097366,0.03644991,5.4944090973660376e-05,5.4944090973660376e-05
0.0195516,0.686124,-1.00682,3.34384,0.0302607,27.6156,0.0037348885026709526,0.00372656,8.32850267095276e-06,8.32850267095276e-06
0.0194134,0.37434,-0.896238,3.12749,0.00403658,15.0927,0.0009094996804912297,0.000906777,2.7226804912296957e-06,2.7226804912296957e-06
0.019948,0.21161,-0.90504,3.1164,0.0029285,8.5304,0.0009910163301229576,0.00098812,2.896330122957461e-06,2.896330122957461e-06
0.01379055,0.7622635,-1.133246,3.579574,0.23237,29.97433,0.02683942510268492,0.02680153,3.789510268491919e-05,3.789510268491919e-05
0.0122282,0.834178,-0.697855,2.83587,0.00111878,33.6477,0.00011309586040771422,0.000112608,4.878604077142166e-07,4.878604077142166e-07
0.023375646,0.2265542,-1.3944491,4.1717664,0.5450191,7.7254843,0.4528380140482053,0.45298389,-0.00014587595179471613,0.00014587595179471613
0.01303728,0.865929,-1.113003,3.549526,0.2190034,34.46824,0.02189282905291682,0.02185874,3.40890529168178e-05,3.40890529168178e-05
0.0142992,0.951239,-0.719254,2.87789,0.00143608,38.3695,0.00012729424167509453,0.000126763,5.312416750945269e-07,5.312416750945269e-07
0.0203247,0.836532,-0.939994,3.24026,0.0150949,33.7144,0.0015235050659411892,0.00151938,4.125065941189146e-06,4.125065941189146e-06
0.011330188,0.38837366,-1.3577352,4.1260859,1.4088704,12.009274,0.583134976139607,0.58318023,-4.5253860393001943e-05,4.5253860393001943e-05
0.0200532,0.55111,-0.85308,3.07392,0.0033072,22.2251,0.0005059303773708204,0.000504269,1.66137737082038e-06,1.66137737082038e-06
0.021827564,0.689146,-1.3031907,4.0388153,0.82806046,25.63556,0.15027446533744362,0.15023147,4.299533744361872e-05,4.299533744361872e-05
0.016434572,0.60064709,-1.3846985,4.4585651,2.3637269,19.503674,0.5683071424680901,0.56845324,-0.0001460975319098612,0.0001460975319098612
0.0218977,0.590937,-0.800636,2.98996,0.00165656,23.8352,0.00023630431036349324,0.000235448,8.563103634932402e-07,8.563103634932402e-07
0.0194037,0.830963,-0.74295,2.91062,0.00125333,33.5186,0.00012716109206501922,0.000126651,5.100920650192165e-07,5.100920650192165e-07
0.0120017,0.514398,-0.96416,3.25656,0.0214083,20.7064,0.0035185529526954914,0.00350958,8.972952695491393e-06,8.972952695491393e-06
0.0249095,0.5535888,-1.167609,3.625936,0.1444793,22.03111,0.023098432585343682,0.02307084,2.759258534368314e-05,2.759258534368314e-05
0.0165993,0.838012,-0.755774,2.93236,0.00174199,33.8016,0.00017524672747927015,0.000174559,6.877274792701582e-07,6.877274792701582e-07
0.02412469,0.7683548,-1.257256,3.889311,0.5675444,29.62013,0.07539062963424682,0.07534617,4.4459634246818425e-05,4.4459634246818425e-05
0.0155285,0.835518,-0.529777,2.55685,0.000101889,33.7044,1.0293236585905846e-05,1.02374e-05,5.583658590584626e-08,5.583658590584626e-08
0.0150815,0.370985,-1.06032,3.40405,0.0418911,14.8799,0.009622933549771569,0.00960468,1.8253549771567873e-05,1.8253549771567873e-05
0.0228463,0.493925,-0.614,2.67133,0.000120775,19.9249,2.0627917139369693e-05,2.05276e-05,1.0031713936969276e-07,1.0031713936969276e-07
0.018847438,0.7109968,-1.3111715,4.0811239,1.0461944,25.884862,0.19281264441954862,0.19276779,4.48544195486289e-05,4.48544195486289e-05
0.024699347,0.96856832,-1.3174042,4.2154502,1.165703,35.725846,0.15938707890748627,0.15935652,3.055890748626666e-05,3.055890748626666e-05
0.0170741,0.784867,-0.764039,2.94289,0.00176374,31.6578,0.00018944529113250837,0.000188712,7.332911325083678e-07,7.332911325083678e-07
0.017533,0.24625,-0.96905,3.2299,0.0074716,9.9187,0.0025645730786218626,0.0025581,6.473078621862822e-06,6.473078621862822e-06
0.0242823,0.381921,-1.00673,3.31391,0.0135442,15.3793,0.003003781407464403,0.00299681,6.971407464403077e-06,6.971407464403077e-06
0.0207711,0.82571,-0.944614,3.24741,0.0154681,33.2771,0.0015818583978509531,0.00157764,4.218397850953197e-06,4.218397850953197e-06
0.0172873,0.961619,-0.83964,3.07886,0.00563323,38.7798,0.000493869085736194,0.000492207,1.6620857361940083e-06,1.6620857361940083e-06
0.0154991,0.986214,-1.04944,3.43907,0.0943807,39.5841,0.008142983022811507,0.00812651,1.647302281150738e-05,1.647302281150738e-05
0.0190102,0.948747,-0.678177,2.80951,0.000635719,38.2712,5.650759531256761e-05,5.62568e-05,2.50795312567613e-07,2.50795312567613e-07
0.00905155,0.697946,-0.671672,2.78368,0.000903453,28.1521,0.00010916956650533041,0.00010868,4.895665053304135e-07,4.895665053304135e-07
0.0194815,0.260156,-0.864898,3.05866,0.00187021,10.491,0.0006060995101358757,0.000604161,1.938510135875756e-06,1.938510135875756e-06
0.021821151,0.93011591,-1.3403363,4.3453196,1.6064065,32.767837,0.24216984570949981,0.24216036,9.485709499823525e-06,9.485709499823525e-06
0.0143678,0.8500251,-1.144094,3.610798,0.286484,33.68026,0.02961066222203084,0.02957069,3.997222203084086e-05,3.997222203084086e-05
0.0185135,0.313732,-0.77892,2.92414,0.000787132,12.6544,0.00021149636517739796,0.000210698,7.983651773979658e-07,7.983651773979658e-07
0.01249064,0.6726582,-1.246211,3.832754,0.8541801,25.18753,0.12636082086355785,0.1262773,8.352086355783994e-05,8.352086355783994e-05
0.011421,0.801445,-0.828086,3.05054,0.00612649,32.3167,0.0006444881563702737,0.000642264,2.224156370273715e-06,2.224156370273715e-06
0.0214701,0.976041,-0.915743,3.20721,0.0122199,39.3481,0.0010563826164442728,0.00105335,3.032616444272832e-06,3.032616444272832e-06
0.0157159,0.822924,-0.61757,2.70187,0.000306237,33.1959,3.1393281957427806e-05,3.12414e-05,1.51881957427804e-07,1.51881957427804e-07
0.0148042,0.616632,-1.07426,3.45598,0.0846378,24.6993,0.011724390883284063,0.0117026,2.179088328406291e-05,2.179088328406291e-05
0.01980369,0.2162784,-1.377497,4.086919,0.5344209,7.423943,0.4299748453955983,0.430067,-9.21546044016508e-05,9.21546044016508e-05
0.01771784,0.3152378,-1.210484,3.671647,0.1931087,12.32084,0.05631039527583938,0.05625944,5.095527583937748e-05,5.095527583937748e-05
0.021833595,0.34224811,-1.3944128,4.2909779,0.85408877,11.426462,0.4845949188387472,0.48475074,-0.00015582116125278933,0.00015582116125278933
0.01079476,0.4255905,-1.157437,3.586855,0.2248778,16.70523,0.04677566876590214,0.04671684,5.88287659021372e-05,5.88287659021372e-05
0.00965053,0.573465,-0.864732,3.09527,0.00830232,23.1156,0.001220926777719026,0.00121701,3.916777719025974e-06,3.916777719025974e-06
0.0092346,0.979939,-1.04948,3.43871,0.157228,39.197,0.01367398009068892,0.0136476,2.638009068892111e-05,2.638009068892111e-05
0.0122557,0.559305,-0.966699,3.265,0.0235498,22.5134,0.0035597956279894627,0.0035508,8.995627989462872e-06,8.995627989462872e-06
0.0242155,0.72957,-0.611683,2.68622,0.000163371,29.4309,1.8891187420179012e-05,1.8799e-05,9.218742017901135e-08,9.218742017901135e-08
0.0125131,0.66969,-1.03956,3.39927,0.0700018,26.8695,0.008884615380038348,0.00886689,1.77253800383477e-05,1.77253800383477e-05
0.0112233,0.972049,-0.548454,2.59529,0.000208474,39.211,1.8100705029141045e-05,1.80048e-05,9.590502914104426e-08,9.590502914104426e-08
0.00981385,0.809531,-0.743842,2.91082,0.00244183,32.6502,0.00025431546928154566,0.000253297,1.0184692815456801e-06,1.0184692815456801e-06
0.0168432,0.333934,-0.843571,3.03447,0.00211174,13.4667,0.0005331285046585396,0.000531347,1.7815046585395282e-06,1.7815046585395282e-06
0.0162392,0.845884,-0.690835,2.82489,0.00078064,34.1212,7.782233015160351e-05,7.74837e-05,3.386301516035146e-07,3.386301516035146e-07
0.0127697,0.6897742,-1.244504,3.831413,0.8481482,25.88528,0.12092023060018776,0.1208384,8.183060018776556e-05,8.183060018776556e-05
0.0133325,0.582248,-0.537388,2.55198,9.11925e-05,23.4874,1.3219206966176326e-05,1.31483e-05,7.090696617632483e-08,7.090696617632483e-08
0.0084078,0.22009,-0.92893,3.1579,0.0083282,8.8612,0.003195197862006999,0.0031864,8.797862006999259e-06,8.797862006999259e-06
0.02043395,0.3881759,-1.286686,3.875435,0.4708419,14.61902,0.12987193383697848,0.1298205,5.1433836978476144e-05,5.1433836978476144e-05
0.021129409,0.28155779,-1.368511,4.1059788,0.61848564,9.7995579,0.3590871798928244,0.35914068,-5.350010717558584e-05,5.350010717558584e-05
0.0128098,0.292518,-1.16595,3.57962,0.145725,11.5029,0.04396988495254851,0.0439178,5.208495254851314e-05,5.208495254851314e-05
0.0185233,0.577157,-1.1126,3.52189,0.102615,23.07,0.015329344011925618,0.0153058,2.354401192561882e-05,2.354401192561882e-05
0.0166251,0.684744,-0.717084,2.85819,0.00086472,27.6207,0.00010647736196923779,0.000106033,4.443619692377841e-07,4.443619692377841e-07
0.0214154,0.348998,-0.977826,3.26079,0.00970056,14.059,0.002350044972825496,0.00234428,5.764972825496057e-06,5.764972825496057e-06
0.0175427,0.530987,-0.816076,3.01051,0.00226529,21.4154,0.00035963358763549126,0.000358366,1.2675876354912652e-06,1.2675876354912652e-06
0.0106565,0.771897,-0.516374,2.53073,0.000115471,31.1371,1.262809197993423e-05,1.25584e-05,6.969197993423008e-08,6.969197993423008e-08
0.023969,0.79531,-0.682736,2.80842,0.000448144,32.0822,4.751848025162158e-05,4.73087e-05,2.0978025162157705e-07,2.0978025162157705e-07
0.0221104,0.282686,-0.755526,2.88057,0.000439785,11.4028,0.00013114760205393809,0.000130634,5.136020539380892e-07,5.136020539380892e-07
0.0202485,0.5591,-0.707339,2.83223,0.000511514,22.5532,7.714271677261179e-05,7.68147e-05,3.28016772611797e-07,3.28016772611797e-07
0.00835265,0.71273,-1.08753,3.48849,0.204203,28.3243,0.024639877035050575,0.0245961,4.377703505057534e-05,4.377703505057534e-05
0.0137754,0.829101,-0.786344,2.98269,0.00307504,33.4391,0.0003126656162581656,0.000311502,1.1636162581655802e-06,1.1636162581655802e-06
0.01293869,0.799037,-1.119438,3.556391,0.2206303,31.76814,0.0239594726039288,0.02392332,3.615260392879696e-05,3.615260392879696e-05
0.01557535,0.6270659,-1.133379,3.566668,0.1713759,24.93866,0.02380447075079797,0.02377072,3.375075079797146e-05,3.375075079797146e-05
0.00975333,0.992587,-1.07256,3.48174,0.201804,39.6121,0.017411808184795444,0.01738,3.180818479544406e-05,3.180818479544406e-05
0.0229279,0.521769,-0.564917,2.59244,6.76778e-05,21.0483,1.0945663976457437e-05,1.08888e-05,5.686397645743677e-08,5.686397645743677e-08
0.01647878,0.7585724,-1.123962,3.561632,0.1743326,30.23446,0.019937298327921852,0.01990787,2.9428327921850878e-05,2.9428327921850878e-05
0.0152388,0.376875,-0.745396,2.87686,0.00074691,15.2016,0.0001670805258913242,0.000166414,6.665258913241912e-07,6.665258913241912e-07
0.0118664,0.326817,-0.945002,3.20263,0.0107668,13.1617,0.0027827323181184834,0.00277532,7.412318118483422e-06,7.412318118483422e-06
0.0138299,0.263443,-0.655155,2.71076,0.00018054,10.6269,5.779817071160634e-05,5.7533e-05,2.651707116063415e-07,2.651707116063415e-07
0.0090218599,0.83290981,-1.2880824,4.0129463,2.0248631,28.32318,0.29947271309585133,0.2993571,0.00011561309585134127,0.00011561309585134127
0.0151352,0.792206,-0.991527,3.32516,0.0371155,31.8799,0.003964649967579005,0.00395531,9.339967579005334e-06,9.339967579005334e-06
0.0134767,0.780176,-0.861992,3.10579,0.00780967,31.4556,0.0008440733885166868,0.000841362,2.7113885166867805e-06,2.7113885166867805e-06
0.0237345,0.635957,-0.926304,3.20337,0.00824716,25.6378,0.0010943560425925659,0.0010913,3.0560425925659548e-06,3.0560425925659548e-06
0.009559856,0.4794634,-1.182553,3.645037,0.3853384,18.54202,0.07291505919795437,0.07283565,7.940919795436374e-05,7.940919795436374e-05
0.00907089,0.392815,-0.569249,2.58629,0.000136153,15.8453,2.9248916667101107e-05,2.90979e-05,1.5101666710110558e-07,1.5101666710110558e-07
0.016465,0.977713,-1.05228,3.4437,0.0913175,39.2479,0.0079499215834169,0.00793419,1.573158341689959e-05,1.573158341689959e-05
0.00970268,0.66446,-0.653409,2.75097,0.000634619,26.802,8.05575982323016e-05,8.01865e-05,3.7109823230159294e-07,3.7109823230159294e-07
0.018756,0.747695,-0.882492,3.13796,0.00699609,30.1475,0.0007890824412783436,0.00078665,2.4324412783436385e-06,2.4324412783436385e-06
0.0152182,0.587873,-0.928743,3.20357,0.0122649,23.6893,0.001761060246366063,0.00175618,4.880246366063042e-06,4.880246366063042e-06
0.02255177,0.48476382,-1.3712703,4.2788656,0.96129127,16.859685,0.34857098971697925,0.34862927,-5.828028302073962e-05,5.828028302073962e-05
0.0213615,0.928257,-0.672701,2.79934,0.000515962,37.4451,4.687378665426088e-05,4.66642e-05,2.0958665426087995e-07,2.0958665426087995e-07
0.020845,0.20035,-0.78614,2.9164,0.00049123,8.0812,0.00020608435854703694,0.00020531,7.743585470369393e-07,7.743585470369393e-07
0.0139798,0.310847,-1.00148,3.29514,0.0178958,12.5031,0.0048773681076374805,0.00486615,1.1218107637480865e-05,1.1218107637480865e-05
0.023198147,0.48306206,-1.3566366,4.1942977,0.909877,16.986226,0.28081972423953055,0.28083942,-1.969576046945143e-05,1.969576046945143e-05
0.01535292,0.6885903,-1.151885,3.61028,0.2393891,27.27462,0.030625736381762754,0.03058623,3.9506381762755005e-05,3.9506381762755005e-05
0.0243315,0.394492,-0.833079,3.02473,0.00150943,15.911,0.0003225439681673934,0.000321444,1.0999681673933806e-06,1.0999681673933806e-06
0.0146254,0.782878,-0.588286,2.65081,0.000214915,31.5806,2.3162942733047886e-05,2.30462e-05,1.1674273304788615e-07,1.1674273304788615e-07
0.0127809,0.448823,-0.717702,2.83901,0.000743143,18.1038,0.00013960655290011872,0.000139024,5.825529001187303e-07,5.825529001187303e-07
0.0101498,0.694099,-0.757359,2.92578,0.00240807,27.994,0.00029249568091541594,0.000291351,1.1446809154159175e-06,1.1446809154159175e-06
0.00846565,0.707694,-0.65899,2.76329,0.00083224,28.5453,9.918707184459986e-05,9.87343e-05,4.527718445998595e-07,4.527718445998595e-07
0.0105796,0.656339,-1.02411,3.37127,0.0666362,26.3378,0.008617712607841796,0.00859891,1.880260784179605e-05,1.880260784179605e-05
0.01719568,0.2882594,-1.313163,3.912086,0.5317574,10.46364,0.21680644751805875,0.2167586,4.7847518058752314e-05,4.7847518058752314e-05
0.013554657,0.69766354,-1.3493268,4.2706106,2.0098677,22.39555,0.4375585714636491,0.43756789,-9.318536350888529e-06,9.318536350888529e-06
0.0159396,0.671555,-0.592393,2.65017,0.000178319,27.09,2.240386067712661e-05,2.22916e-05,1.1226067712661125e-07,1.1226067712661125e-07
0.01085676,0.9861595,-1.161066,3.660472,0.540175,38.60532,0.0487266372503516,0.0486666,6.003725035159946e-05,6.003725035159946e-05
0.012692285,0.55361261,-1.3595992,4.2433765,1.8359314,17.207977,0.533162041517427,0.53321008,-4.803848257306509e-05,4.803848257306509e-05
0.0112606,0.516829,-0.749944,2.89926,0.00146943,20.8454,0.0002397025674036913,0.000238752,9.50567403691302e-07,9.50567403691302e-07
0.0138887,0.468971,-0.885161,3.11967,0.0061319,18.9056,0.0011027629263273895,0.00109938,3.382926327389485e-06,3.382926327389485e-06
0.0130247,0.575638,-0.786494,2.96517,0.00226238,23.2162,0.00033132403908784226,0.00033009,1.2340390878422518e-06,1.2340390878422518e-06
0.0142272,0.48422,-1.0773,3.44778,0.0718641,19.3854,0.012685438287334426,0.0126633,2.2138287334425022e-05,2.2138287334425022e-05
0.0107599,0.718289,-0.549986,2.58303,0.000163878,28.9746,1.9255268321062544e-05,1.91534e-05,1.0186832106254533e-07,1.0186832106254533e-07
0.00928205,0.996725,-0.941206,3.25135,0.0399738,40.1221,0.003388298887874416,0.00337919,9.108887874416209e-06,9.108887874416209e-06
0.0224068,0.684015,-0.743898,2.9027,0.000904382,27.5916,0.0001114665570139948,0.00011102,4.4655701399479945e-07,4.4655701399479945e-07
0.0196658,0.466698,-1.05809,3.41213,0.0393181,18.7459,0.007171449163945769,0.00715772,1.3729163945768938e-05,1.3729163945768938e-05
0.0211294,0.891541,-0.69359,2.83205,0.000655126,35.9636,6.19644136255799e-05,6.16953e-05,2.691136255798994e-07,2.691136255798994e-07
0.0114651,0.877432,-1.00479,3.35351,0.0642779,35.26,0.006205313471787625,0.00619135,1.3963471787625109e-05,1.3963471787625109e-05
0.0219876,0.294016,-0.637058,2.68561,0.000100451,11.8606,2.8817382080526613e-05,2.86815e-05,1.3588208052661314e-07,1.3588208052661314e-07
0.00963389,0.360019,-0.83467,3.02312,0.00355029,14.5155,0.0008314321797855625,0.000828606,2.8261797855625662e-06,2.8261797855625662e-06
0.0109745,0.901671,-1.03877,3.41462,0.106341,36.1489,0.010027995199014468,0.0100069,2.1095199014466853e-05,2.1095199014466853e-05
0.0154459,0.549406,-0.798122,2.98227,0.00211404,22.1586,0.00032436948132490417,0.000323189,1.180481324904181e-06,1.180481324904181e-06
0.00925216,0.92023,-0.645766,2.75417,0.000835512,37.1188,7.658454429935993e-05,7.62279e-05,3.56644299359939e-07,3.56644299359939e-07
0.0180586,0.516909,-0.830643,3.03347,0.0025827,20.8468,0.00042120322008541624,0.000419761,1.442220085416245e-06,1.442220085416245e-06
0.0196181,0.68974,-0.60794,2.67728,0.000181697,27.8239,2.2224216491844013e-05,2.21151e-05,1.0911649184401173e-07,1.0911649184401173e-07
0.02444528,0.8085482,-1.17244,3.668024,0.2274015,32.12916,0.02504309498107854,0.02501416,2.8934981078539146e-05,2.8934981078539146e-05
0.0148616,0.438089,-0.549174,2.55805,7.16158e-05,17.6723,1.3796371902781164e-05,1.37234e-05,7.297190278116419e-08,7.297190278116419e-08
0.0159214,0.596556,-1.09106,3.48432,0.0940893,23.8701,0.013525809550171857,0.0135028,2.3009550171856907e-05,2.3009550171856907e-05
0.0244703,0.566628,-0.81448,3.01097,0.0016979,22.8546,0.0002525915429675262,0.000251698,8.935429675261579e-07,8.935429675261579e-07
0.011615827,0.77878448,-1.3088106,4.089688,1.7647723,26.663209,0.3035109585100767,0.30343549,7.546851007672606e-05,7.546851007672606e-05
0.018347,0.50305,-1.0954,3.48222,0.0728262,20.143,0.012410159411341751,0.0123899,2.0259411341750494e-05,2.0259411341750494e-05
0.016703,0.370615,-1.12537,3.51882,0.085779,14.7751,0.02002844630690723,0.0199987,2.974630690722943e-05,2.974630690722943e-05
0.0107003,0.967313,-0.910741,3.19832,0.0227839,38.9724,0.0019877897350273257,0.00198203,5.759735027325609e-06,5.759735027325609e-06
0.0185481,0.519913,-1.12859,3.54518,0.112705,20.7404,0.0187973052189304,0.0187689,2.8405218930396825e-05,2.8405218930396825e-05
0.02024806,0.5655025,-1.177314,3.647653,0.2037745,22.38656,0.03218658070905486,0.0321503,3.628070905486308e-05,3.628070905486308e-05
0.01816533,0.2329196,-1.364799,4.050955,0.5803479,8.016369,0.39824240848636094,0.3982922,-4.979151363904144e-05,4.979151363904144e-05
0.00988661,0.92368,-0.526407,2.55617,0.000169422,37.2595,1.5482619664266282e-05,1.53983e-05,8.431966426628043e-08,8.431966426628043e-08
0.016474604,0.61032048,-1.3401311,4.1778084,1.2480969,21.202959,0.3199179674775444,0.31990515,1.281747754439122e-05,1.281747754439122e-05
0.0207994,0.452698,-0.608302,2.65775,0.000113006,18.2618,2.105964014945847e-05,2.09563e-05,1.0334014945846779e-07,1.0334014945846779e-07
0.01652785,0.6734484,-1.256239,3.863632,0.7194113,25.4865,0.10861565156194342,0.1085503,6.535156194341363e-05,6.535156194341363e-05
0.0114889,0.8115109,-1.137459,3.593366,0.3146836,32.06991,0.03400683007444779,0.03395949,4.7340074447788094e-05,4.7340074447788094e-05
0.0133729,0.308855,-1.02551,3.33548,0.0252472,12.4077,0.006941309858766604,0.00692666,1.4649858766604094e-05,1.4649858766604094e-05
0.0203715,0.734785,-0.940042,3.23374,0.0132368,29.6139,0.0015209420421634975,0.00151684,4.102042163497488e-06,4.102042163497488e-06
0.023368,0.22668,-0.81081,2.9627,0.00067858,9.1429,0.00025233313093738657,0.00025143,9.031309373865449e-07,9.031309373865449e-07
0.0108057,0.824146,-0.727558,2.88464,0.00183174,33.2412,0.00018739887703703967,0.000186629,7.698770370396645e-07,7.698770370396645e-07
0.0191098,0.991682,-0.89583,3.17451,0.0108063,39.9818,0.0009191220528008749,0.000916376,2.7460528008748687e-06,2.7460528008748687e-06
0.01870573,0.2191746,-1.289327,3.817023,0.3088223,8.205587,0.146763482200566,0.1467088,5.468220056600859e-05,5.468220056600859e-05
0.0118562,0.444464,-1.01383,3.33345,0.0353077,17.857,0.00673905582613035,0.00672447,1.4585826130350012e-05,1.4585826130350012e-05
0.0229199,0.500117,-0.518942,2.51411,3.59525e-05,20.1749,6.0681684370039924e-06,6.03485e-06,3.33184370039921e-08,3.33184370039921e-08
0.00842678,0.69494,-0.903325,3.1692,0.0188978,27.9934,0.002294861295883558,0.00228811,6.751295883558259e-06,6.751295883558259e-06
0.0216812,0.567378,-0.598935,2.65292,0.00012047,22.888,1.791398612087849e-05,1.78249e-05,8.908612087849024e-08,8.908612087849024e-08
0.0222138,0.397397,-0.855766,3.06284,0.00222838,16.0266,0.0004727456259978596,0.000471202,1.5436259978596233e-06,1.5436259978596233e-06
0.02359438,0.2263877,-1.35836,4.024375,0.4196743,8.155827,0.282280737122279,0.2823051,-2.436287772095147e-05,2.436287772095147e-05
0.01313883,0.6971899,-1.146489,3.600176,0.2647383,27.56837,0.0333914401229916,0.03334713,4.431012299159487e-05,4.431012299159487e-05
0.01733283,0.9788747,-1.161891,3.661993,0.3403325,38.74702,0.030845870552817834,0.03080808,3.779055281783253e-05,3.779055281783253e-05
0.02069731,0.7365367,-1.157893,3.628219,0.2048374,29.27894,0.024539264638285086,0.0245086,3.066463828508767e-05,3.066463828508767e-05
0.0229036,0.331978,-0.683536,2.76829,0.000197796,13.3918,5.024225806051672e-05,5.00212e-05,2.2105806051671826e-07,2.2105806051671826e-07
0.0146,0.531823,-1.06031,3.42301,0.0620615,21.3256,0.009939016554159918,0.0099204,1.861655415991842e-05,1.861655415991842e-05
0.01025585,0.7113769,-1.175576,3.662757,0.4909582,27.65437,0.06214358309778378,0.06207285,7.073309778378445e-05,7.073309778378445e-05
0.0113299,0.372477,-0.599896,2.6347,0.000153222,15.0251,3.470624103827474e-05,3.4534e-05,1.7224103827473918e-07,1.7224103827473918e-07
0.0103889,0.738765,-1.04336,3.41138,0.0975846,29.5975,0.011236241945215488,0.0112143,2.1941945215488493e-05,2.1941945215488493e-05
0.01633045,0.8284201,-1.230039,3.816196,0.6758633,31.85258,0.07852919330519616,0.0784684,6.079330519616344e-05,6.079330519616344e-05
0.0140541,0.733548,-0.58404,2.64059,0.000198437,29.5906,2.2825728600903303e-05,2.27101e-05,1.1562860090330197e-07,1.1562860090330197e-07
0.014225396,0.58003373,-1.3793572,4.3953919,1.7795211,18.227086,0.6130507767291005,0.61318672,-0.00013594327089949676,0.00013594327089949676
0.00974711,0.365221,-0.752132,2.88659,0.0012338,14.7301,0.0002848115910188449,0.000283686,1.1255910188449078e-06,1.1255910188449078e-06
0.01913458,0.7443912,-1.259121,3.889369,0.7043268,28.33034,0.09735507237499637,0.09729823,5.684237499636868e-05,5.684237499636868e-05
0.0190744,0.294846,-1.08239,3.43065,0.034833,11.8233,0.010100749299681746,0.0100829,1.7849299681745034e-05,1.7849299681745034e-05
0.02471806,0.8520641,-1.154175,3.632563,0.1898364,33.96705,0.019589852268407353,0.01956488,2.4972268407353476e-05,2.4972268407353476e-05
0.0116227,0.310471,-1.02306,3.33156,0.0282939,12.4666,0.0077392681787976335,0.00772239,1.68781787976335e-05,1.68781787976335e-05
0.0140116,0.916554,-0.710966,2.86228,0.00126954,36.9707,0.00011679455213761209,0.000116301,4.935521376120899e-07,4.935521376120899e-07
0.0220865,0.750742,-0.95542,3.26083,0.0151895,30.2536,0.0017090297630870904,0.0017046,4.4297630870904995e-06,4.4297630870904995e-06
0.02474426,0.9951309,-1.2774536,4.0199019,0.83682866,37.901501,0.09526150286626017,0.095217901,4.360186626017892e-05,4.360186626017892e-05
0.0202864,0.905605,-0.6463,2.75427,0.000377599,36.5315,3.5168725326173336e-05,3.50053e-05,1.6342532617333403e-07,1.6342532617333403e-07
0.0177721,0.930373,-0.788211,2.99149,0.00273961,37.5255,0.000248230505725244,0.00024731,9.205057252440287e-07,9.205057252440287e-07
0.0180022,0.323149,-1.02468,3.33626,0.019426,12.9963,0.005101686146630582,0.00509069,1.0996146630581904e-05,1.0996146630581904e-05
0.0126639,0.320775,-0.816793,2.98809,0.00191318,12.9361,0.0005027902888876393,0.00050102,1.7702888876392929e-06,1.7702888876392929e-06
0.0183407,0.867718,-0.816811,3.03568,0.00357428,34.9963,0.0003472472429392118,0.000346025,1.2222429392117666e-06,1.2222429392117666e-06
0.0106126,0.353826,-0.617628,2.66178,0.000195133,14.2726,4.6524055371345594e-05,4.62991e-05,2.2495537134559576e-07,2.2495537134559576e-07
0.00894067,0.902393,-0.528037,2.55773,0.000186901,36.4005,1.7482757514002395e-05,1.73878e-05,9.495751400239518e-08,9.495751400239518e-08
0.0211948,0.211393,-1.19416,3.61373,0.0901923,8.34461,0.038172860307230744,0.038132,4.086030723074452e-05,4.086030723074452e-05
0.01065527,0.2046508,-1.225754,3.672288,0.249244,7.749198,0.113913077554601,0.1138211,9.197755460101098e-05,9.197755460101098e-05
0.0163205,0.436338,-0.589249,2.62439,0.000108681,17.6016,2.1015381766019423e-05,2.09098e-05,1.0558176601942207e-07,1.0558176601942207e-07
0.0212467,0.752321,-0.917442,3.19687,0.00972795,30.3286,0.0010910299981670409,0.00108792,3.10999816704083e-06,3.10999816704083e-06
0.0182016,0.26579,-0.835496,3.01071,0.00140229,10.7192,0.0004447585987970546,0.000443247,1.5115987970545767e-06,1.5115987970545767e-06
0.0218364,0.974903,-0.755987,2.94018,0.00154476,39.3246,0.00013358147741357132,0.000133057,5.244774135713059e-07,5.244774135713059e-07
0.0142052,0.802648,-0.646811,2.7492,0.000481084,32.3775,5.055491297682431e-05,5.03202e-05,2.347129768243131e-07,2.347129768243131e-07
0.00927871,0.901898,-0.581556,2.64656,0.00035793,36.3803,3.348809274676669e-05,3.33179e-05,1.7019274676668787e-07,1.7019274676668787e-07
0.0126646,0.60242,-1.00808,3.33915,0.04166,24.2151,0.005859946675906936,0.00584662,1.3326675906935592e-05,1.3326675906935592e-05
0.0197607,0.617867,-0.558408,2.58973,8.55285e-05,24.9247,1.1681881369603959e-05,1.16207e-05,6.118136960395822e-08,6.118136960395822e-08
0.0145971,0.654508,-1.0802,3.47013,0.0981944,26.1986,0.012832977527059058,0.0128096,2.337752705905763e-05,2.337752705905763e-05
0.0187119,0.48678,-1.0986,3.48608,0.0719437,19.4886,0.012678454095543091,0.0126568,2.165409554309196e-05,2.165409554309196e-05
0.0176629,0.863588,-0.852428,3.09486,0.00583439,34.8249,0.0005696094305945449,0.000567735,1.874430594544954e-06,1.874430594544954e-06
0.02183,0.24127,-0.9594,3.2129,0.005197,9.7226,0.001819757385191381,0.001815,4.7573851913809435e-06,4.7573851913809435e-06
0.0176245,0.688831,-0.688865,2.8116,0.000571104,27.7863,6.991465461638308e-05,6.96095e-05,3.051546163830831e-07,3.051546163830831e-07
0.0182679,0.919419,-0.892977,3.16588,0.0101037,37.0682,0.0009269016392383237,0.000924109,2.7926392383236746e-06,2.7926392383236746e-06
0.00909517,0.572938,-0.996418,3.31661,0.0474889,23.0134,0.007025095341493715,0.00700873,1.636534149371434e-05,1.636534149371434e-05
0.017186,0.809451,-0.867704,3.11717,0.00683731,32.6389,0.0007122566616184111,0.000709994,2.2626616184110446e-06,2.2626616184110446e-06
0.0228355,0.600657,-0.596488,2.65159,0.000117343,24.2305,1.6482445403002457e-05,1.64003e-05,8.214540300245733e-08,8.214540300245733e-08
0.0115278,0.814988,-0.766706,2.94917,0.00280698,32.87,0.00029036562566820236,0.000289247,1.1186256682023453e-06,1.1186256682023453e-06
0.0177248,0.87508,-0.546623,2.58708,0.000116076,35.3005,1.1195045992004129e-05,1.11356e-05,5.944599200412821e-08,5.944599200412821e-08
0.024113008,0.37319803,-1.378069,4.228496,0.77741337,12.93185,0.35573532589941415,0.35581103,-7.570410058582722e-05,7.570410058582722e-05
0.0183408,0.484933,-1.05662,3.41161,0.0429886,19.4739,0.00754578113675674,0.00753139,1.4391136756740364e-05,1.4391136756740364e-05
0.0171771,0.33192,-0.915354,3.1538,0.00516821,13.3792,0.0013138221489657543,0.00131006,3.7621489657542646e-06,3.7621489657542646e-06
0.014286,0.964313,-0.590622,2.66491,0.000279265,38.8993,2.4435168150568985e-05,2.43124e-05,1.22768150568984e-07,1.22768150568984e-07
0.0130318,0.797738,-1.04669,3.42166,0.087675,31.9969,0.009348734646631583,0.00933069,1.804464663158166e-05,1.804464663158166e-05
0.0230608,0.479004,-1.08724,3.46485,0.0498096,19.2208,0.008891428492857246,0.008876,1.5428492857245957e-05,1.5428492857245957e-05
0.0109243,0.561677,-0.622463,2.6915,0.000320198,22.6568,4.809097030104041e-05,4.78597e-05,2.3127030104041232e-07,2.3127030104041232e-07
0.0161818,0.661623,-0.893576,3.15045,0.00827115,26.6727,0.001054472365766558,0.0010513,3.172365766557954e-06,3.172365766557954e-06
0.00971613,0.828671,-0.696598,2.83346,0.00137633,33.4245,0.0001400578499928888,0.000139454,6.038499928887986e-07,6.038499928887986e-07
0.0199378,0.65851,-0.937412,3.22379,0.0117195,26.5402,0.0015024316847768978,0.00149835,4.081684776897692e-06,4.081684776897692e-06
0.0174832,0.971556,-0.614937,2.70565,0.000314193,39.1919,2.7281900512184445e-05,2.71494e-05,1.3250051218444413e-07,1.3250051218444413e-07
0.0131357,0.880886,-0.862974,3.11347,0.00916107,35.5152,0.0008769720270208312,0.000874151,2.8210270208311756e-06,2.8210270208311756e-06
0.01206666,0.5328228,-1.153308,3.594154,0.2395664,20.99691,0.0396848243817494,0.03963371,5.111438174940086e-05,5.111438174940086e-05
0.0142859,0.850679,-1.06291,3.45452,0.104773,34.0961,0.010502316484752777,0.0104823,2.0016484752777286e-05,2.0016484752777286e-05
0.0169765,0.388236,-0.614764,2.66131,0.000129014,15.6612,2.8033854706385386e-05,2.78975e-05,1.3635470638538802e-07,1.3635470638538802e-07
0.00934184,0.721342,-0.835365,3.05749,0.00740122,29.0824,0.0008651095319543246,0.000862173,2.9365319543245977e-06,2.9365319543245977e-06
0.02277351,0.3958462,-1.172564,3.611725,0.1202803,15.72132,0.026924299523706854,0.02689334,3.095952370685273e-05,3.095952370685273e-05
0.0179168,0.819433,-0.505881,2.51623,6.37173e-05,33.0558,6.5642876440093805e-06,6.52767e-06,3.661764400938073e-08,3.661764400938073e-08
0.0184157,0.339903,-0.905512,3.13847,0.0043516,13.7029,0.001079999613191866,0.00107683,3.169613191866122e-06,3.169613191866122e-06
0.0229194,0.699474,-0.793737,2.98666,0.00171461,28.2135,0.00020663370438901384,0.000205875,7.587043890138411e-07,7.587043890138411e-07
0.0091150475,0.90301247,-1.3281593,4.2322737,3.0933222,27.584726,0.49584424363923596,0.49578516,5.9083639235957275e-05,5.9083639235957275e-05
0.009606105,0.829024,-1.140799,3.601747,0.3997533,32.59402,0.04245409798675965,0.04239584,5.8257986759652214e-05,5.8257986759652214e-05
0.00901867,0.323329,-0.80792,2.9737,0.0024162,13.0378,0.0006299991687971355,0.000627747,2.2521687971354537e-06,2.2521687971354537e-06
0.0115768,0.73976,-0.774202,2.9569,0.00279342,29.8354,0.0003183445719789259,0.000317132,1.212571978925867e-06,1.212571978925867e-06
0.0154881,0.870881,-1.05933,3.44948,0.0945518,34.9324,0.00925196718766104,0.00923489,1.707718766103851e-05,1.707718766103851e-05
0.0168729,0.632028,-0.600576,2.66083,0.000176112,25.4956,2.3509061860270658e-05,2.33927e-05,1.1636186027065708e-07,1.1636186027065708e-07
0.0088872004,0.84979683,-1.3249447,4.1919848,2.8659238,26.229106,0.4879957798660831,0.48792727,6.850986608308851e-05,6.850986608308851e-05
0.00861224,0.693327,-0.993646,3.32174,0.0586011,27.8459,0.007159644967725351,0.00714287,1.6774967725351024e-05,1.6774967725351024e-05
0.018906,0.22129,-0.9071,3.1218,0.0028166,8.9214,0.0010736584732691208,0.0010705,3.158473269120792e-06,3.158473269120792e-06
0.0204106,0.714825,-1.08035,3.47573,0.0769027,28.6759,0.00919548368695819,0.00917944,1.6043686958190292e-05,1.6043686958190292e-05
0.0174146,0.291069,-0.864695,3.06336,0.00233463,11.7371,0.0006762713437823818,0.000674105,2.1663437823817456e-06,2.1663437823817456e-06
0.015446,0.585954,-0.947873,3.23557,0.0153883,23.6055,0.0022181034507188133,0.00221222,5.88345071881333e-06,5.88345071881333e-06
0.017252,0.2399,-0.91121,3.1322,0.0035269,9.6705,0.0012403432353170327,0.0012368,3.5432353170327356e-06,3.5432353170327356e-06
0.012669,0.370936,-0.755725,2.89328,0.00100965,14.9613,0.00022946906844779924,0.000228567,9.020684477992398e-07,9.020684477992398e-07
0.0091813,0.21332,-0.63691,2.6712,0.00017546,8.6049,6.888156285882623e-05,6.8553e-05,3.2856285882622586e-07,3.2856285882622586e-07
0.0219781,0.493095,-0.630308,2.69833,0.000154538,19.8913,2.6436698931074633e-05,2.63108e-05,1.2589893107463416e-07,1.2589893107463416e-07
0.0152737,0.342741,-0.77153,2.9159,0.000947945,13.8242,0.00023315452377165415,0.000232264,8.905237716541408e-07,8.905237716541408e-07
0.018374,0.408644,-0.978283,3.26912,0.0133145,16.4575,0.0027551590805672695,0.00274842,6.7390805672694e-06,6.7390805672694e-06
0.0095369,0.2273,-0.6628,2.717,0.0002492,9.1686,9.245938627869014e-05,9.2043e-05,4.1638627869013654e-07,4.1638627869013654e-07
0.022088,0.409453,-0.513344,2.49541,2.84245e-05,16.5175,5.860059246834117e-06,5.82766e-06,3.23992468341173e-08,3.23992468341173e-08
0.0128494,0.249713,-0.874242,3.07239,0.00306798,10.0672,0.0010360517372808976,0.0010328,3.251737280897697e-06,3.251737280897697e-06
0.02362,0.23217,-0.57639,2.5744,3.3876e-05,9.3658,1.2311042074419033e-05,1.2249e-05,6.204207441903265e-08,6.204207441903265e-08
0.023737,0.271628,-0.893491,3.1082,0.00231279,10.953,0.0007180625552402027,0.000715901,2.1615552402026467e-06,2.1615552402026467e-06
0.0119374,0.539508,-0.979626,3.28506,0.027509,21.7067,0.0043144815165496115,0.00430393,1.0551516549611381e-05,1.0551516549611381e-05
0.0151095,0.880925,-0.907894,3.18877,0.0141705,35.5066,0.0013571964201428868,0.00135324,3.956420142886899e-06,3.956420142886899e-06
0.01811387,0.9479585,-1.180215,3.701677,0.3948204,37.37121,0.03734407392020497,0.03730267,4.1403920204970135e-05,4.1403920204970135e-05
0.0125503,0.862897,-0.815904,3.03389,0.00513395,34.7979,0.000501583890448563,0.000499817,1.7668904485630254e-06,1.7668904485630254e-06
0.009447236,0.7238345,-1.250036,3.853511,1.247219,26.29348,0.17547645627617803,0.1753649,0.00011155627617803754,0.00011155627617803754
0.0164629,0.535398,-1.02895,3.36889,0.0371728,21.5213,0.0058930563043400296,0.00588082,1.223630434002941e-05,1.223630434002941e-05
