Error,time,CO2share,E_appl,v,X_tot,X_het,X_hom,FE,CO2_out,CO_out,H2_out,delP,CD,Vcell
0,37.2086615,0.653929688,-1.63572418,0.0184484277,0.154859256,0.0169386967,0.13792056,1.36614636,22.2953996,0.223427289,0,0.144070667,43685.9359,12.8360223
0,7.53325,0.733391,-0.960371,0.0203957,0.00124118,0.00115718,8.4e-05,0.945073,29.5496,0.0171184,0.00196709,0.144071,14.2984,3.26802
1,0.38338,0.86602,-1.8792,0.012562,,,,,,,,,,
0,39.560103,0.93321987,-1.3355979,0.022853881,0.11023782,0.075176403,0.035061413,0.88301373,33.497553,1.4151116,0.21756446,0.14407067,2149.9624,4.3155417
0,1.222109,0.5063718593,-1.7430948254,0.019144066612,0.99003921034,0.013102270532,0.97693693981,-0.0011649868219,0.20347848617,0.13382624594,0,0.14407066667,-1856873.9249,-359.06155343
0,36.1512,0.670431,-1.07584,0.0126108,0.00852882,0.00814522,0.000383592,0.935584,26.8157,0.110149,0.0140195,0.144071,57.7592,3.46366
2,0.8438506,0.2312138805,-1.917883016,0.0136609759,-0.01235125596,-0.01235136262,1.066621716e-07,-3.718900078,9.442789204,-0.05760417293,0,0.1440706667,-254869.0899,-47.70138123
1,0.53867,0.57391,-1.7656,0.013759,,,,,,,,,,
0,48.82991,0.229693,-1.249096,0.01674831,0.05153258,0.05042636,0.001106221,0.813979,8.788715,0.2336311,0.0977305,0.1440707,201.4422,3.72901
0,40.618705,0.68214481,-1.3131027,0.02419455,0.077936704,0.058370744,0.01956596,0.89063389,25.374207,0.80315058,0.15393673,0.14407067,1209.4569,4.0808563
2,18.1578016,0.867607844,-1.67469937,0.0119765631,-0.653420259,-2.05045958,1.39703932,3.59622329,57.8711204,-35.8839177,0,0.144070667,71065.6694,18.216699
0,1.6683861,0.55095286,-1.9456011,0.009778093,0.9219146,0.9219146,2.220446e-16,36.667439,1.7355592,10.245433,0,0.14407067,6782.8823,5.8842188
0,55.7413,0.533057,-1.07079,0.0132031,0.00758585,0.00730064,0.000285215,0.922163,21.3414,0.0784982,0.0125501,0.144071,43.7094,3.44156
2,3.4717965,0.7805976933,-1.803037666,0.01036156023,0.1465823637,-0.277050564,0.4236329277,-5.579493862,26.87472589,-4.362259255,0,0.1440706667,-110591.5792,-19.75697562
0,7.15321,0.377711,-0.762042,0.020712,0.000125873,8.95176e-05,3.63554e-05,0.899925,15.2356,0.000682014,0.000151626,0.144071,0.60602,2.90461
0,50.00398,0.2216407,-1.245874,0.01531278,0.05425637,0.05318534,0.001071022,0.807663,8.456257,0.2377753,0.1025592,0.1440707,187.4191,3.719358
0,7.0663,0.23514,-0.96283,0.010694,0.0023645,0.0022763,8.8131e-05,0.84712,9.4636,0.010797,0.0038718,0.14407,5.2725,3.2175
0,0.5221449,0.4155755454701751,-1.756609668619129,0.01239071144818052,0,0,0,-2.089078446478156e-07,16.76506145487483,0,0,0.1440706666666666,-1014909117708.713,-197078881.1001199
0,18.9927518,0.410678994,-1.73309152,0.010147374,0.388784924,0.27123423,0.117550694,1.23173005,10.1263215,2.24684005,0,0.144070667,76863.1544,19.4048982
0,5.9775,0.369796,-0.711045,0.0128928,0.000131046,7.47063e-05,5.63399e-05,0.897999,14.9163,0.000557243,0.000126522,0.144071,0.30884,2.81892
0,6.87489,0.967573,-0.852451,0.017186,0.000408078,0.000344331,6.37472e-05,0.958165,39.0177,0.00672025,0.000583664,0.144071,4.65582,3.10057
0,13.17605,0.8467839,-1.108684,0.0172646,0.009524439,0.00898923,0.0005352094,0.9465808,33.83542,0.1535396,0.01561578,0.1440707,109.8427,3.53965
1,0.30537,0.82611,-1.8482,0.02254,,,,,,,,,,
1,0.26652,0.90539,-1.9968,0.013238,,,,,,,,,,
2,15.3944294,0.619177848,-1.66179784,0.0106493677,-7.92024869e-06,-9.36076937e-06,1.44052068e-06,2.54461807,24.9789407,-0.000116910125,0,0.144070667,36730.3874,11.5025304
0,5.13935,0.977279,-0.501547,0.0106926,8.16877e-05,6.1096e-06,7.55781e-05,0.958773,39.422,0.000120436,1.03457e-05,0.144071,0.0518443,2.51768
2,14.586938,0.32312928,-1.6034723,0.022614039,0.45569126,-0.0011802148,0.45687147,1.8900967,7.0953986,-0.0076924119,0,0.14407067,6640.5005,5.5133516
0,49.1858492,0.355452388,-1.64824977,0.00853822527,0.875514284,0.528901307,0.346612977,0.211647446,1.78507359,3.79211279,0,0.144070667,26517.9551,9.48915421
0,24.959737,0.252602896,-1.69175645,0.0198541834,0.860422071,0.697888623,0.162533448,0.212790743,1.42236233,3.55590061,0,0.144070667,36749.7246,11.536271
0,13.06982,0.7417623,-1.116695,0.01337286,0.01348036,0.0128087,0.0006716552,0.9377054,29.52063,0.1916439,0.0223454,0.1440707,107.2282,3.545916
0,6.8076,0.21806,-0.80691,0.021664,0.00018106,0.00015228,2.878e-05,0.8385,8.7955,0.0006698,0.00025797,0.14407,0.66819,2.9545
0,6.63176,0.983666,-0.862624,0.0197438,0.000399397,0.000341521,5.78753e-05,0.958823,39.667,0.00677627,0.000578972,0.144071,5.39035,3.11842
1,0.54467,0.7649,-1.9637,0.015964,,,,,,,,,,
0,0.5085409,0.7010100383,-1.913036713,0.01964130729,0,0,0,17.66603012,28.27999987,0,0,0.1440706667,150986.104,34.01300886
0,36.242485,0.28241393,-1.366709,0.020119898,0.13871683,0.11072843,0.027988403,0.78212719,9.8126712,0.63076914,0.36853101,0.14407067,1060.3445,4.0987467
0,6.77509,0.971333,-0.839519,0.0149746,0.000404973,0.000334748,7.02251e-05,0.958321,39.1694,0.0065586,0.000567344,0.144071,3.95799,3.07916
0,15.4941168,0.8318727124,-1.56678072,0.01653922746,0.5952416847,0.02539834266,0.569843342,-0.05483159542,13.58337918,0.4261744674,0,0.1440706667,-273528.8824,-51.67954298
0,5.54034,0.386078,-0.701162,0.0110805,0.000142656,7.65631e-05,6.60929e-05,0.901869,15.5729,0.000596238,0.000129665,0.144071,0.282778,2.8045
0,38.511878,0.84878205,-1.4883067,0.012246812,0.80838839,0.29716723,0.51122116,0.38767703,6.5610473,5.0877091,0,0.14407067,6819.7141,5.4343547
0,6.20542,0.570122,-0.671903,0.0170159,8.03411e-05,3.42397e-05,4.61013e-05,0.931386,22.9979,0.000393752,5.79841e-05,0.144071,0.277689,2.77431
0,48.14286,0.4525072,-1.242213,0.0173819,0.04738657,0.04461915,0.002767422,0.884636,17.38991,0.4072602,0.08619977,0.1440707,335.717,3.774445
0,6.4147,0.23539,-0.54533,0.018487,3.8949e-05,6.2016e-06,3.2747e-05,0.84867,9.4956,2.9445e-05,1.0501e-05,0.14407,0.024758,2.5235
0,39.74848,0.3106757,-1.346123,0.01164793,0.1921626,0.1605541,0.03160848,0.7562868,10.1248,1.00613,0.4886666,0.1440707,868.5577,4.030667
0,38.91138,0.9643063,-1.210636,0.02070105,0.03002743,0.02594545,0.004081987,0.9384161,37.73372,0.5046628,0.04824612,0.1440707,457.7479,3.782496
0,5.34095,0.830576,-0.595731,0.0111645,9.17892e-05,1.96175e-05,7.21717e-05,0.951844,33.5038,0.00032866,3.32201e-05,0.144071,0.148802,2.66606
0,12.5715714,0.2192501155,-1.830751428,0.01556678327,0.9294862367,0.8337914887,0.09569474794,0.1521982068,0.6236901577,3.687418742,0,0.1440706667,134317.2819,30.68789791
0,6.9716,0.89087,-0.923846,0.00970584,0.00167557,0.00152255,0.000153027,0.953923,35.8791,0.0273596,0.00258572,0.144071,10.7592,3.2162
2,16.7670905,0.667331698,-1.66447862,0.014514808,-0.064315004,-0.0659108119,0.00159580798,2.54844056,28.6528024,-0.887204194,0,0.144070667,43543.2955,12.8369102
0,5.52446,0.94172,-0.629554,0.0236761,4.89055e-05,1.42841e-05,3.46215e-05,0.957306,37.9888,0.000271331,2.41885e-05,0.144071,0.259037,2.72839
1,0.38128,0.64612,-1.9865,0.014837,,,,,,,,,,
0,13.6718,0.497328,-1.02033,0.0107967,0.00490106,0.00469991,0.00020115,0.919058,19.9648,0.0471474,0.00802749,0.144071,21.46,3.35024
0,17.0274625,0.660895303,-1.66847397,0.0109310043,0.229063222,0.132691032,0.0963721892,1.74406592,20.5544848,1.76888423,0,0.144070667,48046.3328,13.7203789
0,12.291117,0.82599977,-1.5212571,0.010735828,0.010331752,0.010331752,1.7126753e-10,6.6135567,32.978031,0.17213891,0,0.14407067,3068.0684,4.6977537
0,6.88406,0.365352,-0.943798,0.0155492,0.00129808,0.00122765,7.04299e-05,0.896156,14.7198,0.0090471,0.00208549,0.144071,6.07114,3.20584
0,0.526401,0.54838487270286,-1.973526276113507,0.01538974354704355,0,0,0,-2.421572738262498e-175,22.12282746662958,0,0,0.1440706666666666,-1.874033742561196e+181,-3.639069432646936e+177
0,12.99721,0.7521909,-1.12501,0.008950037,0.02226585,0.02112794,0.001137904,0.9326715,29.66908,0.3205608,0.03715084,0.1440707,120.5608,3.562841
0,7.54354,0.441338,-0.978363,0.0229509,0.00135849,0.0012947,6.37907e-05,0.912308,17.7802,0.0115257,0.0022026,0.144071,11.2297,3.273
0,136.96915,0.9430239,-1.2787287,0.022520369,0.061733627,0.04644424,0.015289387,0.91644202,35.694723,0.88344543,0.10634831,0.14407067,1063.2672,4.0114753
0,0.459925,0.463354,-0.993157,0.0176421,0,0,0,-1.16363,18.6925,0,0,0.144071,-11.1931,1.37869
0,6.66407,0.872868,-0.856014,0.0209922,0.000346377,0.000295099,5.12787e-05,0.953902,35.2009,0.00519566,0.000500213,0.144071,4.41672,3.10138
0,5.356,0.741011,-0.57579,0.0122485,7.8815e-05,1.3841e-05,6.4974e-05,0.946351,29.8914,0.00020688,2.34379e-05,0.144071,0.103356,2.62738
0,6.63375,0.695916,-0.867247,0.0225064,0.00036436,0.000317928,4.64325e-05,0.942891,28.0643,0.00446283,0.000538982,0.144071,4.11538,3.10893
0,35.62477,0.2679159,-1.264981,0.02009232,0.05208788,0.05047992,0.001607957,0.8321924,10.24523,0.2727988,0.0999047,0.1440707,281.6771,3.777702
0,40.61187,0.7545345,-1.217885,0.01302548,0.04965179,0.04464237,0.005009413,0.9145778,28.92791,0.6794407,0.08415928,0.1440707,395.2113,3.770054
0,6.84724,0.413275,-0.624327,0.024442,4.29272e-05,1.29383e-05,2.99889e-05,0.907789,16.6715,0.000107856,2.19092e-05,0.144071,0.112096,2.68009
2,16.429487,0.45233728,-1.4320897,0.018550308,-0.26144082,-0.9814066,0.71996577,-3.9173914,23.018893,-8.9544007,0,0.14407067,-1150.1306,1.3584406
0,35.79411,0.2570474,-1.189035,0.01695423,0.02526189,0.02477109,0.0004907956,0.8441166,10.10779,0.128435,0.04463533,0.1440707,103.2876,3.615567
0,6.39919,0.388837,-0.546318,0.0239676,3.49506e-05,4.84435e-06,3.01063e-05,0.902564,15.6858,3.79952e-05,8.2029e-06,0.144071,0.0389457,2.54775
2,23.560009,0.97322826,-1.4860021,0.023648821,-1.0971494,-1.5981224,0.50097295,4.1610603,82.337799,-31.372557,0,0.14407067,7741.0928,5.6174784
0,7.22197,0.262588,-0.810645,0.0207352,0.000199952,0.000166898,3.30546e-05,0.862082,10.5912,0.000883996,0.00028276,0.144071,0.821029,2.96886
2,4.9126879,0.5148486517,-1.877619103,0.0216565795,0.09816954044,-0.0474445309,0.1456140713,-2.57618741,18.73094314,-0.4927094673,0,0.1440706667,-435114.4629,-82.76985417
0,38.7733,0.287807,-1.10979,0.0103044,0.0156105,0.0152744,0.000336097,0.863078,11.4294,0.0886728,0.0265389,0.144071,41.278,3.47716
0,5.1588811,0.559339149528,-1.42980121537,0.0146964050808,0.118068761285,0.100581805386,0.017486955899,-0.000376833442218,19.9005513958,1.13480127458,0,0.144070666667,-10037121.4432,-1947.93287857
0,15.83025,0.9552925,-1.116389,0.01979503,0.009229667,0.008632255,0.0005974115,0.951889,38.18252,0.1663358,0.01503656,0.1440707,136.0881,3.563461
2,0.961237,0.566318549786,-1.7727399138,0.0192895845531,-6.1955392623e-06,-7.70944657374e-06,1.51390731144e-06,-0.0052337118437,22.8464456496,-8.80661804504e-05,0,0.144070666667,-67915247.5027,-13186.6810865
0,41.7537,0.997036,-1.03931,0.0246593,0.00280542,0.00262481,0.000180604,0.957779,40.1094,0.0527879,0.00448504,0.144071,52.7917,3.42155
0,7.85009,0.685458,-0.958877,0.0204528,0.00121192,0.0011321,7.98193e-05,0.941527,27.6191,0.0156527,0.00192433,0.144071,13.1597,3.26204
1,0.27525,0.20904,-0.82293,0.024113,,,,,,,,,,
2,19.3602791,0.2885033514,-1.603948906,0.00861246396,-27.94027556,-28.02340876,0.08313319787,-2.3739136,336.8283909,-163.0786075,0,0.1440706667,-252528.7015,-47.56037588
0,6.33149,0.478612,-0.689865,0.017928,8.36071e-05,4.09298e-05,4.26773e-05,0.919332,19.3065,0.000395138,6.93151e-05,0.144071,0.297459,2.79581
0,6.04851,0.859615,-0.694038,0.0165894,9.68567e-05,4.6667e-05,5.01897e-05,0.95339,34.6751,0.000809169,7.9033e-05,0.144071,0.543529,2.831
0,8.44067,0.960091,-0.966017,0.0245372,0.00111928,0.00103404,8.52363e-05,0.957391,38.6884,0.0200251,0.00175807,0.144071,19.8696,3.29165
0,5.91529,0.759503,-0.522988,0.0218425,4.03065e-05,3.9392e-06,3.63673e-05,0.947613,30.6385,6.03479e-05,6.67031e-06,0.144071,0.0536936,2.54092
0,18.5386355,0.481841529,-1.62033944,0.0186975469,0.174537505,0.0414349984,0.133102506,1.73514254,16.0456288,0.402713998,0,0.144070667,20315.2526,8.24308882
0,46.94914,0.8022721,-1.199255,0.009592847,0.05297156,0.04836758,0.004603985,0.9153439,30.65066,0.7827106,0.08995316,0.1440707,329.3494,3.729267
0,20.7316,0.669407,-1.11101,0.0200638,0.00835331,0.0079782,0.00037511,0.935612,26.7795,0.107726,0.0138456,0.144071,90.6291,3.52837
0,43.59568,0.3089964,-1.202629,0.01253183,0.04005506,0.03908538,0.0009696755,0.8553499,11.96616,0.2436087,0.07190737,0.1440707,143.6932,3.653971
0,8.06908,0.88948,-0.951989,0.0167883,0.00136955,0.00126267,0.000106879,0.954055,35.8341,0.0226543,0.00214586,0.144071,15.423,3.26375
0,46.90954,0.967435,-1.220288,0.009607229,0.07176977,0.06113751,0.01063226,0.9104351,36.22702,1.193039,0.1176791,0.1440707,512.7651,3.808663
0,7.66766,0.685042,-0.844452,0.0148969,0.000423873,0.000358487,6.53864e-05,0.942002,27.6241,0.00495354,0.000607604,0.144071,3.02546,3.07011
0,5.72715,0.864842,-0.588734,0.0165247,6.09832e-05,1.2115e-05,4.88682e-05,0.953682,34.8872,0.000211341,2.05151e-05,0.144071,0.141353,2.65642
0,7.02033,0.523327,-0.775299,0.0219838,0.000137195,9.99899e-05,3.72055e-05,0.925675,21.1091,0.00105549,0.000169375,0.144071,0.96783,2.94199
0,6.13324,0.698757,-0.684444,0.0129211,0.000115655,5.29697e-05,6.26856e-05,0.94327,28.1859,0.000746584,8.97061e-05,0.144071,0.394781,2.80495
0,7.4143,0.487747,-0.941091,0.0198352,0.000992103,0.000929691,6.24111e-05,0.920144,19.6571,0.00914657,0.00157898,0.144071,7.6263,3.21515
2,19.2722985,0.4875530307,-1.717350659,0.02355278437,-0.3803419697,-0.5187523338,0.1384103641,-0.8756684503,27.14961777,-5.101608111,0,0.1440706667,-236808.0777,-44.39098147
0,26.0227,0.698848,-1.03366,0.0178079,0.00355693,0.00338016,0.000176771,0.941054,28.0925,0.0476481,0.00577557,0.144071,34.9962,3.39132
0,19.4573,0.792264,-1.01412,0.0141676,0.00351169,0.00331121,0.00020048,0.947418,31.8491,0.0529153,0.00564842,0.144071,30.6632,3.36415
0,54.42938,0.3920347,-1.248988,0.02430518,0.0364576,0.03462998,0.001827622,0.8801001,15.23879,0.2738431,0.06725136,0.1440707,322.5935,3.776624
0,7.30712,0.766101,-0.832595,0.0198443,0.000280161,0.000231132,4.90282e-05,0.947885,30.8972,0.00357168,0.000391685,0.144071,2.88784,3.05583
1,0.27601,0.21093,-0.63186,0.017038,,,,,,,,,,
0,7.47229,0.868473,-0.785576,0.0168837,0.000202433,0.000148553,5.38806e-05,0.953774,35.0287,0.00260233,0.000251659,0.144071,1.77866,2.9837
0,0.5937208,0.4880207981,-1.95211731,0.01358310341,0,0,0,11.39037862,19.68763264,0,0,0.1440706667,269315.2031,57.05941516
0,14.4031,0.918494,-0.978982,0.0146655,0.00219725,0.00204209,0.000155164,0.954877,36.9723,0.0378334,0.00347447,0.144071,22.4881,3.31149
0,61.870646,0.20326981,-1.4992433,0.0094058187,0.61356652,0.61356407,2.4563941e-06,0.3992423,3.168858,2.5156949,4.3255229,0.14407067,3680.7709,4.8040722
0,5.66752,0.856281,-0.518113,0.0181814,4.85516e-05,4.44512e-06,4.41065e-05,0.953249,34.5422,7.6776e-05,7.52705e-06,0.144071,0.0565241,2.53869
1,0.29317,0.5125,-1.867,0.010611,,,,,,,,,,
0,7.53913,0.725381,-0.844098,0.016607,0.000379616,0.000320121,5.94947e-05,0.945065,29.2521,0.00468388,0.000542566,0.144071,3.17889,3.07233
0,7.2838,0.250803,-0.802512,0.0140286,0.000269736,0.000222219,4.75172e-05,0.856493,10.1151,0.00112419,0.00037648,0.144071,0.71095,2.95331
0,16.3402248,0.2105718838,-1.881374346,0.01933976789,0.9107505473,0.6759379115,0.2348126358,0.1550517115,0.7581604233,2.870994487,0,0.1440706667,307081.9505,64.32910475
0,6.47639,0.26448,-0.507302,0.019895,3.55355e-05,3.53572e-06,3.19998e-05,0.863034,10.6692,1.88624e-05,5.98687e-06,0.144071,0.0167837,2.46547
0,57.689974,0.38296337,-1.4047105,0.024085634,0.17221679,0.11915725,0.053059537,0.78852381,12.788777,0.92045566,0.50156895,0.14407067,2233.2649,4.4027835
0,1.1065047,0.2007360171,-1.560615078,0.01026328562,0.8519120799,0.7718456059,0.08006647399,-0.007861480248,1.199223423,3.125222263,0,0.1440706667,-155606.3535,-28.7580833
2,17.9763686,0.9637655940175283,-1.766307071679923,0.01571382030726907,-957.2757853431129,-1279.675773324102,322.3999879809888,-0.0005453742880808045,37257.79067515732,-24876.9158230938,0,0.1440706666666666,-978578409254.0288,-190024047.0372072
0,7.88638,0.389246,-0.976023,0.0178039,0.00169507,0.00161952,7.55509e-05,0.901612,15.6763,0.0127156,0.00275527,0.144071,9.72168,3.26296
0,6.30336,0.53875,-0.594783,0.0244674,4.01811e-05,8.84342e-06,3.13377e-05,0.927708,21.7333,9.61021e-05,1.49749e-05,0.144071,0.0978372,2.64355
0,9.58818,0.824266,-0.977793,0.0198992,0.00158799,0.00148237,0.00010562,0.950523,33.1996,0.0246461,0.00252185,0.144071,19.9784,3.30373
0,55.37015,0.8605683,-1.175508,0.02211526,0.01734835,0.01598991,0.001358445,0.9421529,34.11459,0.2775597,0.02876113,0.1440707,262.515,3.680889
0,7.5209,0.24275,-0.9118,0.0094633,0.0014222,0.0013385,8.3749e-05,0.85174,9.7788,0.0065536,0.0022719,0.14407,2.8135,3.1337
2,10.088463,0.80384893,-1.4751791,0.011549598,0.70872479,-0.020234287,0.72895907,1.1596609,9.445678,-0.32808586,0,0.14407067,2772.8982,4.5891608
0,57.89436,0.6428418,-1.187186,0.01270241,0.03376765,0.03186212,0.001905524,0.9167709,25.05768,0.4131464,0.05817702,0.1440707,230.2263,3.679552
2,14.6223439,0.925785320497505,-1.58914364982091,0.0106699607277461,-0.0192854538221759,-0.0194713874926906,0.00018593367051466,-3.98864472599112e-06,38.0681071299317,-0.363607104496888,0,0.144070666666667,-14044703336.1432,-2727252.5871339
0,6.4134,0.20107,-0.50467,0.011371,0.00022566,5.9791e-06,0.00021968,0.82727,8.1095,2.4249e-05,1.0127e-05,0.14407,0.012867,2.4492
0,6.45507,0.764947,-0.645384,0.0181137,6.75037e-05,2.288e-05,4.46237e-05,0.947948,30.8573,0.000353031,3.87456e-05,0.144071,0.260399,2.74449
1,0.39046,0.6507,-1.9778,0.011823,,,,,,,,,,
2,12.300511,0.51484995,-1.5177744,0.018799782,0.81978256,-0.066102776,0.88588533,-0.25485059,3.7431106,-0.68647629,0,0.14407067,-8641.6029,-0.11422071
2,24.3186966,0.998075347,-1.70838708,0.0106024106,-12.0914578,-24.6420774,12.5506196,69.8542201,527.116372,-496.096105,0,0.144070667,51366.9197,14.4085299
0,39.8339,0.901599,-1.048,0.0107411,0.00713576,0.00671626,0.000419499,0.950876,36.1126,0.122142,0.0115123,0.144071,53.5282,3.4311
0,32.7229456,0.821261738,-1.63327714,0.00833415885,0.795265734,0.630841486,0.164424248,0.436093731,6.78308551,10.4502578,0,0.144070667,40347.8499,12.1812888
0,8.3418303,0.64453121,-1.6240604,0.018991817,0.01292588,0.0058310191,0.0070948607,28.501834,25.66545,0.075807746,0,0.14407067,2075.0744,4.5876404
0,6.80418,0.290198,-0.608622,0.0169715,5.42721e-05,1.52297e-05,3.90424e-05,0.873625,11.7065,8.91478e-05,2.57888e-05,0.144071,0.0668481,2.63782
0,6.55647,0.596034,-0.639115,0.0094815,0.000122939,4.0328e-05,8.2611e-05,0.934144,24.0421,0.000484844,6.82937e-05,0.144071,0.189956,2.722
0,6.75464,0.410891,-0.672146,0.0244322,5.41183e-05,2.39215e-05,3.01968e-05,0.907296,16.5752,0.000198263,4.05095e-05,0.144071,0.206094,2.75922
0,7.05442,0.773654,-0.753138,0.0200366,0.000125337,8.25354e-05,4.28014e-05,0.948466,31.2067,0.00128799,0.000139798,0.144071,1.05048,2.92406
0,39.016,0.210772,-1.18769,0.0232233,0.018171,0.0178781,0.000292923,0.823005,8.34839,0.0760077,0.0320279,0.144071,85.9985,3.60145
2,14.4758353,0.6489651666,-1.760738002,0.01106263147,-169.8949494,-223.3539839,53.45903451,271.2621202,4474.100967,-2923.750172,0,0.1440706667,219949.5425,47.27162147
0,53.4228,0.869092,-1.05811,0.0176586,0.00493077,0.00465166,0.000279108,0.95073,34.8879,0.0815453,0.00797303,0.144071,58.8889,3.44715
1,68.9116,0.957836,-1.26253,0.0161482,,,,,,,,,,
0,37.6016342,0.225820316,-1.65714409,0.00860282886,0.308021319,0.0385345163,0.269486802,-0.339887993,6.30392288,0.175524641,0,0.144070667,-65371.5045,-11.0948497
1,0.28883,0.90114,-1.8684,0.014143,,,,,,,,,,
0,16.19736,0.5414776,-1.17342,0.02348681,0.01536686,0.01472105,0.0006458035,0.9182074,21.5085,0.1607846,0.02636477,0.1440707,165.3311,3.636172
0,14.59456,0.5769599,-1.166935,0.02363984,0.01414035,0.01351736,0.0006229883,0.9230962,22.94647,0.1573123,0.02410058,0.1440707,161.4278,3.627701
0,19.0021,0.760313,-1.10639,0.0185275,0.00857787,0.00814522,0.000432655,0.942128,30.4093,0.124917,0.0141281,0.144071,96.3014,3.52796
2,38.5087896,0.85875113744,-1.6963105541,0.0099305477735,0.2262635972,-0.059624101786,0.28588769899,-0.061422635679,26.804982097,-1.03279552,0,0.14407066667,-2543832.334,-492.52068767
0,28.5637,0.210493,-1.11871,0.0125109,0.0143685,0.0140758,0.000292695,0.825146,8.36967,0.0597637,0.0245111,0.144071,35.4541,3.47713
0,43.606519,0.43126267,-1.3899177,0.013375764,0.25980728,0.1831701,0.076637176,0.7353759,12.877805,1.5933883,0.74687798,0.14407067,1994.059,4.3357196
0,7.01571,0.301588,-0.818633,0.0185862,0.000245773,0.000206295,3.94782e-05,0.877695,12.1636,0.00125496,0.000349539,0.144071,1.02623,2.98835
0,6.93328,0.52001,-0.814595,0.0244174,0.000184206,0.000149097,3.51091e-05,0.925206,20.9743,0.00156389,0.000252616,0.144071,1.59384,3.00704
2,2.7859332,0.306553476142,-1.5502485034,0.0218967265374,-0.00246801205969,-0.00932720330743,0.00685919124774,-0.000839383154106,12.3974377081,-0.0576743699565,0,0.144070666667,-13187845.8301,-2559.64600878
0,35.96574,0.74448114,-1.3797626,0.0090473907,0.043918472,0.026460266,0.017458206,2.10834,28.714668,0.39734988,0,0.14407067,1361.1899,4.183053
0,35.2096,0.9940437,-1.205442,0.01141897,0.05026535,0.04371552,0.006549832,0.9260381,38.08579,0.876529,0.0818193,0.1440707,437.9797,3.771196
0,9.81434,0.7509119,-1.4715283,0.019252973,0.50964,0.0065216202,0.50311838,3.0373902,14.854539,0.098780147,0,0.14407067,1588.6351,4.3269243
0,69.296178,0.21423915,-1.4553523,0.021708574,0.26372519,0.17634606,0.087379134,0.66736001,6.3634693,0.76206107,1.066499,0.14407067,2516.3025,4.514518
0,52.139492,0.8023010331,-1.702329577,0.01208487069,0.9600891531,0.7075821249,0.2525070282,0.06990291266,1.291764845,11.45089349,45.71922552,0.1440706667,116376.7943,27.06835771
1,0.32736,0.35229,-1.8354,0.022481,,,,,,,,,,
0,27.4093,0.843139,-1.03445,0.0222237,0.00290163,0.00273634,0.00016529,0.950702,33.915,0.0465365,0.0046752,0.144071,42.2476,3.4032
0,5.75656,0.9137,-0.615329,0.0136547,8.03185e-05,2.06312e-05,5.96873e-05,0.956035,36.8573,0.000380236,3.4937e-05,0.144071,0.209631,2.70328
0,28.4097,0.535299,-1.0655,0.0185895,0.00504414,0.00485214,0.000192005,0.924075,21.486,0.0523908,0.00832828,0.144071,41.0308,3.43251
2,0.9140644999999999,0.8736243292246944,-1.956298479515879,0.01226493934341058,-0.0003527094869377843,-0.002817303562485256,0.002464594075547471,-8.9750343276218e-11,35.25600011770248,-0.04964591677945606,0,0.1440706666666666,-6.458428910159478e+16,-12541220948222.21
0,26.9914,0.590458,-1.1079,0.0129722,0.0123372,0.0118464,0.000490756,0.925705,23.5263,0.141092,0.0205741,0.144071,77.3125,3.5145
0,18.0850363,0.339257856,-1.73115796,0.0165783172,0.995726543,0.906961709,0.0887648337,0.00825476467,0.0584876861,6.20646106,0,0.144070667,64618.299,17.0162961
0,7.92773,0.585407,-0.912909,0.0130769,0.00107204,0.000982552,8.94855e-05,0.932421,23.5911,0.0116022,0.00166761,0.144071,6.28885,3.1768
0,59.915053,0.65460275,-1.3769546,0.013569374,0.24180527,0.16441636,0.077388907,0.77485003,20.02229,2.170941,0.62329586,0.14407067,2491.0789,4.4307045
0,7.93693,0.804627,-0.949713,0.0166421,0.00133755,0.00123715,0.000100398,0.949562,32.4167,0.020079,0.00210233,0.144071,13.6141,3.25471
2,1.2100114,0.9341694377971,-1.802707523696,0.01552302609567,-6.334585397345,-6.334585397345,8.881784197001e-16,-0.03749718256541,276.4116799452,-119.3628062515,0,0.1440706666667,-168534529.2856,-32725.32961432
0,19.7402482,0.2351934175,-1.847432716,0.01256909033,0.9878321341,0.7582378054,0.2295943287,0.02192772956,0.1154502144,3.59712697,0,0.1440706667,213810.6231,46.16478315
0,7.49554,0.687697,-0.919012,0.0232672,0.000652651,0.000597291,5.53604e-05,0.942065,27.7248,0.0082853,0.00101368,0.144071,7.91173,3.19501
0,5.73974,0.947466,-0.575906,0.0188563,5.20377e-05,9.00412e-06,4.30335e-05,0.957552,38.2205,0.00017208,1.52472e-05,0.144071,0.130803,2.6396
0,7.54099,0.537531,-0.936436,0.0171565,0.0010862,0.00101254,7.36662e-05,0.926888,21.6614,0.0109784,0.00171955,0.144071,7.85851,3.21208
0,7.17644,0.852726,-0.722552,0.0110851,0.000177446,0.000100722,7.67238e-05,0.952979,34.3944,0.00173245,0.000170594,0.144071,0.777941,2.87799
0,27.0735,0.326203,-1.13441,0.0184762,0.0118974,0.0116184,0.000279016,0.878589,13.003,0.0764469,0.0203054,0.144071,63.2877,3.528
0,12.4565,0.637813,-1.11341,0.00985979,0.0173928,0.0166497,0.000743033,0.927028,25.283,0.214203,0.029056,0.144071,89.0587,3.52957
0,5.58594,0.843316,-0.57853,0.0137167,7.14957e-05,1.28022e-05,5.86936e-05,0.95255,34.0185,0.00021777,2.16788e-05,0.144071,0.121046,2.63824
0,7.58921,0.728495,-0.834677,0.0222446,0.000255201,0.000211781,4.34208e-05,0.945366,29.3813,0.00311199,0.000358892,0.144071,2.82811,3.05683
0,30.8725,0.3931083525,-1.838449119,0.01116725601,0.9986052435,0.8361831074,0.1624221361,0.002874007312,0.02211901759,6.630386293,0,0.1440706667,278478.4907,58.72682791
0,8.4203,0.307253,-0.992756,0.0137136,0.00269782,0.00260286,9.496e-05,0.878155,12.3617,0.0161314,0.00443477,0.144071,9.75815,3.27989
1,0.40724,0.76203,-1.9307,0.01547,,,,,,,,,,
0,7.28059,0.29757,-0.85108,0.0219708,0.000299343,0.000264671,3.46716e-05,0.876216,12.0009,0.00158862,0.000448583,0.144071,1.53861,3.04171
0,46.466171,0.75015174,-1.3491778,0.023545663,0.11912984,0.082113961,0.037015878,0.86763472,26.657302,1.2424854,0.25141529,0.14407067,2073.095,4.3123244
0,21.3004776,0.471535978,-1.60444289,0.0111872412,0.575268725,0.0345258391,0.540742886,-0.599532818,8.07949548,0.328385708,0,0.144070667,-24137.5891,-3.08940049
0,7.00237,0.762218,-0.658083,0.0249054,5.21464e-05,1.95886e-05,3.25577e-05,0.947782,30.7476,0.000301168,3.31721e-05,0.144071,0.305497,2.7654
0,16.4944183,0.5055158977,-1.815897308,0.00952335568,0.6690824086,0.495397509,0.1736848996,-0.2889693206,6.748540193,5.051423811,0,0.1440706667,-632510.4955,-121.1819039
0,52.97417,0.3263616,-1.221844,0.01173936,0.05341203,0.05191795,0.001494088,0.8524188,12.46279,0.3417762,0.09824977,0.1440707,192.2098,3.697555
0,54.800395,0.21360836,-1.490911,0.021566706,0.32047511,0.32047406,1.0517018e-06,0.6282168,5.8556995,1.3808175,1.6950004,0.14407067,3883.8296,4.8379297
0,7.61378,0.941758,-0.716908,0.00986897,0.000191993,0.000105224,8.67692e-05,0.957215,37.9849,0.00199884,0.000178217,0.144071,0.795538,2.8735
0,1.3005173,0.314862050351,-1.9525096533,0.00945131152612,0.598045865285,0.598045865285,1.11022302463e-16,-0.0296244453414,5.10566111917,3.79821882419,0,0.144070666667,-26989569.6135,-5239.35134658
0,48.5291,0.38323,-1.10999,0.0173142,0.00939706,0.00913992,0.000257138,0.895381,15.3149,0.0706525,0.0158343,0.144071,53.4495,3.49299
0,8.05756,0.558795,-0.961805,0.0140551,0.00181619,0.00170998,0.00010621,0.928982,22.5018,0.0192739,0.00290756,0.144071,11.2827,3.2567
2,11.0343621,0.2640888489,-1.865581684,0.008348999031,-0.001738974261,-0.001752989642,1.401538054e-05,2.748200055,10.67234364,-0.009338015361,0,0.1440706667,199105.2422,43.32372439
2,25.431357,0.8289240153,-1.778200393,0.01517958166,-0.8325178927,-2.702537005,1.870019112,4.261520454,61.27990904,-45.18679531,0,0.1440706667,239978.8527,51.18292901
0,10.2534,0.715789,-0.667694,0.0124271,0.000109676,4.44152e-05,6.5261e-05,0.944547,28.8731,0.000641271,7.52168e-05,0.144071,0.32568,2.7783
0,7.15775,0.311625,-0.909161,0.0225039,0.000583854,0.000544316,3.95377e-05,0.880952,12.5642,0.00342143,0.000923497,0.144071,3.3784,3.14056
0,24.8753,0.84431,-1.02437,0.0199252,0.00284995,0.00268411,0.000165844,0.950798,33.9639,0.0457116,0.00458143,0.144071,37.1681,3.38555
0,12.1966,0.580508,-1.01962,0.0230614,0.00228724,0.00218303,0.000104212,0.931115,23.3652,0.0255619,0.00372412,0.144071,24.5647,3.35707
0,6.18935,0.323008,-0.591234,0.0135668,6.57322e-05,1.52383e-05,5.04938e-05,0.884975,13.0299,9.92831e-05,2.58035e-05,0.144071,0.0587493,2.61379
0,41.63155,0.4397591,-1.281901,0.01410504,0.0919237,0.08205521,0.009868485,0.8531245,16.10988,0.7278571,0.1768604,0.1440707,536.9354,3.877337
0,22.4208,0.277474,-1.08558,0.0112883,0.0105144,0.010283,0.000231359,0.862143,11.0761,0.0575531,0.01775,0.144071,29.3408,3.43308
0,38.862,0.236495,-1.10982,0.00874082,0.0183197,0.0179835,0.000336135,0.838129,9.36584,0.0857871,0.0312975,0.144071,34.8445,3.46723
0,154.84831,0.97887817,-1.2846242,0.017133562,0.085200218,0.063118002,0.022082216,0.90202263,36.125167,1.2462554,0.15078083,0.14407067,1179.298,4.0452239
0,28.4592537,0.634156973,-1.69441892,0.022324013,0.684875276,0.532374553,0.152500723,0.546836212,8.06184449,6.80987643,0,0.144070667,83873.7773,20.7320598
1,0.26685,0.71853,-1.846,0.020635,,,,,,,,,,
0,25.4336653,0.8057404425,-1.784858484,0.00938217785,0.9705144511,0.6642672243,0.3062472269,0.06355716248,0.9584281158,10.796007,0,0.1440706667,274129.8212,57.82798752
0,0.4779527,0.836040547003,-1.93862489803,0.00912972831377,0,0,0,-0.0957061442778,33.7273723203,0,0,0.144070666667,-46172302.5894,-8964.36828997
0,14.6719906,0.562941194,-1.59309725,0.0129273976,0.897643642,0.89246265,0.00518099238,0.264670628,2.32451857,10.1339382,0,0.144070667,13597.4937,6.8907375
0,4.769001,0.968003522,-1.65770417,0.0116745567,0.0459349046,0.0403058501,0.00562905456,6.60088595,37.2571913,0.786991774,0,0.144070667,20037.5975,8.22583032
0,19.22838,0.9282476,-1.129533,0.01215622,0.0176268,0.01647825,0.001148548,0.9452142,36.7871,0.3085319,0.0289886,0.1440707,156.325,3.587657
0,19.18801,0.9554169,-1.132754,0.01596045,0.01406538,0.01310358,0.0009617927,0.9487217,38.0011,0.2525272,0.02301166,0.1440707,167.6825,3.596687
0,0.7705128,0.44836186556,-1.7458490817,0.017883320057,0.019299434769,0.019299434769,6.2450045135e-17,-0.17957443946,17.738637522,0.17454138902,0,0.14407066667,-1087990.5959,-209.72666607
0,7.14778,0.898011,-0.935618,0.0225607,0.000833283,0.000762026,7.12571e-05,0.954812,36.1972,0.0138031,0.00129398,0.144071,12.6146,3.2365
0,0.4936524,0.5757454411850775,-1.842271989843351,0.02023472508831697,0,0,0,-1.28757372954554e-08,23.22660177925358,0,0,0.1440706666666666,-68557178606997.91,-13312691622.23513
0,6.0581,0.21103,-0.53751,0.010693,6.3091e-05,9.5901e-06,5.35e-05,0.83409,8.5129,4.0823e-05,1.6419e-05,0.14407,0.020425,2.5058
0,33.72554,0.6894099,-1.230587,0.02186812,0.03483142,0.03111956,0.003711856,0.9197875,26.8433,0.4327491,0.05901186,0.1440707,429.2757,3.793619
0,17.291911,0.36942365,-1.6184746,0.017840952,0.54996931,0.54011861,0.0098507004,1.5720794,6.7069026,4.0247509,0,0.14407067,9150.5146,6.0322324
0,46.11778,0.8070286,-1.157877,0.01162882,0.02602791,0.02439028,0.001637626,0.9335629,31.70959,0.397037,0.04361213,0.1440707,196.3485,3.635486
0,43.09975,0.4502266,-1.232368,0.01776696,0.04112861,0.03903786,0.002090754,0.8883304,17.41593,0.3545213,0.07431462,0.1440707,295.0509,3.75007
1,0.33166,0.59697,-1.9547,0.0098162,,,,,,,,,,
2,0.7720476,0.3116209924,-1.919605223,0.02113398757,0.0174492313,-0.009065495796,0.02651472709,8.93742329,12.35198832,-0.05698275434,0,0.1440706667,141828.387,32.23808233
2,23.3003431,0.531595558,-1.66821701,0.0171994948,-8.57152676,-13.410952,4.83942525,18.7248752,205.266335,-143.802396,0,0.144070667,44543.2489,13.0359899
1,0.54935,0.51859,-1.9637,0.00834,,,,,,,,,,
0,27.0473935,0.405788462,-1.823960208,0.01303687433,0.9988000625,0.7472859665,0.251514096,0.002328515506,0.01964325596,6.11662269,0,0.1440706667,253409.2306,53.8394483
0,6.1735,0.24625,-0.54927,0.0094789,7.7935e-05,1.2723e-05,6.5213e-05,0.85435,9.9334,6.3194e-05,2.1543e-05,0.14407,0.027062,2.532
0,17.557735,0.22834944,-1.6013089,0.019248908,0.29762438,0.0929391,0.20468528,1.2280589,6.470302,0.42807867,0,0.14407067,9064.5266,5.997884
0,16.6769,0.271782,-1.08004,0.014035,0.00789192,0.0077183,0.000173627,0.861387,10.8776,0.0423123,0.0132959,0.144071,26.8598,3.42252
0,23.861152,0.5524827137,-1.673768001,0.01278541748,0.6839851096,0.3955828886,0.2884022211,-0.09492724971,7.043384658,4.408403739,0,0.1440706667,-323772.1629,-61.33765026
0,52.07984,0.4330417,-1.272345,0.01652749,0.07041239,0.06417614,0.006236252,0.8662379,16.23959,0.5605681,0.1335027,0.1440707,471.4897,3.848394
0,8.1136477,0.862098444,-1.606146117,0.01947654285,0.2427805285,0.2393002193,0.00348030921,-0.09839705687,26.33502897,4.161262649,0,0.1440706667,-489976.9811,-93.70083956
1,0.25701,0.35449,-1.8338,0.019906,,,,,,,,,,
0,58.921124,0.67638134,-1.3716291,0.015340882,0.20476437,0.13942759,0.065336777,0.80286764,21.699145,1.9022409,0.51486825,0.14407067,2433.2259,4.4129376
0,7.81753,0.446938,-0.984805,0.0165123,0.00204658,0.00195341,9.31625e-05,0.912865,17.9934,0.0176103,0.00332555,0.144071,12.3371,3.28449
2,17.1343748,0.385971968,-1.62348859,0.0131732384,0.704293893,-0.522863426,1.22715732,0.611993596,4.60438069,-4.07070095,0,0.144070667,17210.4554,7.63481471
0,74.698116,0.33284931,-1.3893194,0.022055952,0.15845974,0.11571643,0.042743314,0.7855243,11.299981,0.77690487,0.4494741,0.14407067,1625.496,4.2530518
0,5.05174,0.977482,-0.609354,0.0118136,9.12842e-05,2.20848e-05,6.91993e-05,0.958775,39.4298,0.00043544,3.73988e-05,0.144071,0.207101,2.69668
0,17.120616,0.88921229,-1.5075765,0.010423562,0.22279064,0.1913917,0.031398945,1.6594548,27.880377,3.4328412,0,0.14407067,8671.4528,5.8255451
0,40.070029,0.26847553,-1.415008,0.013680654,0.32057041,0.23176988,0.088800524,0.65248713,7.3587548,1.2551247,1.0079206,0.14407067,1772.568,4.31175
0,37.631747,0.65725042,-1.3914896,0.023015876,0.36634706,0.18883884,0.17750822,1.0940416,16.801092,2.5034987,0,0.14407067,1784.3419,4.2908581
0,6.57749,0.823068,-0.662625,0.015024,8.88963e-05,3.44222e-05,5.44741e-05,0.951429,33.2011,0.000571478,5.82932e-05,0.144071,0.34835,2.77669
0,44.20175,0.29854744,-1.4144473,0.018105674,0.25007724,0.17692801,0.073149231,0.71306312,9.0320234,1.065455,0.75611971,0.14407067,1976.513,4.3563879
0,6.4525,0.783724,-0.705723,0.021067,8.22435e-05,4.26994e-05,3.95441e-05,0.949121,31.6142,0.00067501,7.23143e-05,0.144071,0.578396,2.84589
0,14.3380102,0.8406535317,-1.737339526,0.01683845443,0.7972416398,0.7140069939,0.08323464593,0.5115238096,6.876239237,12.10722681,0,0.1440706667,132728.5743,30.28537342
0,10.533284,0.87438361,-1.3847269,0.018014011,0.41398468,0.016663924,0.39732076,-0.26122805,20.671222,0.29390329,0,0.14407067,-8429.3682,-0.20477805
0,7.42812,0.455538,-0.991398,0.0230969,0.00159024,0.00151969,7.05484e-05,0.914638,18.348,0.0139639,0.00258758,0.144071,13.6654,3.2966
0,38.888609,0.77269565,-1.3091398,0.012858429,0.13840671,0.10267668,0.035730027,0.85544614,26.857522,1.6003149,0.27527388,0.14407067,1266.6701,4.0903782
0,6.94999,0.415845,-0.817526,0.00917052,0.000500611,0.000412147,8.84635e-05,0.908017,16.7675,0.00345708,0.000698421,0.144071,1.3481,3.00132
0,6.56847,0.272158,-0.727505,0.0091693,0.000201819,0.000129769,7.20499e-05,0.866279,10.9771,0.000712388,0.000219786,0.144071,0.291075,2.83233
2,3.1544516,0.591018239076,-1.47391305135,0.0164574864167,-0.97309058384,-0.973474340154,0.00038375631452,-0.000632550042756,47.0438735283,-11.6051447704,0,0.144070666667,-24910197.8752,-4836.04557361
0,44.706796,0.43983415,-1.4246022,0.016235269,0.26500066,0.26499869,1.9749546e-06,0.7338005,13.041606,2.3510282,0.96071487,0.14407067,3159.6893,4.6204021
0,39.338306,0.2118795,-1.4013931,0.012316138,0.29786312,0.23174983,0.066113295,0.64172727,6.0015839,0.9904522,0.93995818,0.14407067,1234.0586,4.1749587
1,0.24514,0.20165,-1.94,0.015319,,,,,,,,,,
0,6.53496,0.546852,-0.754996,0.0116752,0.000214528,0.000145061,6.94673e-05,0.928591,22.0563,0.00160009,0.000245714,0.144071,0.776671,2.91035
0,38.9315,0.401463,-1.15585,0.00898295,0.0317459,0.0308409,0.000904993,0.885207,15.6816,0.249745,0.05501,0.144071,99.7797,3.57993
0,5.39726,0.373258,-0.543207,0.0129877,6.35952e-05,8.58949e-06,5.50057e-05,0.898892,15.0569,6.46698e-05,1.45447e-05,0.144071,0.0360666,2.54069
0,5.35734,0.467106,-0.501821,0.0205488,3.94483e-05,3.19045e-06,3.62578e-05,0.917539,18.8432,3.00602e-05,5.40236e-06,0.144071,0.0259858,2.48246
0,7.05246,0.354171,-0.960442,0.00935889,0.00264748,0.00252257,0.000124915,0.892404,14.2501,0.0180211,0.00429078,0.144071,7.30892,3.23225
0,6.08857,0.974595,-0.721781,0.0204868,9.60774e-05,5.39648e-05,4.21126e-05,0.958655,39.3131,0.00106086,9.13969e-05,0.144071,0.87522,2.88329
0,6.3553,0.24622,-0.78608,0.024586,0.00012921,0.00010269,2.6527e-05,0.8543,9.9318,0.00050999,0.00017394,0.14407,0.5667,2.9252
0,48.7801683,0.970505025,-1.64357118,0.0134486151,0.916758292,0.645246615,0.271511677,0.128936074,3.25907186,12.6313187,19.3144703,0.144070667,74837.1411,18.9205864
0,6.64352,0.580828,-0.812079,0.0227283,0.000193632,0.000155085,3.8547e-05,0.932492,23.4271,0.00181695,0.00026276,0.144071,1.71016,3.00817
0,21.857,0.207947,-1.10653,0.0166165,0.0113602,0.00907777,0.00228241,0.826214,8.29364,0.0380764,0.0157828,0.144071,30.0065,3.45532
0,24.6629251,0.6376408519,-1.8337275,0.01188027933,0.9999028895,0.792112901,0.2077899885,0.0002110858756,0.002498028994,10.1879872,0,0.1440706667,403007.1006,82.92253328
2,14.654033,0.92412822,-1.4563243,0.016835746,0.016847952,-0.00032308796,0.01717104,3.1257887,36.652879,-0.006022519,0,0.14407067,3133.2845,4.6465656
0,32.679189,0.97423506,-1.3318094,0.023670697,0.10886331,0.073870817,0.034992495,0.88555699,35.023799,1.4516497,0.20007962,0.14407067,2135.0004,4.3084889
2,12.6217686,0.607751579553,-1.81390626932,0.0103168581712,0.479996548465,-0.00336677366295,0.483363322128,-0.00889117165554,12.7493337067,-0.0412729192633,0,0.144070666667,-37855695.402,-7349.5326401
1,0.27836,0.91175,-1.9867,0.0086357,,,,,,,,,,
0,47.90605,0.4817771,-1.236579,0.01740927,0.04449373,0.04180149,0.002692239,0.8911743,18.57098,0.4062217,0.08005669,0.1440707,331.0456,3.767185
2,30.326634,0.95286416,-1.3664934,0.013680228,0.81816837,-0.11529011,0.93345848,0.39400775,6.9896526,-2.2158901,0,0.14407067,1495.1503,4.2006199
0,6.17273,0.32794,-0.775485,0.0208131,0.000140667,0.000105869,3.4798e-05,0.886462,13.2278,0.000700307,0.000179331,0.144071,0.634829,2.92045
0,7.64111,0.465864,-0.972327,0.0129145,0.00224103,0.00212887,0.000112158,0.915938,18.7517,0.0200047,0.0036223,0.144071,10.9162,3.26545
0,6.88991,0.550161,-0.831296,0.0133066,0.000406183,0.000338972,6.72109e-05,0.928867,22.1855,0.00376166,0.000574458,0.144071,2.08103,3.03754
0,39.127246,0.2314094,-1.5304431,0.020539575,0.43964164,0.29833163,0.14131001,0.54862507,5.2312084,1.3925329,2.9572644,0.14407067,6601.5406,5.4324547
0,47.28961,0.4592962,-1.236869,0.01613712,0.04764295,0.04500606,0.002636885,0.8856239,17.64606,0.4169549,0.0866903,0.1440707,317.7112,3.762773
0,26.7883811,0.553185648,-1.44391079,0.00956765633,0.281374399,0.172476003,0.108898396,-0.137238915,16.0372077,1.9245303,0,0.144070667,-26622.8457,-3.73756453
0,6.96868,0.454564,-0.75947,0.0101033,0.000255407,0.000177538,7.78684e-05,0.915319,18.3332,0.00162784,0.000300735,0.144071,0.693667,2.909
1,0.26222,0.82745,-1.9224,0.0092984,,,,,,,,,,
1,36.6393,0.292052,-1.38654,0.0141492,,,,,,,,,,
0,7.04762,0.607885,-0.898762,0.0102153,0.00115848,0.00104905,0.000109434,0.934678,24.4948,0.012863,0.00178005,0.144071,5.43167,3.15496
0,44.218812,0.2283817,-1.4230434,0.017027459,0.26247067,0.18829991,0.074170757,0.67423452,6.7950985,0.86743429,0.89785892,0.14407067,1756.2246,4.3161358
0,45.42251,0.7383851,-1.261116,0.02246285,0.04954775,0.04089677,0.008650983,0.9136092,28.31186,0.6091119,0.08503311,0.1440707,674.6804,3.895033
0,11.74459,0.5450281,-1.144671,0.01963159,0.01288339,0.01238773,0.0004956694,0.920241,21.70414,0.136187,0.02180299,0.1440707,115.0667,3.579039
1,0.32531,0.54853,-1.9334,0.022848,,,,,,,,,,
1,0.35426,0.7359,-1.9086,0.010728,,,,,,,,,,
0,6.3214,0.480785,-0.72767,0.0209467,9.42283e-05,5.69275e-05,3.73008e-05,0.919661,19.3939,0.000552075,9.64141e-05,0.144071,0.485435,2.85882
0,6.34501,0.597299,-0.720937,0.0198871,9.54864e-05,5.49934e-05,4.0493e-05,0.934291,24.0938,0.000662563,9.31377e-05,0.144071,0.54445,2.85799
0,15.898295,0.93596137,-1.5309112,0.0223442,0.00095863893,0.00019103686,0.00076760207,11.679145,37.722161,0.003606619,0,0.14407067,2249.6546,4.5325426
0,5.39534,0.559393,-0.581025,0.00942681,0.000100945,1.92345e-05,8.17102e-05,0.93015,22.5646,0.000217032,3.25715e-05,0.144071,0.0849014,2.62251
2,12.433459,0.99420785,-1.5338604,0.01916994,0.2924588,-0.058625106,0.3510839,2.3501466,28.378151,-1.1756715,0,0.14407067,8735.1612,5.8645763
0,36.4059102,0.534633662,-1.73777981,0.0228091237,0.685571809,0.490563413,0.195008396,3.25306074,6.78161206,5.29025522,0,0.144070667,20700.277,8.4362594
0,21.5856097,0.7396481235,-1.836297766,0.01781886708,0.8897546922,0.656072635,0.2336820571,0.2324309454,3.289579908,9.788186911,0,0.1440706667,498148.6734,101.4109434
0,21.3295,0.556509,-1.11565,0.0233579,0.00755582,0.00726944,0.000286374,0.925034,22.2809,0.0816015,0.0126232,0.144071,80.9498,3.52533
0,56.56229,0.8726761,-1.184665,0.02096516,0.02070839,0.01890361,0.001804781,0.9405324,34.47627,0.3327538,0.03412557,0.1440707,298.9248,3.703789
0,36.074097,0.69011701,-1.349299,0.021254645,0.13477937,0.093696535,0.041082837,0.85238759,24.088223,1.3042818,0.27894909,0.14407067,1909.7819,4.2765168
0,32.295801,0.3973860163,-1.786770404,0.02336868663,0.8916911505,0.6571661825,0.2345249679,0.1821720978,1.736327683,5.267602047,0,0.1440706667,177572.8685,39.05779468
0,36.3412,0.273994,-1.10606,0.0099924,0.015338,0.0150187,0.000319281,0.85772,10.8839,0.0830042,0.0260855,0.144071,37.7003,3.46807
2,27.035351,0.80208195,-1.3678804,0.024745595,0.15415912,-0.01573187,0.16989099,2.3454582,27.36923,-0.25452138,0,0.14407067,1001.1666,4.0854758
0,37.5120542,0.5803085719,-1.745843964,0.01030193747,0.9733803284,0.7025077773,0.2708725511,0.05325419544,0.6231847904,8.223094718,0,0.1440706667,128879.5088,29.54493968
0,7.51911,0.886759,-0.915344,0.0159202,0.000921321,0.00083273,8.85917e-05,0.954215,35.7405,0.0148948,0.00141329,0.144071,9.6058,3.20164
0,23.4594,0.937017,-1.00343,0.0112401,0.00389761,0.00364061,0.000256999,0.954594,37.6536,0.0688093,0.00620609,0.144071,31.3626,3.35476
1,0.33043,0.67364,-1.9568,0.023503,,,,,,,,,,
0,33.430846,0.64335976,-1.3345664,0.021660013,0.11271336,0.081346027,0.031367336,0.86376531,23.02889,1.055639,0.22653496,0.14407067,1491.106,4.1677685
0,6.62472,0.46698,-0.899861,0.0181686,0.00065443,0.000598367,5.60632e-05,0.917127,18.8265,0.00563626,0.00101507,0.144071,4.31511,3.14401
0,32.9468421,0.774662931,-1.57374211,0.0220398346,0.120808424,0.0822916449,0.0385167788,2.23780099,27.4758704,1.28586001,0,0.144070667,14824.8385,7.11415319
0,5.36975,0.990153,-0.563267,0.0126316,7.57423e-05,1.14271e-05,6.43152e-05,0.959291,39.9415,0.000228224,1.93502e-05,0.144071,0.115999,2.62079
0,6.973,0.23828,-0.9134,0.012531,0.0010948,0.0010319,6.2932e-05,0.84959,9.6023,0.0049598,0.0017513,0.14407,2.8272,3.1355
0,0.3402318,0.9413399486242757,-1.974283605876827,0.009054956466672877,0,0,0,-1.743829053343066e-148,37.97533868543597,0,0,0.1440706666666666,-4.510833140702069e+154,-8.759305996094487e+150
0,33.464919,0.50961638,-1.3526582,0.013753889,0.19991341,0.1467143,0.053199111,0.7892577,16.44885,1.5081377,0.4500829,0.14407067,1470.5239,4.1811493
0,58.275246,0.82863537,-1.3571217,0.010503368,0.25525221,0.17486745,0.08038476,0.77869389,24.895901,2.9227901,0.62414968,0.14407067,2388.9978,4.3888992
0,22.942,0.935566,-1.07411,0.0192524,0.00555369,0.00522178,0.000331918,0.953449,37.5328,0.0985412,0.00898163,0.144071,77.5872,3.48095
0,52.70115,0.32379098,-1.4225772,0.017056937,0.27801797,0.19068231,0.087335653,0.6981536,9.4307514,1.2453755,0.89095565,0.14407067,2339.8595,4.4437449
0,7.82833,0.672116,-0.736695,0.0128236,0.000169334,0.00010441,6.49238e-05,0.941122,27.1098,0.00141551,0.000176844,0.144071,0.74459,2.88987
0,52.6139552,0.8514992145,-1.780468366,0.01948449827,0.9470531536,0.6613500567,0.2857030968,0.09792375821,1.818777262,11.35901877,0,0.1440706667,319126.3366,66.56899992
0,52.89314,0.643632,-1.255086,0.01019721,0.09703532,0.08449631,0.01253901,0.8744674,23.44572,1.096985,0.1733557,0.1440707,540.2276,3.851476
0,8.4045,0.24773,-0.79917,0.012223,0.00029841,0.00024434,5.4067e-05,0.85496,9.9911,0.001221,0.00041396,0.14407,0.67396,2.9472
0,6.7474,0.745396,-0.702646,0.0196273,8.5992e-05,4.40556e-05,4.19364e-05,0.946645,30.068,0.000662389,7.46107e-05,0.144071,0.530171,2.83833
2,15.5260472,0.276891122,-1.70488927,0.0157508197,-0.000175490554,-0.010164204,0.00998871349,4.20296603,11.1722438,-0.0567685207,0,0.144070667,17299.8298,7.73383658
0,48.7547591,0.253508016,-1.73578825,0.0141183721,0.999724474,0.71448737,0.285237104,0.000420161773,0.00281779293,3.65351945,0,0.144070667,64910.9762,17.0779917
0,7.33568,0.589951,-0.645861,0.021335,5.62602e-05,1.95448e-05,3.67154e-05,0.933553,23.7983,0.000232581,3.30974e-05,0.144071,0.205178,2.7327
0,23.6330456,0.371898512,-1.7101134081,0.017706478409,0.70386932765,0.45522283985,0.2486464878,-0.0075876387015,4.4428637976,3.4148659087,0,0.14407066667,-4075268.6121,-789.91117448
2,14.9909288,0.950802016,-1.743786778,0.01807827717,-0.7551402188,-0.8028173999,0.04767718107,4.591776713,67.32201064,-15.39685575,0,0.1440706667,157261.0858,35.06435084
0,51.91159,0.8342912,-1.210683,0.02049155,0.02945507,0.02622741,0.003227659,0.9327264,32.66544,0.4413654,0.04876903,0.1440707,398.9242,3.764053
0,44.98687,0.3478763,-1.233604,0.01820285,0.03997734,0.03861973,0.001357602,0.8671085,13.47291,0.2709938,0.07369529,0.1440707,237.5771,3.729012
0,7.04439,0.506532,-0.85393,0.0190919,0.000363965,0.000315914,4.80515e-05,0.923257,20.427,0.00322776,0.000535477,0.144071,2.57815,3.07128
0,6.87672,0.879242,-0.78379,0.019763,0.000170036,0.000124035,4.60016e-05,0.954334,35.4642,0.00219977,0.000210118,0.144071,1.7589,2.98133
0,0.4523562,0.9349258946509029,-1.951517490031417,0.02328189778554664,0,0,0,-4.422372781004626e-34,37.71658426590722,0,0,0.1440706666666666,-1.318671070473216e+40,-2.560645240953121e+36
0,46.56073,0.3974335,-1.27959,0.01758793,0.07117911,0.06504479,0.006134323,0.8587841,14.89195,0.5214374,0.1376884,0.1440707,478.6487,3.857803
0,26.5725,0.395745,-1.11877,0.0119739,0.0151361,0.0147139,0.00042218,0.894558,15.7234,0.117454,0.0256292,0.144071,61.4816,3.51052
2,12.591219,0.76931715,-1.3947565,0.015605577,0.80212379,-0.022230589,0.82435438,0.66617854,6.1412129,-0.34497018,0,0.14407067,1117.023,4.1404758
0,7.66832,0.347635,-0.935627,0.0165927,0.0010983,0.00103613,6.21743e-05,0.891598,14.0088,0.00726542,0.00175962,0.144071,5.22882,3.18983
0,7.52033,0.399395,-0.900651,0.0104503,0.00114264,0.00105065,9.19926e-05,0.904197,16.0939,0.00846417,0.00178276,0.144071,3.77971,3.13789
0,34.6210234,0.3046895483,-1.84307427,0.02247171852,0.9965180357,0.8108087904,0.1857092453,0.006163690479,0.04279933597,4.983118052,0,0.1440706667,266631.255,56.42867831
0,49.615257,0.4144761,-1.4264163,0.0095387392,0.40930152,0.40929838,3.1413413e-06,0.62082649,9.8768967,3.4218793,1.6737188,0.14407067,2895.0834,4.56634
0,21.3625,0.393973,-1.12653,0.0207221,0.00966068,0.00939282,0.000267851,0.897638,15.74,0.0746428,0.0163611,0.144071,67.7625,3.5245
2,0.8268678,0.7029470188,-1.942765451,0.01360690905,0.08116991658,-0.00408194982,0.0852518664,12.74818254,26.05631318,-0.05787825455,0,0.1440706667,282423.8613,59.59799405
0,12.5695,0.332213,-1.0503,0.0143447,0.00532943,0.00518023,0.000149202,0.88452,13.3306,0.0347129,0.00887813,0.144071,21.8772,3.38127
0,31.8727603,0.700531448,-1.68413204,0.0199635783,0.774339652,0.587348403,0.186991249,0.374617467,6.37731775,8.29943636,0,0.144070667,84862.191,20.9143088
0,7.60706,0.357428,-0.991428,0.021708,0.00168255,0.00161741,6.51408e-05,0.893872,14.395,0.011661,0.00275419,0.144071,10.9746,3.28484
0,0.5308974,0.514371465978,-1.96407077265,0.0203250333338,0,0,0,-0.146710297724,20.7506657496,0,0,0.144070666667,-25695597.181,-4988.06881162
0,6.87717,0.941346,-0.80078,0.0213971,0.000186809,0.000142488,4.43212e-05,0.9572,37.9685,0.00270553,0.000241402,0.144071,2.33536,3.013
0,27.9016,0.343527,-1.12262,0.0150688,0.0125997,0.0122888,0.000310936,0.883244,13.6839,0.0851522,0.021398,0.144071,56.9402,3.50955
0,4.92806,0.947452,-0.526597,0.0200036,4.48897e-05,4.50538e-06,4.03844e-05,0.957556,38.2202,8.61021e-05,7.62907e-06,0.144071,0.0694296,2.55774
0,20.45163,0.4013369,-1.167683,0.01608908,0.020614,0.02000982,0.00060418,0.8922836,15.85689,0.161986,0.03575311,0.1440707,116.5192,3.602978
2,11.041533,0.90816017,-1.3781332,0.021720828,0.45648453,-0.0012510471,0.45773558,-0.25893765,19.912671,-0.022917186,0,0.14407067,-7526.633,-0.030254856
0,5.75905,0.518175,-0.581971,0.0228966,4.12683e-05,8.01617e-06,3.32521e-05,0.925053,20.9033,8.37855e-05,1.3574e-05,0.144071,0.0800507,2.62043
0,6.95069,0.404735,-0.853395,0.0171122,0.000400027,0.000350044,4.99826e-05,0.905801,16.3212,0.00285772,0.000593331,0.144071,2.08526,3.05975
1,0.26508,0.96612,-1.8258,0.024619,,,,,,,,,,
0,26.9649,0.686636,-1.09141,0.0163885,0.00799529,0.0076313,0.000363987,0.937235,27.4787,0.105694,0.0131778,0.144071,72.1714,3.49348
0,5.10728,0.889526,-0.560157,0.0150461,6.2827e-05,9.21763e-06,5.36094e-05,0.954907,35.8828,0.000165388,1.56087e-05,0.144071,0.10059,2.61035
0,13.218,0.7460532,-1.128075,0.01588566,0.013109,0.01243544,0.0006735611,0.9382353,29.70258,0.1871355,0.02177155,0.1440707,124.7999,3.568506
0,5.13129,0.990617,-0.593113,0.0157277,6.53411e-05,1.34653e-05,5.18757e-05,0.959316,39.9606,0.00026906,2.28019e-05,0.144071,0.170272,2.67037
0,21.5131,0.309125,-1.10812,0.0195679,0.00807312,0.00788806,0.000185058,0.875454,12.37,0.0491846,0.0136778,0.144071,43.1055,3.47806
0,9.38383,0.984788,-0.726916,0.0186208,0.000109883,6.34237e-05,4.64596e-05,0.959056,39.7238,0.00125985,0.000107412,0.144071,0.944266,2.89234
0,6.34907,0.690502,-0.659051,0.017064,7.61483e-05,2.89476e-05,4.72008e-05,0.942657,27.854,0.000403183,4.90213e-05,0.144071,0.281733,2.7622
0,5.3978,0.551125,-0.576828,0.0151776,6.19347e-05,1.13199e-05,5.06148e-05,0.929202,22.232,0.000125839,1.91685e-05,0.144071,0.0793406,2.61483
0,5.61239,0.544576,-0.522375,0.0182178,4.66467e-05,4.68593e-06,4.19608e-05,0.928422,21.9681,5.1473e-05,7.93474e-06,0.144071,0.0389864,2.52386
0,48.08543,0.2094974,-1.260332,0.01391893,0.06988963,0.06850091,0.001388726,0.7905261,7.860827,0.2894677,0.1358544,0.1440707,214.323,3.745932
0,38.8498,0.343756,-1.10664,0.0083743,0.0184872,0.018026,0.000461236,0.879606,13.6114,0.12499,0.0313589,0.144071,46.3191,3.4809
2,0.8914841,0.7493163444891,-1.783882061016,0.01892848289849,-1.790064819266,-1.790064824712,5.446237461015e-09,-0.005016131886278,84.34020745039,-27.05572243759,0,0.1440706666667,-301842253.1687,-58611.57520611
0,6.96194,0.47708,-0.864145,0.0141131,0.000552534,0.000487174,6.53605e-05,0.918796,19.2356,0.00468813,0.000825939,0.144071,2.7816,3.08544
0,38.37747,0.6081558,-1.224788,0.01164148,0.0585097,0.05405093,0.004458771,0.8971485,23.09861,0.6630452,0.1028946,0.1440707,351.5276,3.762455
0,59.635815,0.358187821654,-1.7869290359,0.020418581101,0.338482755866,0.153038488092,0.185444267774,-0.00287316149616,9.55888312554,1.10569832787,0,0.144070666667,-62109611.6803,-12059.302036
2,1.9975627,0.527600746285,-1.95947670287,0.0120345175622,-16.6924109972,-18.6307960021,1.93838500489,-1.08114915031,376.57162016,-198.272271555,0,0.144070666667,-59651515.9671,-11581.8051129
0,65.97072,0.9461501,-1.248417,0.01189463,0.08155863,0.06571611,0.01584252,0.9030468,35.05634,1.254172,0.1364157,0.1440707,717.9744,3.893937
0,8.08992,0.433398,-0.898957,0.00872361,0.0013445,0.00123142,0.000113087,0.910867,17.4605,0.0107651,0.00208965,0.144071,3.98299,3.13893
0,10.8595868,0.408274167,-1.75866886,0.0141401792,0.15416908,0.102195148,0.0519739318,3.06403533,13.9312673,0.84160314,0,0.144070667,59041.952,15.9563336
0,50.75166,0.6617964,-1.167244,0.0110742,0.03027283,0.02871006,0.001562769,0.9207009,25.88982,0.3832513,0.05165138,0.1440707,183.3337,3.638802
0,11.6193,0.406347,-1.03916,0.0194304,0.00343692,0.00332189,0.000115032,0.904222,16.3364,0.0272275,0.00568088,0.144071,22.731,3.37227
2,28.942816,0.27656564,-1.6689511,0.022159359,-2.382222,-6.1308132,3.7485911,-48.500986,37.735969,-34.201211,0,0.14407067,-3191.4153,1.1464773
0,6.90197,0.610981,-0.924482,0.0161895,0.000998392,0.000920642,7.77496e-05,0.935087,24.6235,0.011346,0.00156289,0.144071,7.59443,3.19832
0,38.440078,0.98685693,-1.3535736,0.023185599,0.73488488,0.45016493,0.28471995,0.55570682,10.55465,8.9608875,0,0.14407067,1356.0003,4.15566
0,20.54456,0.579331213,-1.58273107,0.0165195559,0.274758568,0.157317817,0.117440752,1.53460598,16.9498048,1.83835766,0,0.144070667,14968.2912,7.15149315
0,0.32589,0.2183,-0.98757,0.014082,0,0,0,5.1245,8.8066,0,0,0.14407,1.1145,3.1615
0,45.780953,0.21050533,-1.5918563,0.013443985,0.89459405,0.75836451,0.13622954,0.1545472,0.89512441,3.2200771,0,0.14407067,8825.3384,5.9406109
0,25.2118,0.955738,-1.07351,0.0106017,0.00999713,0.00938999,0.000607134,0.951411,38.1707,0.181021,0.0161858,0.144071,78.4708,3.4811
2,49.355743,0.2099486,-1.5695761,0.019934853,0.1617609,-0.17116591,0.33292681,1.1594681,7.0996357,-0.72486216,0,0.14407067,7008.0578,5.5535973
0,37.134053,0.81795996,-1.3372978,0.014621927,0.16453741,0.11470091,0.0498365,0.83986238,27.568569,1.8924485,0.34755736,0.14407067,1901.4046,4.262663
0,8.12154,0.779697,-0.815904,0.00890425,0.000521391,0.000415713,0.000105678,0.948588,31.438,0.00653799,0.000704479,0.144071,2.36963,3.02888
0,31.57866,0.4584508,-1.187481,0.01176507,0.0357948,0.03449962,0.001295182,0.893224,17.83271,0.3190305,0.0630511,0.1440707,168.8035,3.651975
0,36.10325,0.8473833,-1.217815,0.01824901,0.03646233,0.03198093,0.004481397,0.9287348,32.9385,0.5466334,0.06001509,0.1440707,442.7404,3.785048
1,0.3598,0.52773,-1.9361,0.014878,,,,,,,,,,
0,53.27733,0.2764893,-1.257958,0.01048847,0.08960712,0.08705476,0.002552365,0.8119631,10.15459,0.4855076,0.1748737,0.1440707,261.4568,3.762925
1,0.56436,0.8488,-1.9687,0.020201,,,,,,,,,,
0,5.49035,0.697574,-0.550521,0.00846742,0.00010775,1.44722e-05,9.32777e-05,0.943185,28.1384,0.000203633,2.45069e-05,0.144071,0.0705632,2.58249
1,0.5322,0.30402,-1.9939,0.014747,,,,,,,,,,
0,6.7622,0.22608,-0.85472,0.016284,0.0004155,0.00037417,4.133e-05,0.84319,9.1168,0.0017063,0.00063423,0.14407,1.2728,3.0355
0,26.0271,0.891858,-1.07326,0.020035,0.0052685,0.00496641,0.000302091,0.951631,35.7896,0.0893436,0.00853751,0.144071,73.3238,3.47637
0,18.3863137,0.6739407023,-1.781957961,0.02480870816,0.4594806453,0.1867829686,0.2726976767,-0.7688352,14.69562638,2.539125283,0,0.1440706667,-334761.6272,-63.36515103
0,19.5324014,0.6941958187,-1.839908912,0.01447496961,0.9469859991,0.5371543163,0.4098316828,0.1317070748,1.484662505,7.521530724,0,0.1440706667,415600.1576,85.37566304
1,0.55176,0.4952,-1.9722,0.01328,,,,,,,,,,
0,42.584535,0.82447003,-1.3329502,0.013096114,0.177948,0.1248102,0.053137796,0.83038126,27.34194,2.0756309,0.36697426,0.14407067,1803.7119,4.2366348
1,0.25453,0.79553,-1.9099,0.014453,,,,,,,,,,
0,0.5125292,0.870130017,-1.78843255,0.0211886019,0,0,0,-21.4324424,35.1026026,0,0,0.144070667,-31172.1423,-4.28454819
0,26.1556497,0.2380929118,-1.801215707,0.01477434883,0.9925715653,0.7581664657,0.2344050995,0.0123625231,0.07135081598,3.641130196,0,0.1440706667,129449.6698,29.71125427
1,0.75362,0.78916,-1.8231,0.021458,,,,,,,,,,
0,75.7911571,0.503603133,-1.56053536,0.0123791577,0.57386881,0.380010225,0.193858585,0.562208509,8.65738861,3.86019173,0,0.144070667,15691.9301,7.27224228
0,6.5872,0.62627,-0.742148,0.0207782,0.000108903,6.91147e-05,3.97885e-05,0.937129,25.2621,0.000873085,0.000117061,0.144071,0.747352,2.89552
0,0.4740726,0.9670731096185967,-1.834313602599217,0.0156863732488609,0,0,0,-2.366330133785988e-172,39.01346046666321,0,0,0.1440706666666666,-5.656959597412914e+177,-1.098489759556281e+174
0,30.6257041,0.665032066,-1.59622374,0.00881839862,0.546287722,0.240430038,0.305857684,0.760509121,12.172458,3.22519874,0,0.144070667,25795.6444,9.29544814
0,5.2566,0.651621,-0.605424,0.0223099,4.64541e-05,1.11189e-05,3.53352e-05,0.939464,26.2863,0.000146145,1.88284e-05,0.144071,0.133967,2.67035
0,27.9113,0.681772,-1.0586,0.0217388,0.00398837,0.00380283,0.000185538,0.93944,27.3942,0.0522963,0.0065179,0.144071,47.0944,3.43387
0,6.95825,0.807656,-0.890534,0.0214215,0.000506298,0.000450301,5.59968e-05,0.950278,32.5658,0.00733592,0.000763721,0.144071,6.39047,3.15527
0,26.1001768,0.367796947,-1.72805543,0.0200878363,0.655239645,0.433271202,0.221968444,0.76034901,5.11541185,3.21434963,0,0.144070667,58959.8166,15.9096993
2,3.9604941,0.609679469,-1.46748678,0.0130673723,0.0847948372,-0.0118042909,0.0965991281,-0.500506964,22.5099846,-0.14516658,0,0.144070667,-13870.2881,-1.20414634
0,19.0008,0.733014,-1.0273,0.0181605,0.00322582,0.0030573,0.000168518,0.943762,29.4757,0.0452039,0.00521893,0.144071,33.7402,3.38284
0,25.73946,0.5734124,-1.16446,0.00883531,0.03623495,0.03468928,0.001545665,0.9083681,22.29428,0.4012246,0.06246549,0.1440707,154.3941,3.62157
2,16.110284,0.90774948,-1.4742079,0.020912278,0.0014153796,-0.00083822244,0.0022536021,2.6965902,36.568407,-0.015347953,0,0.14407067,4559.3702,4.9606455
0,6.22671,0.395185,-0.523594,0.0162683,4.95865e-05,5.33034e-06,4.42562e-05,0.90397,15.9417,4.24894e-05,9.02587e-06,0.144071,0.0295154,2.51078
0,23.8212828,0.761416032,-1.820228498,0.0219276174,0.5246543473,0.3471508688,0.1775034784,1.01669408,14.60113813,5.331696796,0,0.1440706667,411213.4963,84.50361894
1,136.5326,0.9615761,-1.287563,0.01913849,,,,,,,,,,
0,6.7987,0.548726,-0.805282,0.0225277,0.000181391,0.000143392,3.79988e-05,0.928838,22.1326,0.00158711,0.000242936,0.144071,1.48641,2.99412
0,10.1711,0.431564,-1.01965,0.0144441,0.00362008,0.0034839,0.000136178,0.909084,17.347,0.0303275,0.00594754,0.144071,18.6847,3.3419
0,5.15484,0.903982,-0.597519,0.0241092,4.29533e-05,9.2957e-06,3.36576e-05,0.955608,36.4667,0.000169499,1.5741e-05,0.144071,0.16507,2.67318
2,13.12238,0.8325208,-1.413832,0.00987481,-0.008506768,-0.009441794,0.0009350268,7.365682,33.87108,-0.1585531,0,0.1440707,711.91,4.057738
2,6.3746909,0.626862020304,-1.50709274417,0.0149103218011,-0.946211792079,-0.946471138081,0.000259346002357,-0.000489339570125,49.2172363817,-11.967529413,0,0.144070666667,-51590174.764,-10016.8683847
0,6.3236,0.24096,-0.71965,0.016781,0.00010137,6.4108e-05,3.7262e-05,0.85161,9.7196,0.00031158,0.00010857,0.14407,0.23701,2.8139
0,21.3903553,0.755338875,-1.69409592,0.0207329553,0.337296897,0.255608865,0.0816880318,-3.21918962,20.193705,3.89442119,0,0.144070667,-35539.9373,-5.23377764
0,41.2457843,0.802153952,-1.66416032,0.0192039196,0.666247169,0.437294541,0.228952628,0.487521407,10.8003505,7.07549705,0,0.144070667,85447.0825,21.0082664
0,7.65436,0.957298,-0.954515,0.0155117,0.00153406,0.00141133,0.000122735,0.957004,38.5599,0.0272521,0.00239905,0.144071,17.0905,3.27187
0,17.473879,0.27833761,-1.5961901,0.013727857,0.02428833,0.020960304,0.0033280255,1.9510861,10.955913,0.11767783,0,0.14407067,9046.0085,5.9890642
0,6.6861,0.339888,-0.841757,0.0217643,0.000273323,0.000237061,3.62624e-05,0.889928,13.7079,0.00162525,0.000401736,0.144071,1.53511,3.03227
0,36.8783,0.487466,-1.09911,0.0102086,0.0139461,0.0134759,0.000470202,0.911829,19.391,0.132503,0.0233525,0.144071,57.786,3.48696
0,49.1887,0.4172584,-1.290404,0.01874254,0.07555999,0.0668061,0.008753892,0.8598784,15.56105,0.5622719,0.1484595,0.1440707,573.9521,3.896453
0,11.016557,0.49179611,-1.5743615,0.02386968,0.00092344726,0.00029246639,0.00063098087,3.0709164,19.821614,0.0029012572,0,0.14407067,7855.7219,5.7288522
2,16.824936,0.25004533,-1.6079498,0.0091163537,-0.28886949,-0.29420716,0.0053376678,2.7721236,13.001183,-1.4838744,0,0.14407067,8787.3092,5.9490979
0,46.2284,0.71975541,-1.3554145,0.021428109,0.13429667,0.092699258,0.04159741,0.85658464,25.136754,1.3458181,0.29930224,0.14407067,2145.2112,4.334322
2,1.387756,0.23090177,-1.6969673,0.024644994,-0.029135328,-0.029312948,0.00017762031,10.433315,9.586386,-0.13652492,0,0.14407067,5401.2883,5.3555986
1,0.3463,0.64005,-1.991,0.018991,,,,,,,,,,
0,51.625523,0.55705977,-1.3709602,0.010354795,0.286778,0.20272701,0.084050994,0.73429394,16.028087,2.2779206,0.75626393,0.14407067,1948.3365,4.3066917
0,7.07116,0.925929,-0.897346,0.0184089,0.000642633,0.0005718,7.0833e-05,0.956224,37.3296,0.0106794,0.000969969,0.144071,7.94543,3.17357
2,3.5686123,0.62900659394,-1.8584055544,0.0091346125655,-0.010716262637,-0.016035038511,0.0053187758747,-0.13769071267,25.647179893,-0.20344657175,0,0.14407066667,-8709125.6262,-1689.6217435
0,33.6100937,0.204237545,-1.74828066,0.0124524193,0.855170181,0.580172183,0.274997998,0.453670349,1.19329751,2.39010871,0,0.144070667,29889.7411,10.2500814
0,13.39496,0.911749,-1.097306,0.01417724,0.01007987,0.009482487,0.0005973869,0.9494219,36.41083,0.1743905,0.01643073,0.1440707,101.8257,3.522821
0,6.8463,0.23662,-0.83703,0.018504,0.00029874,0.00026241,3.6331e-05,0.84918,9.5429,0.0012525,0.00044469,0.14407,1.054,3.0081
0,57.44545,0.2416723,-1.235946,0.01386246,0.05247687,0.05136135,0.001115524,0.8192402,9.237871,0.2503736,0.09972565,0.1440707,177.6827,3.704798
1,0.26635,0.87794,-1.9628,0.009395,,,,,,,,,,
0,5.15275,0.903868,-0.502631,0.0109257,7.9676e-05,6.06305e-06,7.3613e-05,0.955579,36.4607,0.00011054,1.02669e-05,0.144071,0.0487847,2.51564
0,10.311,0.880642,-0.985567,0.0172002,0.00203025,0.00189399,0.000136261,0.953194,35.4545,0.0336435,0.00322393,0.144071,23.5096,3.32056
0,16.2824564,0.712846823,-1.61975034,0.024538003,0.0301023716,0.0224764408,0.00762593087,2.40536471,27.8918475,0.323183314,0,0.144070667,25281.9596,9.21819196
0,5.62377,0.558176,-0.605654,0.0129362,7.89143e-05,1.92323e-05,5.96819e-05,0.930023,22.5161,0.000216535,3.25678e-05,0.144071,0.11626,2.66329
2,13.2118547,0.339648767,-1.68178237,0.0245416517,-3.69727876e-05,-0.000598696332,0.000561723545,-5.0596523,13.7025459,-0.00410168033,0,0.144070667,-13098.9757,-0.837134553
2,10.623719,0.68096354,-1.555411,0.016723734,0.03143223,-0.0011318233,0.032564053,3.5433278,26.607804,-0.015546323,0,0.14407067,7164.7099,5.5709874
0,55.40759,0.5581359,-1.249308,0.01456848,0.06280147,0.05679779,0.006003676,0.8890735,21.10215,0.6394353,0.11266,0.1440707,444.0279,3.81694
0,45.55012,0.2682893,-1.190527,0.01298825,0.03354202,0.03286327,0.0006787494,0.8439971,10.46024,0.177844,0.05939209,0.1440707,108.9725,3.620916
0,13.1387,0.741438,-1.125396,0.02492617,0.008095132,0.00768337,0.0004117624,0.9411835,29.6688,0.1149084,0.01340571,0.1440707,120.0628,3.562918
0,8.03726,0.872216,-0.921531,0.00915189,0.00172598,0.00156748,0.000158497,0.952973,35.126,0.0275773,0.00266186,0.144071,10.2348,3.21121
0,52.36815,0.2990532,-1.305944,0.02126276,0.0768232,0.0703983,0.006424907,0.8284933,11.13752,0.4246546,0.1597732,0.1440707,520.5475,3.896604
2,14.7896244,0.99269777623,-1.7419482519,0.017681042645,-2.6974072597,-2.7749704586,0.077563198905,-1.4021889324,148.07082794,-55.564905954,0,0.14407066667,-1106246.2307,-213.27636996
2,14.4447466,0.68267166638,-1.4113500855,0.023205739552,0.81435714672,-0.017881957392,0.83223910411,-0.00043512159231,5.1126407732,-0.24623631573,0,0.14407066667,-1761974.1084,-340.96259823
0,0.4922001,0.8258974141,-1.784094884,0.0195234271,0,0,0,-1.79190289,33.31818018,0,0,0.1440706667,-334709.7313,-63.35292879
0,7.78206,0.939983,-0.924826,0.0131171,0.00125792,0.00114109,0.000116827,0.956444,37.8729,0.0216355,0.00193751,0.144071,11.4706,3.2206
0,7.10489,0.828517,-0.752383,0.0100868,0.00024817,0.000162358,8.58116e-05,0.951629,33.4156,0.00271332,0.000275019,0.144071,1.11028,2.92616
0,37.31695,0.2776118,-1.288118,0.02077839,0.06535545,0.06221509,0.003140361,0.8277273,10.46742,0.3483846,0.1300387,0.1440707,389.4701,3.83842
0,53.6835889,0.610390756,-1.65581982,0.0182835455,0.730395993,0.494820219,0.235575774,0.351962762,6.63879803,6.09228983,16.6275522,0.144070667,65361.0176,17.085769
0,37.7989,0.667681,-1.07672,0.0133367,0.00815639,0.00779101,0.000365388,0.935597,26.7157,0.104927,0.0134087,0.144071,58.2037,3.46503
0,8.7087637,0.83122792,-1.56,0.012551236,0.017794535,0.017699857,9.467771e-05,5.1677098,32.936514,0.29676663,0,0.14407067,6450.2971,5.4314516
0,9.39073,0.257959,-1.04577,0.019181,0.00374799,0.00365853,8.94681e-05,0.857784,10.3675,0.0190363,0.00626454,0.144071,16.5537,3.36138
0,29.431832,0.35700641,-1.5058476,0.023583684,0.85203899,0.33849946,0.51353952,0.28154003,2.1309756,2.4375816,0,0.14407067,3820.784,4.839783
0,36.3997867,0.2250987585,-1.806537704,0.02420550418,0.9997892559,0.7272453515,0.2725439044,0.0003159090956,0.001913743176,3.302016386,0,0.1440706667,145485.3018,32.83643639
0,7.61092,0.963743,-0.85305,0.0247347,0.000285443,0.000241107,4.43358e-05,0.958086,38.868,0.00468701,0.000408673,0.144071,4.67421,3.10138
0,52.22867,0.3936767,-1.213898,0.02061466,0.02814161,0.02715734,0.0009842737,0.8858267,15.43469,0.2156513,0.05052163,0.1440707,206.8425,3.696221
0,51.4071,0.3433553,-1.20367,0.0103165,0.04935945,0.04787475,0.001484701,0.8599694,13.16786,0.3315702,0.08852487,0.1440707,159.3923,3.663389
2,19.01583,0.5159304,-1.440512,0.0125268,-0.08206145,-0.2042823,0.1222208,-15.29615,22.52155,-2.12592,0,0.1440707,-321.1143,1.5934
0,7.66754,0.78081,-0.880348,0.0186503,0.000514776,0.00045385,6.09264e-05,0.948661,31.4831,0.00714797,0.000769617,0.144071,5.42955,3.13652
0,1.7149296,0.3944511077,-1.940763556,0.01416617656,0.8398357907,0.4580358678,0.3817999228,1.333972596,2.548671252,3.644331195,0,0.1440706667,257297.8431,54.71213959
0,24.7362557,0.2773481234569,-1.8291766377175,0.012958046935029,0.33523503473869,0.11886875531473,0.21636627942396,-5.6523527896248e-05,7.4378689294074,0.66499459811725,0,0.14407066666667,-4226753470.5927,-820765.73526184
0,7.5491,0.987505,-0.832581,0.0119085,0.000471918,0.000385054,8.68647e-05,0.958928,39.8189,0.00766983,0.000652593,0.144071,3.67823,3.06841
2,33.0737231,0.64827956047,-1.6569936695,0.0091188804082,0.17243221918,-0.013069980589,0.18550219977,-0.018154355185,21.6431799,-0.1709080197,0,0.14407066667,-4193865.9132,-812.99543963
0,7.67418,0.814593,-0.94401,0.0180403,0.00115064,0.001061,8.96331e-05,0.95026,32.8243,0.0174334,0.0018024,0.144071,12.8022,3.24569
0,15.53007,0.7271347,-1.142673,0.01899464,0.01315555,0.01246823,0.0006873111,0.936901,28.94801,0.1828711,0.02196329,0.1440707,146.9234,3.595785
0,8.06955,0.517357,-0.888282,0.0234808,0.00044241,0.000399131,4.3279e-05,0.924688,20.8619,0.00416515,0.000676872,0.144071,4.0871,3.1296
1,0.29863,0.99152,-1.893,0.015599,,,,,,,,,,
0,13.6991,0.363942,-1.04202,0.0128927,0.00535449,0.00518996,0.000164533,0.893252,14.6035,0.0380997,0.00888181,0.144071,21.3385,3.37161
0,19.0662436,0.658969628,-1.72653495,0.0244658407,0.273359426,0.188674888,0.0846845373,13.8667151,19.3170235,2.50786798,0,0.144070667,11972.1779,6.70202424
0,108.030006,0.906421045,-1.47871404,0.00949186493,0.866546066,0.659169778,0.207376288,0.165982679,4.87996297,12.0518145,3.29277602,0.144070667,10473.8132,6.15637502
0,7.84371,0.730031,-0.890622,0.012319,0.000877583,0.000783756,9.38276e-05,0.945073,29.4249,0.0115411,0.00132953,0.144071,5.81246,3.15037
0,38.01364,0.2169179,-1.367563,0.01611372,0.1670607,0.1421269,0.02493378,0.7338695,7.288932,0.6218661,0.4652272,0.1440707,848.6789,4.047057
1,168.9871,0.9697282,-1.280686,0.01853504,,,,,,,,,,
0,8.78264,0.497834,-1.0066,0.0129869,0.00342789,0.00327912,0.000148772,0.920071,20.0147,0.0329281,0.00559413,0.144071,18.0136,3.32684
0,47.213888,0.45555225,-1.3734999,0.0085369569,0.34981182,0.25632602,0.093485803,0.67483354,11.949024,2.3553533,0.94771878,0.14407067,1632.8853,4.2389003
0,6.06494,0.90303,-0.624969,0.0146285,7.7553e-05,2.17961e-05,5.57569e-05,0.955541,36.427,0.000397014,3.69098e-05,0.144071,0.234614,2.71871
0,6.38954,0.408009,-0.597116,0.0203715,4.6699e-05,1.09446e-05,3.57544e-05,0.906707,16.459,9.00733e-05,1.8533e-05,0.144071,0.0781165,2.63432
0,18.1081,0.9163182,-1.102881,0.01035213,0.01477702,0.01389173,0.0008852893,0.9465555,36.41967,0.2567602,0.02417251,0.1440707,109.7435,3.533782
0,36.11067,0.4356807,-1.258028,0.0160685,0.06180938,0.05750745,0.004301931,0.872262,16.48977,0.5053794,0.1142498,0.1440707,395.5815,3.810317
2,0.9413358,0.32516734149,-1.8387320048,0.018702488185,0.073144509794,0.073144509794,-6.9388939039e-17,-0.26263135202,12.158335221,0.47974871975,0,0.14407066667,-1681199.6792,-324.84772162
0,6.31715,0.691615,-0.644484,0.0234684,5.15733e-05,1.74567e-05,3.41165e-05,0.94276,27.8995,0.00024353,2.95614e-05,0.144071,0.234014,2.73809
2,15.991031,0.33629537,-1.5909767,0.016527873,0.010191973,-0.022183383,0.032375356,-5.271348,13.428485,-0.15047828,0,0.14407067,-3838.0227,0.9334625
0,43.57866,0.5726101,-1.265222,0.01463267,0.07623908,0.06642316,0.009815919,0.881686,21.33899,0.7671914,0.1376048,0.1440707,555.4621,3.865998
0,7.3729,0.490954,-0.842277,0.0116472,0.000521948,0.00044587,7.60781e-05,0.92092,19.7956,0.00441544,0.000755728,0.144071,2.1566,3.05037
0,51.52158,0.4342584,-1.297537,0.01949861,0.07977047,0.06868604,0.01108443,0.8603512,16.12128,0.6016472,0.156396,0.1440707,651.3139,3.925106
0,29.4296591,0.29553752,-1.76490814,0.0110618191,0.993763587,0.734920997,0.25884259,0.0111567636,0.0743537138,4.38105243,0,0.144070667,93763.4849,22.7286969
2,8.6722593,0.3906355026,-1.827620051,0.02097380048,0.05774753553,-0.01469013743,0.07243767295,-1.491129201,14.84889579,-0.1157504639,0,0.1440706667,-313532.9628,-59.19386049
0,7.74265,0.754872,-0.909138,0.0227106,0.000595294,0.000539176,5.61174e-05,0.946949,30.4348,0.00820973,0.000914822,0.144071,7.61107,3.18309
2,16.6055597,0.2121626503,-1.749455396,0.0187577452,0.001626029978,-72.99882343,73.00044946,0.5909389604,8.545103895,-312.3992358,0,0.1440706667,166817.5557,36.92876206
0,26.8274,0.563796,-1.05534,0.0246236,0.0033578,0.00322208,0.000135728,0.92857,22.6682,0.0366423,0.00551788,0.144071,37.8063,3.41751
0,6.7339,0.303152,-0.517454,0.0140613,5.32717e-05,5.69929e-06,4.75724e-05,0.878368,12.2291,3.48503e-05,9.65048e-06,0.144071,0.0215342,2.48843
0,7.34316,0.360615,-0.859027,0.0223373,0.00032549,0.000288275,3.72156e-05,0.895554,14.5431,0.00209689,0.00048864,0.144071,2.02034,3.06374
0,7.33603,0.970715,-0.894104,0.0128229,0.00088924,0.000787351,0.000101888,0.95798,39.1256,0.0154165,0.0013357,0.144071,7.97331,3.17051
0,25.571088,0.914065324,-1.64801254,0.0195771341,0.516808617,0.419304555,0.097504062,0.884717835,17.8176975,7.73093433,0,0.144070667,63127.7572,16.6425125
0,42.1480435,0.289295314,-1.7398991,0.0172737274,0.994774959,0.716516295,0.278258664,0.00782012515,0.0609798344,4.18112008,0,0.144070667,79566.5013,19.938428
0,18.9794621,0.9062985499,-1.740850561,0.0219406095,0.0779722749,0.02574490696,0.05222736795,2.157580905,33.71090655,0.4706388587,0,0.1440706667,161387.08,35.86394646
0,22.9830116,0.362716847,-1.75209417,0.016366845,0.272353885,0.168681691,0.103672195,1.40789324,10.6473887,1.23412981,0,0.144070667,90252.8021,22.0322046
0,13.025875,0.81576523,-1.4638283,0.024273325,0.044426257,0.0064757183,0.037950538,3.3030164,31.447387,0.1065561,0,0.14407067,2801.4665,4.5838841
0,5.57023,0.668972,-0.532074,0.0237683,3.70963e-05,4.06816e-06,3.30282e-05,0.940947,26.9865,5.48947e-05,6.88867e-06,0.144071,0.0535245,2.54984
0,21.5167905,0.980946739,-1.61014168,0.0123804086,0.405784629,0.193961136,0.211823493,1.28105194,23.5149725,3.83782632,0,0.144070667,35374.5341,11.1856569
0,6.80061,0.435036,-0.614483,0.0141859,7.18062e-05,1.96444e-05,5.21618e-05,0.911976,17.5489,0.000172381,3.32653e-05,0.144071,0.103503,2.66615
0,19.9498,0.697574,-1.10869,0.0145727,0.0111672,0.0106481,0.000519154,0.936027,27.8271,0.149826,0.0185021,0.144071,91.3648,3.52661
0,6.800315,0.429503592,-1.74899183,0.0114991273,0.255930587,0.244438823,0.011491764,3.35300075,12.8924489,2.11768887,0,0.144070667,44094.336,13.0290727
0,56.39212,0.5498712,-1.278443,0.01271779,0.09970771,0.0853929,0.01431481,0.8635349,19.97099,0.9471263,0.1876305,0.1440707,629.0313,3.899897
2,11.1889555,0.470089212,-1.60779154,0.0132338003,0.708451026,-0.057287336,0.765738362,0.950877998,5.52900482,-0.543205404,0,0.144070667,10872.3905,6.36476881
2,31.5777331,0.3267668451,-1.616496139,0.02348328601,-366.7907475,-371.3602699,4.569522397,-62.4177918,4848.349854,-2447.702291,0,0.1440706667,-162422.6413,-30.02801761
0,15.6754,0.595497,-1.0081,0.00953972,0.00478152,0.00455059,0.000230931,0.931096,23.9085,0.0546603,0.00776429,0.144071,21.6787,3.33857
0,6.03826,0.602281,-0.610455,0.0236533,4.42055e-05,1.11875e-05,3.3018e-05,0.934832,24.296,0.000135912,1.89445e-05,0.144071,0.132744,2.67491
0,50.34532,0.3592011,-1.240714,0.02173804,0.03671136,0.03529625,0.00141511,0.87217,13.95884,0.2557357,0.06761215,0.1440707,268.1209,3.748269
2,7.351556,0.5848286,-1.424958,0.008922163,0.6875905,-0.0007527994,0.6883433,1.683845,7.370688,-0.008880411,0,0.1440707,781.7771,4.087242
0,54.68231,0.7999333,-1.231455,0.01506943,0.05137479,0.04455176,0.006823036,0.9162278,30.61284,0.7188591,0.08659582,0.1440707,496.9712,3.815156
0,16.5512275,0.7834087630324003,-1.648236506149313,0.02302051484641701,0.2008448193876074,0.0235586164644997,0.1772862029231077,-8.893282221632678e-09,25.25658978158144,0.3722745758899561,0,0.1440706666666666,-8927617498348.645,-1733598451.030991
1,0.34791,0.50068,-1.9266,0.010383,,,,,,,,,,
0,6.87154,0.396328,-0.743585,0.0141677,0.000156174,0.000103251,5.29233e-05,0.904153,15.9861,0.000825414,0.000174879,0.144071,0.499316,2.87618
0,42.91672,0.3513624,-1.246027,0.02022455,0.04189982,0.04025094,0.001648884,0.8667784,13.58068,0.2852702,0.07780413,0.1440707,281.0166,3.758499
0,43.184506,0.45165291,-1.3292163,0.024773039,0.083863791,0.066242698,0.017621093,0.86065858,16.692448,0.60348711,0.18491386,0.14407067,1012.687,4.0496367
0,38.435322,0.42819932,-1.3457938,0.014806459,0.1624365,0.12539008,0.037046416,0.80356694,14.468346,1.0830147,0.38280194,0.14407067,1163.2136,4.1025646
0,7.09152,0.476486,-0.807304,0.0234039,0.000177128,0.000141655,3.54733e-05,0.918942,19.2189,0.00136147,0.000239994,0.144071,1.33896,2.99075
0,10.6939324,0.587569806,-1.65653484,0.0185833343,0.0901939851,0.0835101537,0.00668383139,4.17783861,21.5656941,0.989746384,0,0.144070667,18052.0495,7.83373799
0,38.5169281,0.587881437,-1.761204326,0.01263795746,0.993825359,0.731066859,0.2627585,0.01147158156,0.1464389567,8.669060111,0,0.1440706667,171254.1593,37.8033761
0,28.3112015,0.4894372291,-1.643728181,0.02227632546,0.3310703283,0.2289755252,0.1020948032,-0.04879667033,13.20786519,2.260534998,0,0.1440706667,-803000.707,-154.4727685
0,15.3674563,0.3537790808267,-1.778722630632,0.008570550785287,0.8765485574266,0.7165507746321,0.1599977827946,-0.0001679530257229,1.761909042912,5.11333550752,0,0.1440706666667,-176249691.4567,-34223.51520052
2,21.6081275,0.3384845979,-1.864835389,0.01357999197,-3.477993082,-5.931178598,2.453185517,12.14774789,61.1473297,-40.49534318,0,0.1440706667,255617.0376,54.30948952
0,8.4328642,0.89394596,-1.4623366,0.016543551,0.046249996,0.0091711429,0.037078853,4.2213041,34.395449,0.16537121,0,0.14407067,2352.0409,4.4861366
0,6.9454,0.24475,-0.57474,0.024363,3.2205e-05,6.8658e-06,2.5339e-05,0.85361,9.8735,3.3896e-05,1.1625e-05,0.14407,0.037341,2.574
0,45.62985,0.8644955,-1.211785,0.02072213,0.02975568,0.0262598,0.003495877,0.9340851,33.83756,0.4579091,0.04891341,0.1440707,418.5161,3.771423
0,33.4366975,0.290778952,-1.72902967,0.0104763284,0.800537788,0.54790131,0.252636478,0.376766686,2.33980015,3.21359007,0,0.144070667,55109.8802,15.1596086
0,6.73173,0.327924,-0.547823,0.0191771,4.19624e-05,6.17266e-06,3.57897e-05,0.886518,13.2285,4.08292e-05,1.04521e-05,0.144071,0.0340915,2.54241
1,0.70056,0.31578,-1.9849,0.0090581,,,,,,,,,,
0,6.19688,0.481167,-0.71289,0.0187979,9.35396e-05,5.24673e-05,4.10724e-05,0.91972,19.4093,0.000509225,8.88575e-05,0.144071,0.401787,2.8343
0,7.77681,0.775993,-0.732958,0.00973147,0.000217744,0.000131135,8.66089e-05,0.948553,31.2981,0.00205259,0.000222114,0.144071,0.81292,2.89066
0,60.98025,0.7089835,-1.257802,0.01259592,0.08204296,0.06932818,0.01271478,0.8898085,26.2551,0.9914507,0.1453251,0.1440707,615.6372,3.875549
0,7.58826,0.534019,-0.924284,0.0113344,0.00141606,0.00131139,0.000104666,0.926235,21.5128,0.0141258,0.00222666,0.144071,6.68138,3.19136
0,7.19854,0.982334,-0.888361,0.0229959,0.000463439,0.000407941,5.54979e-05,0.958728,39.6108,0.00808318,0.000691846,0.144071,7.49229,3.16148
0,21.9957,0.368601,-1.14949,0.0160358,0.0165164,0.0160831,0.000433241,0.88739,14.6244,0.119578,0.0283971,0.144071,85.5392,3.56289
0,62.22159,0.8721791,-1.180648,0.008550084,0.04741524,0.04355027,0.003864968,0.92281,33.51695,0.7661639,0.07946896,0.1440707,281.292,3.693224
0,7.57768,0.55458,-0.932115,0.0200625,0.000881815,0.000819324,6.24914e-05,0.929087,22.353,0.00916526,0.0013911,0.144071,7.6535,3.20636
0,8.25307,0.847071,-0.948876,0.0130295,0.00169404,0.00156306,0.000130982,0.951696,34.1145,0.0267067,0.00265653,0.144071,14.1423,3.25593
0,6.22016,0.871014,-0.683796,0.0133729,0.000112773,5.07556e-05,6.20178e-05,0.953961,35.1343,0.000891731,8.59569e-05,0.144071,0.482553,2.81464
0,7.9812,0.23235,-0.62684,0.024628,3.7821e-05,1.3262e-05,2.4559e-05,0.84699,9.3731,6.2155e-05,2.2456e-05,0.14407,0.06976,2.6582
0,13.5245,0.91197,-1.00166,0.02301,0.00186093,0.00173985,0.000121078,0.954797,36.7221,0.032005,0.00296326,0.144071,29.8909,3.35023
0,22.6196842,0.3007826849,-1.886956264,0.009244665727,0.9970565965,0.6903890324,0.306667564,0.005839307799,0.03571558786,4.188628908,0,0.1440706667,412671.6213,84.8536728
0,7.06794,0.650106,-0.794633,0.0239613,0.000154079,0.000117587,3.64919e-05,0.939263,26.2224,0.00154194,0.000199203,0.144071,1.5189,2.98459
0,62.08706,0.9316057,-1.187199,0.01412345,0.03183496,0.02873531,0.003099655,0.9358995,36.3862,0.5399744,0.05233275,0.1440707,327.536,3.716576
0,36.09542,0.3885859,-1.204266,0.02254452,0.02295768,0.02221224,0.000745436,0.8880078,15.31636,0.1741023,0.04082058,0.1440707,180.9241,3.674676
0,9.0093,0.897355,-0.965211,0.0177857,0.00152415,0.0014118,0.000112353,0.954332,36.1457,0.0255542,0.00240045,0.144071,18.4314,3.28671
0,16.69831,0.66618573,-1.4769735,0.017539215,0.0067985722,0.0058466366,0.00095193567,3.1066075,26.692413,0.078564544,0,0.14407067,2993.2501,4.637673
0,7.00412,0.723316,-0.659076,0.0221176,5.87953e-05,2.23407e-05,3.64546e-05,0.945125,29.1782,0.00032595,3.78327e-05,0.144071,0.29445,2.7645
2,2.6470817,0.93123743,-1.5721296,0.019768721,-0.00014873752,-0.00014873752,-2.5283595e-16,9.8603333,37.573373,-0.0027938696,0,0.14407067,4506.6417,5.0477305
0,7.18989,0.290533,-0.829907,0.0117404,0.000439696,0.000377408,6.2288e-05,0.873515,11.7155,0.00221173,0.000639581,0.144071,1.1479,3.0054
0,8.7219093,0.2800340407,-1.58001681,0.009151181692,0.6692526438,0.03939201379,0.62986063,-0.02446624749,3.736477528,0.2225072575,0,0.1440706667,-199874.8136,-37.34776239
0,17.5606727,0.354037636,-1.74791266,0.0121290115,0.869338895,0.805218648,0.0641202472,0.332316419,1.8661688,5.75027251,0,0.144070667,63512.6325,16.8174615
0,14.014649,0.32757422,-1.639071,0.011038982,0.48031043,0.14194309,0.33836734,2.5819453,6.8676616,0.93788403,0,0.14407067,7432.8511,5.7086039
0,16.557,0.251415,-1.13377,0.0237027,0.00915024,0.00897858,0.000171662,0.851361,10.0497,0.0455327,0.0156977,0.144071,50.0624,3.51275
2,0.9560399,0.3397623468,-1.904789144,0.01766166375,-0.02278098498,-0.02337093852,0.000589953536,8.66159564,14.01887164,-0.1601683019,0,0.1440706667,137310.2881,31.34426127
0,18.5083764,0.400567926,-1.75585218,0.0247005724,0.137772156,0.128842574,0.00892958132,2.38773014,13.9332806,1.04102399,0,0.144070667,73083.4871,18.6911179
2,18.0214564,0.564226981,-1.64756509,0.0155083113,-0.185011731,-0.493180215,0.308168484,-3.34375284,26.9731499,-5.61286589,0,0.144070667,-25140.5628,-3.24313139
0,27.9977765,0.4952288793,-1.86676998,0.01185272718,0.9873098484,0.8446658671,0.1426439813,0.02847583512,0.2535291725,8.437544529,0,0.1440706667,463501.9313,94.7098764
0,0.505294,0.878107846078136,-1.828027074016793,0.0117709259034137,0,0,0,-1.241498063995604e-53,35.42444247255219,0,0,0.1440706666666666,-9.030917101746735e+58,-1.753657558418367e+55
0,53.16743,0.806684,-1.16812,0.01741227,0.01986036,0.01852076,0.001339599,0.9375882,31.89676,0.3013612,0.03322202,0.1440707,224.3123,3.658001
0,31.4236,0.315585,-1.11273,0.0249911,0.00671647,0.0065605,0.000155967,0.878451,12.6458,0.0417618,0.0113634,0.144071,46.5972,3.48735
0,82.118509,0.69683096,-1.4803329,0.020666548,0.32782006,0.22530411,0.10251595,0.71176709,18.895925,3.1668079,1.5441034,0.14407067,9656.3257,5.9950755
2,40.0528655,0.263690724,-1.55697195,0.0249876051,-4.41333567,-5.63306846,1.21973278,-1.97135079,57.5857433,-29.9616035,0,0.144070667,-28435.4199,-3.97986022
0,7.2224,0.261401,-0.937771,0.0237509,0.000782135,0.000744152,3.79829e-05,0.861187,10.5371,0.00392368,0.00126361,0.144071,4.18557,3.18033
0,8.75144,0.229364,-1.06055,0.0179407,0.00481769,0.00471783,9.98541e-05,0.842413,9.20839,0.021827,0.00809777,0.144071,18.1009,3.38105
0,14.33482,0.5990101,-1.158962,0.01891345,0.01600782,0.01529604,0.0007117865,0.924209,23.77831,0.1848154,0.02719101,0.1440707,150.8149,3.614173
0,47.59835,0.4121626,-1.301514,0.01212215,0.1293586,0.1125644,0.01679426,0.8233477,14.47648,0.9358251,0.2647484,0.1440707,643.1763,3.926857
0,6.90086,0.536048,-0.670563,0.013454,0.000100298,4.25652e-05,5.77331e-05,0.927332,21.623,0.000460239,7.20834e-05,0.144071,0.257753,2.76914
0,0.5334655,0.4404532875960989,-1.989466063015497,0.01648834931683794,0,0,0,-7.122426348677665e-134,17.76867410760628,0,0,0.1440706666666666,-6.280302825496283e+139,-1.219532899594171e+136
1,0.507,0.3449,-1.9879,0.014119,,,,,,,,,,
0,51.043697,0.81919628,-1.3012745,0.019775708,0.086449408,0.06403573,0.022413678,0.89369843,30.190878,1.0581214,0.16178737,0.14407067,1231.966,4.0743465
0,56.360395,0.77371646,-1.5002536,0.021385931,0.18039045,0.13195976,0.048430697,1.3719157,25.58256,2.059437,0,0.14407067,8760.4219,5.8360231
0,49.04819,0.4731601,-1.26519,0.01226117,0.08748788,0.07962451,0.007863372,0.8616015,17.41815,0.7599413,0.1641535,0.1440707,463.783,3.838895
0,45.36439,0.8931495,-1.157501,0.02018681,0.01513865,0.01405027,0.001088382,0.945224,35.48578,0.2531243,0.02500197,0.1440707,215.9727,3.643815
2,11.3457906,0.8145041992121,-1.559367554813,0.02054145712658,-0.1230375849995,-0.1249182042871,0.001880619287576,-5.256829405388e-05,36.90139505764,-2.052315998975,0,0.1440706666667,-704678808.235,-136836.1655367
0,7.41984,0.993432,-0.901274,0.0219325,0.000567197,0.000504755,6.24421e-05,0.959099,40.0541,0.0101145,0.000856263,0.144071,8.93955,3.18375
0,53.0695669,0.558277141,-1.66808173,0.00986454076,0.928883746,0.657589315,0.27129443,0.118039715,1.60167312,7.40508016,0,0.144070667,55039.4598,15.0849205
2,21.31644,0.4283695,-1.4765101,0.017208667,0.38946316,-0.16189656,0.55135972,1.7493579,10.550805,-1.3988828,0,0.14407067,2088.6377,4.4430587
0,30.7739,0.534963,-1.07354,0.0214527,0.00484039,0.00465855,0.000181835,0.924163,21.4769,0.050269,0.00800217,0.144071,45.4727,3.44669
0,22.1295735,0.6098637489,-1.858786167,0.0102021762,0.6809382236,0.510309802,0.1706284216,0.7267127276,7.849875414,6.277574853,0,0.1440706667,507531.2757,103.2563397
2,19.0859152,0.753991238,-1.66505301,0.0208564795,-0.436797838,-0.481365429,0.0445675913,3.08735022,43.7035918,-7.32093189,0,0.144070667,55228.6111,15.1187982
1,0.3482,0.25084,-1.9328,0.022887,,,,,,,,,,
0,7.17531,0.416723,-0.81489,0.0186458,0.000239425,0.000195986,4.34394e-05,0.908357,16.8073,0.00164739,0.000332066,0.144071,1.30582,2.99704
0,8.0838,0.666334,-0.946771,0.00904134,0.00235616,0.00219194,0.000164223,0.939232,26.8178,0.0294608,0.00372621,0.144071,10.9645,3.24013
0,8.20634,0.993063,-0.937277,0.0127534,0.00151062,0.00137646,0.000134153,0.95847,40.0014,0.0275719,0.00233834,0.144071,14.1863,3.2445
0,13.1431326,0.9631423012541,-1.61503624509,0.01455693257818,0.5854461161576,0.2075398792379,0.3779062369197,-0.0001256146281208,16.10744332565,4.031969030963,0,0.1440706666667,-263150061.9875,-51098.34132571
0,5.93196,0.41238,-0.550915,0.0090147,9.47854e-05,1.36628e-05,8.11226e-05,0.907574,16.6346,0.000113648,2.31359e-05,0.144071,0.0435717,2.55811
0,36.9331525,0.546135287,-1.65126408,0.0233512564,0.322806045,0.183287752,0.139518293,0.98316557,14.9199881,2.01910476,0,0.144070667,49596.8259,14.0058815
0,7.44212,0.77009,-0.877735,0.0193602,0.000480611,0.000422797,5.7814e-05,0.94801,31.0519,0.00656749,0.000716927,0.144071,5.18199,3.13146
0,56.7811429,0.496537471,-1.58054495,0.0221822214,0.274241965,0.198693206,0.0755487593,1.14180453,14.5378119,1.99003271,0,0.144070667,16777.0873,7.50640762
0,7.8356,0.974324,-0.904499,0.0124198,0.00104005,0.00092876,0.000111288,0.958029,39.2651,0.0182529,0.00157604,0.144071,9.14428,3.18818
0,7.72482,0.632296,-0.880301,0.0185401,0.000513377,0.000456276,5.71011e-05,0.93743,25.4948,0.00581933,0.000773727,0.144071,4.44682,3.12602
0,7.09669,0.549829,-0.640288,0.0187085,6.23181e-05,2.07492e-05,4.15689e-05,0.929047,22.1797,0.00023012,3.51368e-05,0.144071,0.178878,2.72008
0,55.18691,0.3632402,-1.300825,0.01195969,0.129014,0.1157139,0.01330013,0.8129767,12.76322,0.8478219,0.2659807,0.1440707,569.2324,3.905534
1,0.46767,0.43367,-1.992,0.018364,,,,,,,,,,
0,0.5141374,0.8651034747777904,-1.960147910272436,0.01200335559105075,0,0,0,-4.316496718902789e-54,34.89982285426922,0,0,0.1440706666666666,-1.396675809534944e+60,-2.712117786550504e+56
0,27.6041949,0.2784133723,-1.866996084,0.01597083593,0.9685979079,0.6727887301,0.2958091778,0.05631373045,0.3526986847,3.778278519,0,0.1440706667,327002.3952,68.18618313
2,23.3607688,0.3892517279,-1.636674731,0.02061898601,-0.992346708,-1.417568039,0.4252213311,-0.6641911931,31.28604256,-11.13011451,0,0.1440706667,-127639.0963,-23.24105609
0,8.05164,0.303484,-0.760878,0.0108567,0.000232647,0.000168238,6.44098e-05,0.878373,12.2402,0.00102987,0.000284973,0.144071,0.491417,2.89266
0,7.01566,0.499388,-0.650886,0.012977,9.33866e-05,3.42748e-05,5.91119e-05,0.92242,20.1443,0.000345253,5.80423e-05,0.144071,0.187492,2.73309
0,39.9169,0.993533,-1.05552,0.0245978,0.00345,0.00323195,0.00021805,0.957222,39.9426,0.0647697,0.00553702,0.144071,64.7789,3.45061
0,7.4895,0.24381,-0.80493,0.015978,0.00024252,0.00020126,4.1254e-05,0.853,9.8333,0.00098978,0.00034098,0.14407,0.71588,2.9561
2,9.844491,0.9043668,-1.4157,0.01666463,0.8668144,-0.001368419,0.8681828,1.060075,4.859113,-0.02496255,0,0.1440707,726.8648,4.063579
2,16.9693917,0.3029358527516,-1.803213949878,0.022596797839,-14.2995247191,-39.14053740705,24.84101268795,-0.02813408883856,186.9751030834,-239.1677568678,0,0.1440706666667,-152935087.905,-29696.16572992
0,48.57142,0.8785838,-1.192487,0.01203114,0.03953172,0.03582215,0.003709576,0.9283373,34.04249,0.6348337,0.06575096,0.1440707,330.645,3.722952
0,5.92748,0.943704,-0.618147,0.00991214,0.000111902,2.94682e-05,8.24342e-05,0.957351,38.0665,0.000560937,4.99024e-05,0.144071,0.22418,2.70955
0,7.62749,0.315347,-0.949483,0.0172429,0.00125132,0.00119073,6.05908e-05,0.881774,12.7058,0.00757405,0.00202311,0.144071,5.72941,3.20848
0,38.84043,0.8904645,-1.154998,0.02180991,0.01358229,0.01262359,0.0009586953,0.9461168,35.43502,0.2267382,0.02240937,0.1440707,208.6453,3.638117
0,57.195093,0.20465201,-1.4950038,0.014615809,0.44495455,0.44495302,1.5311705e-06,0.53332349,4.582471,1.8367723,2.6361049,0.14407067,3773.3915,4.8190951
0,7.38515,0.485707,-0.810987,0.0236917,0.000182124,0.000146711,3.5413e-05,0.920354,19.5907,0.00143735,0.000248566,0.144071,1.4288,2.99779
0,20.2700088,0.228029594,-1.72006351,0.0245032289,0.43175249,0.359416404,0.072336086,0.960959811,5.22737819,1.65315768,0,0.144070667,43021.4141,12.7905346
0,6.73976,0.255158,-0.567615,0.0229232,3.4066e-05,6.65882e-06,2.74072e-05,0.858738,10.2932,3.42713e-05,1.12751e-05,0.144071,0.0353119,2.56401
2,25.6169593,0.5085414823,-1.595641073,0.01046565955,-12.63904232,-12.72414913,0.08510681099,-3.754021691,279.811415,-130.5209739,0,0.1440706667,-119231.4465,-21.64595937
0,7.52946,0.84338,-0.759008,0.0162525,0.000163493,0.000109717,5.37755e-05,0.952493,34.0179,0.00186648,0.000185846,0.144071,1.22958,2.93805
0,62.14863,0.8623564,-1.180499,0.01555682,0.02622393,0.02408418,0.002139756,0.936391,33.8767,0.4189323,0.04359317,0.1440707,279.6536,3.692457
0,45.3318565,0.3908536362,-1.765208069,0.01457511269,0.9914819422,0.7111034196,0.2803785226,0.01496869034,0.1343104813,5.606245273,0,0.1440706667,126726.8282,29.14542265
0,20.4637,0.423031,-1.06158,0.0193227,0.00459106,0.00444349,0.000147577,0.906845,16.9875,0.0379159,0.0076192,0.144071,31.4348,3.41304
2,1.6601383,0.3817147772675235,-1.951025291894339,0.0229099784019995,-14.87838135785744,-15.01515637778636,0.1367750199289191,-3.479538704964377e-05,244.5121067278911,-115.6096278341521,0,0.1440706666666666,-1079673563022.739,-209655085.2702035
0,53.43796,0.2486026,-1.223371,0.01063608,0.0599077,0.0586996,0.001208093,0.8185491,9.428255,0.2943513,0.1105896,0.1440707,154.4258,3.680499
0,1.2948881,0.33334218226,-1.9625644591,0.023487786225,0.17278344982,0.17278344982,5.5511151231e-17,-0.20133120649,11.124094132,1.1617631198,0,0.14407066667,-9845503.9282,-1910.1901128
0,0.5455473,0.2731667032563342,-1.96376802051871,0.01619143026827138,0,0,0,-1.078541507750862e-15,11.02003382402266,0,0,0.1440706666666666,-1.849032124453591e+21,-3.590520347240527e+17
0,6.772942,0.8808099,-1.385201,0.01002937,0.06971063,0.02107231,0.04863832,11.87293,33.05639,0.374386,0,0.1440707,298.3944,3.904131
0,8.91731,0.315845,-1.03416,0.0199876,0.00311951,0.00302958,8.99229e-05,0.880776,12.702,0.0193011,0.00517906,0.144071,17.0159,3.35128
0,59.646,0.904903,-1.02658,0.0120523,0.00485734,0.00456138,0.000295969,0.952517,36.3281,0.0832574,0.00779217,0.144071,40.8257,3.39329
0,20.7982299,0.9223136911,-1.771474957,0.01349350263,0.368773994,0.1215811539,0.2471928401,1.411949174,23.48652177,2.261882742,0,0.1440706667,254625.3274,54.02335532
0,5.88867,0.756061,-0.598609,0.0203899,5.0367e-05,1.11463e-05,3.92207e-05,0.94738,30.4993,0.000169985,1.88747e-05,0.144071,0.141221,2.66625
2,23.6861795,0.60937404912,-1.6207561702,0.020039802499,-4.9099858934,-5.1974696772,0.28748378381,-0.059389281704,145.28660176,-63.885322296,0,0.14407066667,-5403098.2775,-1047.857998
2,42.934871,0.85535266,-1.4224718,0.017308585,-0.048200938,-0.11630858,0.06810764,4.1490634,36.169701,-2.0066985,0,0.14407067,1508.0016,4.2595337
0,16.8173438,0.683732876,-1.783604944,0.009531354394,0.4533331902,0.3606214885,0.09271170167,1.661114692,15.07871511,4.97351274,0,0.1440706667,162380.2301,36.09986971
0,7.24831,0.862675,-0.898959,0.0240317,0.000500408,0.000447196,5.32118e-05,0.953285,34.7845,0.00778163,0.000758574,0.144071,7.58197,3.17271
0,8.10197,0.471432,-0.831306,0.0108742,0.000493783,0.00041483,7.89535e-05,0.917945,19.009,0.0039447,0.000703045,0.144071,1.80452,3.03017
0,16.252344,0.837392872,-1.55975937,0.0173233568,0.560355071,0.0539852807,0.50636979,1.19539012,14.8520531,0.91186342,0,0.144070667,12535.3036,6.64696027
1,103.2413,0.3594161,-1.314045,0.02097025,,,,,,,,,,
0,6.72196,0.317697,-0.728273,0.0214623,8.85546e-05,5.59937e-05,3.25609e-05,0.883263,12.8153,0.00035882,9.48289e-05,0.144071,0.336584,2.84057
0,6.26625,0.38053,-0.545041,0.0132693,6.24462e-05,8.60767e-06,5.38386e-05,0.900632,15.3503,6.60693e-05,1.45755e-05,0.144071,0.0375731,2.54463
0,7.24859,0.466197,-0.736823,0.0218602,9.68746e-05,6.13523e-05,3.55223e-05,0.917355,18.8054,0.000576933,0.00010391,0.144071,0.530758,2.87257
0,34.9024264,0.76948577923,-1.6909504549,0.011055500948,0.68209826595,0.4997652159,0.18233305005,-0.038881570263,9.8684435482,7.7569643261,0,0.14407066667,-1381036.8038,-266.69863791
0,38.4662,0.898154,-1.02209,0.0134252,0.00411969,0.00386773,0.000251957,0.95268,36.0839,0.07007,0.00660295,0.144071,38.2702,3.38498
2,33.41936,0.4176229,-1.460644,0.009636135,-0.2794257,-0.6182498,0.3388241,12.52139,21.55533,-5.20803,0,0.1440707,486.2383,4.041139
1,25.3275,0.34938,-1.38682,0.0139588,,,,,,,,,,
2,12.0226611,0.4366984053959,-1.578005604969,0.01677517894512,-16.92458836302,-17.06508406494,0.1404957019177,-0.001753395834231,315.780976333,-150.319460567,0,0.1440706666667,-229694002.3368,-44601.74746962
0,6.62874,0.318002,-0.740198,0.0169929,0.00012376,8.24217e-05,4.13387e-05,0.88334,12.8272,0.000528684,0.000139596,0.144071,0.392626,2.86042
0,20.6444511,0.6573585268,-1.724974624,0.02464629097,0.06071631908,0.01229416763,0.04842215145,2.079806086,24.90888249,0.1630146371,0,0.1440706667,100886.6661,24.07573198
0,7.24218,0.432585,-0.766912,0.0186255,0.000147748,0.000105968,4.17796e-05,0.911473,17.4487,0.000924641,0.000179496,0.144071,0.729488,2.91903
0,7.93184,0.577866,-0.662109,0.0211906,6.14009e-05,2.42447e-05,3.71562e-05,0.932255,23.3107,0.000282598,4.10566e-05,0.144071,0.247962,2.75869
0,7.44823,0.859371,-0.817183,0.0142796,0.00033102,0.00026354,6.74799e-05,0.953225,34.6571,0.00456827,0.000446566,0.144071,2.64262,3.03582
0,39.00305,0.5714116,-1.164892,0.01151511,0.02804571,0.02684614,0.001199567,0.9134855,22.40526,0.3094255,0.04819541,0.1440707,155.1527,3.622402
0,52.01601,0.2912866,-1.338442,0.01571126,0.1355647,0.1166706,0.01889406,0.7880589,10.158,0.6854997,0.3282484,0.1440707,757.7056,3.994445
2,39.024485,0.62525601,-1.5190493,0.021911487,-5.7600786,-17.237781,11.477702,12.039899,170.51586,-217.40243,0,0.14407067,8470.3476,5.796761
0,0.8956715,0.9211392954,-1.887216534,0.01727408585,0.05534950881,0.0001749608553,0.05517454796,22.81859922,35.10359783,0.003250808398,0,0.1440706667,104141.235,24.87158977
0,26.5440324,0.87557893,-1.60060202,0.012337913,0.455914102,0.390306255,0.065607847,1.02907954,19.2184314,6.89328103,0,0.144070667,31839.4482,10.4842511
0,51.00724,0.3327907,-1.286988,0.01998896,0.06719439,0.06251977,0.00467462,0.8454129,12.52326,0.4196755,0.1332262,0.1440707,449.6408,3.856356
0,21.1982653,0.955318717,-1.5630923,0.0134911311,0.166232738,0.143623057,0.0226096806,1.87163986,32.1327793,2.7675637,0,0.144070667,18079.0923,7.74562364
2,1.7149496,0.4863773482480736,-1.938453809461801,0.01838028439715319,-7.235536969310165,-27.76935164322882,20.53381467391866,-4.250934715612562e-06,161.5922127004772,-272.4358468676056,0,0.1440706666666666,-4969588517740.341,-965013448.7577511
0,6.62004,0.414579,-0.516989,0.0194762,4.14522e-05,4.09023e-06,3.7362e-05,0.908053,16.7242,3.42043e-05,6.92595e-06,0.144071,0.0283174,2.50204
0,56.60482,0.3789801,-1.2918,0.02101165,0.06822443,0.06136336,0.006861065,0.8566986,14.24567,0.4690841,0.1348227,0.1440707,536.9272,3.887233
0,41.381426,0.88179846,-1.4577083,0.011436737,0.59176494,0.16895237,0.42281257,0.83876653,14.52228,3.005099,0,0.14407067,4709.3975,4.9749423
0,7.12628,0.588137,-0.791959,0.0209638,0.000170599,0.000129863,4.07361e-05,0.933289,23.7224,0.00154059,0.000219997,0.144071,1.33619,2.9753
1,0.28155,0.59007,-1.8663,0.022565,,,,,,,,,,
0,7.90183,0.94603,-0.938126,0.0179683,0.00108133,0.000987903,9.343e-05,0.95682,38.1233,0.0188514,0.00167789,0.144071,13.692,3.24343
0,5.79435,0.609973,-0.602544,0.011403,8.94868e-05,2.09637e-05,6.85231e-05,0.935571,24.6052,0.000257931,3.54997e-05,0.144071,0.121348,2.66238
0,36.89842,0.4114785,-1.195647,0.01743532,0.02670823,0.02582116,0.0008870678,0.8904875,16.15643,0.2143128,0.04725059,0.1440707,170.3696,3.660919
0,6.8741,0.20507,-0.53712,0.01477,4.5067e-05,6.9844e-06,3.8082e-05,0.8301,8.2727,2.8891e-05,1.1828e-05,0.14407,0.019844,2.5039
0,7.41289,0.609032,-0.883151,0.0199079,0.000493785,0.00044075,5.30346e-05,0.935219,24.5573,0.00541449,0.000747435,0.144071,4.45353,3.12895
0,25.0391,0.894461,-1.00633,0.0114399,0.00396282,0.00371167,0.000251146,0.952607,35.9411,0.0669663,0.00632907,0.144071,31.137,3.35724
0,4.7648872,0.5795941142,-1.835303916,0.02487853215,0.3038821492,0.2445732942,0.05930885496,5.160073111,16.27653301,2.859289769,0,0.1440706667,109616.1127,25.88544221
0,37.60015,0.6516827,-1.3967834,0.015936138,0.074390402,0.060882794,0.013507608,1.9237337,24.334319,0.80030575,0,0.14407067,1573.1845,4.248677
2,21.5368814,0.48003828344,-1.6868769459,0.021684736276,-205.85589072,-261.93345341,56.07756269,-4.8948471858,4005.8892034,-2536.2497277,0,0.14407066667,-4226066.5621,-819.21879285
0,7.79136,0.393931,-0.882304,0.0098444,0.000973496,0.000881506,9.19904e-05,0.903112,15.8764,0.0070044,0.00149515,0.144071,2.94932,3.10664
0,8.22141,0.370794,-1.0178,0.0143072,0.00355616,0.00343389,0.000122263,0.896095,14.9053,0.0256829,0.00586355,0.144071,15.9052,3.33123
0,6.82074,0.421142,-0.635621,0.00938903,0.000117773,3.89381e-05,7.88349e-05,0.909307,16.9876,0.000330772,6.59389e-05,0.144071,0.131832,2.69972
1,0.44764,0.34121,-1.9005,0.011084,,,,,,,,,,
0,7.42636,0.540032,-0.793804,0.0156966,0.000231138,0.000177593,5.35441e-05,0.927745,21.7808,0.00193451,0.000300867,0.144071,1.26376,2.97427
2,18.9838036,0.4927003969,-1.832298222,0.0212540049,0.05429167261,-0.02475828681,0.07904995943,-2.674652872,18.79729215,-0.2460530044,0,0.1440706667,-234979.0344,-43.92046498
2,11.005971,0.257387831,-1.65182062,0.0227734457,0.0942647751,-0.0495479378,0.143812713,2.30113605,9.4046889,-0.257240156,0,0.144070667,13452.991,6.9208518
0,31.201,0.651496,-1.08577,0.0127925,0.0095133,0.00909907,0.000414236,0.933344,26.0325,0.119573,0.0157022,0.144071,63.8598,3.47994
0,14.0365184,0.869369466,-1.597129964,0.01951057682,0.01883407459,0.01847578226,0.000358292326,-0.1431406125,34.41137341,0.3239905841,0,0.1440706667,-391982.7868,-74.66950782
0,8.13158,0.393019,-0.992691,0.0198852,0.00186998,0.00179421,7.57712e-05,0.902345,15.8254,0.0142237,0.00305584,0.144071,12.1473,3.29154
0,60.048432,0.7823497,-1.3640069,0.013052806,0.2245988,0.15266688,0.071931927,0.7968286,24.472737,2.4091892,0.54868404,0.14407067,2507.155,4.4212091
0,5.89953,0.890975,-0.581667,0.0197781,5.01462e-05,9.24381e-06,4.09024e-05,0.954985,35.9417,0.000166128,1.5653e-05,0.144071,0.132808,2.64615
0,56.629928,0.61679134,-1.3702253,0.015509983,0.20323521,0.14068398,0.062551235,0.80023029,19.825473,1.7502822,0.50015391,0.14407067,2190.589,4.35902
0,7.43735,0.999967,-0.850266,0.0121695,0.00056299,0.000472787,9.02027e-05,0.959356,40.3177,0.00953623,0.000801452,0.144071,4.672,3.09857
0,29.9563,0.623234,-1.08982,0.0107772,0.0118509,0.0113559,0.000495086,0.929272,24.8444,0.142757,0.0196338,0.144071,64.481,3.48461
0,43.1943,0.590099,-1.06281,0.0138544,0.00656218,0.00629146,0.000270726,0.929388,23.6494,0.0748861,0.0107957,0.144071,43.381,3.43314
0,18.6505,0.876076,-0.988253,0.0111807,0.00322851,0.00301457,0.00021394,0.952189,35.2284,0.0532712,0.00513373,0.144071,24.2052,3.32487
0,7.35018,0.491328,-0.806365,0.00899568,0.000456928,0.000364076,9.28518e-05,0.921017,19.812,0.00360819,0.000616905,0.144071,1.36066,2.99064
0,6.60892,0.283708,-0.525349,0.0120639,6.15822e-05,7.35203e-06,5.42301e-05,0.871103,11.4446,4.2073e-05,1.24489e-05,0.144071,0.0224898,2.49856
2,0.9291274,0.708952088184,-1.81927642963,0.0192722667761,-1.02738687578,-1.02738689052,1.47404402018e-08,-0.0378313115245,57.9840682663,-14.6918361531,0,0.144070666667,-43352801.6217,-8416.9830644
0,44.257197,0.55269852,-1.3181613,0.010792382,0.16814923,0.13205709,0.036092139,0.81716429,18.54765,1.4722284,0.36826619,0.14407067,1028.2436,4.0423859
0,0.7284835,0.398685461046307,-1.796130845450425,0.01521829335362756,0,0,0,-5.094967156908766e-163,16.08368521310438,0,0,0.1440706666666666,-6.63265903001617e+167,-1.287954756903922e+164
0,49.98241,0.4541005,-1.281059,0.01596284,0.08058424,0.07153553,0.009048716,0.8632097,16.84299,0.6552378,0.1545944,0.1440707,548.8378,3.879932
0,7.27959,0.678275,-0.756106,0.0185628,0.000137975,9.25497e-05,4.54253e-05,0.941644,27.359,0.00126621,0.000156762,0.144071,0.963688,2.92258
0,50.25703,0.40134289,-1.4345616,0.020860267,0.22448954,0.2244881,1.4409241e-06,0.75601636,12.556205,1.8173311,0.84975099,0.14407067,3355.6455,4.6715046
0,6.0876,0.469624,-0.589689,0.0109845,8.66413e-05,1.84503e-05,6.81909e-05,0.917914,18.9438,0.000174775,3.12432e-05,0.144071,0.0807307,2.62858
0,5.77337,0.659407,-0.504652,0.0216653,3.92589e-05,3.13806e-06,3.61208e-05,0.940141,26.6006,4.17388e-05,5.3137e-06,0.144071,0.0371277,2.50362
0,7.40047,0.329279,-0.76031,0.0228897,0.000110593,7.92215e-05,3.13718e-05,0.88689,13.2823,0.000526178,0.000134183,0.144071,0.524296,2.89542
0,7.87831,0.562843,-0.917125,0.0248293,0.000593665,0.000546377,4.72882e-05,0.930233,22.6926,0.00620304,0.000927162,0.144071,6.40103,3.18195
1,216.9887,0.226981,-1.405402,0.01079167,,,,,,,,,,
1,0.35963,0.54729,-1.9201,0.018017,,,,,,,,,,
0,6.70138,0.588395,-0.625236,0.0121138,9.08095e-05,2.64114e-05,6.43981e-05,0.933367,23.7348,0.000313463,4.47254e-05,0.144071,0.157037,2.69833
0,14.55753,0.9237506,-1.607944,0.008376952,0.1986891,0.06974103,0.1289481,66.44568,29.86145,1.299476,0,0.1440707,841.9685,4.285727
0,34.04556,0.2211669,-1.295519,0.009838389,0.1430991,0.1388521,0.00424701,0.7512583,7.645499,0.6194378,0.3020256,0.1440707,344.6844,3.830847
2,0.8683579,0.239298889173,-1.95314677709,0.024470762513,0.00457783384011,-0.0676673475729,0.072245181413,-0.0249737564748,9.6095523316,-0.326621678594,0,0.144070666667,-60752988.3958,-11795.7004553
0,7.4134,0.22109,-0.60101,0.02296,3.5838e-05,1.0211e-05,2.5626e-05,0.84044,8.9187,4.5538e-05,1.7288e-05,0.14407,0.048011,2.6132
1,243.3605,0.8965541,-1.277463,0.02393193,,,,,,,,,,
0,5.92287,0.632307,-0.583457,0.0221026,4.39079e-05,8.46415e-06,3.54438e-05,0.937733,25.5073,0.000107953,1.43327e-05,0.144071,0.0982184,2.63243
0,0.5540524,0.5377378629944749,-1.952608236936015,0.02493102554160761,0,0,0,-1.678919363184164e-14,21.69330803504277,0,0,0.1440706666666666,-2.026003026737998e+20,-3.934169122790845e+16
2,19.015505,0.746846131,-1.71217018,0.0181724516,-0.0773423251,-0.131703939,0.0543616134,2.40599941,32.4593653,-1.98406122,0,0.144070667,96409.0869,23.1911217
0,6.6441,0.23758,-0.68537,0.024613,5.3168e-05,2.8142e-05,2.5026e-05,0.84985,9.5839,0.00013486,4.7656e-05,0.14407,0.15077,2.7564
0,41.4848,0.414255,-1.08558,0.0101484,0.0117953,0.0114413,0.000353996,0.900546,16.5147,0.0956023,0.0197439,0.144071,41.8826,3.45381
0,14.69462,0.6441029,-1.13041,0.01486283,0.01431529,0.01368098,0.0006343061,0.9295839,25.61229,0.1777452,0.02397825,0.1440707,111.9222,3.562744
2,1.3385608,0.6894341827,-1.800053836,0.0212750062,-0.4848754833,-0.581969531,0.09709404775,-4.988605493,41.29885538,-8.093161941,0,0.1440706667,-182930.6769,-33.8328973
0,8.1923,0.211,-0.84183,0.0091613,0.0007517,0.00068238,6.933e-05,0.8337,8.5056,0.0029042,0.00095526,0.14407,1.0177,3.0111
0,32.7825,0.842258,-1.06631,0.0120481,0.00798937,0.00755253,0.000436838,0.947344,33.7067,0.128311,0.0129847,0.144071,63.4445,3.46006
0,55.06736,0.4265037,-1.225182,0.02417168,0.02762452,0.02642716,0.001197359,0.8928228,16.73062,0.2273519,0.04980729,0.1440707,257.1484,3.728459
0,0.4977722,0.9552770642516342,-1.898223627813272,0.0186436976426745,0,0,0,-2.119137520961634e-63,38.53758687964097,0,0,0.1440706666666666,-1.418038184656518e+69,-2.75360005261014e+65
0,6.24948,0.385783,-0.707655,0.013876,0.000119337,6.64561e-05,5.28812e-05,0.901816,15.5613,0.000517134,0.000112548,0.144071,0.307162,2.81525
0,7.23294,0.40489,-0.881455,0.0107632,0.000882341,0.00079756,8.47817e-05,0.90553,16.3196,0.00651367,0.00135268,0.144071,2.99075,3.10651
2,3.1350466,0.528862116175,-1.41398172511,0.010302409453,-0.200897280985,-0.205729734126,0.00483245314117,-9.13968920545e-05,25.6214371323,-2.19464709123,0,0.144070666667,-43482789.358,-8442.63002203
2,28.5270158,0.495954001,-1.65409595,0.0139661403,-2.51316743,-2.62541863,0.112251201,-10.2830318,70.2903025,-26.2642578,0,0.144070667,-23167.7464,-2.84931253
2,0.8792369,0.8870594374652863,-1.948455519065595,0.008749330935398869,-7.104653077284082,-7.104653371945158,2.946610759835266e-07,-2.601374032879304e-09,290.0295951240217,-127.1220199873303,0,0.1440706666666666,-1.657364180997055e+16,-3218332302590.514
2,3.2266707,0.57127538,-1.4523615,0.0147930657,-0.227447495,-0.309559156,0.0821116605,-0.249390075,28.2880882,-3.56709217,0,0.144070667,-28805.0907,-4.15691843
0,7.15529,0.52055,-0.806268,0.0170523,0.00024151,0.000191843,4.96668e-05,0.925242,20.9948,0.00201434,0.000325032,0.144071,1.43352,2.99324
0,10.6011907,0.842427691963,-1.3602954104,0.0231960327764,0.554792430976,0.00731625196395,0.547476179012,-3.50579484649e-05,15.1303975678,0.124321562146,0,0.144070666667,-33591003.7619,-6521.84619529
0,43.942312,0.26491471,-1.4159092,0.020388776,0.22744197,0.16256149,0.06488048,0.71589487,8.2564311,0.86865818,0.68417815,0.14407067,1833.7528,4.326276
0,5.67849,0.94873,-0.522911,0.0104494,8.5493e-05,8.22575e-06,7.72673e-05,0.957584,38.2702,0.000157414,1.39291e-05,0.144071,0.0663035,2.55168
0,7.75152,0.445982,-0.842914,0.0117145,0.000520632,0.000446946,7.36866e-05,0.913665,17.9824,0.00402066,0.000757558,0.144071,1.99084,3.04687
0,41.845908,0.75426147,-1.3456895,0.014602732,0.18520811,0.12878323,0.056424881,0.82147316,24.792698,1.9593247,0.38762296,0.14407067,1947.2035,4.2811711
2,19.4870936,0.725681687,-1.68282799,0.0132300762,0.42606904,-0.498064514,0.924133553,1.25765065,16.8020001,-7.29049362,0,0.144070667,65492.36,17.1383849
0,36.2589896,0.579295422,-1.57057955,0.0219536026,0.0707245187,0.0521493428,0.0185751759,2.38122016,21.7169955,0.609360231,0,0.144070667,10573.4816,6.26808115
0,12.43069,0.6461353,-1.14622,0.02382556,0.01091512,0.01040809,0.0005070294,0.9319634,25.78174,0.1356499,0.01832605,0.1440707,137.6774,3.594196
1,0.28412,0.93863,-1.905,0.015429,,,,,,,,,,
0,4.6872221,0.22161856,-1.5926885,0.012973796,0.015536331,0.010443945,0.0050923856,3.5234488,8.8015871,0.046686992,0,0.14407067,3847.1955,4.9321065
2,15.72251,0.97554388,-1.5397215,0.015480249,0.048912141,-0.00078375668,0.049695897,-12.667149,37.43024,-0.015422445,0,0.14407067,-2304.7377,1.2061509
1,0.30115,0.82759,-1.8715,0.014271,,,,,,,,,,
0,7.21604,0.385579,-0.816016,0.0222507,0.000202243,0.000166629,3.56142e-05,0.901717,15.5518,0.00129595,0.000282322,0.144071,1.23491,2.99529
0,25.7114,0.841344,-1.02566,0.0230237,0.00250683,0.00236171,0.000145121,0.950862,33.8562,0.0400798,0.00403091,0.144071,37.665,3.38762
0,98.624309,0.80668242,-1.4612784,0.01371892,0.45894051,0.297756,0.16118452,0.61201998,17.607706,4.8449386,1.821084,0.14407067,8192.65,5.6833529
0,53.850641,0.26128091,-1.4730369,0.016778364,0.35179382,0.35179235,1.4699296e-06,0.62708134,6.8324429,1.8540406,1.7317873,0.14407067,3608.5575,4.762825
0,43.62495,0.2530015,-1.243576,0.02033137,0.03975875,0.03883141,0.0009273334,0.8332446,9.800735,0.1981671,0.07499703,0.1440707,204.4251,3.724825
0,7.4709,0.324122,-0.945581,0.0100834,0.00203929,0.00193614,0.000103152,0.884097,13.049,0.0126581,0.00329046,0.144071,5.58183,3.20321
0,48.038769,0.79719615,-1.4979436,0.022325409,0.14458234,0.1141839,0.030398435,4.542459,27.510506,1.8360954,0,0.14407067,2762.0392,4.6096151
0,83.4843,0.374088,-0.656213,0.0132159,9.06882e-05,3.60406e-05,5.46476e-05,0.899076,15.09,0.000271951,6.10292e-05,0.144071,0.1543,2.7284
0,10.148782,0.65887968,-1.4732002,0.011195349,0.062478351,4.8894717e-06,0.062473461,3.5344334,24.919687,6.4982022e-05,0,0.14407067,2339.9966,4.4943976
0,7.17175,0.347088,-0.629592,0.0231741,4.49057e-05,1.46009e-05,3.03048e-05,0.892105,14.0015,0.000102222,2.47245e-05,0.144071,0.102501,2.68076
0,7.1133082,0.394765646,-1.6860992,0.0147859902,0.188963739,0.118112709,0.0708510296,3.27995492,12.9162009,0.940505098,0,0.144070667,20132.8309,8.27296177
0,7.68682,0.829895,-0.9257,0.0198187,0.000837229,0.000763899,7.33291e-05,0.951323,33.4514,0.0127875,0.00129682,0.144071,10.301,3.21572
0,7.17947,0.31142,-0.754575,0.00907358,0.000263075,0.000185646,7.74288e-05,0.881083,12.5599,0.00116616,0.000314459,0.144071,0.463608,2.88335
0,7.25937,0.526639,-0.872169,0.0111032,0.0007739,0.000686322,8.75786e-05,0.9257,21.2291,0.00729064,0.00116382,0.144071,3.37781,3.10356
0,26.96918,0.68255475,-1.4817421,0.020677439,0.7704676,0.44586846,0.32459914,0.55605672,6.3202848,6.1386012,0,0.14407067,4209.7883,4.8961977
0,7.3169,0.684391,-0.751335,0.00896756,0.000273901,0.000180181,9.37198e-05,0.942047,27.602,0.00248736,0.000305209,0.144071,0.914064,2.91508
0,5.1331946,0.62250694,-1.5370058,0.011568081,0.7461005,0.044137059,0.70196344,1.5485307,6.3761893,0.55420796,0,0.14407067,3101.4856,4.7205481
1,0.28584,0.25159,-1.9431,0.0095678,,,,,,,,,,
0,54.05687,0.7529196,-1.175715,0.02086593,0.01816426,0.0169813,0.001182959,0.935378,29.8224,0.257896,0.03056399,0.1440707,231.7612,3.66872
0,29.9367592,0.760056455,-1.67891561,0.0127388774,0.381094078,0.200105821,0.180988256,1.1279855,18.9769169,3.06782615,0,0.144070667,78430.8276,19.6561764
2,1.5319874,0.304210975942,-1.49449130917,0.00874265971691,-111.181767252,-111.2840477,0.102280447817,-0.0520144537419,1376.74124338,-682.862028082,0,0.144070666667,-11547606.3363,-2241.1870476
0,16.29773,0.9906681,-1.116337,0.01756407,0.01041218,0.009712877,0.0006992976,0.9525493,39.5492,0.1940892,0.01693519,0.1440707,140.7677,3.566055
0,7.34826,0.45245,-0.640563,0.0210821,5.39725e-05,1.84782e-05,3.54942e-05,0.915086,18.2516,0.000168638,3.12908e-05,0.144071,0.149971,2.71129
0,21.8723899,0.260755324,-1.75027373,0.0164455878,0.401618213,0.230752418,0.170865795,1.09595233,6.29457941,1.21368118,0,0.144070667,66958.7193,17.4917116
2,41.8990338,0.990723201,-1.654196263,0.01853488772,-7.399711809,-9.181499681,1.781787872,-4.599718334,335.7158806,-183.4810123,0,0.1440706667,-247690.7372,-46.56968042
0,13.8440562,0.643150002,-1.63175776,0.0122838046,0.00443740267,0.00118771278,0.00324968989,4.171291,25.8306904,0.0154080924,0,0.144070667,15752.9777,7.35551864
0,6.95229,0.802246,-0.706487,0.0222787,7.8119e-05,4.07751e-05,3.73439e-05,0.950239,32.3615,0.000659823,6.90553e-05,0.144071,0.597201,2.8483
2,3.350084,0.49274219,-1.4454132,0.015146528,0.34552151,-0.0058664832,0.35138799,-0.38564457,13.00979,-0.058307276,0,0.14407067,-7835.5058,-0.025019476
0,37.419662,0.45682241,-1.3404133,0.022258248,0.10810445,0.082657565,0.02544689,0.84517328,16.436773,0.76164952,0.23763992,0.14407067,1172.5152,4.0993995
0,55.874338,0.60060104,-1.368083,0.018402402,0.16686405,0.1159232,0.050940845,0.82330298,20.186319,1.4043703,0.41010026,0.14407067,2109.1104,4.3391083
1,58.4666,0.421255,-1.35562,0.0201609,,,,,,,,,,
0,17.0508222,0.570979249,-1.66727712,0.023840534,0.0116491922,0.000812735758,0.0108364565,2.57621737,22.7659938,0.00936040981,0,0.144070667,35476.7714,11.2627935
0,49.37362,0.3739669,-1.171083,0.008995187,0.03806023,0.03702632,0.001033913,0.8750065,14.5123,0.2792987,0.06680391,0.1440707,113.5989,3.604507
0,8.07199,0.840199,-0.816746,0.0150832,0.00031162,0.000248104,6.35155e-05,0.952226,33.8846,0.00420477,0.000420405,0.144071,2.57193,3.03397
0,6.79351,0.832755,-0.647466,0.0226094,5.50309e-05,1.88272e-05,3.62037e-05,0.951988,33.593,0.000316248,3.18824e-05,0.144071,0.289931,2.75209
0,7.6058,0.22431,-0.85652,0.019586,0.0003527,0.00031837,3.4331e-05,0.84218,9.0458,0.0014405,0.00053963,0.14407,1.294,3.0382
0,15.2665274,0.590637919,-1.757849974,0.01426301286,0.5305448981,0.4839012508,0.04664364724,1.086753594,11.18589027,5.765052153,0,0.1440706667,132262.0339,30.21510835
0,66.188223,0.25673879,-1.4910409,0.014217209,0.43674049,0.43673862,1.8685104e-06,0.56184195,5.8338491,2.261717,2.5755156,0.14407067,4333.6805,4.9310447
0,56.36945,0.7442177,-1.234786,0.01129655,0.0699663,0.06138252,0.008583782,0.9003135,27.92247,0.921446,0.1205668,0.1440707,481.4718,3.813849
0,7.22624,0.365238,-0.747167,0.0210206,0.000107839,7.28675e-05,3.49717e-05,0.896873,14.7328,0.000536828,0.000123416,0.144071,0.485743,2.87835
0,7.57512,0.32302,-0.882058,0.00970255,0.000977988,0.000891579,8.6409e-05,0.884412,13.0184,0.00580917,0.00151222,0.144071,2.46175,3.09701
0,8.01387,0.933099,-0.926163,0.0160368,0.00104569,0.000949587,9.60984e-05,0.95628,37.6035,0.0178726,0.0016122,0.144071,11.5883,3.22249
0,8.1813141,0.67969875,-1.5341728,0.018480994,0.83167802,0.0056808611,0.82599716,0.94645079,4.6154333,0.077885357,0,0.14407067,3541.924,4.8100641
0,13.9069995,0.6856050692,-1.836889522,0.02193615735,0.1972614537,0.1353553734,0.06190608031,2.779749558,22.20257285,1.871865723,0,0.1440706667,283276.9226,59.65792374
0,6.65821,0.27918,-0.539404,0.0131088,5.78453e-05,8.10452e-06,4.97408e-05,0.869288,11.262,4.5639e-05,1.37233e-05,0.144071,0.026565,2.52117
0,7.50342,0.538116,-0.845222,0.0210695,0.000299425,0.000255997,4.34272e-05,0.927464,21.7021,0.00277867,0.000433867,0.144071,2.4381,3.05968
1,0.47582,0.40315,-1.988,0.024641,,,,,,,,,,
1,0.2845,0.55721,-1.8617,0.010257,,,,,,,,,,
0,5.93663,0.79899,-0.606443,0.0137261,7.69316e-05,1.83101e-05,5.86215e-05,0.950047,32.2302,0.000295092,3.10061e-05,0.144071,0.16457,2.68195
2,11.1968437,0.687722957,-1.42902541,0.0135591747,-0.072800341,-0.0728308733,3.05322663e-05,-0.188033398,29.7637461,-1.01030897,0,0.144070667,-29786.4188,-4.37253384
0,49.00115,0.5125767,-1.218741,0.01045578,0.05928457,0.05616235,0.003122222,0.8858599,19.45236,0.5806699,0.1060011,0.1440707,277.403,3.729846
0,12.8495,0.251122,-0.639422,0.0109426,9.25475e-05,3.50835e-05,5.7464e-05,0.856757,10.1298,0.00017771,5.9408e-05,0.144071,0.0876084,2.68252
0,22.4883,0.281935,-1.13538,0.0122067,0.0181365,0.0177629,0.000373557,0.859216,11.1675,0.101016,0.0311191,0.144071,56.275,3.52158
0,7.9941,0.24257,-0.66224,0.018346,6.2016e-05,2.8051e-05,3.3965e-05,0.85247,9.785,0.00013725,4.7501e-05,0.14407,0.11402,2.7189
0,55.9335,0.5769803,-1.252087,0.01916649,0.04987411,0.04450542,0.005368684,0.8997099,22.11553,0.5179634,0.08874514,0.1440707,476.5619,3.82967
0,40.59648,0.2506292,-1.213487,0.02379812,0.02401365,0.02353093,0.0004827208,0.8418534,9.868031,0.1189586,0.04353303,0.1440707,138.4181,3.661884
2,1.4591306,0.3756177927,-1.901680427,0.02336226954,0.3085824851,-0.468363666,0.7769461511,8.284728903,10.47711472,-3.54857937,0,0.1440706667,103088.3329,24.68107501
2,36.1139456,0.942029931,-1.4175443,0.0122620339,-0.684622626,-0.697310533,0.0126879072,-0.532353329,64.0210064,-13.2500067,0,0.144070667,-19527.2677,-2.37015852
0,65.41247,0.5111036,-1.312622,0.01872551,0.09574284,0.07669399,0.01904886,0.8615394,18.64473,0.7906703,0.197673,0.1440707,913.0598,4.008376
0,28.14614,0.3953539,-1.179724,0.01317947,0.02901881,0.0281577,0.0008611126,0.8856431,15.48646,0.2245476,0.05094638,0.1440707,133.8264,3.625495
0,32.4998807,0.979627504,-1.56906628,0.0177106789,0.696513515,0.145649117,0.550864398,0.496321641,11.9937638,2.87802125,0,0.144070667,27476.9435,9.59801607
0,15.3835,0.274209,-0.644202,0.00969032,0.000109456,4.2125e-05,6.73311e-05,0.867202,11.0609,0.000232995,7.13335e-05,0.144071,0.100494,2.69435
0,26.0745604,0.6371637494,-1.801632616,0.01531167637,0.6573556097,0.5030314028,0.1543242069,0.7233523284,8.807443208,6.465041655,0,0.1440706667,274558.4353,57.92807182
0,7.95367,0.825809,-0.835512,0.0090519,0.00063622,0.00052595,0.00011027,0.951227,33.2934,0.0087609,0.000891472,0.144071,3.21928,3.0644
0,6.14187,0.66975,-0.510112,0.0163492,5.24123e-05,4.46052e-06,4.79518e-05,0.941002,27.0175,6.02592e-05,7.5531e-06,0.144071,0.0404123,2.51344
0,25.66287,0.35757739,-1.5053368,0.019597218,0.86391873,0.85818731,0.0057314178,0.22325323,1.9630148,6.1898099,0,0.14407067,4409.5099,4.9609567
0,14.126,0.43808,-1.03703,0.0142418,0.00457,0.00440787,0.000162133,0.909682,17.5921,0.03895,0.00754147,0.144071,23.6749,3.37241
1,0.64323,0.99961,-1.9556,0.02045,,,,,,,,,,
2,39.58162,0.6163273,-1.530437,0.0237057,-0.4885042,-1.685878,1.197374,-30.15398,37.00979,-20.95863,0,0.1440707,-849.6818,1.530687
2,24.328949,0.49828671,-1.6309646,0.0085951057,0.29171931,-1.6782917,1.970011,6.6389695,14.237701,-16.868324,0,0.14407067,5400.2269,5.2893798
0,8.95394,0.418217,-1.01904,0.0160841,0.00322285,0.003104,0.000118849,0.906768,16.8172,0.0261848,0.00529978,0.144071,18.0199,3.3393
0,32.1838214,0.975988468,-1.67312437,0.00890207385,0.765901978,0.52890234,0.236999638,0.461960011,9.21716999,10.4122682,0,0.144070667,86347.8957,21.1926926
0,5.55181,0.94608,-0.600657,0.0189924,5.51701e-05,1.22854e-05,4.28847e-05,0.95749,38.1645,0.000234446,2.08038e-05,0.144071,0.179508,2.68063
0,45.50627,0.8273981,-1.220603,0.01237633,0.05496553,0.04832298,0.006642551,0.9152932,31.54404,0.8064796,0.09172004,0.1440707,445.9134,3.788819
0,24.4817,0.309507,-1.16556,0.0195757,0.016452,0.0160808,0.000371242,0.870363,12.2807,0.100393,0.0285937,0.144071,90.0215,3.58245
0,45.8480498,0.4371063067,-1.774729153,0.01923775118,0.9205098886,0.6346609595,0.285848929,0.1419654591,1.401700876,5.595694902,0,0.1440706667,157589.7513,35.15922199
2,13.930497,0.79750063,-1.4644486,0.015696533,0.22134274,-0.0059982327,0.22734097,2.3411155,25.051431,-0.096489379,0,0.14407067,3173.8158,4.6632208
2,15.0045608,0.97126088499,-1.4945006531,0.01793660959,-0.071034239988,-0.14030981181,0.069275571818,-0.005031222351,41.965695027,-2.748837783,0,0.14407066667,-3639458.0938,-705.49364493
2,0.9596045,0.336493516,-1.91907759,0.0157970626,-0.00076676762,-0.00302786217,0.00226109455,-112.725902,13.5851595,-0.0205512372,0,0.144070667,-12283.8995,-0.438263726
0,4.1508849,0.4099480341,-1.504953845,0.02463066528,0.5042644941,0.06770856185,0.4365559322,-0.01601017547,8.198492422,0.5598833699,0,0.1440706667,-255544.3523,-48.24557136
1,0.34589,0.94456,-1.8258,0.012564,,,,,,,,,,
0,7.98646,0.707323,-0.7495,0.0125393,0.000193106,0.00012586,6.72462e-05,0.943868,28.5292,0.00179568,0.000213185,0.144071,0.920971,2.91364
0,29.7979539,0.23650598,-1.809309802,0.009390687895,0.9904662774,0.821766421,0.1686998563,0.01704550619,0.09096195899,3.920267371,0,0.1440706667,132804.1038,30.37203952
2,6.6954785,0.865885219,-1.76491704,0.00950437077,0.103511003,-0.0709495759,0.174460578,6.67540169,31.3155797,-1.23918258,0,0.144070667,66008.8286,17.3211674
2,7.5566245,0.7035905483,-1.808558825,0.01326738874,0.1536185095,-0.3237831198,0.4774016292,4.342073312,24.02377878,-4.595146592,0,0.1440706667,136369.2574,31.0649447
0,7.63267,0.726158,-0.807777,0.00863966,0.000491696,0.000386,0.000105696,0.945048,29.2801,0.00565384,0.00065408,0.144071,1.99565,3.01186
2,1.331128,0.4483405531,-1.902679572,0.022924116,-0.02196868903,-0.392015224,0.370046535,-1.645750627,18.48420513,-3.545162339,0,0.1440706667,-927377.4728,-178.3731661
2,8.2262886,0.61026631626,-1.8277892717,0.024885491176,0.00087414573967,-0.00018597332759,0.0010601190673,-0.76699244586,24.597714878,-0.0022892605909,0,0.14407066667,-1011933.5327,-194.87195471
2,16.687157,0.82604243,-1.4521072,0.017882435,-0.0061353738,-0.0071972048,0.001061831,2.6436437,33.528486,-0.11991994,0,0.14407067,3210.2365,4.6585379
0,6.58464,0.482383,-0.595225,0.0213255,4.55346e-05,1.02041e-05,3.53305e-05,0.919936,19.4593,9.92867e-05,1.7279e-05,0.144071,0.0888434,2.63904
2,12.875369,0.42092864,-1.4689777,0.011802874,0.019287548,-0.028737238,0.048024787,-1.8313472,16.653493,-0.24399374,0,0.14407067,-2858.7238,1.0167638
0,14.85401,0.8082945,-1.121898,0.01724816,0.01122445,0.0106063,0.0006181532,0.9433425,32.24204,0.1729254,0.01852223,0.1440707,124.459,3.562122
0,40.0133,0.614796,-1.06289,0.0180907,0.00504105,0.00482614,0.000214905,0.932859,24.6769,0.059849,0.00827601,0.144071,45.143,3.43561
0,63.011896,0.23969422,-1.4481024,0.01223233,0.44683083,0.30620865,0.14062217,0.54853467,5.3489767,1.480472,1.7244047,0.14407067,2344.5114,4.4702755
0,38.011528,0.23715126,-1.6087224,0.016760677,0.63025761,0.069416727,0.56084088,1.0305394,3.5373648,0.3320586,0,0.14407067,6495.4735,5.4893052
0,62.1942,0.5662652,-1.284931,0.01579807,0.08727119,0.0729122,0.01435899,0.8737577,20.85051,0.8328087,0.1641729,0.1440707,705.4535,3.927116
0,55.6826,0.3927952,-1.27827,0.01563377,0.07842906,0.07210929,0.006319771,0.8531325,14.60327,0.5713241,0.152295,0.1440707,464.5371,3.852205
0,20.213365,0.36235769,-1.5504961,0.013405445,0.077214803,0.065126094,0.012088709,1.8389918,13.48942,0.47601177,0,0.14407067,6570.4793,5.4462338
0,0.6739186,0.7078348131264331,-1.951634185036866,0.01287882388954447,0,0,0,-1.684187216171936e-19,28.5553235057142,0,0,0.1440706666666666,-2.62547064642711e+25,-5.098237965911489e+21
1,0.30487,0.45005,-1.9994,0.017584,,,,,,,,,,
0,7.86513,0.959925,-0.848663,0.00845534,0.000794135,0.000666539,0.000127596,0.957596,38.6944,0.0129059,0.00112999,0.144071,4.40058,3.09384
0,6.85507,0.359436,-0.589654,0.021219,4.28096e-05,9.54726e-06,3.32623e-05,0.895424,14.4997,6.9219e-05,1.61665e-05,0.144071,0.0633152,2.61606
0,6.43584,0.960368,-0.683606,0.0163778,9.2452e-05,4.13428e-05,5.11093e-05,0.958072,38.7394,0.00080087,7.00152e-05,0.144071,0.528495,2.81913
0,8.17341,0.318825,-1.00025,0.0239826,0.00169718,0.00163876,5.84212e-05,0.882628,12.8401,0.0105389,0.00279197,0.144071,11.1029,3.29428
0,32.1932532,0.4063325726,-1.83683472,0.01138788184,0.9926397339,0.6847525397,0.3078871942,0.01452052993,0.1206508318,5.612294601,0,0.1440706667,294479.9331,61.8353047
1,0.31268,0.58195,-1.8612,0.0097362,,,,,,,,,,
0,36.1208058,0.9228298549,-1.679721392,0.02382042197,0.9544323933,0.8228292111,0.1316031822,0.07622329727,1.696418584,15.31639323,0,0.1440706667,104834.6768,24.79909076
0,25.5014019,0.999137287,-1.64461916,0.024570882,0.438150518,0.371597326,0.0665531914,1.05043188,22.6464597,7.48898426,0,0.144070667,64695.8127,16.9448707
2,35.651496,0.32703850152,-1.7325339599,0.010921079292,-170.87162542,-255.54555944,84.673934024,-3.9968822422,2267.5571134,-1685.746992,0,0.14407066667,-5266336.4074,-1021.187967
0,8.09637,0.852085,-0.928966,0.0166382,0.00103894,0.000948738,9.0201e-05,0.952386,34.3389,0.0163063,0.00161089,0.144071,11.0149,3.22257
2,28.6272494,0.45445739,-1.51539074,0.0140571869,-26.3916338,-27.4739231,1.08228934,24.5734319,502.187933,-251.848297,0,0.144070667,11661.395,6.42917959
2,49.167401,0.77048633,-1.4038604,0.01950884,0.19771406,-0.0041971242,0.20191119,1.5214895,24.937291,-0.065229181,0,0.14407067,2232.3604,4.401737
0,54.70945,0.6182834,-1.189317,0.02072291,0.0213369,0.02016435,0.001172554,0.922634,24.41046,0.2514763,0.03665008,0.1440707,229.039,3.681187
0,9.8147539,0.674783274596,-1.40746459478,0.02430873812993,0.04883473327599,7.679715537977e-05,0.04875793612061,-9.684433508063e-06,25.89258786016,0.001045284748428,0,0.1440706666667,-381409157.3514,-74062.56532275
0,6.53683,0.421129,-0.555266,0.0104174,8.26996e-05,1.25028e-05,7.01968e-05,0.909327,16.9877,0.000106205,2.11714e-05,0.144071,0.0469637,2.56632
0,14.83207,0.9651858,-1.097105,0.01804791,0.007933356,0.007436045,0.000497311,0.9531515,38.62842,0.1447698,0.01287363,0.1440707,107.3273,3.526392
0,32.079309,0.83991086,-1.4036489,0.013743771,0.92478772,0.73540734,0.18938038,0.19341978,2.5484558,12.45909,0,0.14407067,1789.7016,4.3042123
0,7.12234,0.971599,-0.874224,0.0116688,0.000772683,0.000670489,0.000102194,0.958093,39.1657,0.0131402,0.00113704,0.144071,6.18212,3.13721
2,55.803368,0.8191937409,-1.757462339,0.01601619579,-4.711045603,-23.98867196,19.27762636,-5.411635326,188.7371617,-396.385721,0,0.1440706667,-445925.4126,-84.99058298
0,48.4378023,0.345269409,-1.58597138,0.017708592,0.199056645,0.00760375978,0.191452885,0.948451423,11.1561686,0.0529555715,0,0.144070667,16618.059,7.48046395
0,13.7751,0.481523,-1.04429,0.0231344,0.00309364,0.00297912,0.000114522,0.917865,19.3654,0.0289355,0.00509637,0.144071,28.3533,3.38985
1,0.32686,0.29695,-1.8569,0.017567,,,,,,,,,,
0,0.8041492,0.74107851724,-1.6750341886,0.016124638789,0.0021244400453,0.0021244400453,3.6862873865e-17,-0.04261977353,29.83292086,0.031756590845,0,0.14407066667,-3104538.1167,-601.43216361
0,0.5573079,0.5369490010642664,-1.963999776405273,0.02191963860250251,0,0,0,-6.452922801901678e-11,21.66148393258171,0,0,0.1440706666666666,-6.092884782567482e+16,-11831393568494.43
0,5.7728,0.82279,-0.610531,0.0157925,6.78887e-05,1.67723e-05,5.11163e-05,0.951427,33.1906,0.000278361,2.84021e-05,0.144071,0.178352,2.69017
2,12.762725,0.25324128,-1.5363314,0.009242137,0.31413914,-0.25733329,0.57147243,-1.1509939,7.0068963,-1.3144851,0,0.14407067,-4545.8932,0.73266292
0,67.030685,0.25173791,-1.4508755,0.0093212221,0.50567169,0.34304424,0.16262744,0.50472985,5.0201798,1.7419028,2.3450119,0.14407067,2478.0811,4.5018327
0,16.883061,0.95024836,-1.4917003,0.018760748,0.5893949,0.57587447,0.013520426,1.0494176,15.740432,11.037993,0,0.14407067,6313.3869,5.3354639
0,7.0812,0.871678,-0.943039,0.0157036,0.00130963,0.00120368,0.00010595,0.953217,35.119,0.0211637,0.00204493,0.144071,13.4855,3.24752
0,25.418872,0.98180778,-1.421228,0.013412501,0.02730349,0.022355259,0.0049482303,2.3014395,38.52645,0.44272226,0,0.14407067,2849.8872,4.5515669
0,5.4515,0.555814,-0.594921,0.0127465,7.74664e-05,1.70051e-05,6.04613e-05,0.929747,22.4208,0.000190648,2.87959e-05,0.144071,0.100889,2.64527
0,47.587903,0.7216119,-1.2989673,0.0093567592,0.16652301,0.12873037,0.037792641,0.83256841,24.263445,1.8737423,0.33195618,0.14407067,1031.7538,4.0240486
0,5.106,0.964853,-0.501283,0.00957184,9.11695e-05,6.80181e-06,8.43677e-05,0.958259,38.9203,0.000132376,1.15179e-05,0.144071,0.0510387,2.51661
2,0.8305218,0.4698061957962005,-1.937453499959935,0.02373269716961007,0.419851076907757,-0.005954583959875109,0.4258056608676321,-5.200447315511147e-06,10.99545983622723,-0.05642808782895856,0,0.1440706666666666,-272883301775.1678,-52989508.09010447
0,12.296,0.335385,-1.05761,0.0206549,0.00406378,0.00395205,0.000111721,0.886252,13.4751,0.0267357,0.00677332,0.144071,24.2458,3.39433
0,5.37327,0.532756,-0.568424,0.0138282,6.63758e-05,1.11532e-05,5.52226e-05,0.926938,21.4909,0.000119854,1.88861e-05,0.144071,0.069016,2.59926
0,7.03599,0.257652,-0.958599,0.0236491,0.00101708,0.000975781,4.12949e-05,0.859312,10.3836,0.00507119,0.00165831,0.144071,5.40148,3.2145
0,24.3436,0.329879,-1.12693,0.0171167,0.0117036,0.0114252,0.000278325,0.879831,13.1522,0.076023,0.0199113,0.144071,58.0705,3.51509
0,6.57607,0.926232,-0.888962,0.00848172,0.00126165,0.00111415,0.000147499,0.955835,37.3187,0.0208157,0.00189031,0.144071,7.13506,3.1595
0,6.94009,0.438059,-0.916809,0.0113859,0.00127909,0.00118622,9.28708e-05,0.911765,17.6495,0.0104815,0.00201368,0.144071,5.05877,3.16928
0,13.69298,0.8348286,-1.107901,0.01392964,0.01166302,0.01101879,0.0006442345,0.9445444,33.28569,0.185548,0.01916077,0.1440707,107.2075,3.537108
0,0.5584109,0.44286949890716,-1.97841963810959,0.02021130963086828,0,0,0,-7.72641749988858e-32,17.86614839732194,0,0,0.1440706666666666,-5.051081925816534e+37,-9.808381471783525e+33
2,41.289154,0.95935044,-1.4182795,0.023618355,-0.0088934636,-0.025163106,0.016269642,2.1944211,39.046108,-0.48693018,0,0.14407067,2916.6091,4.5627638
0,48.367967,0.77640179,-1.3896868,0.022857742,0.12905015,0.075870107,0.05318004,1.7316576,27.279402,1.1881804,0,0.14407067,1788.5044,4.2899833
0,30.9698796,0.451066061,-1.57151776,0.0235884756,0.783102918,0.0585017536,0.724601164,0.415720561,3.94683551,0.532272717,0,0.144070667,11140.3573,6.38178089
0,36.585431,0.71594437,-1.3355602,0.022368116,0.10898522,0.077401609,0.031583608,0.87200776,25.734715,1.1177751,0.22218186,0.14407067,1671.7616,4.2097188
0,32.405756,0.7060044,-1.4552711,0.01416327,0.98487303,0.81049771,0.17437532,0.030285241,0.43083857,11.542088,0,0.14407067,3750.241,4.7745506
0,6.94537,0.878883,-0.804927,0.00862515,0.000482144,0.000372757,0.000109387,0.954114,35.4386,0.00660818,0.000631629,0.144071,2.30644,3.0165
0,38.035309,0.32495123,-1.3629038,0.013995976,0.19412252,0.15247347,0.041649048,0.75862241,10.56434,0.99939606,0.50450947,0.14407067,1120.7959,4.109529
0,32.254221,0.57410057,-1.5452328,0.018012686,0.98426899,0.17950711,0.80476188,0.031720523,0.36433398,2.0787144,0,0.14407067,9615.7148,6.0518728
2,18.7237178,0.3261616941,-1.783231684,0.02045470418,-2.590626722,-3.110101696,0.5194749747,7.673888256,47.24527475,-20.46127606,0,0.1440706667,109604.6878,25.83114609
0,7.23041,0.370465,-0.621204,0.0185486,5.48494e-05,1.63788e-05,3.84706e-05,0.898213,14.9444,0.000122392,2.77351e-05,0.144071,0.0975615,2.66983
0,60.01162,0.8076127,-1.260817,0.01414065,0.0779105,0.06327847,0.01463203,0.898893,30.04218,1.030823,0.1345601,0.1440707,724.8468,3.908161
0,7.60335,0.534966,-0.952317,0.0147246,0.00153913,0.00144564,9.34944e-05,0.926276,21.5483,0.0155995,0.00245693,0.144071,9.59277,3.23854
2,0.9032541,0.671363581894,-1.89935909516,0.0137282988552,0.0973725877023,-0.148877151394,0.246249739097,-0.172576015438,24.446768731,-2.01609503538,0,0.144070666667,-11208247.6821,-2174.88270321
0,6.59495,0.938976,-0.707323,0.0131909,0.000133789,6.96082e-05,6.4181e-05,0.957132,37.8749,0.00131838,0.00011789,0.144071,0.701407,2.85742
0,40.617764,0.63029986,-1.3316468,0.02489682,0.092882761,0.067779043,0.025103718,0.87617673,23.065655,0.86172325,0.18982926,0.14407067,1418.1378,4.1481016
0,0.5033456,0.807386874,-1.93657487,0.0132027806,0,0,0,-44.0140519,32.5714319,0,0,0.144070667,-94438.3461,-16.4786295
0,19.7368501,0.386608476,-1.71322646,0.0117762881,0.560181773,0.47048526,0.0896965133,1.03989704,6.85961532,3.66895651,0,0.144070667,47783.2037,13.7137538
0,31.1334,0.57188,-1.09316,0.0138623,0.00959268,0.00922034,0.000372337,0.925474,22.8494,0.10636,0.0159325,0.144071,62.1537,3.48561
0,0.5370524,0.3930884347,-1.96214036,0.02157615013,0,0,0,8.888074765,15.85789115,0,0,0.1440706667,316195.9557,66.18116549
1,66.0863,0.619686,-1.29766,0.0214771,,,,,,,,,,
0,8.38452,0.290282,-1.04216,0.0134822,0.00510137,0.00496735,0.000134023,0.870538,11.6508,0.0290851,0.00850845,0.144071,17.4991,3.36081
0,63.60224,0.3710019,-1.245489,0.01571785,0.05331742,0.05106639,0.002251029,0.8644516,14.16888,0.3821523,0.09942327,0.1440707,291.9534,3.762047
0,6.06144,0.839567,-0.621705,0.0131356,8.49882e-05,2.32767e-05,6.17116e-05,0.952339,33.8668,0.000394186,3.94171e-05,0.144071,0.209871,2.70971
0,21.5354405,0.370999555,-1.71030556,0.0118596238,0.452535491,0.347287861,0.10524763,1.0373278,8.19378425,2.59889158,0,0.144070667,55111.2568,15.1411531
0,61.966274,0.28540153,-1.477033,0.009603522,0.52583224,0.52582949,2.7416407e-06,0.49997627,5.4593821,3.0270975,3.1849719,0.14407067,3806.8657,4.8080782
0,37.673125,0.65130904,-1.3507598,0.023615447,0.12217687,0.085463292,0.036713575,0.85792389,23.064779,1.1227728,0.25581822,0.14407067,1851.2519,4.2650126
0,100.86769,0.75613974,-1.4249431,0.013869994,0.35179234,0.23242802,0.11936432,0.69687151,19.772946,3.5449957,1.129482,0.14407067,5066.5413,5.0152847
0,57.675429,0.21051375,-1.4486202,0.024802505,0.24102487,0.1636687,0.077356169,0.68027966,6.4455975,0.69497834,0.85613361,0.14407067,2293.2432,4.4597018
0,31.02078,0.69091168,-1.5696141,0.0248509804,0.0432742578,0.0295749395,0.0136993183,-0.320271774,26.6664473,0.412165437,0,0.144070667,-95340.7613,-17.0213134
0,0.5826707,0.2466839471060309,-1.906134871878425,0.01083903954094808,0,0,0,-6.188219508750589e-120,9.951672032300822,0,0,0.1440706666666666,-1.388114658826053e+125,-2.69549342107327e+121
0,24.7671,0.695774,-1.02889,0.0171092,0.00348546,0.00331072,0.000174734,0.940865,27.9709,0.0464639,0.00565445,0.144071,32.7821,3.38277
0,6.3676,0.790568,-0.709347,0.0192549,9.21436e-05,4.89436e-05,4.32e-05,0.949533,31.89,0.000780477,8.28902e-05,0.144071,0.610978,2.85234
1,204.1005,0.7312639,-1.292063,0.02012115,,,,,,,,,,
2,21.0896331,0.354156505,-1.61331594,0.0115366453,-0.373753626,-0.426488564,0.0527349385,3.69678282,19.6272403,-3.04668661,0,0.144070667,10657.5107,6.32754136
0,26.4855752,0.9198421536,-1.807655572,0.02209228692,0.6915274167,0.5393722103,0.1521552064,-0.5893310924,11.44682504,10.00753334,0,0.1440706667,-473215.8156,-90.2427953
0,13.26086,0.53442965,-1.5771877,0.0097511022,0.030402225,0.0031551652,0.027247059,3.2219083,20.904382,0.034012442,0,0.14407067,8188.511,5.7984324
0,7.58996,0.741227,-0.823373,0.010111,0.000496444,0.000402944,9.34998e-05,0.946096,29.8876,0.0060245,0.000682866,0.144071,2.48612,3.03884
0,0.5610478,0.597788382249,-1.7983053956,0.0144427719554,0,0,0,-0.00604920192997,24.1158534824,0,0,0.144070666667,-86134802.203,-16724.6096103
0,59.5208,0.900215,-1.03752,0.0117939,0.0056945,0.00535541,0.000339097,0.951751,36.1095,0.0972442,0.00916354,0.144071,46.7363,3.41232
0,6.8114,0.22158,-0.53723,0.014088,4.9259e-05,7.3347e-06,4.1925e-05,0.84073,8.9384,3.2782e-05,1.2419e-05,0.14407,0.021201,2.5074
0,81.81022,0.6266544,-1.283714,0.02288821,0.06090946,0.04961557,0.0112939,0.897345,23.74055,0.6271498,0.111559,0.1440707,769.99,3.942929
2,11.1490488,0.701068216,-1.62385911,0.0245903942,0.955584148,-0.1713551,1.12693925,0.17236297,1.25618454,-2.42316218,0,0.144070667,16751.1431,7.5446043
0,7.31005,0.634552,-0.888616,0.0183178,0.000573406,0.000513785,5.96208e-05,0.937599,25.5843,0.00657619,0.000871385,0.144071,4.96452,3.1401
0,67.84852,0.8762614,-1.247696,0.01058894,0.089127,0.07336762,0.01575938,0.8948037,32.19932,1.296771,0.1518239,0.1440707,659.4,3.877469
0,6.4237,0.560948,-0.543758,0.00929608,9.51084e-05,1.20855e-05,8.30228e-05,0.930334,22.6275,0.000136745,2.04651e-05,0.144071,0.0527411,2.56077
0,50.70655,0.3876935,-1.215234,0.02083233,0.02829876,0.02732006,0.0009787003,0.8843981,15.19765,0.2136462,0.05085856,0.1440707,207.5238,3.697857
0,9.71657,0.25663,-1.05379,0.0234329,0.00339636,0.00331794,7.8426e-05,0.857378,10.3177,0.0171752,0.00568393,0.144071,18.2695,3.3748
0,48.168072,0.42088026,-1.3798614,0.013213657,0.25189844,0.18226057,0.069637871,0.74058569,12.702064,1.5473068,0.66442565,0.14407067,1716.3494,4.2640306
0,7.21891,0.405167,-0.827489,0.00953201,0.000536338,0.000450608,8.57299e-05,0.905806,16.3364,0.00368263,0.000763666,0.144071,1.4964,3.01668
0,23.0872159,0.60469009284,-1.4247465823,0.015611158224,0.78248596022,0.079498434395,0.70298752583,-0.00048259973861,5.3060985737,0.9696535676,0,0.14407066667,-1958324.8801,-379.08276425
0,11.1598727,0.524805759,-1.62167378,0.00845073893,0.572169687,0.121053107,0.45111658,-0.541282076,9.05785388,1.28144421,0,0.144070667,-37397.7869,-5.66958219
0,64.58539,0.353402,-1.317943,0.01412181,0.1282499,0.1111682,0.01708176,0.8114288,12.42843,0.7924549,0.2806531,0.1440707,691.9315,3.956507
0,20.1825,0.974486,-1.00075,0.0137502,0.00308711,0.00287663,0.000210479,0.956701,39.1911,0.0565438,0.00490131,0.144071,31.4681,3.35227
0,34.84567,0.557275,-1.23363,0.01036681,0.07224672,0.06697021,0.005276504,0.8826755,20.85726,0.7527944,0.1294429,0.1440707,361.424,3.774645
0,28.5415,0.998441,-1.06373,0.0225105,0.00418294,0.00391835,0.000264589,0.956934,40.1104,0.0789133,0.00672309,0.144071,72.3046,3.46592
0,48.6245,0.9821187,-1.20888,0.01555282,0.03897043,0.03369094,0.005279496,0.9331492,38.0764,0.6674246,0.06278451,0.1440707,454.1545,3.779638
0,51.14709,0.9159015,-1.142432,0.01027378,0.02445621,0.02280295,0.001653261,0.9401599,36.04547,0.4212743,0.04048131,0.1440707,181.7487,3.613236
0,6.78777,0.374942,-0.514334,0.0158014,4.98662e-05,4.87239e-06,4.49938e-05,0.899309,15.1251,3.68495e-05,8.2504e-06,0.144071,0.0249918,2.49297
0,6.66107,0.692234,-0.689595,0.0140289,0.000109889,5.21234e-05,5.77658e-05,0.94277,27.9229,0.000727798,8.82734e-05,0.144071,0.418067,2.81305
0,7.40627,0.599744,-0.791078,0.020426,0.000173707,0.000131782,4.19252e-05,0.934491,24.1905,0.00159422,0.000223248,0.144071,1.34549,2.97477
0,0.39917,0.20987,-0.74085,0.018088,0,0,0,-0.027889,8.4665,0,0,0.14407,-8.2776,1.1425
0,12.3688,0.228942,-1.07052,0.0143038,0.00685016,0.0067135,0.000136661,0.84094,9.17268,0.0310028,0.0115445,0.144071,20.5303,3.39797
0,61.848533,0.28146856,-1.4188702,0.018289181,0.27364363,0.19258358,0.081060045,0.68951715,8.247737,1.093388,0.79228957,0.14407067,1975.6284,4.3606161
0,0.42385,0.20819,-0.68996,0.0099981,0,0,0,7.5565,8.3989,0,0,0.14407,0.015763,2.6449
0,32.5665,0.223797,-1.1136,0.0113901,0.0147645,0.0145065,0.000258001,0.833149,8.89509,0.0654851,0.0252127,0.144071,34.9472,3.47118
0,5.73603,0.82362,-0.521526,0.0142271,6.21591e-05,5.93514e-06,5.6224e-05,0.951477,33.2243,9.86014e-05,1.00502e-05,0.144071,0.0569095,2.54245
1,0.40903,0.67389,-1.8517,0.0096065,,,,,,,,,,
0,28.249272,0.60233259,-1.4258411,0.012474307,0.055064876,0.034197034,0.020867842,1.8334899,22.961144,0.41547986,0,0.14407067,2262.1292,4.430179
0,5.7183,0.609403,-0.557288,0.0146662,6.21228e-05,9.11435e-06,5.30084e-05,0.935533,24.5829,0.000112036,1.54337e-05,0.144071,0.0677951,2.5872
0,6.77854,0.788058,-0.708715,0.00990255,0.000178337,9.43934e-05,8.39434e-05,0.949325,31.786,0.00150046,0.00015987,0.144071,0.60419,2.85113
0,6.85325,0.423813,-0.624616,0.0132021,7.99531e-05,2.40421e-05,5.5911e-05,0.909851,17.096,0.000205529,4.07128e-05,0.144071,0.115116,2.68175
0,26.25409,0.4296499,-1.189858,0.01528939,0.02840116,0.02743555,0.0009656151,0.892929,16.84057,0.237768,0.05002159,0.1440707,164.4087,3.652143
0,6.19529,0.508687,-0.624919,0.0084723,0.000127619,3.7609e-05,9.001e-05,0.923707,20.5187,0.000385894,6.36886e-05,0.144071,0.13662,2.69085
0,58.71069,0.6137096,-1.27481,0.01345976,0.09217403,0.07747536,0.01469867,0.875224,22.47609,0.9590731,0.1692024,0.1440707,666.6264,3.906546
0,24.8970962,0.534059339,-1.67072255,0.0243755847,0.528503359,0.473381789,0.0551215701,0.944423691,10.1583526,5.09948396,0,0.144070667,45135.321,13.1541447
0,59.76565,0.5687663,-1.224258,0.01973673,0.03442759,0.03204417,0.002383421,0.9089584,22.15511,0.3676276,0.06027972,0.1440707,330.532,3.754684
0,9.06423,0.305864,-1.04461,0.0216863,0.00327652,0.0031882,8.83278e-05,0.877317,12.2987,0.0196698,0.00545855,0.144071,18.9148,3.36753
2,7.4534895,0.6682039478,-1.601683896,0.01489172036,-0.3000639059,-0.300066007,2.101090858e-06,-0.1419436435,35.04522917,-4.044371178,0,0.1440706667,-426819.9239,-81.43413554
0,46.206092,0.30598948,-1.3643479,0.017541809,0.15039035,0.11926737,0.031122982,0.78310212,10.48772,0.73612793,0.41006623,0.14407067,1098.0659,4.1055066
0,56.0791,0.916191,-1.04929,0.0163636,0.0047725,0.00448815,0.000284342,0.953093,36.7844,0.0829428,0.00768284,0.144071,55.3053,3.43441
1,0.65381,0.50916,-1.7682,0.01798,,,,,,,,,,
0,31.49422,0.2889076,-1.282512,0.02134125,0.05990031,0.05708201,0.002818302,0.835578,10.95691,0.3326468,0.117813,0.1440707,375.7953,3.828322
2,2.2525809,0.62137151,-1.523229,0.015017436,0.026712776,-0.00051407191,0.027226848,8.4955049,24.397624,-0.0064431817,0,0.14407067,1812.3142,4.4288285
0,11.4949696,0.440779532,-1.70177648,0.0239303808,0.667160337,0.656689376,0.0104709615,0.989493483,5.91850009,5.83857119,0,0.144070667,37401.7119,11.6738
0,5.39172,0.986296,-0.651933,0.0206945,6.17746e-05,2.17839e-05,3.99907e-05,0.959147,39.7865,0.000433379,3.68897e-05,0.144071,0.36095,2.76783
2,25.240842,0.83517852,-1.4093417,0.02350656,0.67476298,-0.47736428,1.1521273,0.69340427,10.95808,-8.0418211,0,0.14407067,2309.4545,4.4239333
1,0.27689,0.64375,-1.9338,0.020284,,,,,,,,,,
0,8.2073816,0.5296578876,-1.455664804,0.01370143098,0.01587368,0.01349297861,0.002380701396,-0.0427650949,21.02816893,0.1441545804,0,0.1440706667,-130281.9201,-23.93631254
0,33.5034,0.547673,-1.05006,0.00921071,0.00837213,0.00803761,0.000334524,0.923462,21.9091,0.0887918,0.0137842,0.144071,34.3335,3.40661
2,14.3762892,0.9624321687,-1.353923841,0.009171346988,0.003503205128,-0.01446137663,0.01796458176,-0.004069011948,38.69022033,-0.2807404153,0,0.1440706667,-681911.3595,-131.2405877
0,35.27717,0.4615173,-1.325525,0.01057256,0.1811971,0.1456959,0.03550115,0.796342,15.24483,1.356315,0.4132133,0.1440707,953.2673,4.0313
0,43.82261,0.2068972,-1.224742,0.0181817,0.03602965,0.03542241,0.0006072414,0.8096101,8.04588,0.1478284,0.06584293,0.1440707,135.6059,3.671537
0,14.4072,0.352837,-1.05617,0.0130903,0.00629396,0.00611388,0.000180077,0.889761,14.1445,0.0435128,0.0104909,0.144071,24.8837,3.39434
0,53.564367,0.71326408,-1.2991568,0.016973326,0.095961569,0.073658842,0.022302728,0.88078539,26.013118,1.0597426,0.18344105,0.14407067,1048.1492,4.0282319
0,10.9735,0.953093,-0.982524,0.0179175,0.0018832,0.00174904,0.000134158,0.956599,38.3771,0.0336248,0.00297624,0.144071,24.3851,3.31956
0,6.08619,0.980746,-0.831944,0.0194303,0.000287131,0.000234091,5.30394e-05,0.958779,39.5537,0.00463092,0.000396702,0.144071,3.62452,3.067
0,79.171779,0.76629172,-1.3877494,0.023013923,0.18297795,0.12159363,0.061384318,0.82359762,25.257076,1.8794472,0.42216451,0.14407067,3396.0783,4.6331592
0,14.683366,0.8358643939,-1.483190963,0.02372403138,0.5149849946,0.03807512718,0.4769098674,-0.02692347911,16.35483499,0.6419517081,0,0.1440706667,-229213.5618,-43.14873457
0,33.409433,0.8993093,-1.308509,0.019565559,0.094102546,0.067641707,0.026460838,0.89260987,32.865731,1.227012,0.17944941,0.14407067,1473.5105,4.1376844
1,0.24807,0.76098,-1.8666,0.010447,,,,,,,,,,
0,20.2985948,0.593842862,-1.59529455,0.0135689867,0.19023155,0.0846388435,0.105592707,1.56323129,19.399367,1.01383302,0,0.144070667,19763.0261,8.10939445
0,26.7305447,0.733255536069,-1.807328762867,0.01639960167252,0.8312018210692,0.5598550001959,0.2713468208733,-0.001133707052774,4.993192088095,8.28049086538,0,0.1440706666667,-106853289.5566,-20747.80571171
0,11.2573534,0.73093249514,-1.7775168938,0.024451090571,0.17085500985,0.12715053819,0.043704471659,-0.098057004712,24.449102255,1.8746519288,0,0.14407066667,-4124685.7817,-799.44040277
0,32.18713,0.4053751,-1.257221,0.0180029,0.05429306,0.05103701,0.003256043,0.8713495,15.46567,0.4173184,0.1009211,0.1440707,367.5685,3.800296
0,5.69513,0.609152,-0.785295,0.0210331,0.000159368,0.00011882,4.05472e-05,0.935445,24.5704,0.00145996,0.000201283,0.144071,1.26748,2.96591
2,13.9755748,0.361772371661,-1.86303286595,0.00937136691523,-16.3251542827,-28.7869206358,12.4617663531,-0.709613586539,252.852745658,-210.06600585,0,0.144070666667,-17680662.8862,-3431.78045685
2,17.0509703,0.5618288434,-1.599724532,0.009184204028,-30.20555732,-708.32715,678.1215927,-2.492029944,707.2796145,-8027.181641,0,0.1440706667,-478453.1356,-91.46829444
0,55.24881,0.6574401,-1.277693,0.008448181,0.1476521,0.1222877,0.02536437,0.8411329,22.60623,1.621676,0.2797465,0.1440707,723.9838,3.924808
0,6.39354,0.536384,-0.724369,0.0121523,0.000159236,9.40489e-05,6.51873e-05,0.927337,21.6353,0.00101755,0.000159288,0.144071,0.514758,2.85854
2,7.2879601,0.28590131,-1.5821954,0.016258145,0.00018265559,-0.00023252171,0.0004151773,3.1952958,11.531664,-0.001340926,0,0.14407067,4857.3271,5.1297442
0,12.47341,0.6108196,-1.131946,0.01509184,0.01434307,0.01373919,0.0006038841,0.9264654,24.28812,0.1692775,0.02408486,0.1440707,108.6147,3.562096
0,35.467676,0.31390147,-1.5228517,0.014734615,0.58664515,0.53348677,0.053158378,0.62355066,5.234456,3.3778642,0,0.14407067,5271.9399,5.1551203
0,6.2,0.711098,-0.837514,0.01077,0.000543352,0.000453576,8.97761e-05,0.943922,28.6714,0.00650586,0.000768773,0.144071,2.86656,3.06037
0,46.974684,0.85797291,-1.3566752,0.018538976,0.17302315,0.1121823,0.060840847,0.83556438,28.623458,1.941436,0.35159339,0.14407067,2545.1064,4.4220189
0,37.753802,0.4180086851,-1.780956966,0.02392050006,0.9750990351,0.7684024516,0.2066965835,0.04271544598,0.4199104159,6.478869282,0,0.1440706667,169968.5362,37.57309442
0,17.1253478,0.382904563,-1.7533895,0.0224385144,0.515186608,0.45866691,0.056519698,0.987480466,7.4889394,3.54252662,0,0.144070667,92024.833,22.3785986
0,57.161605,0.34146568,-1.3676284,0.024703385,0.11864332,0.090483242,0.028160081,0.81397227,12.140985,0.62321858,0.30371901,0.14407067,1275.5871,4.1509588
0,17.9764728,0.734606797,-1.57285753,0.0118454059,0.200194662,0.164178242,0.0360164196,-0.480017538,23.7025137,2.4327401,0,0.144070667,-58947.1329,-9.9263123
0,4.3878457,0.91936088079,-1.4257951092,0.010974559558,0.1128384955,0.00069008950415,0.112148406,-0.0036856697444,32.903634726,0.012797248786,0,0.14407066667,-1611658.853,-311.75478791
0,0.4844955,0.7494648371473103,-1.973214427380727,0.01349919507768139,0,0,0,-9.041964377529861e-94,30.23475319950981,0,0,0.1440706666666666,-6.831849608857493e+99,-1.326634335092416e+96
0,11.6354,0.845072,-1.00388,0.020833,0.00210565,0.00197626,0.000129392,0.951322,34.0199,0.033687,0.00336754,0.144071,28.5961,3.34992
0,35.43873,0.4219557,-1.246374,0.02154558,0.04006495,0.03785869,0.002206254,0.8839055,16.34044,0.3222238,0.07336019,0.1440707,333.0535,3.77768
0,12.52801,0.2144626329,-1.812257104,0.01376436828,0.6792779003,0.5690142613,0.110263639,0.6081851603,2.774825559,2.461500652,0,0.1440706667,117924.1688,27.47943895
