Error,time,CO2share,E_appl,v,X_tot,X_het,X_hom,FE,CO2_out,CO_out,H2_out,delP,CD,Vcell
0,14.74994,0.9784008,-1.379052,0.01871337,0.008795546,0.008795546,9.375617e-11,5.583933,39.12327,0.173582,0,0.1440707,693.882,4.01814
0,6.63523,0.768349,-0.593911,0.013533,7.4963e-05,1.58103e-05,5.91527e-05,0.948162,30.9942,0.000245032,2.67728e-05,0.144071,0.134997,2.65923
0,36.2796144,0.4891228192,-1.81584501,0.02357250079,0.8954326752,0.6217792024,0.2736534727,0.1876139971,2.063331879,6.134501635,0,0.1440706667,297660.87,62.43255339
0,62.607037,0.4347201,-1.4064871,0.024731442,0.18308629,0.12469218,0.058394104,0.79297964,14.326532,1.0933875,0.49974671,0.14407067,2545.1638,4.4718431
0,20.001521,0.324666976,-1.74255484,0.0125264264,0.438606079,0.312419935,0.126186144,1.27135681,7.35293941,2.04598302,0,0.144070667,61061.3191,16.3340759
1,0.78394,0.47368,-1.8894,0.015211,,,,,,,,,,
2,28.5081668,0.68564274365,-1.8097824006,0.024248741718,0.20063623596,-0.007676460593,0.20831269655,-0.31432910632,22.110446234,-0.10616566377,0,0.14407066667,-1761208.8808,-340.41554881
0,15.46175,0.6279059,-1.123901,0.01935246,0.01014693,0.009712476,0.000434459,0.9308102,25.07382,0.1230126,0.0169383,0.1440707,100.6474,3.548589
0,7.57512,0.529433,-0.745189,0.011297,0.000203002,0.000132179,7.08237e-05,0.926426,21.3539,0.00141155,0.000223885,0.144071,0.664494,2.8925
0,58.239724,0.28159602,-1.4341426,0.021194893,0.24388378,0.1658808,0.078002983,0.70995848,8.5895466,0.9422102,0.83184687,0.14407067,2431.3597,4.4750493
0,25.9455,0.316332,-1.09087,0.024059,0.00530298,0.00517512,0.000127855,0.879576,12.6937,0.0330209,0.00891448,0.144071,35.2798,3.44901
0,5.78193,0.714117,-0.554393,0.0170162,5.40917e-05,7.56888e-06,4.65228e-05,0.944461,28.8072,0.000109025,1.28167e-05,0.144071,0.0758217,2.59006
0,7.13286,0.459991,-0.781926,0.0198993,0.000160468,0.000120275,4.01932e-05,0.916293,18.5539,0.00111597,0.000203743,0.144071,0.935746,2.94688
0,0.6069431,0.8583334472295769,-1.961194115955936,0.01543388533119114,0,0,0,-9.26483206068694e-35,34.62670782347841,0,0,0.1440706666666666,-6.54355348360471e+40,-1.270651905687269e+37
1,0.29714,0.89825,-1.8715,0.015472,,,,,,,,,,
0,6.71172,0.360407,-0.578378,0.0238533,3.69461e-05,7.34776e-06,2.95983e-05,0.89568,14.5389,5.34163e-05,1.2442e-05,0.144071,0.0549106,2.59746
0,38.3534,0.998951,-1.03455,0.0187194,0.00347905,0.0032535,0.000225548,0.957413,40.1593,0.0655572,0.00555769,0.144071,49.7404,3.41314
2,0.829352,0.8756652228029693,-1.782156657673256,0.01935752450804876,-559706.3721889071,-559706.3721889146,7.450580596923828e-09,-1.609357394018852e-27,19772168.15750145,-9886066.415799515,0,0.1440706666666666,-2.157203133552856e+38,-4.188938440667398e+34
0,19.74558,0.9263262,-1.138284,0.02004796,0.01199452,0.01118185,0.0008126674,0.9488217,36.92143,0.208931,0.01966862,0.1440707,174.8942,3.605782
0,54.282956,0.27854563,-1.4746797,0.0095778799,0.5373382,0.53733542,2.7826102e-06,0.48859315,5.1989441,3.0190269,3.0984107,0.14407067,3599.2622,4.7625303
0,6.94998,0.812986,-0.924733,0.0131316,0.00124752,0.00113852,0.000108996,0.950105,32.7564,0.0186702,0.00193304,0.144071,9.97518,3.21304
0,42.03089,0.9722864,-1.213092,0.01507169,0.04240056,0.03645223,0.005948327,0.9304488,37.56066,0.7148971,0.06839009,0.1440707,474.2783,3.789985
0,87.597338,0.98746146,-1.3987405,0.018842274,0.23557511,0.15187418,0.083700929,0.79545028,30.451602,3.0250271,0.59381693,0.14407067,4882.2533,4.9513926
2,10.8828536,0.96811137415,-1.5080798079,0.010525471755,-2.4494466441,-2.465989715,0.016543070885,-0.043753581709,134.71933191,-48.155040674,0,0.14407066667,-1599494.3222,-309.30995943
0,19.6008178,0.348448469,-1.68176525,0.0172233042,0.758408112,0.0516277027,0.706780409,0.44794542,3.39606563,0.362866212,0,0.144070667,36661.6655,11.5090569
0,34.6873645,0.959617653,-1.70367725,0.0234634279,0.561471939,0.362472198,0.198999741,1.3073592,16.9766027,7.01613764,0,0.144070667,83205.4945,20.6111374
0,7.08585,0.41111,-0.853507,0.0170183,0.00040298,0.000352484,5.04953e-05,0.907121,16.5782,0.00292296,0.000597468,0.144071,2.11807,3.06067
0,7.5581,0.326201,-1.00829,0.0104662,0.00429917,0.00415594,0.000143231,0.883335,13.103,0.0273451,0.00709415,0.144071,12.5536,3.30892
0,6.75696,0.582726,-0.865925,0.0086965,0.000922036,0.000808731,0.000113306,0.93223,23.4865,0.0095059,0.00137138,0.144071,3.4248,3.09803
0,6.31216,0.439515,-0.766748,0.0216034,0.000127342,9.11707e-05,3.61717e-05,0.912759,17.7286,0.000808266,0.000154429,0.144071,0.738594,2.91951
0,88.116841,0.96806777,-1.4360205,0.0098287847,0.4912514,0.31758641,0.17366499,0.59116676,19.868457,6.2014443,1.8375969,0.14407067,6918.9715,5.4020852
1,0.26587,0.93162,-1.8948,0.019507,,,,,,,,,,
0,5.49287,0.894086,-0.575151,0.0150023,6.50904e-05,1.12079e-05,5.38825e-05,0.955125,36.0667,0.000202129,1.8979e-05,0.144071,0.122551,2.6355
0,36.00327,0.3110775,-1.21686,0.01554772,0.03814614,0.03715717,0.0009889701,0.8572681,12.07071,0.2331505,0.06958384,0.1440707,173.6315,3.68374
0,5.73749,0.427398,-0.705188,0.0190285,8.66195e-05,4.69509e-05,3.96686e-05,0.910535,17.2405,0.000404763,7.95132e-05,0.144071,0.326538,2.81593
0,7.83315,0.574926,-0.980228,0.0130555,0.00246121,0.0023294,0.00013181,0.930394,23.1364,0.0270135,0.0039659,0.144071,14.6758,3.28929
0,6.74804,0.266203,-0.925777,0.0151985,0.00105441,0.000997091,5.73159e-05,0.863175,10.7278,0.00535393,0.00169273,0.144071,3.64447,3.16112
0,5.99995,0.336169,-0.723013,0.0204134,8.97997e-05,5.50241e-05,3.47756e-05,0.888962,13.5604,0.000373109,9.3188e-05,0.144071,0.330752,2.83442
0,5.81498,0.611176,-0.633415,0.012539,9.09557e-05,2.83418e-05,6.26139e-05,0.935689,24.6537,0.000349397,4.79948e-05,0.144071,0.180736,2.71374
0,15.131874,0.42473007,-1.4810217,0.01438108,0.49790477,0.19802124,0.29988353,1.1240173,8.6030862,1.6964847,0,0.14407067,2808.7013,4.602615
0,58.154733,0.26684455,-1.4272057,0.010740378,0.44274036,0.31481375,0.12792661,0.56079787,5.9988928,1.6944829,1.5016112,0.14407067,1966.4329,4.3669262
0,6.70463,0.714539,-0.90071,0.0151027,0.000806987,0.000727652,7.93346e-05,0.944005,28.8025,0.0104876,0.00123452,0.144071,6.48404,3.16621
0,42.5397,0.677098,-1.0666,0.0246962,0.00388535,0.00370721,0.000178146,0.93913,27.2092,0.0506318,0.00635818,0.144071,51.855,3.44774
0,58.34584,0.9083582,-1.183123,0.02168998,0.01970905,0.01791586,0.00179319,0.9428959,35.92256,0.3282615,0.03233809,0.1440707,304.5891,3.704311
0,10.242405,0.87772972,-1.5745997,0.018615827,0.96633045,0.049164779,0.91716567,0.16441404,1.1922115,0.87044245,0,0.14407067,8852.3441,5.9287553
1,0.36062,0.87738,-1.7855,0.023154,,,,,,,,,,
2,41.37996,0.80430097,-1.4737436,0.020154517,-3.8834956,-3.8967605,0.013264939,33.543048,158.45449,-63.218979,0,0.14407067,1578.7941,4.3269094
0,38.736653,0.71776824,-1.3083885,0.010501771,0.16497906,0.12478812,0.040190939,0.83337274,24.178913,1.8066859,0.33380985,0.14407067,1159.3018,4.0642265
0,50.353283,0.61302151,-1.3622451,0.022321899,0.13333303,0.093265983,0.040067043,0.84847559,21.433008,1.1532518,0.31366575,0.14407067,2015.9481,4.3128585
0,6.44076,0.578105,-0.623153,0.0243315,4.47659e-05,1.28023e-05,3.19636e-05,0.932292,23.3208,0.000149287,2.16791e-05,0.144071,0.150397,2.69403
0,39.4454,0.987441,-1.037,0.0116128,0.00577288,0.00540351,0.00036937,0.955465,39.6052,0.107625,0.00924466,0.144071,50.7228,3.41678
0,48.01881,0.5436718,-1.313994,0.02188505,0.08476487,0.0665563,0.01820858,0.872851,20.07357,0.7298795,0.1721412,0.1440707,987.5391,4.028239
2,0.8686475,0.2900173803956,-1.89539678951,0.008720931271633,-2.293093838083,-2.293094005346,1.672625353777e-07,-0.009073042894665,38.52860615436,-13.41439390295,0,0.1440706666667,-319318087.4,-62004.99001448
0,49.85306,0.6395112,-1.247343,0.02404352,0.03821906,0.03363544,0.004583617,0.9134726,24.81301,0.4338808,0.06656151,0.1440707,495.4987,3.830605
0,36.5244194,0.672961596,-1.69213653,0.00906286758,0.914337077,0.646360659,0.267976418,0.161988819,2.32561777,8.77385326,0,0.144070667,79317.7037,19.842192
0,8.28048,0.357468,-1.01216,0.00888775,0.00532278,0.00513904,0.000183738,0.8916,14.3441,0.0370548,0.00877922,0.144071,14.3083,3.31984
0,7.51658,0.800451,-0.7576,0.0234495,0.000111608,7.46829e-05,3.69252e-05,0.950111,32.288,0.00120582,0.000126498,0.144071,1.14901,2.93315
2,3.071563,0.206984045511814,-1.55804523427276,0.0162171303856272,-0.196139208282057,-2.81123930419577,2.61510009591372,-7.93815666098076e-07,9.98789029524255,-11.7370744013603,0,0.144070666666667,-12417950210.7989,-2411363.55193668
2,18.6341673,0.656975697,-1.68045716,0.0129392007,-0.326451331,-0.351597306,0.0251459748,3.4388327,35.1557033,-4.65929291,0,0.144070667,48612.5995,13.8429239
0,41.9447,0.59888,-1.0774,0.0111717,0.00977512,0.00937525,0.000399868,0.928225,23.9237,0.113253,0.0161477,0.144071,52.9962,3.45988
0,13.9259069,0.4125008658,-1.821686211,0.02442170486,0.2411394591,0.08663447974,0.1545049794,1.52292346,12.628216,0.7208432012,0,0.1440706667,241917.1425,51.60321259
0,0.6075277,0.5312931125896538,-1.971486741190355,0.01592562186294625,0,0,0,-5.540317940444314e-33,21.43331526651759,0,0,0.1440706666666666,-7.730570080439743e+38,-1.501151267330748e+35
0,49.9771522,0.334986742,-1.62398675,0.0115476613,0.855854496,0.588390246,0.26746425,0.192095782,1.94797728,3.97574255,17.4910405,0.144070667,23346.0315,8.84240922
2,37.1858181,0.33663483571,-1.7358901813,0.010258750734,-817.34185947,-830.56685065,13.224991179,60.186834919,11113.452265,-5639.7365849,0,0.14407066667,1789541.188,352.1437157
1,0.43463,0.85642,-1.8629,0.01379,,,,,,,,,,
0,1.3041791,0.802250390486,-1.7326149409,0.016230881157,0.0100374525199,0.00217249958252,0.00786495293737,-0.0177222266264,32.0393626256,0.0351556238696,0,0.144070666667,-16799217.2502,-3260.74580762
1,0.55014,0.70647,-1.9398,0.0097538,,,,,,,,,,
0,60.07319,0.9048109,-1.190058,0.02127881,0.02194393,0.01981364,0.002130296,0.9412485,35.7007,0.3616156,0.03603437,0.1440707,331.4928,3.72082
0,7.65251,0.331127,-0.950009,0.00895452,0.00242683,0.00230702,0.000119814,0.886006,13.3259,0.0154089,0.0039221,0.144071,6.02085,3.21161
0,38.5354,0.515227,-1.0742,0.0174989,0.00597512,0.00575746,0.000217656,0.920866,20.661,0.0598349,0.00989294,0.144071,44.2718,3.44574
0,16.126348,0.90236117,-1.4053353,0.013733688,0.0011406489,0.00075588634,0.00038476259,2.6039383,36.361342,0.013758214,0,0.14407067,1938.2992,4.3388523
0,6.3859,0.720535,-0.679664,0.0139647,0.000104215,4.6093e-05,5.81219e-05,0.944895,29.0646,0.000669908,7.80594e-05,0.144071,0.382186,2.7985
2,12.761004,0.37657296,-1.4712861,0.018266753,0.08942435,-0.01469655,0.1041209,2.4972065,13.833126,-0.11163226,0,0.14407067,1793.8266,4.3727688
0,5.67262,0.698778,-0.582036,0.01178,8.27977e-05,1.55935e-05,6.72042e-05,0.943293,28.1876,0.00021979,2.64057e-05,0.144071,0.105947,2.6349
0,7.31264,0.500861,-0.876058,0.0206098,0.000435672,0.00038873,4.69425e-05,0.922412,20.1968,0.00392726,0.000659105,0.144071,3.39019,3.10764
0,30.3279642,0.2719344003,-1.825029237,0.0238912669,0.9994667343,0.7378170905,0.2616496438,0.0008733011104,0.005850095857,4.047044983,0,0.1440706667,204009.588,44.23676662
0,8.0324,0.20277,-0.9122,0.021904,0.00088228,0.00058131,0.00030097,0.82812,8.1729,0.0023776,0.00098656,0.14407,2.4309,3.1265
0,7.21142,0.489543,-0.722868,0.0112723,0.000168847,9.94543e-05,6.93931e-05,0.920936,19.7457,0.000982064,0.000168443,0.144071,0.464032,2.85169
0,5.60586,0.798969,-0.578569,0.0157671,6.19789e-05,1.11429e-05,5.0836e-05,0.950056,32.2298,0.000179578,1.8869e-05,0.144071,0.11504,2.63567
0,43.43766,0.2076584,-1.224214,0.02150682,0.03028405,0.02977045,0.0005136026,0.8136146,8.123614,0.1246982,0.05528701,0.1440707,135.3216,3.670846
0,7.33683,0.339815,-0.7681,0.0138781,0.000196934,0.000144404,5.25303e-05,0.889955,13.706,0.000989796,0.000244604,0.144071,0.595903,2.9098
1,93.4376,0.787926,-1.27552,0.0108375,,,,,,,,,,
0,9.0186618,0.86612006,-1.5281286,0.018490408,0.25806687,0.085885934,0.17218094,3.1691389,25.923762,1.5004631,0,0.14407067,5497.4905,5.2063481
0,7.58922,0.249384,-0.936126,0.0155767,0.0011668,0.00111079,5.60098e-05,0.855248,10.0488,0.0055876,0.00188642,0.144071,3.93527,3.17547
0,6.99114,0.303368,-0.784376,0.00923531,0.000344217,0.000267355,7.68623e-05,0.878264,12.2342,0.001636,0.000453039,0.144071,0.664316,2.93168
0,7.70061,0.853777,-0.880329,0.0152448,0.000631824,0.000555061,7.67625e-05,0.952739,34.4211,0.00955895,0.000941305,0.144071,5.90937,3.14095
1,0.28702,0.88814,-1.9202,0.012605,,,,,,,,,,
0,33.438078,0.71992841,-1.3422626,0.012960449,0.19846355,0.13989228,0.058571267,0.81025511,23.279184,2.0314598,0.4179328,0.14407067,1773.8211,4.2392842
0,16.502489,0.71891137,-1.4762566,0.0099950194,0.0023954188,0.0011400785,0.0012553403,3.1349044,28.932699,0.016532376,0,0.14407067,3185.7152,4.6775317
0,10.76601,0.4570904,-1.165439,0.02157045,0.01506686,0.0145608,0.0005060576,0.9063139,18.16202,0.1342495,0.02590991,0.1440707,127.6579,3.607587
0,8.10078,0.368964,-0.986276,0.0136737,0.00250495,0.00240319,0.000101756,0.896303,14.8474,0.0178854,0.00409251,0.144071,10.5659,3.27766
0,16.131954,0.97828598,-1.4275314,0.01205721,0.067770084,0.0043751409,0.063394943,2.6116161,36.791207,0.086334236,0,0.14407067,2600.5562,4.50475
0,18.2895,0.820096,-1.01833,0.0197021,0.00266708,0.00251286,0.000154215,0.949588,32.9959,0.0415679,0.00428746,0.144071,33.456,3.37338
0,19.6262625,0.2895425154,-1.866150726,0.008815098879,0.9110098203,0.7279641461,0.1830456742,0.1764546026,1.039464335,4.251552079,0,0.1440706667,304244.1293,63.76234526
0,5.83055,0.896888,-0.587139,0.0221154,4.54696e-05,8.86886e-06,3.66007e-05,0.955271,36.1804,0.000160447,1.50181e-05,0.144071,0.143382,2.65556
2,15.3379574,0.511369872,-1.65978554,0.0146145499,0.448711099,-0.0214578037,0.470168902,1.45332032,11.3728563,-0.221332697,0,0.144070667,28533.6153,9.8958628
1,0.28008,0.58548,-1.9177,0.018503,,,,,,,,,,
0,5.99333,0.86396,-0.621906,0.0152162,7.35442e-05,2.0146e-05,5.33982e-05,0.953628,34.8511,0.000351082,3.41154e-05,0.144071,0.216238,2.71145
0,42.639316,0.77563705,-1.3059742,0.016072182,0.10936679,0.081331902,0.028034889,0.87565685,27.868436,1.2724615,0.21145542,0.14407067,1232.8483,4.0792543
0,6.07946,0.736427,-0.633084,0.0181409,6.37489e-05,1.95071e-05,4.42417e-05,0.946045,29.7069,0.000289766,3.30335e-05,0.144071,0.214485,2.72221
0,46.906777,0.57028813,-1.5195188,0.0083875201,0.3587944,0.26214405,0.09665035,1.3480066,14.751861,3.0155012,0,0.14407067,6584.6518,5.4181192
0,7.3883,0.631323,-0.864168,0.00871687,0.000904106,0.000788862,0.000115243,0.937089,25.4457,0.0100457,0.00133765,0.144071,3.6089,3.099
0,4.7518551,0.46953736719,-1.8743453963,0.013441139465,0.031091818552,0.0021284581689,0.028963360383,-0.20051056436,18.353037402,0.020158603845,0,0.14407066667,-5252061.7049,-1018.2741005
0,0.9747749,0.5170702535,-1.849175106,0.01892098808,1.66406795e-05,1.632853177e-05,3.121477304e-07,-1.324604103,20.85919255,0.0001703028281,0,0.1440706667,-653972.4103,-125.3178963
0,16.590293,0.2613212,-1.5374412,0.013691462,0.017634617,0.012631512,0.0050031048,3.9113356,10.356258,0.066581742,0,0.14407067,2005.5583,4.4857716
0,7.2461,0.791162,-0.899453,0.0117348,0.00102694,0.000921406,0.000105534,0.948963,31.8841,0.0147042,0.00156338,0.144071,7.02591,3.16918
1,74.5899,0.668047,-1.30262,0.0249538,,,,,,,,,,
0,50.7396754,0.577261755987,-1.70459164296,0.0243793694733,0.0618951593633,0.0272891908604,0.0346059685029,-0.00791942257847,21.8463722345,0.317752236045,0,0.144070666667,-17884748.0862,-3471.56952196
0,7.21755,0.647262,-0.739736,0.013715,0.000161693,0.000101512,6.01804e-05,0.939007,26.1075,0.00132533,0.000171937,0.144071,0.747305,2.8931
0,47.70874,0.884631,-1.225156,0.02185231,0.03364348,0.02881642,0.004827052,0.9325062,34.48694,0.5141945,0.05507499,0.1440707,507.3318,3.811929
0,1.6196518,0.72258145678,-1.7381421467,0.010340036661,0.016642577114,0.0068508024413,0.0097917746732,-0.049895412223,28.665094567,0.099851231745,0,0.14407066667,-5731251.229,-1111.46562
0,14.136,0.34431,-1.0599,0.0197527,0.00437557,0.00425388,0.00012169,0.888622,13.8293,0.0295434,0.00729381,0.144071,25.5565,3.39958
0,38.55643,0.350127,-1.275787,0.01405553,0.08412997,0.07908577,0.005044205,0.8391281,12.93643,0.5585333,0.164077,0.1440707,405.2458,3.831192
0,47.318818,0.53851971,-1.3473383,0.022001603,0.12686957,0.092185517,0.034684053,0.84345225,18.968627,1.0013582,0.2627767,0.14407067,1482.0195,4.1784618
0,7.54329,0.45569,-0.959632,0.0180023,0.00137235,0.00129869,7.36563e-05,0.914802,18.3581,0.0119371,0.00220757,0.144071,9.09037,3.243
0,22.511592,0.2315607,-1.5850462,0.01432625,0.46056284,0.44459021,0.015972638,0.92678991,5.0391917,2.076586,0,0.14407067,7590.995,5.6863698
0,57.95286,0.8041634,-1.180033,0.02479045,0.01648641,0.01506888,0.001417529,0.9397709,31.90655,0.2444278,0.02719263,0.1440707,260.874,3.684772
0,7.10379,0.930429,-0.764676,0.0128614,0.000218498,0.000149108,6.93897e-05,0.956701,37.527,0.0027984,0.000252581,0.144071,1.45243,2.95232
0,46.40431,0.3480428,-1.294513,0.01072861,0.1331352,0.1222064,0.01092873,0.8062854,12.17136,0.8579301,0.2734116,0.1440707,504.7175,3.880514
2,39.7358474,0.244830385,-1.61252608,0.0139829404,-0.338944972,-0.451440524,0.112495552,2.27918679,13.2246203,-2.22941555,0,0.144070667,11529.6886,6.50015607
0,56.89954,0.8498579,-1.177414,0.02470499,0.0158931,0.01464863,0.001244472,0.9425544,33.7399,0.2511126,0.0263841,0.1440707,265.951,3.684129
0,56.062335,0.48591703,-1.3810669,0.015067052,0.2209324,0.15554376,0.065388639,0.77340606,15.271878,1.5245437,0.59178766,0.14407067,2006.8568,4.3296826
0,44.95967,0.5920447,-1.237134,0.02017727,0.03999811,0.0363971,0.003601009,0.9077326,22.92882,0.4346568,0.069568,0.1440707,404.1411,3.792185
0,52.332375,0.30720669,-1.452033,0.023067147,0.23587843,0.23587731,1.1156598e-06,0.72522234,9.4699634,1.4616454,0.96179198,0.14407067,3302.0944,4.6777507
1,0.37493,0.64748,-1.9638,0.0088966,,,,,,,,,,
0,14.09865,0.612668,-1.153344,0.02093487,0.01352409,0.01291874,0.0006053495,0.9271729,24.38186,0.1596506,0.02285519,0.1440707,143.4163,3.604534
0,6.5489453,0.42657569,-1.6149871,0.014416391,0.0012463636,0.0012453769,9.8666913e-07,8.8505257,17.187378,0.010715738,0,0.14407067,3982.7556,4.9825081
0,56.186718,0.28567324,-1.4751091,0.01431496,0.46515355,0.30952354,0.15563001,0.54663521,6.1638754,1.7835629,2.0845575,0.14407067,3835.2846,4.812055
0,40.358711,0.89492859,-1.3128315,0.010039647,0.1818519,0.13097229,0.050879606,0.83108843,29.537618,2.3642478,0.36968207,0.14407067,1503.5311,4.1488727
0,0.8207745,0.554696806,-1.58228789,0.00968538296,0.00380499064,0.00380499045,1.90605429e-10,-0.691795896,22.2923161,0.0425730148,0,0.144070667,-43421.9533,-6.88643761
0,41.041474,0.79979092,-1.4625017,0.013396643,0.39463232,0.25826459,0.13636774,1.0633886,19.532186,4.1664531,0,0.14407067,5313.3716,5.1032178
0,11.3501276,0.941704176,-1.62182635,0.0186436634,0.855086582,0.0193674347,0.835719147,0.557020527,5.50526543,0.367884734,0,0.144070667,22131.0671,8.60157632
0,20.6799258,0.578155272,-1.62467723,0.0207111513,0.324784634,0.0135873736,0.311197261,1.42857844,15.7486007,0.158454719,0,0.144070667,25605.702,9.28663816
0,20.108753,0.543620655,-1.61363073,0.0114544507,0.435499443,0.0103818755,0.425117567,1.27842267,12.3798531,0.113840538,0,0.144070667,19517.2001,8.07935207
1,0.5133,0.51719,-1.9954,0.022056,,,,,,,,,,
0,6.60471,0.294658,-0.527323,0.0172262,4.37591e-05,5.28096e-06,3.84782e-05,0.875306,11.8865,3.13875e-05,8.94211e-06,0.144071,0.023843,2.50354
0,6.02318,0.403191,-0.507203,0.0227804,3.48303e-05,3.08391e-06,3.17464e-05,0.905706,16.2649,2.50806e-05,5.22194e-06,0.144071,0.0243498,2.4845
0,46.33141,0.3648752,-1.249107,0.009588427,0.08900403,0.08537115,0.00363288,0.839891,13.40961,0.6283197,0.1707328,0.1440707,297.9166,3.767862
0,19.596,0.486541,-1.13632,0.0195163,0.0116417,0.0112474,0.000394325,0.913166,19.3994,0.110382,0.0197019,0.144071,93.1074,3.55555
0,104.15031,0.46639816,-1.4757838,0.020154389,0.35111145,0.23130645,0.119805,0.67186197,12.209057,2.1760544,1.4934738,0.14407067,6234.5719,5.3035973
2,20.0188681,0.97007539,-1.67136677,0.022073564,-0.435653952,-0.467344573,0.0316906211,3.11009282,56.1837114,-9.14466629,0,0.144070667,76434.7624,19.2596995
0,6.8155,0.287362,-0.660093,0.00917038,0.000127011,5.45909e-05,7.242e-05,0.872492,11.5912,0.000316428,9.24466e-05,0.144071,0.128376,2.72283
2,15.37665,0.8595174,-1.358424,0.008811583,0.5666803,-0.01388897,0.5805693,1.400796,15.02513,-0.2407964,0,0.1440707,815.0118,4.029301
0,43.90374,0.4192886,-1.245789,0.01477889,0.05765405,0.05461423,0.003039819,0.8719878,15.93964,0.4618959,0.1061482,0.1440707,326.8587,3.774928
0,25.7193828,0.68475968,-1.67145816,0.0231837111,0.316430554,0.217716931,0.0987136233,1.29049056,18.8832172,3.0071532,0,0.144070667,61984.7474,16.4430653
2,3.3944676,0.586356826,-1.70074952,0.0190679029,-0.16883094,-0.301832254,0.133001314,8.56872369,27.6483266,-3.5698733,0,0.144070667,19912.081,8.24417954
1,0.37397,0.20578,-1.9353,0.019883,,,,,,,,,,
0,0.5151352,0.5274574593289988,-1.922778112768491,0.02257709248906876,0,0,0,-3.186415100795766e-103,21.27857814751382,0,0,0.1440706666666666,-7.138034893528296e+108,-1.386090548973017e+105
2,22.3785874,0.3279059213,-1.501960452,0.0123202018,-103.1361974,-103.1905727,0.05437532143,-0.9340655733,1377.546096,-682.5185389,0,0.1440706667,-708204.4871,-136.2001938
0,5.84443,0.681682,-0.59153,0.0114764,8.69754e-05,1.80819e-05,6.88935e-05,0.941952,27.4979,0.000248628,3.06196e-05,0.144071,0.116927,2.64946
0,6.54653,0.319891,-0.586497,0.00903984,9.70745e-05,2.15187e-05,7.55558e-05,0.883966,12.9037,0.00013885,3.6439e-05,0.144071,0.054808,2.60548
0,7.08352,0.430068,-0.773833,0.0225406,0.000130368,9.57015e-05,3.4666e-05,0.911013,17.3474,0.000830197,0.000162108,0.144071,0.793084,2.93026
2,1.2207461,0.466615042887,-1.75383513376,0.024095470227,-8.5116330954,-8.54260735396,0.0309742585597,-0.0837086384829,179.047800815,-80.4033883884,0,0.144070666667,-26103447.7746,-5067.47782359
0,57.408329,0.23251007,-1.477815,0.012779011,0.44456982,0.44456806,1.7615761e-06,0.54650949,5.2098643,2.0849959,2.4176927,0.14407067,3357.1008,4.7150629
0,0.5325703000000001,0.97542414470562,-1.898739994697939,0.01939632682903041,0,0,0,-1.791873296668874e-18,39.35035617184086,0,0,0.1440706666666666,-1.723790348333798e+24,-3.347321140728339e+20
0,53.64503,0.5438415,-1.269442,0.0203019,0.0575532,0.05015196,0.007401244,0.8908859,20.67685,0.5501554,0.1047046,0.1440707,562.3438,3.872188
0,43.503458,0.84649294,-1.3480301,0.0088285346,0.29192138,0.20116944,0.090751935,0.74955174,24.180205,3.4348717,0.66071125,0.14407067,2144.8455,4.3268578
1,0.90955,0.43727,-1.8785,0.016319,,,,,,,,,,
0,32.4605533,0.5730754006,-1.81857368,0.01660573508,0.9996428586,0.7154361827,0.2842066759,0.0006811649597,0.008256711147,8.270044334,0,0.1440706667,339777.3502,70.62041883
0,13.90255,0.6706559,-1.143449,0.01600568,0.01567255,0.01492342,0.0007491319,0.9309666,26.63143,0.20188,0.02632598,0.1440707,137.3904,3.591263
0,32.5018,0.273358,-1.14952,0.0152381,0.0173244,0.0169781,0.000346327,0.856224,10.8367,0.093615,0.0298956,0.144071,65.7179,3.54553
0,6.33385,0.506799,-0.784727,0.0169785,0.000194434,0.000146124,4.83106e-05,0.923402,20.4412,0.00149377,0.000247538,0.144071,1.06046,2.95614
0,6.92012,0.492693,-0.888284,0.00891731,0.0011626,0.00105064,0.000111962,0.920768,19.853,0.0104413,0.00178237,0.144071,3.90612,3.12724
0,5.49214,0.306786,-0.683208,0.00929743,0.000145799,7.24566e-05,7.33421e-05,0.879577,12.3745,0.000448372,0.000122706,0.144071,0.182944,2.76415
2,11.4348739,0.53408025522,-1.6223104316,0.011302600595,0.83290054535,-0.0082148728895,0.84111541824,-0.0012506811186,3.6002836749,-0.088497813525,0,0.14407066667,-6486133.2243,-1258.1736436
2,1.7735728,0.201964403,-1.83731057,0.0113586078,0.154344005,-0.0386847402,0.193028745,3.50254258,6.89007148,-0.157594002,0,0.144070667,70145.959,18.200048
0,25.95594,0.3333096,-1.202131,0.0209639,0.02391662,0.02328034,0.000636279,0.8731874,13.12471,0.1565173,0.04271079,0.1440707,153.4014,3.658718
0,13.863356,0.51395714,-1.566029,0.016976165,0.24247158,0.22376324,0.018708332,2.7457635,15.706557,2.3197481,0,0.14407067,6255.339,5.398046
0,54.77733,0.9136658,-1.231126,0.01922281,0.04119109,0.03462546,0.006565632,0.9288351,35.34065,0.6381283,0.06759895,0.1440707,563.547,3.834215
0,17.7248149,0.484192346,-1.76712825,0.0130582276,0.299021791,0.161996896,0.137024895,2.25179548,13.6923377,1.58215775,0,0.144070667,88024.3338,21.6132216
0,37.4810412,0.2989714317,-1.830706955,0.0203437145,0.9976436424,0.5062013411,0.4914423013,0.003566369843,0.02842013028,3.052658011,0,0.1440706667,261050.2625,55.3314859
0,6.13021,0.571591,-0.74746,0.0218611,0.000107509,7.03287e-05,3.71799e-05,0.931533,23.0565,0.000810856,0.000119118,0.144071,0.734656,2.89995
0,19.2846025,0.622740644,-1.60695039,0.0176293944,0.792958965,0.146152686,0.646806279,0.83139565,5.2013827,1.8358584,0,0.144070667,11572.3523,6.50305476
2,14.9905884,0.6716490554,-1.564483827,0.01471845322,-24.37205627,-24.37302675,0.0009704805672,-0.7798286911,687.4691915,-330.199981,0,0.1440706667,-945076.9919,-182.1492927
2,15.1729264,0.844809504696737,-1.627158791297615,0.01727912949117857,-1.970269856157583,-2.032569584954953,0.06229972879736989,-1.978604901461601e-08,101.2301464837081,-34.63613186471425,0,0.1440706666666666,-12268538594359.26,-2382351115.508784
0,11.057353,0.87329301,-1.4202636,0.010032386,0.15648287,0.00058941797,0.15589345,2.9989987,29.71728,0.010382657,0,0.14407067,1666.1773,4.2931658
0,12.9074,0.963995,-0.996978,0.0184135,0.00219723,0.00204693,0.000150301,0.956851,38.8038,0.0398019,0.00348689,0.144071,29.6785,3.34514
1,0.26049,0.59903,-1.8702,0.012301,,,,,,,,,,
0,5.59581,0.341732,-0.591442,0.0146168,6.20632e-05,1.41815e-05,4.78817e-05,0.890588,13.7852,9.77533e-05,2.40139e-05,0.144071,0.0619284,2.61671
0,0.4943458,0.330988313049961,-1.96670462262041,0.0170469526055044,0,0,0,-6.73670690974251e-05,13.3526610735717,0,0,0.144070666666667,-37247766895.5682,-7232910.6918292
0,154.0995,0.7127632,-1.273949,0.01563954,0.08061201,0.06539283,0.01521918,0.8911185,26.43621,0.9401573,0.1440194,0.1440707,761.6333,3.93098
2,10.18967,0.95067767,-1.562179,0.010702296,-0.003295633,-0.004100395,0.00080476198,5.4514259,38.478433,-0.078629254,0,0.14407067,7346.2041,5.614284
0,21.2984803,0.555186861,-1.57198584,0.0127107523,0.374505118,0.136000717,0.238504401,1.18305162,14.0093539,1.52301979,0,0.144070667,13979.0339,6.94513692
0,5.1259,0.680026,-0.533511,0.0225515,3.92407e-05,4.36754e-06,3.48732e-05,0.941849,27.4324,5.99084e-05,7.39563e-06,0.144071,0.0553693,2.55302
0,5.88029,0.99971,-0.655614,0.0178613,7.29015e-05,2.64611e-05,4.64404e-05,0.959666,40.3272,0.000533589,4.48107e-05,0.144071,0.383362,2.77461
2,3.5517511,0.80504036,-1.6337108,0.0093128283,0.062638612,-0.0072942326,0.069932845,-35.300075,30.44247,-0.11844655,0,0.14407067,-2249.5542,1.3121012
0,5.59615,0.967457,-0.688558,0.0224071,6.96669e-05,3.22028e-05,3.7464e-05,0.95838,39.0262,0.000628422,5.45361e-05,0.144071,0.567188,2.82772
0,37.00054,0.6828302,-1.218597,0.01263292,0.05073748,0.04637146,0.004366021,0.9087851,26.14895,0.6386878,0.08757132,0.1440707,362.8241,3.760083
0,38.8701,0.891062,-1.05236,0.0113641,0.00712186,0.00670885,0.000413012,0.950384,35.691,0.120582,0.0115074,0.144071,55.9768,3.43823
0,7.59605,0.575132,-0.974851,0.0107559,0.00279329,0.00263938,0.000153908,0.930203,23.137,0.0306192,0.0044926,0.144071,13.6997,3.28019
0,44.44299,0.20940068,-1.4035404,0.013834628,0.26555475,0.20457636,0.060978392,0.66171592,6.2042985,0.86408947,0.8601891,0.14407067,1271.803,4.1859833
0,46.26371,0.5471176,-1.222988,0.01244247,0.05276458,0.04949317,0.003271408,0.8944963,20.9071,0.5461993,0.09407042,0.1440707,311.8259,3.746788
0,6.13109,0.260706,-0.519328,0.00845965,8.45176e-05,9.70389e-06,7.48137e-05,0.861296,10.5164,5.10295e-05,1.64316e-05,0.144071,0.0193457,2.4848
0,31.257231,0.79737466,-1.317377,0.010105826,0.19035093,0.13841218,0.051938746,0.8200635,26.044404,2.2261884,0.38934248,0.14407067,1424.3209,4.1352559
0,44.014713,0.96326446,-1.4069868,0.0083503988,0.40881067,0.057821143,0.35098952,1.0902534,22.973507,1.1234594,0,0.14407067,2987.6145,4.5664952
0,5.41208,0.518992,-0.585671,0.0247271,3.87273e-05,7.78406e-06,3.09432e-05,0.925164,20.9363,8.14877e-05,1.3181e-05,0.144071,0.0840695,2.62665
0,7.0549,0.818695,-0.813423,0.00943999,0.000480103,0.000379835,0.000100268,0.950929,33.0118,0.00627252,0.000643656,0.144071,2.40427,3.02715
1,0.19823,0.90948,-1.9117,0.017231,,,,,,,,,,
2,19.9576096,0.461135861,-1.70433245,0.0147311379,0.433089042,-0.0629319901,0.496021032,1.10481643,10.5462707,-0.585363358,0,0.144070667,61682.2069,16.4169397
0,34.8184626,0.7908882998,-1.807376802,0.01967270725,0.9720587315,0.6842247809,0.2878339507,0.05271486488,0.8914899156,10.91538656,0,0.1440706667,410545.9678,84.36106057
0,5.45179,0.478735,-0.517094,0.0239171,3.46251e-05,3.33525e-06,3.12899e-05,0.919383,19.3124,3.22069e-05,5.64756e-06,0.144071,0.0323404,2.50897
0,46.165873,0.36871142,-1.44313,0.022300867,0.22739361,0.22739229,1.3187227e-06,0.74721952,11.492117,1.6911709,0.88733695,0.14407067,3468.9615,4.7037837
0,2.6065113,0.97489813,-1.5082698,0.021818566,0.0022325881,0.0020851507,0.0001474374,11.914532,39.24133,0.041003587,0,0.14407067,1715.1129,4.3921618
0,5.74714,0.624722,-0.684526,0.0142617,0.000103999,4.80413e-05,5.59579e-05,0.936986,25.1998,0.000605378,8.13592e-05,0.144071,0.355697,2.79967
0,5.34494,0.632478,-0.605984,0.012489,8.28819e-05,2.00056e-05,6.28763e-05,0.937724,25.5132,0.000255225,3.38773e-05,0.144071,0.131209,2.66984
0,6.65048,0.267923,-0.841849,0.0232822,0.000252734,0.000221863,3.08707e-05,0.864422,10.8058,0.001199,0.000375988,0.144071,1.24728,3.02163
2,39.608404,0.51274664,-1.4843685,0.011686415,0.84783508,-0.16176313,1.0095982,0.25441916,3.1475492,-1.6730447,0,0.14407067,4739.3263,5.0077397
0,6.90806,0.744617,-0.86659,0.0188406,0.000433078,0.000376584,5.64942e-05,0.946368,30.0262,0.00565613,0.00063844,0.144071,4.35003,3.11116
0,50.385338,0.7663131,-1.3023494,0.014310052,0.11747906,0.088343043,0.029136016,0.86944104,27.282643,1.365538,0.22668987,0.14407067,1160.2643,4.0584171
0,6.90534,0.745528,-0.863172,0.0163097,0.000480862,0.000416342,6.45196e-05,0.946399,30.0615,0.00626094,0.000705832,0.144071,4.16794,3.10551
2,1.1285053,0.261704836747,-1.73343985988,0.0239836748032,-1.80375292739,-1.85240025046,0.0486473230671,-0.00415154425526,29.6010185714,-9.77848898165,0,0.144070666667,-66961043.6421,-13001.4287535
0,6.57597,0.874448,-0.832364,0.0246198,0.000226533,0.000185753,4.07796e-05,0.954059,35.2688,0.00327639,0.000314777,0.144071,3.26542,3.06199
0,6.05945,0.257929,-0.518056,0.0171272,4.17099e-05,4.71552e-06,3.69944e-05,0.860038,10.4049,2.45332e-05,7.98456e-06,0.144071,0.0188579,2.48222
0,16.0035,0.244321,-1.12849,0.0219008,0.00926571,0.00909521,0.000170495,0.847761,9.76503,0.0448228,0.0158764,0.144071,45.6509,3.50188
0,7.36316,0.492308,-0.968206,0.016212,0.00169886,0.00160913,8.97214e-05,0.92037,19.8269,0.0159792,0.00273673,0.144071,10.8943,3.26122
0,31.6080664,0.687432253,-1.68465366,0.0157018705,0.60131396,0.428287353,0.173026608,0.690564294,11.05646,5.93868547,0,0.144070667,80350.034,20.0358354
0,50.47949,0.7916358,-1.24317,0.02085205,0.04317827,0.03654506,0.006633208,0.9212034,30.55706,0.5835516,0.07274337,0.1440707,573.5029,3.849092
0,3.5038942,0.7301602505098,-1.420246959299,0.0089641183321627,0.2478350952168,0.13599412678534,0.11184096843146,-5.5636578988783e-07,22.1557480859,2.0029195692708,0,0.14407066666667,-6694553356.5789,-1299972.8612232
0,0.4955853,0.243164453,-1.76693811,0.0185210525,0,0,0,-5.26040245,9.80968933,0,0,0.144070667,-26929.5857,-3.47468976
0,17.2922564,0.8095323569,-1.768996582,0.01712024758,0.08241692401,0.01026628976,0.07215063425,2.075697159,29.96641385,0.1676381659,0,0.1440706667,214065.7868,46.13595694
0,13.04226,0.4354012,-1.172693,0.01780914,0.01986781,0.0192233,0.0006445056,0.8994562,17.21589,0.1688273,0.03444683,0.1440707,133.8378,3.618471
2,34.8176044,0.4846393746,-1.775305031,0.02145536516,-5.030410643,-12.39843988,7.368029239,-5.841310673,117.9018849,-121.2023126,0,0.1440706667,-324547.4947,-61.38679299
1,0.52786,0.81294,-1.9675,0.013464,,,,,,,,,,
0,5.9745,0.622459,-0.62078,0.0248645,4.37257e-05,1.21519e-05,3.15737e-05,0.93681,25.11,0.000152574,2.05777e-05,0.144071,0.156318,2.69364
0,5.11935,0.723279,-0.517984,0.0156801,5.56839e-05,5.14571e-06,5.05382e-05,0.945124,29.1768,7.50717e-05,8.71337e-06,0.144071,0.048075,2.53024
2,53.5715632,0.207804212,-0.877278248811,0.0140818796901,-1388.12535548,-7359.04652819,5970.92117271,-2.33115466016e-05,11645.3072297,-30846.1570443,0,0.144070666667,-78569491.5384,-15256.4653434
0,7.47475,0.426402,-1.0056,0.0238737,0.00183549,0.00176255,7.29414e-05,0.909238,17.1703,0.0151595,0.00300425,0.144071,15.4381,3.31741
0,7.51734,0.207533,-1.02503,0.0135518,0.00406535,0.00397313,9.22137e-05,0.82936,8.33822,0.016632,0.00679305,0.144071,10.5494,3.31633
2,4.5396621,0.6644467244,-1.6302869834,0.020548237452,0.049042532442,-0.29231641365,0.3413589461,-0.014788514273,25.490386707,-3.9177663981,0,0.14407066667,-4302732.8084,-834.16364759
0,7.05737,0.352495,-0.875512,0.0228847,0.000385004,0.000347659,3.73454e-05,0.893371,14.2148,0.0024719,0.00058944,0.144071,2.44641,3.09014
2,1.2137362,0.34859162093885,-1.9312588517474,0.020509256734084,-20.900525984365,-20.900595359924,6.9375559093032e-05,-0.017870620644523,307.98293640319,-146.96055099589,0,0.14407066666667,-2054162402.0927,-398883.664767
0,5.60107,0.381877,-0.505168,0.0227165,3.44381e-05,3.01282e-06,3.14253e-05,0.900965,15.4051,2.32072e-05,5.10154e-06,0.144071,0.0225858,2.4786
0,5.54388,0.513903,-0.606608,0.021908,4.62818e-05,1.14966e-05,3.47852e-05,0.924474,20.7308,0.000119172,1.94678e-05,0.144071,0.109013,2.66094
1,150.8738,0.7033005,-1.281011,0.008836676,,,,,,,,,,
0,0.4990922,0.360137777238,-1.97991426721,0.014424689014,0,0,0,-0.063383883772,14.5286026414,0,0,0.144070666667,-51040433.4824,-9909.64417639
1,0.27446,0.97754,-1.9834,0.015723,,,,,,,,,,
0,5.45672,0.591201,-0.579229,0.0217734,4.38566e-05,8.13795e-06,3.57187e-05,0.933692,23.849,9.70455e-05,1.37803e-05,0.144071,0.0873554,2.62217
0,35.950454,0.87436521,-1.3248059,0.011224322,0.18588319,0.1311852,0.054697985,0.82719282,28.716715,2.3136779,0.38564305,0.14407067,1712.8169,4.2081833
1,0.27187,0.71813,-1.9269,0.01594,,,,,,,,,,
2,2.8833248,0.7084030057604187,-1.526929818325333,0.01413207167678314,0.1270468567244994,-0.01940347886119594,0.1464503355856953,-6.212550594648386e-11,24.94746916321446,-0.2772586903876921,0,0.1440706666666666,-265752103298251.4,-51604746158.21883
0,27.2251509,0.4971337364,-1.867984821,0.02349376051,0.994959521,0.6755078307,0.3194516903,0.009893983904,0.1010881416,6.773744237,0,0.1440706667,540263.982,109.6249101
0,0.5033567,0.550169982,-1.938656485,0.02037432539,0,0,0,12.3621692,22.19484197,0,0,0.1440706667,235327.3628,50.43913551
2,7.2332944,0.4185741427066,-1.937860254517,0.01481847249891,0.07045852716978,-2.54599186445,2.61645039162,-0.01358903339207,15.69626541526,-21.49584780108,0,0.1440706666667,-149858400.1646,-29098.58720494
0,12.762174,0.60960361,-1.5168419,0.014697116,0.10399328,0.004290922,0.099702361,2.5342606,22.035046,0.052762251,0,0.14407067,5054.8444,5.1047933
0,6.2731,0.21448,-0.66068,0.019271,0.00011908,2.6172e-05,9.2907e-05,0.83631,8.6513,0.00011322,4.4324e-05,0.14407,0.10071,2.7109
0,5.66236,0.521292,-0.678961,0.0111159,0.000127067,5.73852e-05,6.96817e-05,0.925413,21.0272,0.000603402,9.71831e-05,0.144071,0.279781,2.78175
0,45.06454,0.8358613,-1.213901,0.01295508,0.04813681,0.04271708,0.005419735,0.9203525,32.09696,0.7202129,0.0803947,0.1440707,414.0136,3.772109
2,37.9828667,0.563073114,-1.5938189,0.00916899129,-4.15874317,-4.43165988,0.27291671,-4.38889311,117.182798,-50.3334134,0,0.144070667,-41722.0956,-6.5427699
0,6.00881,0.343611,-0.585444,0.0232654,3.82266e-05,8.24912e-06,2.99775e-05,0.891136,13.8613,5.71741e-05,1.39683e-05,0.144071,0.0576173,2.607
0,58.556026,0.60154771,-1.3754962,0.012699991,0.25346836,0.17508173,0.078386625,0.76274364,18.116465,2.124399,0.65360511,0.14407067,2247.2482,4.3766053
0,7.04815,0.385707,-0.877867,0.0239898,0.000378854,0.000341816,3.70383e-05,0.901635,15.5542,0.00265935,0.000579554,0.144071,2.73385,3.09826
0,5.56754,0.605388,-0.609913,0.0245744,4.24824e-05,1.06936e-05,3.17888e-05,0.935146,24.4214,0.000130582,1.81081e-05,0.144071,0.13246,2.67426
0,5.19843,0.832517,-0.564906,0.0232768,4.08306e-05,6.33311e-06,3.44975e-05,0.951984,33.5839,0.000106349,1.07241e-05,0.144071,0.100374,2.61499
0,33.73617,0.2383676,-1.357617,0.01419052,0.1742128,0.1495427,0.0246701,0.7406182,7.940915,0.7190144,0.4649234,0.1440707,806.2933,4.026248
0,27.1324266,0.7824527109,-1.702487069,0.01987515417,0.3399112837,0.2129531169,0.1269581668,-0.8596827843,20.83605881,3.360990393,0,0.1440706667,-152944.5856,-28.09845263
0,1.2721304,0.54326497627,-1.8208162021,0.011026931548,0.022723781098,0.022723726276,5.4822000457e-08,-0.3547708942,21.418260892,0.24900979293,0,0.14407066667,-1741749.2898,-336.62520732
0,7.67695,0.890256,-0.79448,0.0188682,0.000198192,0.000149028,4.91636e-05,0.954854,35.9074,0.00267614,0.000252475,0.144071,2.0419,2.99974
0,6.93616,0.761162,-0.794202,0.0199976,0.000185166,0.000140112,4.50537e-05,0.947627,30.701,0.00215119,0.000237367,0.144071,1.75288,2.99157
2,10.54606,0.6672033,-1.388854,0.01200336,-0.01118549,-0.01120497,1.948326e-05,6.587,27.21725,-0.1507975,0,0.1440707,464.12,3.962662
0,7.43055,0.963283,-0.924751,0.0248547,0.000664182,0.000601787,6.23952e-05,0.957821,38.8347,0.0116929,0.00102153,0.144071,11.7337,3.22174
2,20.9918172,0.38786759,-1.66027704,0.0241895002,-0.506072722,-0.53184111,0.025768388,3.01550436,23.5659309,-4.1609315,0,0.144070667,28675.7688,9.92421355
0,6.1869,0.253828,-0.72105,0.0130843,0.000132666,8.37074e-05,4.89585e-05,0.858043,10.2385,0.000428577,0.000141766,0.144071,0.252284,2.81852
0,0.5057686,0.341428715,-1.80849688,0.0122200974,0,0,0,7.54351513,13.7738456,0,0,0.144070667,44968.4788,13.2593308
0,27.2683599,0.4584461814,-1.791058278,0.009597331561,0.9508273902,0.7470677041,0.2037596861,0.09887331519,0.9094247828,6.908336639,0,0.1440706667,181064.8478,39.7411689
0,32.2026563,0.903357305,-1.63356354,0.0218880988,0.175176466,0.0756278523,0.0995486136,2.93487099,30.059086,1.37805483,0,0.144070667,26665.9683,9.50349573
0,41.04489,0.72682046,-1.3084893,0.013934049,0.12652298,0.095058919,0.03146406,0.86077183,25.611428,1.3936226,0.25191087,0.14407067,1190.4395,4.0717357
2,15.0929048,0.4416748313,-1.763998702,0.0119210634,0.6466434453,-0.003487958498,0.6501314038,0.7513336109,6.296090614,-0.03107414094,0,0.1440706667,116529.055,27.15966058
0,24.7408783,0.413289764,-1.56062046,0.0104091264,0.840581755,0.362411593,0.478170162,-0.236927515,2.65795631,3.02121688,0,0.144070667,-11444.4234,-0.630071001
2,10.413857,0.7253800609,-1.423401186,0.01047881618,0.4861640956,-0.003361252827,0.4895253484,-0.0251759491,15.03644698,-0.04918038957,0,0.1440706667,-104556.4098,-18.9617967
0,5.89705,0.376846,-0.680865,0.0212583,6.47876e-05,3.07504e-05,3.40372e-05,0.899757,15.2017,0.000233744,5.20747e-05,0.144071,0.213185,2.76968
2,26.8810165,0.43403262214,-1.4876278829,0.023991623782,-0.1038743958,-0.11827631794,0.014401922139,-0.0046636820092,19.328457592,-1.0354886408,0,0.14407066667,-1655559.1659,-320.21906443
0,32.446776,0.52460165,-1.504583,0.010382148,0.1771563,0.1408563,0.036300001,1.4956196,17.414145,1.4904969,0,0.14407067,5782.8319,5.2408111
0,8.68043,0.655478,-0.995975,0.0148996,0.00263827,0.00249653,0.000141738,0.938129,26.3734,0.0330081,0.0042541,0.144071,20.3106,3.32283
0,38.3842,0.59648,-1.07929,0.0101879,0.0109697,0.0105235,0.000446176,0.927209,23.7991,0.126614,0.018142,0.144071,54.0742,3.46302
0,34.7901,0.972032,-1.0265,0.0162252,0.00361927,0.00338666,0.000232613,0.956253,39.0716,0.0664014,0.00578222,0.144071,43.6928,3.39726
0,6.76989,0.440151,-0.72322,0.0217256,8.70495e-05,5.18377e-05,3.52118e-05,0.9129,17.755,0.000460228,8.77924e-05,0.144071,0.422827,2.84726
0,29.5515898,0.3260497613,-1.816520252,0.01243421847,0.9982062837,0.7885512095,0.2096550742,0.003345508757,0.02359352382,5.186076984,0,0.1440706667,192537.5025,41.99759098
0,6.4023,0.21285,-0.67019,0.010071,0.12906,4.9176e-05,0.12901,0.8147,7.4785,0.00021113,9.5835e-05,0.14407,0.10098,2.7206
0,7.13594,0.756686,-0.93597,0.0189176,0.000991051,0.000912826,7.82251e-05,0.946813,30.4958,0.0139325,0.00155017,0.144071,10.7661,3.22835
0,7.83611,0.541677,-0.952518,0.0117439,0.00193496,0.00181686,0.0001181,0.926859,21.8099,0.0198512,0.0030885,0.144071,9.72828,3.23949
0,6.50603,0.914895,-0.720546,0.0240731,8.07642e-05,4.52032e-05,3.5561e-05,0.956089,36.9055,0.000834192,7.6557e-05,0.144071,0.810862,2.87812
0,14.21219,0.6921336,-1.149541,0.0206461,0.01315522,0.01248844,0.0006667788,0.9343132,27.55459,0.1743505,0.02206995,0.1440707,153.1715,3.606006
0,6.02728,0.577678,-0.588691,0.0182914,5.32577e-05,1.09389e-05,4.23188e-05,0.93224,23.3033,0.000127463,1.85234e-05,0.144071,0.0965375,2.63677
0,5.4268,0.816229,-0.61113,0.0239185,4.48856e-05,1.11598e-05,3.37258e-05,0.951071,32.9267,0.000183735,1.88976e-05,0.144071,0.178366,2.69077
0,58.201183,0.43029629,-1.3571276,0.0090799033,0.27925518,0.21260629,0.066648886,0.72188619,12.511354,1.8453081,0.72205307,0.14407067,1295.1595,4.145041
0,7.27273,0.739279,-0.753863,0.0124533,0.000202479,0.000134031,6.84473e-05,0.946152,29.8178,0.00199867,0.000227031,0.144071,1.0156,2.92304
0,6.83909,0.883683,-0.79333,0.0233271,0.00015841,0.000118778,3.96316e-05,0.95456,35.6437,0.00211719,0.000201222,0.144071,1.9978,2.99746
0,8.4278856,0.87618203253,-1.4222301716,0.012210748285,0.0037092230197,0.00040100239433,0.0033082206254,-0.0045852162684,35.215642721,0.007087066033,0,0.14407066667,-1324447.1829,-255.97642225
1,0.31941,0.70704,-1.9205,0.012101,,,,,,,,,,
0,6.94862,0.366429,-0.904343,0.0149135,0.00083505,0.000772035,6.30148e-05,0.896718,14.7701,0.00570627,0.0013099,0.144071,3.6676,3.14002
0,6.9198,0.24371,-0.62095,0.022376,4.1161e-05,1.3533e-05,2.7627e-05,0.85307,9.8313,6.6528e-05,2.2916e-05,0.14407,0.067357,2.6505
0,22.686319,0.21266014,-1.5748291,0.014152717,0.88190492,0.79399701,0.087907915,0.16747987,1.0131484,3.4058863,0,0.14407067,7406.8648,5.639136
2,21.7682768,0.95287467,-1.60010025,0.0163108584,-3.59959159,-7.62433468,4.02474309,8.89712132,176.811382,-146.542267,0,0.144070667,33663.4127,10.8407959
0,0.522044,0.7518338648713196,-1.927227722081054,0.02264745867839181,0,0,0,-1.157299848385371e-174,30.33032401885719,0,0,0.1440706666666666,-2.966138811758026e+180,-5.75976026349689e+176
0,9.0387647,0.9985339,-1.4968035,0.009341998,0.28404553,0.031459882,0.25258565,3.1089712,28.84054,0.63364364,0,0.14407067,4169.1602,4.9028715
0,64.92719,0.3843077,-1.328753,0.01559468,0.1273641,0.1052777,0.02208644,0.8191587,13.52905,0.8160945,0.2920047,0.1440707,857.241,4.010426
0,59.133021,0.36693632,-1.3914509,0.017326213,0.20033756,0.14346633,0.056871231,0.76439686,11.837298,1.0618566,0.58805392,0.14407067,1798.4228,4.2939575
0,14.2945,0.5977843,-1.1504,0.02203888,0.01237746,0.01184313,0.0005343219,0.926431,23.8172,0.1428027,0.02090455,0.1440707,135.0036,3.596849
0,62.870434,0.36933802,-1.4125249,0.010895678,0.37854897,0.26380555,0.11474342,0.63556376,9.2594693,1.9653193,1.2258199,0.14407067,2217.9167,4.4072632
0,17.97288,0.9706394,-1.102014,0.00972967,0.01559765,0.01461052,0.0009871314,0.9483507,38.54657,0.2860545,0.02543398,0.1440707,114.648,3.536113
0,10.70927,0.5000349,-1.161025,0.02470312,0.01251159,0.01205309,0.000458502,0.9145746,19.91992,0.1215693,0.02137725,0.1440707,131.102,3.60521
0,7.3984,0.933675,-0.717471,0.00868807,0.000218448,0.000120391,9.80569e-05,0.956844,37.6579,0.00226733,0.000203909,0.144071,0.794716,2.87401
0,30.8161,0.305474,-1.16012,0.0162897,0.0185022,0.0180914,0.000410789,0.867701,12.0953,0.111474,0.0320436,0.144071,82.9351,3.57142
1,0.29408,0.79372,-1.8613,0.012309,,,,,,,,,,
0,88.12938,0.4555144,-1.317289,0.02259594,0.0826307,0.06707194,0.01555876,0.8621526,16.85782,0.6162659,0.173933,0.1440707,875.925,4.003698
0,1.9001858,0.940699862,-1.71623998,0.0151145957,0.544418373,0.0408665093,0.503551864,-5.96116258,17.2891024,0.775432134,0,0.144070667,-21838.2636,-2.52596795
0,22.50667,0.2851755,-1.218484,0.0248487,0.02441433,0.02383437,0.0005799603,0.8565969,11.22361,0.1371012,0.04445615,0.1440707,164.9791,3.681058
0,5.90132,0.779391,-0.632065,0.0249255,4.63818e-05,1.40129e-05,3.2369e-05,0.948876,31.4406,0.000220296,2.37293e-05,0.144071,0.223381,2.72328
2,7.5753481,0.993534863,-1.494504511,0.01369231023,0.1668495271,-0.01051540827,0.1773649353,-0.02944485904,33.39348325,-0.2107339078,0,0.1440706667,-494868.2349,-94.76279368
0,5.44489,0.817332,-0.524241,0.0108147,8.19957e-05,8.08489e-06,7.39108e-05,0.951109,32.9699,0.00013329,1.36906e-05,0.144071,0.0585009,2.54658
0,43.99413,0.3341698,-1.174045,0.01012745,0.03500509,0.03415161,0.0008534866,0.8664468,13.0091,0.230199,0.06163573,0.1440707,106.8257,3.602994
0,7.1544,0.822934,-0.728282,0.0115833,0.00017718,0.000103752,7.34282e-05,0.951364,33.1927,0.00172221,0.000175727,0.144071,0.809477,2.88577
0,7.56858,0.523786,-0.550915,0.0140963,6.28407e-05,8.73756e-06,5.41032e-05,0.925782,21.1291,9.23144e-05,1.47956e-05,0.144071,0.0542559,2.56938
1,0.33105,0.84869,-1.8699,0.012385,,,,,,,,,,
0,7.3091,0.21665,-0.8293,0.021696,0.00023199,0.00020267,2.9317e-05,0.83759,8.7382,0.00088569,0.00034339,0.14407,0.88593,2.9914
2,0.9385096,0.3333821941,-1.914196628,0.01531168354,-0.0001560795964,-0.0001560795964,-2.943608898e-17,-9.439657007,13.45133367,-0.001049575548,0,0.1440706667,-136419.4188,-24.67194867
0,48.78117,0.4488191,-1.20893,0.02325477,0.02374121,0.02277504,0.0009661729,0.8993395,17.6763,0.2061843,0.04201725,0.1440707,218.8995,3.696505
0,6.89072,0.448268,-0.718209,0.00948181,0.000191796,0.000111367,8.04287e-05,0.914274,18.0805,0.00100698,0.00018862,0.144071,0.403134,2.83979
0,11.3197,0.875123,-0.971606,0.016864,0.0017392,0.00161613,0.000123063,0.95311,35.2426,0.028528,0.00274839,0.144071,19.5345,3.2963
0,6.16306,0.575507,-0.632593,0.017556,6.43741e-05,2.00303e-05,4.43437e-05,0.931995,23.2155,0.000232522,3.39193e-05,0.144071,0.169073,2.70949
2,9.665679,0.5893317,-1.411924,0.01130257,0.03225491,-0.00733754,0.03959245,4.237282,23.00785,-0.08722389,0,0.1440707,820.2653,4.084151
0,21.4831725,0.2469745042,-1.820758255,0.01347350934,0.8666445254,0.6708146954,0.19582983,0.2344107842,1.328673085,3.34179543,0,0.1440706667,163405.5168,36.33644047
0,6.67935,0.385481,-0.725153,0.0155934,0.00012138,7.40382e-05,4.7342e-05,0.901745,15.5491,0.000575684,0.000125393,0.144071,0.384302,2.84428
2,23.344228,0.95782458,-1.6140562,0.018067086,-4.5014434,-8.9603457,4.4589023,229.77211,212.57774,-173.11549,0,0.14407067,1874.8663,4.5335458
2,24.519573,0.58157269,-1.4910054,0.017467752,0.019083568,-0.09038024,0.10946381,2.0712421,23.013951,-1.0602363,0,0.14407067,4635.3031,4.9930367
0,14.3155,0.877163,-1.09752,0.0125957,0.011339,0.0106919,0.000647102,0.946951,34.9851,0.189173,0.018544,0.144071,98.3602,3.52058
0,8.09526,0.461008,-0.997785,0.0101309,0.00392441,0.00375489,0.000169523,0.914071,18.5249,0.0349165,0.00640366,0.144071,14.9862,3.30798
0,79.33322,0.35591469,-1.3661293,0.02107416,0.14166027,0.10734852,0.034311743,0.80170385,12.324244,0.77066769,0.34923327,0.14407067,1289.5837,4.1527383
2,7.9650837,0.89984358,-1.5412633,0.018166217,0.9810295,-0.016989641,0.99801914,0.089240164,0.68865397,-0.30837304,0,0.14407067,6139.3112,5.3497876
0,8.24009,0.58613,-0.984648,0.00869674,0.0039044,0.00369787,0.000206535,0.930679,23.5532,0.043719,0.00630137,0.144071,15.8081,3.29775
2,10.682786,0.63023413,-1.4687936,0.013885525,0.3316902,-0.0001805341,0.33187074,4.0768661,16.991625,-0.0022950192,0,0.14407067,1307.1306,4.2595044
0,34.07344,0.2386944,-1.296315,0.0182459,0.08041958,0.07723569,0.003183892,0.8006329,8.85497,0.3718651,0.1645297,0.1440707,378.4431,3.843
0,6.6829,0.23295,-0.91345,0.020743,0.00066146,0.00062392,3.7543e-05,0.84695,9.3912,0.0029316,0.0010587,0.14407,2.7755,3.1346
2,23.5695041,0.4132444595,-1.838084756,0.01261739034,-0.5032856993,-0.8120578457,0.3087721464,3.768997866,25.06130787,-6.76891681,0,0.1440706667,239474.3221,51.14473357
0,7.15542,0.861404,-0.866162,0.0201951,0.000404416,0.000349403,5.50135e-05,0.953282,34.7365,0.00607098,0.000592355,0.144071,4.96855,3.11769
0,103.0942,0.3510103,-0.6544057,0.02067291,5.686291e-05,2.251211e-05,3.43508e-05,0.8931741,14.15958,0.0001593901,3.811999e-05,0.1440707,0.1423987,2.72247
0,7.6221,0.942061,-0.924414,0.00852228,0.00192593,0.00174646,0.000179467,0.956099,37.9312,0.0331866,0.00296636,0.144071,11.4317,3.22001
0,55.93122,0.8473956,-1.17626,0.01751882,0.02197495,0.0202886,0.00168635,0.9384296,33.43423,0.3467876,0.03665939,0.1440707,260.8057,3.680972
0,5.52899,0.650885,-0.586966,0.0171247,5.74179e-05,1.14281e-05,4.59898e-05,0.939393,26.2564,0.000150039,1.93518e-05,0.144071,0.105577,2.63965
0,27.1317,0.656033,-1.04863,0.0204789,0.00372696,0.00355583,0.00017113,0.937474,26.3669,0.0470535,0.00608683,0.144071,39.961,3.41407
2,1.3073179,0.6825954774,-1.882910782,0.02184019059,-0.08967490238,-0.1211711052,0.03149620285,-4.573380688,30.00651238,-1.668351846,0,0.1440706667,-420260.7569,-79.87842909
0,6.47971,0.9635,-0.709244,0.0176754,0.000101327,5.32459e-05,4.80813e-05,0.958196,38.8654,0.00103482,9.01773e-05,0.144071,0.736907,2.86189
2,9.5540658,0.77148065,-1.5481264,0.015199351,0.19978688,-0.012593997,0.21238088,3.1443787,24.904961,-0.19598092,0,0.14407067,6882.0099,5.5067385
1,0.30938,0.78896,-1.7591,0.02015,,,,,,,,,,
0,6.76269,0.831043,-0.89472,0.0203965,0.000559535,0.000499,6.05353e-05,0.951567,33.507,0.00836468,0.000846405,0.144071,6.92895,3.16371
0,32.434282,0.71334438,-1.3254906,0.024892174,0.086485848,0.062570436,0.023915412,0.88713847,26.288735,0.90031315,0.17542938,0.14407067,1474.9618,4.1549984
1,0.41548,0.96909,-1.9206,0.018767,,,,,,,,,,
0,5.99538,0.535481,-0.513687,0.0208571,4.02137e-05,3.66077e-06,3.65529e-05,0.927299,21.6014,3.95405e-05,6.19879e-06,0.144071,0.034329,2.50863
0,55.66092,0.7471728,-1.235924,0.01505735,0.05385208,0.04698874,0.00686334,0.9113193,28.51906,0.7081742,0.09178577,0.1440707,492.9763,3.818435
2,15.9612071,0.737630396,-1.59703297,0.0166045232,0.00891323269,-0.00921271076,0.0181259434,-0.513940709,29.4920966,-0.13707284,0,0.144070667,-93450.0199,-16.625714
0,5.58001,0.586458,-0.698253,0.0145595,0.000110772,5.61311e-05,5.46412e-05,0.933149,23.6562,0.000663997,9.50614e-05,0.144071,0.399928,2.81943
0,5.64676,0.827939,-0.643133,0.0199082,6.11376e-05,2.02241e-05,4.09135e-05,0.951718,33.3985,0.000337748,3.4248e-05,0.144071,0.272724,2.74461
0,0.5008747,0.2262947484,-1.937349548,0.01639614156,0,0,0,5.471391137,9.129135257,0,0,0.1440706667,215058.324,46.49728222
2,17.3166135,0.6995513794,-1.636688073,0.01750177522,-79.41413518,-79.41528506,0.001149884947,27.6439836,2269.37977,-1120.595533,0,0.1440706667,222488.3025,47.64114721
0,16.4270847,0.375370209,-1.6582629,0.0106827884,0.961972863,0.248889708,0.713083154,0.0763318489,0.575848978,1.88448165,0,0.144070667,26974.75,9.58874705
0,5.56235,0.512509,-0.692812,0.0212349,7.24275e-05,3.58891e-05,3.65384e-05,0.924268,20.674,0.000371013,6.07785e-05,0.144071,0.329053,2.80395
1,0.34005,0.46793,-1.9264,0.0090756,,,,,,,,,,
0,41.7887958,0.357942345,-1.58127888,0.0139726779,0.565963714,0.41807819,0.147885524,0.563321104,6.26749915,3.01853184,0,0.144070667,14799.3188,7.11664593
2,22.8171896,0.882044515,-1.67969863,0.017610467,-0.202953903,-1.96864782,1.76569392,2.32774155,42.8050152,-35.0254485,0,0.144070667,86594.9526,21.2473881
0,7.42245,0.943529,-0.797405,0.0193153,0.00019995,0.00015115,4.87999e-05,0.957286,38.056,0.00287667,0.000256075,0.144071,2.24123,3.00749
0,41.5662943,0.2946834211,-1.787344016,0.01953650164,0.994307126,0.7390153172,0.2552918088,0.009121593844,0.06767720887,4.392728012,0,0.1440706667,139251.0103,31.60439406
0,6.86004,0.488495,-0.65316,0.010479,0.000116654,4.37028e-05,7.29508e-05,0.920813,19.7044,0.00043062,7.40089e-05,0.144071,0.189163,2.73582
0,38.9915,0.87842,-1.05641,0.0118735,0.00717105,0.00676151,0.000409535,0.949736,35.1829,0.119804,0.0116019,0.144071,58.1665,3.44467
2,4.5584838,0.99483985,-1.4603115,0.013080434,0.00039332008,-6.1745842e-05,0.00045506592,9.3725581,40.117835,-0.0012390421,0,0.14407067,1203.8515,4.226738
2,13.914381,0.32922429,-1.6793271,0.019595494,-1.0081321,-1.0428116,0.034679552,-18.122152,26.671001,-6.9250499,0,0.14407067,-6897.469,0.39759782
0,12.67776,0.4659543,-1.173467,0.02263401,0.01585029,0.01529221,0.0005580758,0.9072715,18.49948,0.1437271,0.02737468,0.1440707,144.0026,3.62498
2,0.8625553,0.586301988058,-1.94277396278,0.0167383327083,-0.00491889437086,-0.00491894340195,4.90310826124e-08,-0.0650795451287,23.7688157884,-0.0581725849963,0,0.144070666667,-50471616.5843,-9799.22572931
0,65.211185,0.36678771,-1.3798949,0.010944202,0.26947273,0.20048928,0.068983448,0.71577287,10.809519,1.4833072,0.80255068,0.14407067,1511.9068,4.217848
0,7.12709,0.961695,-0.916345,0.0223316,0.000667266,0.000601383,6.58826e-05,0.957753,38.7706,0.0116658,0.00102058,0.144071,10.5161,3.20747
1,0.20191,0.89296,-1.8677,0.019184,,,,,,,,,,
0,12.4659,0.691637,-1.01288,0.0169664,0.00287212,0.00272188,0.000150239,0.940941,27.8217,0.0379728,0.00464216,0.144071,26.5442,3.3547
0,5.65722,0.589858,-0.68617,0.0209508,7.12034e-05,3.34015e-05,3.78019e-05,0.933534,23.7943,0.00039741,5.65654e-05,0.144071,0.344294,2.79964
0,5.63179,0.834508,-0.628871,0.0135473,8.46288e-05,2.47453e-05,5.98836e-05,0.952065,33.6627,0.000416532,4.19042e-05,0.144071,0.228787,2.72132
0,29.0063615,0.523116788,-1.64310764,0.0228365852,0.314946377,0.125299209,0.189647169,1.03132913,14.457007,1.3221239,0,0.144070667,41256.5516,12.3687188
0,55.96835,0.5266157,-1.215625,0.02257647,0.02673219,0.02526446,0.001467735,0.9089758,20.67671,0.2683669,0.04716585,0.1440707,276.0896,3.726231
0,10.5828,0.315608,-0.648714,0.0176644,6.32937e-05,2.4488e-05,3.88056e-05,0.882597,12.7314,0.000155893,4.14671e-05,0.144071,0.120435,2.70817
1,0.54739,0.47436,-1.9476,0.01739,,,,,,,,,,
2,11.8280451,0.6327638789,-1.391475126,0.01575299821,-0.005826052158,-0.008775905939,0.002949853782,-0.02348495163,25.67554826,-0.1120105191,0,0.1440706667,-127005.7984,-23.36302393
0,13.3981434,0.50529586,-1.44167464,0.0208012053,0.281914934,0.0116682635,0.270246671,-0.276180124,14.6378334,0.118926089,0,0.144070667,-11733.1105,-0.806355235
0,36.2891,0.984974,-1.05291,0.0207285,0.00395755,0.00370879,0.000248765,0.956553,39.5783,0.0736854,0.00635347,0.144071,62.1105,3.44531
0,24.9089,0.598405,-1.04505,0.0162228,0.0044819,0.00428828,0.000193617,0.931586,24.0325,0.0517611,0.0073386,0.144071,35.0069,3.40273
0,81.501048,0.35060729,-1.4958949,0.01986764,0.37282052,0.25003488,0.12278565,0.63545755,8.8709053,1.7682624,1.9615971,0.14407067,6201.1868,5.3169497
0,6.56798,0.286717,-0.712522,0.0241674,6.83793e-05,4.06197e-05,2.77596e-05,0.872278,11.5659,0.000234918,6.87902e-05,0.144071,0.251256,2.80979
0,36.3652171,0.398627019,-1.73593071,0.00863518493,0.999816238,0.720598447,0.279217791,0.000334765785,0.00295512972,5.79408984,0,0.144070667,85596.46,21.1091333
0,0.8296007,0.9471928724,-1.973200506,0.01745380238,0.604304224,0.604304224,0,18.42004194,15.12011178,11.54567217,0,0.1440706667,167680.047,37.32025396
0,7.02957,0.5188,-0.835954,0.0150814,0.000376431,0.000317517,5.89147e-05,0.924923,20.9215,0.0033227,0.000538109,0.144071,2.09235,3.04248
2,35.819006,0.79859007,-1.4058758,0.012142203,-0.85672253,-0.91523095,0.058508424,3.6159793,59.8172,-14.742793,0,0.14407067,2312.2084,4.4210633
2,30.8644628,0.3564047932,-1.851991407,0.02067802265,-0.1058163508,-2.06630266,1.960486309,1.367760441,15.89943566,-14.85465745,0,0.1440706667,500530.1932,101.8893346
0,23.5622211,0.3627737376,-1.876724888,0.009252831521,0.9350481272,0.7271792118,0.2078689154,0.1303334352,0.9505668909,5.321112794,0,0.1440706667,431479.174,88.49785294
0,17.1702,0.693044,-1.02655,0.0158109,0.00366148,0.00347731,0.000184176,0.94054,27.8563,0.0486104,0.0059376,0.144071,31.692,3.37848
0,10.0653,0.3766,-0.658715,0.0131518,9.2283e-05,3.73981e-05,5.48848e-05,0.899681,15.1913,0.00028409,6.33304e-05,0.144071,0.160303,2.73287
2,5.5236471,0.9501313687,-1.4573965396,0.021192739509,0.023864896906,-0.006849207637,0.030714104543,-0.0084781906154,37.415258804,-0.13126506542,0,0.14407066667,-1195578.5221,-230.91179332
0,43.648174,0.6840902,-1.368774,0.010255532,0.29930627,0.205911,0.093395264,0.73442195,19.337342,2.8413066,0.74243935,0.14407067,2285.1128,4.3780943
0,17.341694,0.58896985,-1.4895619,0.013055725,0.92608855,0.0094729641,0.91661559,0.17247801,1.7561433,0.11253928,0,0.14407067,4169.5714,4.8957148
0,9.9787,0.20478,-0.73868,0.018536,0.029348,7.209e-05,0.029276,0.82549,8.0186,0.00029777,0.00012551,0.14407,0.25758,2.8372
2,1.552729,0.20628965464,-1.9758737084,0.016582038611,-30.23757162,-62.290593286,32.053021666,-24.902671655,259.96200616,-259.19408513,0,0.14407066667,-2206953.8602,-426.81749203
0,44.77704,0.337963,-1.339233,0.009693632,0.2142944,0.1796957,0.03459874,0.7489244,10.71234,1.224988,0.537453,0.1440707,849.3967,4.01891
0,6.20963,0.39615,-0.560359,0.0223653,3.84822e-05,6.21745e-06,3.22647e-05,0.904188,15.9808,4.96817e-05,1.0528e-05,0.144071,0.0474348,2.57192
0,7.01337,0.431389,-0.740781,0.0153405,0.000141815,9.19837e-05,4.98317e-05,0.911254,17.4005,0.000800396,0.000155794,0.144071,0.520179,2.87549
0,7.2162,0.24456,-0.93889,0.020498,0.00091714,0.00087458,4.2557e-05,0.85298,9.857,0.0043143,0.0014852,0.14407,4.0101,3.1792
0,25.4050639,0.2700071063,-1.838429929,0.01529153464,0.9935002628,0.7865511357,0.2069491271,0.01180823295,0.07079884294,4.283781662,0,0.1440706667,216894.1748,46.75529179
0,30.46046,0.6165146,-1.236213,0.01061579,0.0737384,0.06700425,0.006734144,0.8877141,23.03733,0.8332416,0.1306712,0.1440707,410.3257,3.793245
0,47.4010136,0.586661513,-1.56394757,0.0108677267,0.443144531,0.310794916,0.132349615,-0.36190771,13.1790848,3.67778786,0,0.144070667,-38771.1889,-5.99585393
0,5.4111,0.958404,-0.588228,0.0238769,4.24044e-05,8.33026e-06,3.40742e-05,0.958022,38.6621,0.00016104,1.41061e-05,0.144071,0.154929,2.66063
0,6.92389,0.970745,-0.759915,0.0139755,0.000192943,0.000129085,6.38576e-05,0.958435,39.154,0.00252759,0.000218657,0.144071,1.42292,2.9465
0,41.5505873,0.5759156955,-1.764083945,0.0243056817,0.8430308652,0.5839289615,0.2591019037,0.2564796685,3.646937706,6.783348046,0,0.1440706667,197946.1232,42.99684455
0,5.22287,0.814607,-0.541147,0.0182373,5.05476e-05,5.95714e-06,4.45904e-05,0.950975,32.861,9.78839e-05,1.00876e-05,0.144071,0.0724601,2.57448
0,49.026234,0.40252713,-1.4257962,0.0097711676,0.40326153,0.40325665,4.8785746e-06,0.62359638,9.6902361,3.2741748,1.6209435,0.14407067,2805.3203,4.546671
0,13.5686254,0.4948663631,-1.806308235,0.01540406886,0.3432536557,0.2390887687,0.1041648871,1.496402278,13.11114937,2.38655958,0,0.1440706667,209802.1403,45.34430389
0,16.04791,0.54506656,-1.4786556,0.01052611,0.00080350382,0.00079811009,5.3937354e-06,2.435927,21.971293,0.0087748057,0,0.14407067,3210.8246,4.68521
2,38.3989662,0.487878371,-1.76420815,0.021263208,-26.4693514,-54.2346169,27.7652655,85.8765975,540.648667,-533.719798,0,0.144070667,87781.8548,21.5630743
0,100.3708,0.4377244,-1.307691,0.01516158,0.1105298,0.09321725,0.01731254,0.840755,15.70678,0.8230423,0.2291541,0.1440707,739.8223,3.958994
0,6.43376,0.905999,-0.724128,0.0248296,8.02723e-05,4.58888e-05,3.43835e-05,0.955678,36.5467,0.000838609,7.77186e-05,0.144071,0.84114,2.88359
0,12.6972703,0.6662706762,-1.636440824,0.01316126164,0.1532760831,0.1524730648,0.000803018323,-0.2744846188,22.75871268,2.049127586,0,0.1440706667,-224001.5617,-41.98221699
0,7.22509,0.896804,-0.868932,0.0116345,0.000726018,0.000628321,9.76965e-05,0.954825,36.1524,0.0113659,0.00106543,0.144071,5.34966,3.12433
0,46.947431,0.47609738,-1.3867817,0.019962081,0.16594681,0.11586662,0.05008019,0.80989997,16.019343,1.1127031,0.48069359,0.14407067,2163.3401,4.3696419
0,6.86157,0.719708,-0.842728,0.0235189,0.000263889,0.000222115,4.1774e-05,0.944732,29.0266,0.00322448,0.00037643,0.144071,3.10046,3.06966
0,26.272788,0.58103201,-1.403051,0.015459413,0.39732258,0.25336285,0.14395973,1.1928604,14.126681,2.9693963,0,0.14407067,1596.3176,4.2601867
0,7.69481,0.829055,-0.839348,0.0109248,0.000550212,0.000457796,9.24156e-05,0.951463,33.4272,0.00765563,0.000775944,0.144071,3.39461,3.07099
0,7.69054,0.630227,-0.898452,0.0150731,0.000783355,0.000708264,7.50915e-05,0.937065,25.4046,0.00900362,0.00120157,0.144071,5.5967,3.15622
0,56.78378,0.6852379,-1.190765,0.01072252,0.04193797,0.03928543,0.002652542,0.914899,26.4844,0.5429978,0.07216193,0.1440707,255.305,3.693314
0,33.79416,0.2982176,-1.208841,0.01823424,0.02967115,0.02896011,0.000711049,0.8581575,11.67367,0.1742042,0.05352445,0.1440707,151.3275,3.664325
0,7.97851,0.925166,-0.929525,0.0213353,0.000818766,0.00074528,7.34861e-05,0.956075,37.2923,0.013908,0.0012653,0.144071,12.0021,3.22773
0,0.5557861,0.79810548002029,-1.9742071253646,0.017460653834548,0,0,0,-0.0031822112559923,32.197003807994,0,0,0.14407066666667,-2093721075.3764,-406565.27524048
0,7.13845,0.908957,-0.828581,0.0161497,0.000331863,0.000269738,6.2125e-05,0.955652,36.6568,0.00494551,0.000457107,0.144071,3.22756,3.0576
0,53.691415,0.39116055,-1.4442963,0.012929577,0.35784265,0.35784024,2.4059537e-06,0.65660459,10.133318,2.8233804,1.5535745,0.14407067,3533.4707,4.7184233
0,8.55495,0.820444,-0.960692,0.0134007,0.00190425,0.00176791,0.00013634,0.950103,33.0352,0.0292573,0.00300626,0.144071,15.966,3.27433
2,40.9676928,0.648405822819,-1.77552892908,0.0156922309717,0.865901447712,-0.0709665991043,0.936868046816,-0.00168236213121,3.50773003706,-0.928166885693,0,0.144070666667,-33621996.5715,-6527.44930987
0,7.36852,0.542885,-0.808449,0.0193945,0.000217704,0.000173467,4.42373e-05,0.928106,21.8962,0.00189954,0.000293899,0.144071,1.5328,2.99888
0,38.11447,0.2287437,-1.293379,0.02152889,0.06609445,0.06379334,0.002301115,0.8043142,8.618016,0.2943403,0.1342795,0.1440707,353.0613,3.831568
0,17.2951821,0.443760213,-1.64250747,0.0183669354,0.219849787,0.171662248,0.0481875395,1.77213477,13.9663126,1.53655577,0,0.144070667,23017.0062,8.79630924
0,20.5886,0.69326,-1.11039,0.0242497,0.00687301,0.00655364,0.000319373,0.938478,27.7751,0.0916439,0.0113643,0.144071,92.9647,3.52951
0,25.9084,0.599415,-1.10512,0.0200526,0.00772696,0.00741486,0.000312103,0.9296,23.9946,0.0896511,0.0128437,0.144071,75.7735,3.5104
0,7.17102,0.570512,-0.917107,0.021525,0.000684928,0.000630068,5.48596e-05,0.931043,22.9997,0.00725065,0.00106924,0.144071,6.48049,3.18258
0,7.00443,0.768709,-0.792125,0.0203498,0.000178269,0.000134064,4.42043e-05,0.948118,31.0056,0.00207874,0.000227118,0.144071,1.72277,2.9886
0,103.15758,0.935834034,-1.47116184,0.0108822124,0.539759806,0.349156804,0.190603002,0.546350094,17.3755494,6.59089686,2.60655566,0.144070667,10282.2711,6.11068009
0,58.34668,0.687702,-1.27155,0.02418767,0.05126841,0.0420041,0.009264314,0.9088471,26.32078,0.5826626,0.09029614,0.1440707,720.9555,3.917862
0,9.88042,0.783289,-0.978134,0.0120644,0.00262341,0.00245443,0.000168981,0.947448,31.5164,0.0387791,0.0041778,0.144071,19.1105,3.30162
1,0.43329,0.80973,-1.789,0.013284,,,,,,,,,,
2,17.2227981,0.9450232198,-1.583152115,0.02319764087,-0.004609482218,-0.004613682332,4.200114208e-06,-0.1353680847,38.29966001,-0.08794584754,0,0.1440706667,-385506.6049,-73.4250602
0,33.0442,0.269506,-1.11112,0.0119938,0.0136289,0.013351,0.00027798,0.856874,10.7242,0.072578,0.0231917,0.144071,39.68,3.47614
0,10.4991,0.822555,-0.976946,0.0105689,0.00295603,0.00275916,0.000196866,0.949539,33.0853,0.0457791,0.00469673,0.144071,19.7144,3.30215
0,7.94436,0.401901,-0.890942,0.0209145,0.000508382,0.000463652,4.47304e-05,0.905133,16.2052,0.00375869,0.000786342,0.144071,3.35612,3.12199
0,6.41403,0.962211,-0.681714,0.00853362,0.000175421,7.74369e-05,9.79837e-05,0.958095,38.8105,0.00150295,0.000131147,0.144071,0.516738,2.81608
0,31.010839,0.99107689,-1.3665432,0.014575622,0.15548834,0.14939655,0.0060917863,1.7997412,33.76511,2.9865728,0,0.14407067,1582.2329,4.2204886
0,38.0067,0.612418,-1.05274,0.0152102,0.00527245,0.00504442,0.000228033,0.932478,24.5758,0.0623138,0.00863933,0.144071,39.4749,3.41745
0,40.683057,0.58581607,-1.3529549,0.019333045,0.13485006,0.096375647,0.038474414,0.84321021,20.445975,1.1388165,0.32141987,0.14407067,1717.4428,4.2373691
0,7.07003,0.333361,-0.734269,0.0222131,9.04463e-05,5.84307e-05,3.20156e-05,0.888131,13.4471,0.000392899,9.89597e-05,0.144071,0.379365,2.85273
1,91.4724,0.600173,-1.29895,0.0162928,,,,,,,,,,
0,0.43424,0.20273,-1.0192,0.022709,0,0,0,-0.80823,8.1787,0,0,0.14407,-9.858,1.4116
1,0.45416,0.69804,-1.9906,0.013556,,,,,,,,,,
0,7.6764,0.968899,-0.664103,0.0220127,6.16863e-05,2.39442e-05,3.7742e-05,0.958445,39.0847,0.000467956,4.05486e-05,0.144071,0.414883,2.78717
0,6.24753,0.273046,-0.694126,0.0170862,8.39371e-05,4.53634e-05,3.85737e-05,0.866728,11.0142,0.000249843,7.68218e-05,0.144071,0.190125,2.77705
0,15.1352,0.922891,-1.00346,0.0236189,0.00185529,0.00173427,0.00012102,0.955298,37.162,0.0322843,0.00295457,0.144071,30.9422,3.35401
0,47.18523,0.7825971,-1.167088,0.02294307,0.01487792,0.01391673,0.0009611987,0.9394168,31.10165,0.219685,0.02488119,0.1440707,215.4196,3.653163
0,36.2846,0.6506389,-1.172716,0.022803,0.01584363,0.01500924,0.0008343892,0.9291571,25.83207,0.1969807,0.02691106,0.1440707,194.46,3.649462
2,44.314068,0.71640201,-1.3811138,0.010996843,-0.47986431,-1.9544772,1.4746129,2.5860677,42.769469,-28.243114,0,0.14407067,1681.85,4.2575405
0,6.28985,0.56609,-0.602632,0.0135416,7.48192e-05,1.76731e-05,5.71461e-05,0.930935,22.8354,0.000201801,2.99273e-05,0.144071,0.113309,2.65895
0,17.629,0.659499,-1.0233,0.0147642,0.00375604,0.00357189,0.000184152,0.937752,26.5054,0.0475157,0.00609857,0.144071,29.0082,3.37016
0,61.22919,0.9337189,-1.188525,0.0146311,0.03130346,0.02819777,0.003105693,0.9363408,36.48876,0.5310753,0.05138453,0.1440707,333.9425,3.720141
0,0.572473,0.301193452134156,-1.987409590776047,0.01247393781137509,0,0,0,-4.472592185336927e-08,12.15068304638108,0,0,0.1440706666666666,-66607479963747.01,-12934091782.90787
2,15.3704059,0.657338953,-1.62482685,0.0193086928,-0.0355910363,-0.0355922132,1.17686559e-06,5.53059235,27.4620414,-0.47192125,0,0.144070667,11555.6567,6.51761503
2,13.8660086,0.7798189102,-1.762205795,0.01964693936,-0.7906629186,-1.236342882,0.4456799634,3.996123748,56.33298556,-19.44723515,0,0.1440706667,191565.9328,41.7543535
0,7.11428,0.872968,-0.675907,0.021982,6.56772e-05,2.79031e-05,3.77741e-05,0.95409,35.2148,0.000491333,4.72533e-05,0.144071,0.436992,2.80164
0,6.16919,0.885364,-0.611153,0.0190272,5.67258e-05,1.40328e-05,4.26931e-05,0.954709,35.7152,0.000250606,2.37628e-05,0.144071,0.192794,2.6948
0,49.5647826,0.2764579,-1.795855871,0.01277375169,0.9438364281,0.711636644,0.2321997841,0.1026610394,0.6263814553,3.968372928,0,0.1440706667,127744.6733,29.37413051
0,45.438901,0.22640145,-1.4302022,0.0098905958,0.48257898,0.34981107,0.13276791,0.51364581,4.7258337,1.5974892,1.6946133,0.14407067,1757.7013,4.3236246
0,58.0738,0.877166,-1.195409,0.01612333,0.03075753,0.02775459,0.00300294,0.9340903,34.29805,0.4910682,0.05093989,0.1440707,343.7405,3.730414
0,88.7995637,0.772358425,-1.52542561,0.0195750571,0.319934567,0.193462151,0.126472416,0.836444576,21.1896974,3.01397795,0,0.144070667,16444.3457,7.38564593
0,6.40619,0.252573,-0.529465,0.0167713,4.29375e-05,5.57604e-06,3.73615e-05,0.857493,10.1888,2.84078e-05,9.44094e-06,0.144071,0.0214443,2.50023
0,6.4397,0.22551,-0.68143,0.017627,7.1404e-05,3.7359e-05,3.4045e-05,0.84306,9.0969,0.00016994,6.3263e-05,0.14407,0.13715,2.7476
0,16.92095,0.982533,-1.106478,0.01264208,0.0127373,0.01191206,0.0008252406,0.9507054,39.13227,0.2360799,0.02072985,0.1440707,122.9536,3.545784
0,5.83519,0.861071,-0.55641,0.0247784,3.78559e-05,5.33427e-06,3.25216e-05,0.953503,34.7358,9.26487e-05,9.03268e-06,0.144071,0.0929359,2.60254
0,7.6409,0.24409,-0.95004,0.017398,0.001241,0.0011886,5.2374e-05,0.85254,9.8347,0.0058519,0.0020196,0.14407,4.62,3.1978
0,52.14436,0.5541185,-1.26066,0.01960141,0.05383388,0.0476212,0.006212677,0.8945455,21.15072,0.5322653,0.096878,0.1440707,511.7674,3.848742
0,6.4792,0.22067,-0.67753,0.015592,7.8186e-05,4.017e-05,3.8016e-05,0.84017,8.9016,0.0001788,6.8023e-05,0.14407,0.12808,2.7401
0,34.4862256,0.52648313655,-1.8278230136,0.022718948076,0.94860778714,0.67180173451,0.27680605263,-0.0077941565881,1.0915331991,7.1342899593,0,0.14407066667,-4420835.5633,-856.90114149
0,53.8779,0.7030231,-1.176592,0.01865787,0.02039067,0.01917504,0.001215632,0.93042,27.7829,0.2719136,0.03456827,0.1440707,219.5208,3.664432
0,41.0985,0.2064948,-1.37679,0.01805951,0.1550217,0.1296121,0.02540956,0.7352577,7.038981,0.5398584,0.4673356,0.1440707,920.9635,4.074521
0,14.6693305,0.7269136986,-1.728676387,0.02460993258,0.1171395127,0.08151586078,0.03562365194,2.034695429,25.8898837,1.195226305,0,0.1440706667,112404.3576,26.32153723
0,5.61693,0.673211,-0.517208,0.0184231,4.6929e-05,4.33614e-06,4.25929e-05,0.941291,27.1573,5.88816e-05,7.34247e-06,0.144071,0.0444841,2.52547
0,44.114756,0.23234047,-1.4039551,0.020993729,0.1886051,0.14130822,0.047296875,0.72701083,7.605229,0.66224312,0.56988299,0.14407067,1426.5402,4.2223451
0,42.5375044,0.6649614057,-1.741177277,0.01336159585,0.9633802536,0.6693530898,0.2940271639,0.06614141208,0.9823515565,8.977943801,0,0.1440706667,154057.0118,34.43850447
0,7.83397,0.291637,-0.96445,0.0132349,0.00195969,0.00187837,8.1317e-05,0.872993,11.7421,0.0110497,0.00319444,0.144071,6.48171,3.22993
0,64.90291,0.9498547,-1.183111,0.01366855,0.03128317,0.02828047,0.003002701,0.9370548,37.1201,0.5418374,0.05130802,0.1440707,316.6571,3.708639
2,0.9068342,0.290915910269,-1.97565680376,0.0164310373338,0.262252033313,-0.169179435833,0.431431469146,-0.121055622962,8.65826075319,-0.992750733082,0,0.144070666667,-15078738.8475,-2926.40822609
0,5.76101,0.691034,-0.551832,0.0116774,7.82025e-05,1.06723e-05,6.75303e-05,0.942697,27.8754,0.000148759,1.8072e-05,0.144071,0.0711272,2.58421
0,6.07011,0.468922,-0.702334,0.0213973,7.6013e-05,4.02502e-05,3.57628e-05,0.917808,18.9157,0.000380709,6.81649e-05,0.144071,0.342632,2.81555
0,6.12113,0.789216,-0.687648,0.024514,6.2649e-05,2.90932e-05,3.35558e-05,0.94947,31.8364,0.000463141,4.92696e-05,0.144071,0.461609,2.8162
0,7.31934,0.389242,-0.867042,0.0127334,0.000628636,0.000560402,6.82344e-05,0.902282,15.6929,0.00439992,0.000950149,0.144071,2.39846,3.08065
1,0.28963,0.5816,-1.9127,0.013119,,,,,,,,,,
1,0.80194,0.60164,-1.9301,0.016954,,,,,,,,,,
0,7.22164,0.634142,-0.816215,0.0199429,0.00023153,0.00018638,4.51498e-05,0.937781,25.5765,0.00238403,0.000315798,0.144071,1.95784,3.0193
1,55.4371,0.85615,-1.29095,0.0165634,,,,,,,,,,
0,5.99088,0.619826,-0.586136,0.0186894,5.21666e-05,1.03604e-05,4.18062e-05,0.936554,25.0036,0.00012953,1.75437e-05,0.144071,0.0997757,2.63592
0,64.2747,0.247913,-0.726459,0.0243265,0.395463,2.89353e-05,0.395434,0.778563,6.04613,0.000144695,8.17374e-05,0.144071,0.176003,2.80542
0,48.837,0.828518,-1.05372,0.0184271,0.0044593,0.00421545,0.000243842,0.948894,33.2749,0.0704485,0.00722145,0.144071,53.1884,3.43642
0,86.992773,0.31228995,-1.3771084,0.016622383,0.18822574,0.14381678,0.044408958,0.75890033,10.227004,0.90592604,0.50982259,0.14407067,1301.7075,4.1665525
0,6.39213,0.87152,-0.631017,0.0214197,5.41219e-05,1.60883e-05,3.80336e-05,0.954024,35.1568,0.000282821,2.72439e-05,0.144071,0.245115,2.72701
0,0.5709186,0.2245191316,-1.95739029,0.01111435158,0,0,0,5.119059496,9.057503695,0,0,0.1440706667,295011.4784,62.05917042
0,23.141595,0.41518368,-1.6106883,0.013906851,0.21658372,0.056555368,0.16002835,4.3532504,13.121637,0.47363007,0,0.14407067,5849.7387,5.3604997
0,47.82646,0.9781852,-1.199844,0.01170115,0.04551091,0.04007102,0.005439885,0.9286463,37.6658,0.7906362,0.07430628,0.1440707,401.9651,3.754195
2,1.2951007,0.46184598172,-1.9098899895,0.022671978967,0.61898967335,-0.077333139695,0.69632281305,-0.16773379683,7.098867697,-0.72042368525,0,0.14407066667,-3833639.0545,-742.78771808
0,9.17473,0.509197,-1.01228,0.0164224,0.00291451,0.00278924,0.000125266,0.922,20.482,0.0286482,0.00475872,0.144071,19.7882,3.33769
0,17.6526,0.73891,-0.999167,0.00946726,0.00433965,0.00409119,0.000248458,0.94345,29.6796,0.060977,0.00697529,0.144071,23.679,3.33456
0,7.29059,0.760628,-0.905525,0.0139102,0.000930559,0.000840307,9.02526e-05,0.94711,30.6566,0.0128925,0.00142586,0.144071,7.31766,3.1774
2,7.7120432,0.40522058352724,-1.6991403341805,0.012604838255756,-0.76309332884412,-0.85864390893532,0.095550580091208,-5.2302789609319e-05,28.821857453301,-7.018264983937,0,0.14407066666667,-3331074132.4807,-646839.45959572
0,7.26363,0.925234,-0.766507,0.0229558,0.000124472,8.55332e-05,3.89386e-05,0.95653,37.3209,0.00159629,0.000144883,0.144071,1.47911,2.9551
0,54.9747709,0.271834212,-1.74450348,0.0232663948,0.827571389,0.591931732,0.235639658,0.227372889,1.8909002,3.24564418,40.8203395,0.144070667,90027.0384,21.9806455
0,60.72156,0.535562,-1.289444,0.01403546,0.1014179,0.08513265,0.01628528,0.860797,19.41434,0.919668,0.1958178,0.1440707,706.5419,3.931919
0,51.426338,0.3636937,-1.4402381,0.011696644,0.45593891,0.30157098,0.15436792,0.57299311,7.9824943,2.212333,1.6301085,0.14407067,3027.6406,4.6082027
0,11.3249146,0.388013394,-1.70863437,0.00865444927,0.016692255,0.000925515356,0.0157667396,3.0110686,15.3918685,0.00724361764,0,0.144070667,34907.5865,11.1927932
0,0.5733544,0.3253708475039307,-1.994287875359764,0.02487115180178836,0,0,0,-2.758224467546685e-85,13.12604245723017,0,0,0.1440706666666666,-1.274547269603954e+91,-2.474963979538862e+87
0,27.0296,0.809989,-1.08686,0.0127017,0.00979979,0.00928374,0.000516048,0.944373,32.3562,0.15168,0.0160369,0.144071,79.5486,3.49536
0,18.9916251,0.935241666,-1.64165134,0.0118638425,0.356356038,0.292461759,0.0638942787,1.41411731,24.284251,5.5171921,0,0.144070667,49605.2001,13.9979036
0,6.13607,0.678438,-0.613628,0.0117153,9.14687e-05,2.35268e-05,6.79418e-05,0.941688,27.3669,0.000321958,3.98405e-05,0.144071,0.154609,2.68592
0,6.38182,0.392254,-0.684713,0.0131015,0.00010855,5.24219e-05,5.61277e-05,0.903285,15.8225,0.000414768,8.87774e-05,0.144071,0.232226,2.77793
1,0.29284,0.7776,-1.8728,0.022315,,,,,,,,,,
2,0.8947108,0.220557988,-1.911800262,0.01686139521,-0.1018003413,-0.1018003413,8.326672685e-17,-2.599627573,9.803493383,-0.4528946558,0,0.1440706667,-350081.2026,-66.21242085
0,6.28963,0.467213,-0.579689,0.0201616,4.59241e-05,8.84067e-06,3.70834e-05,0.917552,18.8473,8.33155e-05,1.49702e-05,0.144071,0.0706658,2.61174
0,7.03545,0.445185,-0.782158,0.0182308,0.000175214,0.000131674,4.35406e-05,0.913743,17.9564,0.0011824,0.000223053,0.144071,0.91085,2.94572
0,6.19787,0.430628,-0.5931,0.0193219,4.91308e-05,1.09589e-05,3.81719e-05,0.91117,17.3715,9.51909e-05,1.85571e-05,0.144071,0.0779177,2.63017
0,8.16999,0.528866,-0.668073,0.0243043,5.48202e-05,2.28216e-05,3.19986e-05,0.926448,21.3342,0.000243454,3.86468e-05,0.144071,0.246542,2.76436
0,8.08823,0.877991,-0.934712,0.0188289,0.000986386,0.000902463,8.39235e-05,0.953742,35.3848,0.0159825,0.0015325,0.144071,12.2025,3.23381
0,43.9578,0.505627,-1.08053,0.0155028,0.00729794,0.00703853,0.000259403,0.918702,20.2491,0.0717857,0.0121131,0.144071,47.1772,3.4559
0,7.41971,0.834775,-0.878757,0.0213743,0.000442038,0.00038802,5.40189e-05,0.951847,33.6614,0.00653353,0.000657948,0.144071,5.66874,3.13719
0,5.58683,0.894368,-0.508555,0.0116904,7.48696e-05,6.11453e-06,6.8755e-05,0.955132,36.0777,0.000110307,1.0354e-05,0.144071,0.0521133,2.52495
0,7.49037,0.474607,-0.818681,0.0182853,0.000255904,0.000209815,4.60896e-05,0.918598,19.1416,0.00200861,0.000355511,0.144071,1.544,3.00949
2,0.8958948,0.80841860277,-1.825816696,0.019800398073,0.0002780898265,-0.0012499937718,0.0015280835983,-0.84416057423,32.603984284,-0.020383056966,0,0.14407066667,-1188201.2768,-229.1105138
0,39.04668,0.2317647,-1.298517,0.02067767,0.07259493,0.06973047,0.002864462,0.8018702,8.671054,0.325983,0.1493448,0.1440707,380.6246,3.84592
0,36.35964,0.284845,-1.184669,0.01999592,0.02030267,0.01986838,0.000434292,0.8590189,11.25786,0.1141553,0.03578162,0.1440707,106.8788,3.613654
0,6.01598,0.48215,-0.562007,0.0157527,5.66812e-05,9.01607e-06,4.76652e-05,0.919894,19.4497,8.76849e-05,1.52672e-05,0.144071,0.0579597,2.58387
0,6.15205,0.555622,-0.715737,0.0117739,0.000154634,8.68844e-05,6.77492e-05,0.929675,22.4113,0.000973748,0.000147152,0.144071,0.476058,2.84588
0,44.6928,0.793745,-1.05667,0.0246004,0.00346354,0.00328102,0.000182523,0.947538,31.9102,0.0525309,0.00561874,0.144071,53.058,3.43922
0,5.77896,0.75791,-0.527291,0.023849,3.71227e-05,3.81279e-06,3.33099e-05,0.94751,30.5743,5.82888e-05,6.45625e-06,0.144071,0.0566319,2.54796
0,41.8585504,0.4027924239,-1.749841358,0.01900566871,0.9288984885,0.5923745598,0.3365239287,0.1207205027,1.155354587,4.812855944,0,0.1440706667,110956.9113,26.06096566
0,7.6843,0.37369,-0.779484,0.0217363,0.000141493,0.000106712,3.47805e-05,0.898948,15.0732,0.000804361,0.000180763,0.144071,0.750936,2.9331
0,7.63721,0.43749,-0.843155,0.0135598,0.000450634,0.000387327,6.33065e-05,0.912186,17.6412,0.003418,0.000656485,0.144071,1.96228,3.04636
0,52.3889166,0.6281580942,-1.724078557,0.01540640932,0.9934415928,0.7159634078,0.277478185,0.01103810331,0.1661967407,9.071622244,0,0.1440706667,125381.0081,28.84240813
0,5.79084,0.675505,-0.558018,0.0230042,4.01178e-05,5.86558e-06,3.42522e-05,0.941483,27.25,7.99217e-05,9.93234e-06,0.144071,0.0753789,2.59338
0,7.82855,0.767542,-0.954121,0.0249615,0.000940237,0.000872932,6.73044e-05,0.94755,30.9349,0.0135147,0.0014833,0.144071,13.7779,3.25976
0,7.41066,0.637649,-0.871843,0.0168812,0.000510721,0.000449579,6.11415e-05,0.937922,25.7108,0.00578247,0.000762274,0.144071,4.02069,3.11231
0,0.585969,0.5456537349163261,-1.952439553936306,0.01864978031170941,0,0,0,-9.164787113208072e-21,22.01264847912162,0,0,0.1440706666666666,-3.757967957827425e+26,-7.29736397675873e+22
1,135.515,0.9204096,-1.263485,0.01940653,,,,,,,,,,
0,0.5857234,0.5214733887,-1.951332268,0.01500193232,0,0,0,10.95457905,21.03717003,0,0,0.1440706667,296222.3635,62.2884571
2,29.6913996,0.26674192031,-1.610606071,0.010656006511,-12.156111623,-12.175718239,0.019606616709,-0.11119099563,141.57089874,-65.510517979,0,0.14407066667,-2468356.9616,-477.94875196
0,23.1862821,0.2928840104,-1.820969872,0.02262759408,0.4672272418,0.3723978725,0.09482936931,1.006478897,6.294958032,2.200027068,0,0.1440706667,180798.5017,39.71928478
0,7.48165,0.597622,-0.917912,0.0140388,0.0010619,0.000975897,8.60071e-05,0.933704,24.0836,0.011764,0.00165646,0.144071,6.8369,3.1862
0,53.1855426,0.5107118887,-1.716442857,0.02370727227,0.9280121789,0.69258338,0.2354287989,0.1029589357,1.483167371,7.134658719,0,0.1440706667,108751.3073,25.59824299
0,42.3383,0.742771,-1.05623,0.0168373,0.00501571,0.00476504,0.000250668,0.943275,29.8144,0.0713915,0.00816243,0.144071,49.5127,3.43454
0,64.1818574,0.487069228,-1.57167571,0.0203061241,0.380242688,0.00935815341,0.370884535,0.948255831,12.177763,0.0919403227,0,0.144070667,15099.9217,7.16644819
0,20.4392,0.669836,-1.11247,0.019811,0.00861133,0.008224,0.000387327,0.935481,26.7897,0.111116,0.0142865,0.144071,92.385,3.53115
0,6.96901,0.716767,-0.654584,0.0205995,6.18389e-05,2.26424e-05,3.91964e-05,0.944649,28.9139,0.00032736,3.83434e-05,0.144071,0.275563,2.7566
0,23.8496763,0.4265145442,-1.867278677,0.02124529376,0.7079253836,0.5135425261,0.1943828575,0.5886963832,5.025541068,4.418098853,0,0.1440706667,447331.2904,91.56848439
0,19.3661,0.540718,-1.04323,0.0204383,0.00346742,0.00332756,0.000139856,0.92576,21.7379,0.0362929,0.00569027,0.144071,31.1267,3.39412
0,0.8851271,0.2206027784,-1.965415108,0.01140388153,0.03001919894,0.02847404968,0.001545149253,8.612641579,8.632354805,0.1267025591,0,0.1440706667,185259.0747,40.7311532
0,15.7357,0.595877,-1.0099,0.0119788,0.00389664,0.00370954,0.000187097,0.931704,23.9451,0.0445864,0.00632769,0.144071,22.2042,3.3417
0,25.286936,0.25061494,-1.5657155,0.011095822,0.58566161,0.516736,0.068925611,0.69691417,4.1890669,2.6121664,0,0.14407067,6546.6927,5.4566478
0,62.814089,0.75465641,-1.3539233,0.022881764,0.11915376,0.081993727,0.03716003,0.86831383,26.816651,1.2481163,0.27497049,0.14407067,2214.8317,4.3479911
0,7.31577,0.76367,-0.829912,0.0201763,0.00026754,0.000219636,4.79034e-05,0.947736,30.7996,0.00338326,0.000372193,0.144071,2.78166,3.05121
0,27.9988671,0.315836298,-1.836978528,0.01419885083,0.9954791038,0.7071495771,0.2883295266,0.008129968078,0.05760255492,4.505038398,0,0.1440706667,251572.397,53.49540954
0,14.9818,0.923803,-0.999968,0.0203662,0.00205885,0.00192309,0.000135757,0.955206,37.1911,0.0358347,0.00327601,0.144071,29.6097,3.34799
0,46.82055,0.244249,-1.358719,0.008811194,0.2671818,0.2310786,0.03610327,0.680724,7.220781,1.13846,0.7594442,0.1440707,809.0606,4.028064
0,61.274129,0.23407793,-1.4965315,0.015400974,0.42691097,0.42690932,1.6455092e-06,0.56055143,5.4117501,2.0156785,2.5512881,0.14407067,4323.8168,4.9345029
2,0.9048572,0.20693308101,-1.99418570118,0.0200728232088,-0.0248012366357,-0.0248013186993,8.20636430164e-08,-0.0298926242225,8.55509291983,-0.103521335856,0,0.144070666667,-76549518.6348,-14863.1011375
0,10.5825264,0.967609849,-1.464491649,0.01821015266,0.3332582475,0.002713317054,0.3305449304,-0.02198722627,26.02633998,0.05295731957,0,0.1440706667,-351281.1664,-66.89291879
0,7.60471,0.67144,-0.7801,0.0106161,0.000301505,0.000220207,8.12981e-05,0.940981,27.0789,0.00298238,0.000373052,0.144071,1.29904,2.96198
0,7.31207,0.590216,-0.809906,0.014472,0.000297426,0.00023685,6.05755e-05,0.933426,23.8033,0.00281974,0.000401308,0.144071,1.68811,3.00533
0,47.6980361,0.852208980149,-1.56936116836,0.0199423822324,0.782553840689,0.483386163063,0.299167677626,-0.000206508162358,7.47571977574,8.30932013236,0,0.144070666667,-41317775.629,-8022.06148341
0,8.51922,0.322034,-1.03363,0.0128991,0.00479888,0.00465851,0.000140371,0.881721,12.9291,0.0302604,0.00797043,0.144071,17.1837,3.35128
1,0.7786,0.68828,-1.9694,0.013311,,,,,,,,,,
0,7.74962,0.529834,-0.927342,0.0228028,0.00073078,0.000678137,5.26435e-05,0.92614,21.3588,0.00724739,0.00115114,0.144071,6.90004,3.19612
0,20.401712,0.55452699,-1.5072692,0.016046365,0.056009971,0.051890845,0.0041191263,2.0227585,21.117634,0.58041497,0,0.14407067,5367.1716,5.1589501
0,8.13539,0.348428,-0.851922,0.0130564,0.00051221,0.00045017,6.20397e-05,0.892183,14.049,0.00316385,0.000763072,0.144071,1.78821,3.05032
0,7.88232,0.514092,-0.87999,0.0175361,0.000536805,0.00048048,5.63242e-05,0.924187,20.7283,0.00498243,0.00081476,0.144071,3.65262,3.11545
0,42.30099,0.2153104,-1.360005,0.0189137,0.135233,0.1171843,0.01804875,0.7533013,7.511372,0.5089317,0.3596862,0.1440707,773.1936,4.020055
2,0.8672486,0.5554736456,-1.904523283,0.01475242166,0.2590843004,-0.0008486173576,0.2599329178,8.654713927,16.60303266,-0.009508248853,0,0.1440706667,162195.7761,36.18491168
0,0.5158628,0.9096578053,-1.889252795,0.01785887482,0,0,0,25.08526021,36.69722431,0,0,0.1440706667,101656.1957,24.38983074
0,6.95367,0.629243,-0.742227,0.022279,0.000101474,6.45251e-05,3.6949e-05,0.937412,25.3822,0.000818978,0.000109287,0.144071,0.751447,2.89588
0,0.5812464000000001,0.7236842790709772,-1.765926908298923,0.02175553198605769,0,0,0,-1.017149657610202e-13,29.1947193351454,0,0,0.1440706666666666,-4.091399772248569e+18,-794483445510438.1
0,93.721482,0.8135908,-1.4747713,0.0086169233,0.61566315,0.41469843,0.20096472,0.47156403,12.614593,6.8055556,3.4480004,0.14407067,9059.1911,5.8702801
0,63.12223,0.8797269,-1.193424,0.01014091,0.04734363,0.04287836,0.004465265,0.9231771,33.80954,0.7608713,0.07895167,0.1440707,334.2181,3.725136
2,15.0940425,0.700770558364,-1.56506447901,0.0106025575491,-546.907466955,-547.449597642,0.542130687092,-0.89262807026,15489.5297341,-7738.29280676,0,0.144070666667,-18742174.8603,-3638.20982151
0,59.04299,0.2948253,-1.238966,0.01050986,0.07213024,0.07018921,0.001941029,0.8300972,11.03588,0.4174076,0.1367407,0.1440707,217.776,3.726058
0,1.6682792,0.363152001,-1.87556176,0.0227451385,0.0432823475,0.020361861,0.0229204864,9.57999338,14.0161067,0.149152687,0,0.144070667,85272.0609,21.1855761
1,0.61677,0.93545,-1.9655,0.020246,,,,,,,,,,
1,0.27799,0.29644,-1.9079,0.0092758,,,,,,,,,,
0,5.55438,0.956375,-0.613043,0.0220927,4.93741e-05,1.23825e-05,3.69916e-05,0.957932,38.58,0.00023887,2.09683e-05,0.144071,0.212656,2.70173
0,8.12221,0.266783,-0.998554,0.0197832,0.00200662,0.00194389,6.27279e-05,0.862846,10.7409,0.0104605,0.00331185,0.144071,9.29634,3.28311
0,7.28327,0.440923,-0.78698,0.0149861,0.000223494,0.000170409,5.30858e-05,0.912952,17.7837,0.00151558,0.000288683,0.144071,0.960551,2.95329
0,6.18713,0.545142,-0.688482,0.020166,7.45654e-05,3.5747e-05,3.88184e-05,0.928473,21.9904,0.000393074,6.05377e-05,0.144071,0.329568,2.7997
0,32.7916,0.37959,-1.10296,0.0225727,0.00660355,0.00642292,0.000180635,0.896294,15.2122,0.0491782,0.0110977,0.144071,48.4614,3.47997
0,26.256,0.901186,-1.08103,0.0110293,0.0105323,0.00992401,0.000608339,0.948638,35.9726,0.180396,0.0171356,0.144071,81.6873,3.49131
1,79.742,0.814336,-1.28074,0.0200837,,,,,,,,,,
0,7.8051,0.272582,-0.986484,0.0244234,0.00139764,0.00134982,4.78205e-05,0.865724,10.9811,0.0074216,0.00229735,0.144071,8.11214,3.26381
2,45.9264233,0.7593574141,-1.7831892,0.02237699194,-0.2018152383,-0.4829588822,0.2811436439,4.726520795,36.81621267,-7.397441949,0,0.1440706667,138594.7455,31.47256054
1,0.55574,0.98529,-1.8781,0.014085,,,,,,,,,,
0,58.18999,0.3046368,-1.321673,0.01278103,0.144031,0.1282457,0.01578536,0.7869329,10.51951,0.7880436,0.3253159,0.1440707,633.5287,3.944366
0,16.48285,0.9482031,-1.120488,0.02392586,0.008047418,0.007523402,0.0005240167,0.952362,37.94438,0.1438934,0.01311291,0.1440707,142.4785,3.571158
0,9.27484,0.34555,-1.0168,0.0102298,0.00490033,0.00473846,0.000161868,0.88864,13.8718,0.0330274,0.0080958,0.144071,14.7357,3.32608
0,0.5490107,0.74249573466,-1.8241196487,0.024980240938,0,0,0,-0.67134354673,29.953607129,0,0,0.14407066667,-1343017.9866,-259.18139698
0,39.3751232,0.264819836,-1.5650976,0.0182141292,0.53125262,0.243744821,0.287507799,0.538195097,5.00777183,1.30200028,0,0.144070667,10054.0691,6.15914951
0,8.07314,0.379843,-0.748757,0.0103045,0.000224088,0.000151704,7.23843e-05,0.900369,15.3201,0.00116232,0.000256958,0.144071,0.513533,2.8828
2,0.9176388,0.4000947538,-1.923208062,0.01453435186,0.7544307116,-0.005383027583,0.7598137392,-0.581209234,3.96362058,-0.04344248226,0,0.1440706667,-732987.2662,-140.593127
2,9.5450235,0.70597348,-1.4875596,0.019620845,-0.14609458,-0.18838035,0.042285767,-2.8594384,32.641042,-2.6825582,0,0.14407067,-4555.9478,0.68182511
0,5.9657,0.66085,-0.511721,0.0106971,8.01765e-05,6.95958e-06,7.3217e-05,0.940237,26.6577,9.27708e-05,1.1785e-05,0.144071,0.0407398,2.51546
0,6.5073,0.565148,-0.709696,0.0119436,0.000145727,7.9257e-05,6.64704e-05,0.930783,22.7957,0.000903493,0.000134231,0.144071,0.447541,2.83666
0,9.65723,0.91883,-1.390127,0.02192145,0.03354137,0.0005402963,0.03300107,4.289826,35.82396,0.01001365,0,0.1440707,953.4729,4.095953
0,6.39272,0.782483,-0.584157,0.0202855,4.87665e-05,9.30557e-06,3.94609e-05,0.949067,31.5652,0.000146873,1.57576e-05,0.144071,0.121178,2.64393
0,8.47646,0.304398,-1.01494,0.0091558,0.00533351,0.00516924,0.00016427,0.875531,12.2145,0.0317391,0.00883273,0.144071,12.8597,3.31686
0,35.1100843,0.256974827,-1.77177218,0.0108989672,0.995956864,0.744779625,0.251177239,0.00677784191,0.0419144807,3.86049985,0,0.144070667,95023.8527,22.98099
2,6.5115567,0.97332669765,-1.7178537066,0.018652629215,0.63175012011,-0.012795325413,0.64454544552,-0.10028842748,14.459604555,-0.25120896941,0,0.14407066667,-1108368.8531,-213.71274181
1,0.21384,0.33879,-1.9084,0.020779,,,,,,,,,,
2,10.3902017,0.345403734,-1.69937126,0.0206854667,-0.259824558,-0.337614975,0.0777904175,4.26256841,17.5546536,-2.35219813,0,0.144070667,24968.7207,9.23634637
0,84.710717,0.36195329,-1.5608643,0.0211967,0.76064574,0.56034111,0.20030463,1.8937084,3.4950135,4.0910067,0,0.14407067,1888.6757,4.4834125
0,38.2189,0.743467,-1.03076,0.010179,0.00600752,0.00569334,0.000314172,0.94268,29.8126,0.0853797,0.00973484,0.144071,35.7196,3.38961
0,7.92894,0.998417,-0.909141,0.0181041,0.000755551,0.000676324,7.92266e-05,0.959171,40.2475,0.0136205,0.00114763,0.144071,9.93709,3.19725
0,21.2230988,0.52467477,-1.73595339,0.0245705265,0.380043269,0.195823685,0.184219584,3.06743541,13.1222022,2.07243334,0,0.144070667,41493.3121,12.5078336
0,12.0745,0.320067,-1.05085,0.0231572,0.00332585,0.0032352,9.06501e-05,0.882013,12.8691,0.0208866,0.00553899,0.144071,21.3318,3.38042
0,17.6341625,0.3434688937,-1.675963919,0.02350024971,0.01972108731,0.01326557034,0.006455516974,-0.06318985331,13.5828917,0.09190486651,0,0.1440706667,-964814.23,-185.871526
0,25.91732,0.348929,-1.209164,0.01999393,0.02727962,0.02648816,0.0007914604,0.8754791,13.69242,0.1864292,0.04901667,0.1440707,174.7085,3.676571
0,22.02745,0.8442828,-1.151073,0.02341074,0.01199728,0.01122179,0.0007754954,0.9448264,33.65126,0.1911064,0.01985042,0.1440707,188.6563,3.625135
0,54.47095,0.492819,-1.205897,0.02360308,0.02270485,0.02167175,0.001033102,0.9069665,19.4298,0.2154302,0.03981508,0.1440707,229.4725,3.697948
0,11.4879,0.916573,-0.978606,0.013654,0.00234779,0.00218219,0.000165597,0.954691,36.8894,0.0403445,0.0037139,0.144071,22.3339,3.31073
0,6.14465,0.35081,-0.562306,0.0143745,5.88716e-05,9.91854e-06,4.89531e-05,0.893118,14.1515,7.01851e-05,1.67952e-05,0.144071,0.0436023,2.56954
0,7.46448,0.272499,-0.788275,0.0103258,0.000317642,0.000251462,6.61797e-05,0.866353,10.9896,0.00138218,0.000426007,0.144071,0.636011,2.93333
0,100.50188,0.96700666,-1.4224728,0.020531576,0.25461704,0.16783662,0.086780418,0.78099237,29.07797,3.2737187,0.73918397,0.14407067,6440.6465,5.2919735
0,14.37986,0.9910841,-1.097953,0.02176007,0.006667666,0.006237804,0.0004298619,0.9550206,39.71552,0.1247003,0.01079444,0.1440707,111.3385,3.529905
0,6.2199,0.24286,-0.68665,0.021945,6.0452e-05,3.2086e-05,2.8366e-05,0.85262,9.7966,0.00015718,5.4335e-05,0.14407,0.15616,2.7595
0,57.84036,0.5850307,-1.3478495,0.010252846,0.24384815,0.17791508,0.065933071,0.76780697,17.84608,2.0995034,0.56760824,0.14407067,1541.7759,4.1926079
0,52.79996,0.7222062,-1.163694,0.01259353,0.02565715,0.02420435,0.001452793,0.928382,28.38757,0.352598,0.04339558,0.1440707,190.4722,3.638601
2,1.7261123,0.760613104447988,-1.888214717037878,0.02132801879950759,-98983.70445137305,-98983.75420433392,0.04975296086922754,-5.327642890348967e-05,3037295.59553682,-1518633.218843501,0,0.1440706666666666,-3909132015789026,-759090004824.9484
0,9.46908,0.447017,-0.658114,0.0179583,6.89239e-05,2.71777e-05,4.17462e-05,0.914133,18.0322,0.000245054,4.60232e-05,0.144071,0.185831,2.73987
0,37.96009,0.2068901,-1.307192,0.0227186,0.07231775,0.0696464,0.002671348,0.7872325,7.742731,0.2906455,0.1519522,0.1440707,387.0055,3.856689
1,0.30863,0.64746,-1.9264,0.015791,,,,,,,,,,
0,26.5239244,0.2685271869,-1.793367227,0.008630309402,0.988272395,0.7934170074,0.1948553876,0.02196130698,0.12704359,4.297490629,0,0.1440706667,117306.311,27.34030118
0,5.79167,0.589782,-0.50512,0.0217044,3.87276e-05,3.1513e-06,3.55763e-05,0.933547,23.7919,3.74892e-05,5.3361e-06,0.144071,0.0336436,2.49903
0,58.796591,0.3232755,-1.4635647,0.013788806,0.3792733,0.37927126,2.0405172e-06,0.62568269,8.095215,2.4731354,1.8658532,0.14407067,3794.1604,4.791971
0,6.16923,0.690061,-0.555312,0.0237164,3.8762e-05,5.49511e-06,3.32669e-05,0.942646,27.8372,7.64873e-05,9.30501e-06,0.144071,0.0742814,2.58993
0,0.6001401,0.9304161995995746,-1.947708855746646,0.021410874996571,0,0,0,-2.273708673209693e-121,37.53465509441874,0,0,0.1440706666666666,-2.430585055269952e+127,-4.719801771548154e+123
0,7.27555,0.377895,-0.77925,0.0144924,0.000211888,0.000159566,5.23216e-05,0.899915,15.2417,0.00121629,0.000270303,0.144071,0.756243,2.93323
2,40.209242,0.54094793,-1.5304356,0.011552177,0.62439782,-3.2967634,3.9211613,0.65137254,8.1966942,-35.972317,0,0.14407067,8711.3676,5.8563911
0,51.97624,0.2172368,-1.352005,0.02045184,0.1174988,0.1039078,0.01359099,0.7660402,7.733993,0.4553096,0.3001529,0.1440707,706.4226,3.994449
0,36.7550427,0.2343081537,-1.777072802,0.02268619044,0.8598835962,0.591618099,0.2682654971,0.2079780839,1.324437749,2.796108527,0,0.1440706667,104747.3903,24.87944975
0,6.03524,0.496473,-0.675191,0.00893064,0.000153941,6.805e-05,8.58915e-05,0.921962,20.0255,0.000681473,0.000115245,0.144071,0.254808,2.77318
1,0.29335,0.92211,-1.8639,0.012645,,,,,,,,,,
0,58.210166,0.82791613,-1.3558716,0.018615824,0.14934436,0.10141,0.047934354,0.85216237,28.411574,1.6935277,0.34654649,0.14407067,2451.625,4.4011399
0,45.220511,0.381465,-1.4077138,0.012144696,0.32150931,0.22402265,0.097486662,0.68103292,10.44128,1.7237401,1.0338466,0.14407067,2194.1469,4.3972828
2,0.9021095,0.2130285483,-1.9674273879,0.010578247763,-0.054838723639,-0.056922743453,0.0020840198137,-1.6819038196,9.0652344089,-0.24459569081,0,0.14407066667,-1022327.0617,-196.75109633
0,15.7085418,0.375390062,-1.64269186,0.0127693422,0.394795901,0.16918221,0.225613692,1.25065896,9.16515465,1.28103983,0,0.144070667,21453.2611,8.48922461
0,42.045745,0.6095869,-1.3565099,0.016431529,0.17811934,0.12557614,0.052543202,0.8168294,20.211547,1.5440733,0.39584624,0.14407067,1834.4674,4.2670355
0,6.77962,0.256923,-0.693324,0.0186933,7.52366e-05,4.10392e-05,3.41974e-05,0.859547,10.364,0.00021268,6.94983e-05,0.144071,0.178548,2.77302
0,28.4198156,0.488400441,-1.6635661,0.0144534301,0.4085345,0.236713342,0.171821158,1.05215104,11.6536141,2.33197534,0,0.144070667,42395.6031,12.6117619
2,16.6963932,0.50978120818,-1.5565202382,0.010284505765,-0.093120542753,-0.093154122841,3.3580087928e-05,-0.0028681097632,22.4805558,-0.95787992937,0,0.14407066667,-7585775.4859,-1471.7801642
0,7.47691,0.601448,-0.937178,0.0224169,0.000842062,0.000782434,5.96276e-05,0.934235,24.2431,0.00949229,0.00132864,0.144071,8.80953,3.21888
0,7.39504,0.682691,-0.813218,0.0180167,0.000249025,0.000198518,5.05069e-05,0.941928,27.5341,0.00273369,0.000336361,0.144071,2.01916,3.0179
1,145.9447,0.9328374,-1.26565,0.01262189,,,,,,,,,,
0,48.03994,0.5250545,-1.183393,0.01166929,0.03456594,0.03311432,0.001451617,0.9037211,20.44947,0.3507078,0.06031688,0.1440707,181.5384,3.654097
0,14.1448444,0.516191398,-1.67831233,0.0204921902,0.148865572,0.064046244,0.0848193278,2.76852972,17.7240957,0.666852216,0,0.144070667,29615.1677,10.1263211
0,6.762884,0.99707028,-1.5565619,0.022634372,2.9774699e-05,2.8347713e-05,1.4269861e-06,5.9294833,40.222403,0.00057012354,0,0.14407067,6568.5942,5.4519188
0,6.6195,0.993013,-0.710437,0.0179139,0.00010096,5.33481e-05,4.76123e-05,0.959387,40.0559,0.00106856,9.03506e-05,0.144071,0.770249,2.86536
0,6.77592,0.461483,-0.601912,0.0237028,4.15474e-05,1.00042e-05,3.15432e-05,0.916617,18.6163,9.31248e-05,1.69403e-05,0.144071,0.092953,2.64805
0,16.932518,0.6094896,-1.5042621,0.022885328,0.01888672,0.012780181,0.0061065392,2.8431615,24.123517,0.15711891,0,0.14407067,4196.7062,4.9160175
0,19.1945542,0.238756599,-1.78267031,0.0152997444,0.894436254,0.782596576,0.111839678,0.189677589,1.01677613,3.7689337,0,0.144070667,94746.6681,22.9379133
0,7.40412,0.307848,-0.778165,0.0153881,0.000194381,0.000148201,4.61798e-05,0.879913,12.4167,0.000920266,0.000251045,0.144071,0.621357,2.92202
0,8.33377,0.370179,-0.94942,0.0157769,0.00137197,0.00130024,7.17322e-05,0.897316,14.9132,0.00970867,0.00220931,0.144071,6.60298,3.21588
0,6.17825,0.88536,-0.635684,0.0101371,0.00011665,3.60935e-05,8.05564e-05,0.95467,35.7128,0.000644577,6.1123e-05,0.144071,0.264197,2.73553
0,5.90937,0.788668,-0.602958,0.010668,9.78198e-05,2.25275e-05,7.52924e-05,0.949414,31.8132,0.00035837,3.81481e-05,0.144071,0.155434,2.67553
2,90.9700919,0.758166926,-1.52454527,0.020164652,-0.335071327,-0.733401545,0.398330218,1.55895943,40.8342393,-11.2158405,0,0.144070667,16811.5496,7.45720538
0,30.4925,0.714966,-1.08205,0.00879182,0.0132249,0.0126019,0.000622969,0.935989,28.4616,0.181738,0.0217805,0.144071,66.3699,3.47869
0,10.4806,0.365781,-0.65262,0.00917722,0.000127779,4.95579e-05,7.82209e-05,0.896998,14.7544,0.000365644,8.39235e-05,0.144071,0.144398,2.7214
2,32.4178719,0.88174501575,-1.6556649995,0.021362829728,0.77398532491,-0.68007829261,1.4540636175,-0.0092651423608,8.0396069744,-12.095591099,0,0.14407066667,-3000855.6716,-581.31633907
0,7.06076,0.438531,-0.91651,0.0226322,0.00064139,0.00059468,4.67098e-05,0.912255,17.6798,0.00526028,0.00100917,0.144071,5.0453,3.16884
0,5.81504,0.593757,-0.606722,0.0171993,5.9953e-05,1.46653e-05,4.52877e-05,0.933948,23.9518,0.000175641,2.48338e-05,0.144071,0.124855,2.66803
0,1.150864,0.99033414,-1.5147068,0.013309211,0.019332767,0.0028411245,0.016491642,21.723219,39.179472,0.056754093,0,0.14407067,1020.1614,4.2369564
0,52.31158,0.7678488,-1.234774,0.01168594,0.06835427,0.05952473,0.008829541,0.9028844,28.85903,0.9219307,0.1165312,0.1440707,496.1267,3.818223
2,23.799146,0.26067422,-1.5727358,0.0097449049,-0.2865281,-0.31060372,0.024075617,-9.4126442,13.529213,-1.6331644,0,0.14407067,-1713.197,1.3692732
0,7.55039,0.961844,-0.791338,0.0247232,0.000147072,0.000109242,3.78302e-05,0.958098,38.7968,0.00211942,0.000185063,0.144071,2.11178,2.99835
1,0.58599,0.92432,-1.8298,0.022818,,,,,,,,,,
0,22.8092471,0.515333464,-1.63525684,0.0184009077,0.0614608956,0.013902566,0.0475583296,1.92684315,19.5117347,0.14451352,0,0.144070667,26944.2487,9.55976
0,49.897641,0.48272788,-1.3910963,0.014959605,0.24518713,0.16905273,0.076134401,0.75292649,14.699306,1.6460754,0.67798909,0.14407067,2256.963,4.3943135
2,53.6871664,0.83092945,-1.52626983,0.0186614003,-2.35230713,-2.93591197,0.583604842,4.82121318,112.373296,-49.207619,0,0.144070667,15294.8499,7.15955326
0,57.46432,0.6591769,-1.210599,0.01725534,0.03366416,0.03116088,0.002503276,0.9181945,25.69717,0.4143209,0.05785297,0.1440707,318.4468,3.736765
0,18.53438,0.932625,-1.117508,0.01073916,0.0171414,0.01606231,0.001079081,0.9457292,36.97884,0.3021624,0.02811726,0.1440707,134.5759,3.563711
0,8.48036,0.237441,-1.01653,0.0128065,0.00387546,0.00377442,0.000101044,0.847448,9.54168,0.0180772,0.006445,0.144071,10.5926,3.30805
0,1.5826631,0.97019948,-1.5101217,0.0098902877,0.001550555,0.001543969,6.5860383e-06,-5.937641,39.078896,0.030215152,0,0.14407067,-3509.8241,0.9209315
0,18.75525,0.9867853,-1.135491,0.02105396,0.0110818,0.01028437,0.000797438,0.9519534,39.36754,0.2047035,0.01806886,0.1440707,179.3182,3.605132
0,35.21857,0.3455919,-1.170525,0.01426818,0.02394573,0.02334107,0.0006046625,0.8766809,13.60795,0.1627082,0.0418145,0.1440707,105.5563,3.598613
0,38.29419,0.4463956,-1.255506,0.02097597,0.04648098,0.04316356,0.003317415,0.8841473,17.17135,0.3886533,0.0847301,0.1440707,393.4386,3.8071
2,16.4962989,0.680634838,-1.62547586,0.011309478,-1.16869593,-1.16870056,4.63749006e-06,5.78060876,59.5481131,-16.0451063,0,0.144070667,24173.9907,9.00646526
0,9.5188,0.253216,-0.890144,0.0153423,0.0162093,0.000616419,0.0155929,0.855419,10.0496,0.00314841,0.00106101,0.144071,2.1798,3.09879
0,22.1913,0.774351,-1.09779,0.0154347,0.00924131,0.00877141,0.000469906,0.942593,30.95,0.137004,0.0151861,0.144071,87.7241,3.51291
0,8.28366,0.492049,-0.962858,0.0177012,0.0014559,0.00137645,7.94479e-05,0.920487,19.8213,0.0136614,0.00234011,0.144071,10.1669,3.25218
1,0.28254,0.55088,-1.8609,0.018645,,,,,,,,,,
2,21.674829,0.96171221,-1.55697184,0.0114015633,0.0829963881,-0.549637352,0.63263374,2.06343737,35.5771654,-10.662193,0,0.144070667,16783.7119,7.48414118
0,6.07015,0.959655,-0.613871,0.0121753,8.98338e-05,2.27086e-05,6.71252e-05,0.958044,38.7107,0.000439573,3.8455e-05,0.144071,0.215634,2.70327
0,49.4132655,0.7590116164,-1.73057019,0.01443679783,0.9939764713,0.6614847536,0.3324917177,0.0102629254,0.1844397695,10.12729432,0,0.1440706667,162667.3275,36.10267538
1,0.33191,0.97408,-1.9789,0.023568,,,,,,,,,,
2,21.7822126,0.298352724,-1.83561322,0.0157038115,-0.207748281,-0.322162423,0.114414142,-7.88733891,14.5365585,-1.93878683,0,0.144070667,-64302.0562,-10.7078636
0,36.9822257,0.4711122842,-1.796657522,0.01267064402,0.9995057367,0.7392627959,0.2602429408,0.0009560596275,0.009393727676,7.025034308,0,0.1440706667,207842.5783,44.95365586
2,27.3308035,0.8374446318,-1.539739199,0.01901930967,-2.412216081,-2.420627135,0.008411053383,-0.1958928302,115.2783614,-40.88925246,0,0.1440706667,-459098.4697,-87.76779596
2,15.7587804,0.5422409261473623,-1.537044236323821,0.01153639313525788,-1.280312362961948,-1.63417818867264,0.3538658257106921,-3.223872112381639e-07,49.88176376395386,-17.87379915129086,0,0.1440706666666666,-116602237177.7119,-22642261.64107214
0,7.29117,0.898108,-0.729928,0.0199274,0.000104792,6.15989e-05,4.31931e-05,0.955291,36.2275,0.0011159,0.000104328,0.144071,0.898655,2.8928
0,83.015302,0.43691694,-1.4955158,0.022493364,0.33486657,0.22584233,0.10902424,0.68031751,11.723649,1.9903498,1.7241977,0.14407067,7617.8071,5.6022271
0,38.4329228,0.206109655,-1.66680822,0.0155659094,0.44808975,0.318347674,0.129742076,0.896246612,4.58904126,1.32350379,0,0.144070667,20432.367,8.31259468
1,200.2727,0.7807002,-1.269433,0.01558505,,,,,,,,,,
0,7.31416,0.72815,-0.877492,0.0146435,0.000632198,0.000557203,7.49956e-05,0.945098,29.3563,0.00818388,0.000944896,0.144071,4.89879,3.12828
2,0.9028695,0.288279456,-1.8678749,0.0190679229,-0.0532546203,-0.0532546416,2.13621391e-08,15.6837738,12.2490451,-0.309668001,0,0.144070667,41239.6964,12.590192
0,7.5239,0.396334,-0.819589,0.00999601,0.00046853,0.000388268,8.0262e-05,0.903958,15.9813,0.00310397,0.000657953,0.144071,1.32533,3.00251
0,7.48689,0.342719,-0.8776,0.0219606,0.000410794,0.000372123,3.86715e-05,0.890651,13.8202,0.00257246,0.000630941,0.144071,2.45063,3.09232
0,40.96226,0.227529,-1.293384,0.02308315,0.06140845,0.05927939,0.002129057,0.8065624,8.615264,0.2720607,0.1252461,0.1440707,351.9876,3.831208
2,48.8998085,0.4041336827875548,-1.623629934953942,0.02023638249925217,-1875.923940714759,-1876.823811901852,0.8998711870926854,-0.000339098731492726,30600.3848555623,-15299.3762039205,0,0.1440706666666666,-206803192227.0155,-40157823.38309196
0,53.772208,0.23194481,-1.4700314,0.024292824,0.25256801,0.25256713,8.8047559e-07,0.68459963,6.9937725,1.181644,1.1508012,0.14407067,3255.296,4.6859282
0,57.87892,0.3349351,-1.302298,0.01938887,0.08268435,0.07462656,0.008057789,0.8359547,12.39466,0.5041727,0.1671991,0.1440707,547.8676,3.900892
0,7.06932,0.636418,-0.726452,0.0155872,0.000127659,7.53121e-05,5.23471e-05,0.938056,25.6709,0.00096679,0.000127554,0.144071,0.62017,2.87021
1,0.20607,0.87283,-1.9167,0.020585,,,,,,,,,,
0,56.81945,0.6345366,-1.201153,0.02217061,0.02324952,0.02177144,0.001478083,0.9228827,25.00319,0.2786563,0.03988205,0.1440707,273.0495,3.7106
0,7.47268,0.33883,-0.829422,0.0248993,0.000207944,0.00017687,3.10747e-05,0.889664,13.6662,0.00120881,0.000299701,0.144071,1.30657,3.0116
0,7.53772,0.449388,-0.819522,0.0116393,0.000404634,0.000333173,7.14611e-05,0.914334,18.1218,0.00302007,0.000564574,0.144071,1.4845,3.0083
2,6.5508769,0.74374153,-1.5235195,0.011524805,0.0017661565,-0.033267593,0.035033749,5.4284151,29.950873,-0.49907818,0,0.14407067,3494.8809,4.7895887
0,7.08809,0.83347,-0.817798,0.0209242,0.000227109,0.000181286,4.58226e-05,0.951915,33.616,0.00304775,0.000307173,0.144071,2.58712,3.03533
0,7.02869,0.322218,-0.705829,0.0179735,8.90976e-05,5.01181e-05,3.89795e-05,0.884712,12.9977,0.000325739,8.48763e-05,0.144071,0.255459,2.80395
0,21.417554,0.26830924,-1.5449594,0.013390705,0.40585542,0.21593404,0.18992138,0.91354516,6.4310654,1.1686431,0,0.14407067,5872.8627,5.2994638
0,7.18595,0.996407,-0.677244,0.0231501,6.32579e-05,2.69538e-05,3.63041e-05,0.959544,40.1943,0.000541728,4.56459e-05,0.144071,0.504535,2.81038
0,6.14188,0.484538,-0.59976,0.0199965,4.92409e-05,1.15349e-05,3.7706e-05,0.920262,19.5462,0.000112737,1.95326e-05,0.144071,0.094559,2.64678
0,7.3578,0.334299,-0.854424,0.0240135,0.000286171,0.000252778,3.33931e-05,0.888288,13.4823,0.00170451,0.00042844,0.144071,1.77989,3.05258
0,7.85144,0.737057,-0.955452,0.0109822,0.00216771,0.00201689,0.000150827,0.944728,29.6697,0.0299853,0.00342955,0.144071,13.4825,3.25992
0,16.2803,0.631819,-1.11768,0.0138801,0.0130639,0.0125068,0.000557085,0.929286,25.1557,0.159391,0.0218019,0.144071,93.371,3.5371
0,6.88868,0.727904,-0.616614,0.0094716,0.000114571,3.02373e-05,8.43332e-05,0.945416,29.3616,0.000443959,5.12049e-05,0.144071,0.171684,2.69429
0,0.6548046,0.9475551341,-1.930196512,0.02136870049,0,0,0,17.39312001,38.22607039,0,0,0.1440706667,258406.6666,54.91710903
0,7.50603,0.776021,-0.715205,0.0185221,0.000100032,5.48547e-05,4.51775e-05,0.948631,31.303,0.000858644,9.29027e-05,0.144071,0.647207,2.86116
0,52.784997,0.55598663,-1.338881,0.0091299797,0.25638844,0.19180001,0.064588424,0.75379494,16.678833,2.1509888,0.56805796,0.14407067,1308.0135,4.1297979
0,9.01942,0.729799,-0.972601,0.00880925,0.00334221,0.00313003,0.000212177,0.943462,29.343,0.0460763,0.00532903,0.144071,16.642,3.2885
1,0.30196,0.55416,-1.9179,0.014133,,,,,,,,,,
0,5.86043,0.983305,-0.559419,0.0136145,6.9815e-05,1.00907e-05,5.97243e-05,0.959023,39.6655,0.000200141,1.70872e-05,0.144071,0.109672,2.61406
2,19.5383683,0.609153386,-1.67105537,0.0245216223,-0.162592395,-1.1637993,1.00120691,2.4483505,28.5699386,-14.2997988,0,0.144070667,49175.917,13.9435012
0,15.1973832,0.215987485,-1.70354186,0.0164433487,0.000308148007,0.000308100524,4.74833893e-08,-1.06511881,8.71063681,0.0013422895,0,0.144070667,-52310.96,-8.50085401
0,24.9977,0.684345,-1.10275,0.0154385,0.00978168,0.0093367,0.000444978,0.935896,27.3376,0.128882,0.0161822,0.144071,83.1793,3.51426
0,24.6042,0.238283,-1.10436,0.0181069,0.00828997,0.0081346,0.000155364,0.84521,9.53309,0.0390981,0.0140844,0.144071,32.7859,3.45824
0,0.5790343,0.4775868233915472,-1.746862324639048,0.01918588111411004,0,0,0,-3.400913960743325e-12,19.26670741691265,0,0,0.1440706666666666,-6.321404480683757e+16,-12275141740838.72
2,27.1954892,0.731305615,-1.64816672,0.0215425905,-0.819305839,-1.16370174,0.344395905,3.58581573,53.6734841,-17.1658678,0,0.144070667,47011.6455,13.4980335
0,0.5779059,0.33498304787,-1.9555407286,0.0097787795787,0,0,0,-1.3440585611,13.513815827,0,0,0.14407066667,-1637052.8306,-316.15694397
2,11.134239,0.49113054,-1.4604349,0.022743353,0.25970744,-0.0091584403,0.26886588,-2.2512217,14.66748,-0.090728478,0,0.14407067,-1835.3519,1.2297129
0,7.84121,0.686124,-0.809321,0.00960861,0.000448185,0.00035403,9.41546e-05,0.942073,27.6671,0.00489968,0.000599899,0.144071,1.92954,3.01166
2,8.7683581,0.246371563,-1.68511487,0.0123563383,0.911754292,-0.0127529444,0.924507237,0.338650271,0.877080258,-0.0633762031,0,0.144070667,13074.7928,6.87924092
0,58.599762,0.47648392,-1.357377,0.019333751,0.14736301,0.10800329,0.039359725,0.82131665,16.389571,1.0380312,0.340193,0.14407067,1496.0145,4.191701
0,7.38977,0.37434,-0.857245,0.0226918,0.000314341,0.00027736,3.6981e-05,0.898997,15.0968,0.00209428,0.000470128,0.144071,2.04196,3.06251
0,5.77188,0.9774,-0.696633,0.0214447,7.66876e-05,3.7325e-05,3.93626e-05,0.958781,39.4271,0.000735865,6.32116e-05,0.144071,0.635372,2.84164
1,0.19878,0.74103,-1.9125,0.013549,,,,,,,,,,
0,0.4588542,0.2116072249,-1.929663361,0.01455686947,0,0,0,5.574065423,8.536614264,0,0,0.1440706667,178838.4893,39.44681558
0,21.3528021,0.2555982186,-1.88009897,0.01151557845,0.9082239215,0.6866327384,0.2215911831,0.1721500948,0.9463297332,3.540034542,0,0.1440706667,339617.7234,70.65092303
1,0.11932,0.96359,-1.867,0.023675,,,,,,,,,,
0,7.2671,0.697882,-0.818079,0.012557,0.000376652,0.000303154,7.34981e-05,0.943035,28.1432,0.00426747,0.000513702,0.144071,2.19421,3.02707
0,45.05628,0.6126426,-1.236213,0.02262392,0.03555649,0.03218176,0.00337473,0.9126913,23.83632,0.3976877,0.06131487,0.1440707,412.9393,3.794079
0,9.07659,0.32617,-1.0281,0.0175769,0.00328745,0.00318806,9.93887e-05,0.883956,13.115,0.0209747,0.00544825,0.144071,16.1947,3.34252
0,53.39315,0.4892557,-1.259195,0.01389517,0.07319495,0.06673929,0.00645566,0.8733286,18.29277,0.6586317,0.1341144,0.1440707,444.9164,3.827103
1,0.31402,0.87438,-1.9632,0.0087273,,,,,,,,,,
0,8.64003,0.532105,-0.934868,0.00943316,0.00193636,0.00180416,0.000132201,0.92566,21.4245,0.0193641,0.00306506,0.144071,7.62768,3.20893
0,8.63081,0.521285,-0.8151,0.0172135,0.000262716,0.000212862,4.98534e-05,0.925325,21.024,0.0022382,0.000360668,0.144071,1.60782,3.008
0,45.757141,0.55049417,-1.3219374,0.013530259,0.1414628,0.10970999,0.031752819,0.83531072,19.066326,1.2182153,0.30834535,0.14407067,1085.4249,4.0600464
0,7.52675,0.437517,-0.917936,0.0196293,0.000752372,0.000698257,5.41145e-05,0.912,17.637,0.0061622,0.00118505,0.144071,5.12752,3.17111
0,6.23781,0.948341,-0.536955,0.00903924,0.000100824,1.13887e-05,8.94355e-05,0.957558,38.2539,0.000217854,1.92854e-05,0.144071,0.0793796,2.57498
0,22.132453,0.40915433,-1.5151543,0.02008483,0.80194533,0.75271073,0.049234599,0.39376251,3.2690939,6.2121285,0,0.14407067,4723.0659,5.0351914
0,31.84491,0.4083711,-1.176284,0.01172413,0.03126342,0.03031361,0.0009498168,0.8869461,15.95938,0.2496996,0.05479496,0.1440707,131.7581,3.620853
0,7.07927,0.416951,-0.611442,0.0167746,5.96962e-05,1.59764e-05,4.37197e-05,0.908516,16.8195,0.000134366,2.70538e-05,0.144071,0.0957636,2.65911
0,7.94232,0.562069,-0.89319,0.0206219,0.000535569,0.000483975,5.15941e-05,0.930181,22.6627,0.00548703,0.000820868,0.144071,4.70093,3.14182
1,0.30415,0.80688,-1.999,0.01956,,,,,,,,,,
2,1.3393628,0.799483646661109,-1.9413912120968,0.014313769623989,-25346.7734406601,-25346.7769590983,0.00351843815224129,-7.01344129225702,817531.636135875,-408749.748506571,0,0.144070666666667,-15825009562.1224,-3072958.82145928
0,7.55388,0.951596,-0.853972,0.00935472,0.000762083,0.000644944,0.00011714,0.957266,38.3598,0.0123794,0.00109344,0.144071,4.67204,3.10228
0,6.64699,0.933962,-0.678886,0.0138601,0.000106078,4.59792e-05,6.00986e-05,0.95693,37.6737,0.000866194,7.78669e-05,0.144071,0.4843,2.80991
0,7.06809,0.251932,-0.537231,0.0224796,3.25188e-05,4.5961e-06,2.79227e-05,0.857189,10.1631,2.3356e-05,7.78235e-06,0.144071,0.0236421,2.51301
0,5.92645,0.689976,-0.563244,0.010688,8.73568e-05,1.3501e-05,7.38558e-05,0.942609,27.8324,0.0001879,2.28622e-05,0.144071,0.0822376,2.60309
0,5.88831,0.795296,-0.556005,0.0131863,7.0595e-05,9.9715e-06,6.06235e-05,0.949831,32.0814,0.000159961,1.68853e-05,0.144071,0.0857188,2.59798
0,53.218959,0.49470025,-1.3531379,0.013925756,0.19182228,0.14156476,0.050257527,0.79310793,16.128878,1.4126106,0.44727539,0.14407067,1443.7866,4.1754942
0,8.056,0.358388,-0.929507,0.0234525,0.00072139,0.000677893,4.34973e-05,0.894726,14.4476,0.00490049,0.0011508,0.144071,4.96743,3.18102
0,29.2856,0.256073,-1.08172,0.00899977,0.0125351,0.0122731,0.000262035,0.85151,10.2009,0.0633931,0.0211874,0.144071,26.0373,3.42245
0,6.68485,0.428217,-0.568109,0.013867,6.40234e-05,1.10772e-05,5.29462e-05,0.910705,17.2739,9.56796e-05,1.87574e-05,0.144071,0.0562347,2.58842
0,32.2264,0.709804,-1.05409,0.0221729,0.00369988,0.00352102,0.00017886,0.941786,28.5288,0.0504118,0.00603019,0.144071,46.166,3.42815
0,25.4124044,0.612465441,-1.61811648,0.0211425116,0.207527387,0.164219325,0.0433080618,2.27789039,19.5803755,2.02876162,0,0.144070667,18352.2022,7.85445171
0,6.64308,0.730245,-0.641165,0.010275,0.000116411,3.82062e-05,7.8205e-05,0.94558,29.4559,0.000562765,6.47008e-05,0.144071,0.23605,2.73522
0,20.0891,0.993198,-0.981827,0.0112969,0.00296577,0.00274853,0.000217242,0.957526,39.9486,0.0550632,0.00467841,0.144071,25.133,3.32056
2,18.8837283,0.91052533732,-1.5930321483,0.014205184965,-3636.3080783,-3636.6199715,0.31189321109,77.058212506,133606.40818,-66790.566247,0,0.14407066667,2682111.1903,525.34426024
0,13.5896,0.396469,-1.03987,0.0170453,0.00394917,0.0038195,0.000129674,0.901793,15.9311,0.030545,0.00653458,0.144071,22.4285,3.37223
2,37.088279,0.56548655,-1.4838225,0.021822463,-19.12109,-20.827561,1.7064708,36.768301,459.01719,-237.56686,0,0.14407067,4749.0186,5.0091808
2,54.8919976,0.5674382178209949,-1.474317974404777,0.02157984862566615,-6555.839084300534,-6555.87130831693,0.03222401639686723,-1.274172791342854e-06,150095.7082561829,-75036.77721894174,0,0.1440706666666666,-39661376412062.66,-7701595722.258354
0,6.79862,0.507459,-0.597544,0.023903,4.11598e-05,9.37903e-06,3.17808e-05,0.923592,20.471,9.60028e-05,1.58818e-05,0.144071,0.0959067,2.64529
2,52.358273,0.64219761,-1.4892337,0.018904627,0.16524878,-0.60676028,0.77200907,1.2937475,21.626235,-7.8597911,0,0.14407067,6816.5686,5.4346472
0,9.0380106,0.816991851,-1.60901625,0.00946564104,0.000701841854,0.000686123528,1.57183264e-05,4.22674616,32.9357819,0.0113069431,0,0.144070667,14801.1913,7.14475341
0,59.43847,0.36047877,-1.3879566,0.024592089,0.14705255,0.10606192,0.040990623,0.80038357,12.403868,0.77119528,0.39612561,0.14407067,1720.7772,4.273118
0,7.53428,0.990101,-0.87838,0.0129666,0.000730734,0.000636441,9.42929e-05,0.958862,39.9133,0.0127105,0.00107933,0.144071,6.64018,3.14513
0,8.12329,0.764716,-0.882414,0.023114,0.000425276,0.000376055,4.9221e-05,0.947702,30.8369,0.00580066,0.00063769,0.144071,5.46664,3.13894
0,62.89467,0.743895,-1.175802,0.01149159,0.0327136,0.03064307,0.002070535,0.925233,29.02832,0.4598001,0.05555938,0.1440707,228.3209,3.667372
0,56.1843702,0.3607310798,-1.755961273,0.0196944154,0.6942533512,0.03067994296,0.6635734083,0.4517568056,4.44938958,0.2232355106,55.87007946,0.1440706667,123525.1644,28.51314988
0,22.926,0.396824,-1.03868,0.00851045,0.00778249,0.00752579,0.000256695,0.899449,15.884,0.0602387,0.0128901,0.144071,22.0816,3.37017
2,12.168524,0.6529453959842264,-1.610888007919493,0.008765769068987107,-109.0733298140649,-109.0822672040909,0.008937390025963055,-1.948461774429884e-05,2899.440056870103,-1436.667245190105,0,0.1440706666666666,-289533359725.515,-56222679.49677715
0,6.52015,0.380858,-0.695093,0.0161051,9.39535e-05,4.87272e-05,4.52263e-05,0.900689,15.3631,0.000374334,8.25202e-05,0.144071,0.258384,2.79379
0,33.6971456,0.58437061,-1.65534714,0.0152367072,0.463881749,0.330808381,0.133073368,-1.3669063,12.63875,3.89933044,0,0.144070667,-31845.978,-4.54958045
0,7.98388,0.610221,-0.907588,0.0116479,0.0011301,0.00103033,9.97739e-05,0.934927,24.5896,0.012682,0.00174851,0.144071,6.10557,3.16992
0,8.69105,0.570815,-0.956492,0.0225499,0.00106077,0.000996028,6.47462e-05,0.930836,23.0033,0.0114681,0.0016927,0.144071,10.7517,3.2488
0,6.86407,0.787447,-0.685157,0.0237623,6.36523e-05,2.90687e-05,3.45836e-05,0.949362,31.765,0.000461712,4.92278e-05,0.144071,0.446122,2.81196
0,7.06726,0.522498,-0.580765,0.0215741,4.36944e-05,8.37678e-06,3.53177e-05,0.925625,21.0776,8.82849e-05,1.41847e-05,0.144071,0.0794282,2.61882
0,8.0498,0.464563,-0.665857,0.0118972,0.000108892,4.53118e-05,6.35806e-05,0.917081,18.7393,0.000424601,7.6734e-05,0.144071,0.212626,2.75453
0,21.8566,0.577039,-1.0437,0.0132633,0.00537953,0.00515258,0.000226953,0.928752,23.1536,0.0599729,0.00882168,0.144071,33.2476,3.39839
1,0.29803,0.94665,-1.8697,0.01092,,,,,,,,,,
2,25.2160347,0.6185804697606,-1.805266517777,0.02218579497228,0.9482634496515,-0.135115431456,1.083378881108,-0.0002180556047818,1.291067170587,-1.685878712608,0,0.1440706666667,-139890406.7528,-27163.09368985
0,63.38681,0.7326384,-1.192601,0.01608067,0.02906318,0.02696883,0.002094348,0.92684,28.69695,0.3985447,0.0492657,0.1440707,279.5871,3.704534
0,51.385245,0.546868224,-1.69857626,0.0182927908,0.243764629,0.0138044511,0.229960178,1.54648328,16.6837949,0.152274437,0,0.144070667,64742.6001,17.0079503
0,0.5632147,0.951876464,-1.77859899,0.00862192519,0,0,0,-14.1721387,38.4004006,0,0,0.144070667,-45450.992,-7.08647951
0,40.90004,0.39111099,-1.5445698,0.019824955,0.30406105,0.26727476,0.036786292,1.190134,10.980606,2.1085462,0,0.14407067,7658.682,5.6594933
0,0.6079077000000001,0.9126278356952457,-1.971382185420239,0.009169998294443659,0,0,0,-2.082394533802179e-48,36.8170406503341,0,0,0.1440706666666666,-3.528250898715754e+54,-6.851290723654785e+50
0,59.16911,0.2271894,-1.254131,0.01834251,0.04955964,0.04833722,0.001222415,0.8139047,8.711,0.2215108,0.09519821,0.1440707,213.0195,3.739164
0,20.0964,0.875289,-1.09232,0.0171317,0.00782363,0.00737947,0.000444159,0.949154,35.0345,0.130287,0.0127532,0.144071,91.9213,3.51065
0,36.0717,0.630523,-1.08342,0.0119386,0.00988569,0.00946618,0.000419508,0.931223,25.185,0.120393,0.0163245,0.144071,60.0782,3.47372
0,9.21545,0.237676,-1.06454,0.0151378,0.00600347,0.00587798,0.000125494,0.846279,9.53071,0.0281798,0.0101015,0.144071,19.629,3.3895
0,50.307564,0.62310478,-1.3876596,0.012597893,0.2522645,0.25226158,2.921555e-06,0.76431684,18.795949,3.1705701,0.77032393,0.14407067,2720.1914,4.4904204
2,0.9127986,0.48033582089,-1.7998241918,0.014318444519,0.00091005293659,0.00091005293659,-5.4426949059e-17,-0.14938788011,19.359972249,0.0088173240304,0,0.14407066667,-2855196.4452,-552.88496507
0,0.9787772,0.812658267,-1.9570460888,0.022564726223,0.15295810548,0.15058039206,0.0023777134248,-3.7828129814,27.769497099,2.468320509,0,0.14407066667,-1218578.7618,-234.8793962
0,8.2343,0.873248,-0.664928,0.0130572,0.000103874,4.07963e-05,6.30775e-05,0.954079,35.2247,0.000718594,6.90883e-05,0.144071,0.379625,2.78342
0,10.3399,0.69452,-0.983616,0.0150171,0.00224756,0.00211556,0.000132001,0.941568,27.9552,0.0296371,0.00360121,0.144071,18.3013,3.30472
0,7.71904,0.736381,-0.837172,0.0101215,0.000576784,0.000480514,9.627e-05,0.94571,29.6898,0.00713729,0.000814442,0.144071,2.9498,3.06151
0,6.16349,0.666994,-0.535935,0.0245328,3.61409e-05,4.14181e-06,3.19991e-05,0.940783,26.9068,5.57233e-05,7.01337e-06,0.144071,0.0560897,2.55611
2,22.1632081,0.451687613,-1.68787444,0.0174793719,-0.0613037984,-0.769874181,0.708570382,2.22305363,19.3389578,-7.01428012,0,0.144070667,45501.3317,13.242785
0,46.2046,0.2298234,-1.358306,0.02343625,0.1077308,0.09223209,0.01549866,0.779118,8.272662,0.4275643,0.2840132,0.1440707,805.5751,4.026753
0,9.06727,0.237933,-1.04875,0.0127391,0.00584544,0.00571538,0.000130066,0.846513,9.54252,0.0274299,0.00979991,0.144071,16.0408,3.36264
0,8.13131,0.729471,-0.941828,0.0198094,0.00101576,0.000939664,7.6097e-05,0.944944,29.3983,0.0138263,0.00159607,0.144071,11.2118,3.23638
0,1.3282649,0.9138770471455,-1.949956524785,0.01564728040752,0.6690561614889,0.6690560406497,1.208391180452e-07,-0.004978869844228,12.20105081123,12.33319040514,0,0.1440706666667,-371379711.5902,-72114.46584042
0,16.383336,0.90988223,-1.4599399,0.014459833,0.90090306,0.79011024,0.11079282,0.26903456,3.63748,14.501003,0,0.14407067,3784.5373,4.786347
0,6.86182,0.328457,-0.687605,0.00982803,0.000143517,7.25259e-05,7.09908e-05,0.886618,13.2486,0.000480504,0.000122825,0.144071,0.205601,2.77455
0,33.2621523,0.4610793093,-1.848392861,0.0203762379,0.9846601853,0.7175768745,0.2670833108,0.02982797573,0.2853322844,6.673739315,0,0.1440706667,393288.682,81.04878518
2,21.5531795,0.816297724,-1.6915362,0.018155272,0.284425387,-0.0599168547,0.344342241,1.67635847,23.5645243,-0.98655832,0,0.144070667,77065.4493,19.4027603
0,34.237696,0.85378892,-1.3147155,0.010684218,0.17781443,0.12825994,0.049554493,0.83205948,28.318845,2.2088525,0.35588837,0.14407067,1475.0781,4.1442498
0,44.57123,0.49549686,-1.575412,0.012893861,0.21914077,0.16492027,0.054220497,2.8484251,15.608775,1.6483147,0,0.14407067,6759.8869,5.5093898
0,7.49523,0.653584,-0.649189,0.0201042,6.11654e-05,2.16474e-05,3.9518e-05,0.939626,26.3651,0.000285385,3.66581e-05,0.144071,0.235705,2.74317
0,6.51895,0.279792,-0.683783,0.0199562,6.70814e-05,3.40085e-05,3.30729e-05,0.869531,11.2865,0.000191932,5.75913e-05,0.144071,0.170038,2.76097
0,11.5746,0.32849,-1.04421,0.0188388,0.00375933,0.00365244,0.000106887,0.884375,13.2021,0.0242009,0.00625161,0.144071,20.0396,3.37032
0,9.30859,0.393686,-1.03023,0.0227286,0.00262347,0.00253462,8.88454e-05,0.902018,15.8403,0.0201274,0.00433026,0.144071,19.7003,3.3554
0,5.89307,0.488026,-0.53754,0.0203773,4.19977e-05,5.09033e-06,3.69074e-05,0.920791,19.687,5.01089e-05,8.61948e-06,0.144071,0.0428039,2.54382
0,13.7685,0.879368,-0.986364,0.0176706,0.00199618,0.00186268,0.000133497,0.953153,35.4045,0.0330395,0.0031704,0.144071,23.719,3.32185
0,30.8531825,0.3168907188,-1.886956455,0.02051586126,0.9990368586,0.7796504608,0.2193863978,0.001803380662,0.0123127412,4.983501921,0,0.1440706667,460655.8391,94.17708147
2,17.281612,0.40459084341,-1.6783936741,0.023505052201,0.10289340608,-0.056038958404,0.15893236448,-0.036035124244,14.642501079,-0.45733166741,0,0.14407066667,-1881664.9995,-363.94096046
0,4.7298,0.7205402403,-1.596738231,0.008759502288,0.4051826034,0.284259406,0.1209231974,-0.1047518735,17.2900826,4.131409604,0,0.1440706667,-267779.8352,-50.53212232
0,8.13684,0.565157,-0.976354,0.0243238,0.00125879,0.00119059,6.81969e-05,0.930071,22.7707,0.0135724,0.00202531,0.144071,13.7474,3.28188
0,42.06555,0.3540368,-1.3539991,0.016396846,0.15449281,0.12144885,0.033043968,0.79337457,12.075938,0.86729525,0.38409411,0.14407067,1092.642,4.0938501
0,16.2749506,0.85249037083083,-1.4057053357777,0.015894985583225,0.069792780451325,0.034004745948905,0.03578803450242,-4.325823341526e-06,31.990745010096,0.58472839917988,0,0.14407066666667,-1031410438.7153,-200282.31960829
0,47.305306,0.79429605,-1.3449367,0.012107444,0.22300601,0.1540439,0.068962118,0.7960394,24.897471,2.4680393,0.46301162,0.14407067,1998.4916,4.2917135
0,17.188944,0.86146784,-1.3902749,0.02314194,0.091814595,0.038793934,0.053020661,-0.60264186,31.562308,0.6741058,0,0.14407067,-5991.1106,0.29178431
0,49.67175,0.4271829,-1.204652,0.02099712,0.02479912,0.02388739,0.0009117316,0.8947706,16.80595,0.2058296,0.04404682,0.1440707,197.999,3.683012
0,6.8783,0.383302,-0.75993,0.0146101,0.000174878,0.000123507,5.13714e-05,0.901209,15.4604,0.0009549,0.000209201,0.144071,0.597652,2.90178
0,13.9676087,0.50600631512296,-1.6247798234707,0.0089226995713241,0.1148359555549,0.090654996556704,0.024180958998193,-2.3926436716488e-05,18.069031193483,0.92527931455633,0,0.14407066666667,-1756418277.8766,-341066.88570678
0,6.87675,0.505134,-0.6107,0.0246025,4.17161e-05,1.07899e-05,3.09262e-05,0.923267,20.3772,0.000109939,1.82712e-05,0.144071,0.113084,2.66692
0,6.6217,0.21487,-0.55511,0.022676,3.1264e-05,5.7489e-06,2.5515e-05,0.83659,8.6682,2.4917e-05,9.7068e-06,0.14407,0.025995,2.5358
0,20.64942,0.6723151,-1.152161,0.01355937,0.020572,0.01955797,0.001014035,0.9279152,26.56443,0.2652294,0.03475481,0.1440707,153.7744,3.608945
0,5.21285,0.730822,-0.582988,0.0133338,7.36119e-05,1.3946e-05,5.96658e-05,0.945648,29.4805,0.000205583,2.36158e-05,0.144071,0.111892,2.63866
0,7.95789,0.811925,-0.965688,0.0104047,0.00260763,0.00242653,0.0001811,0.949162,32.6691,0.0397399,0.00412855,0.144071,16.8523,3.28228
0,28.2956,0.326067,-1.14782,0.0136053,0.0190512,0.018605,0.000446237,0.874062,12.9035,0.122366,0.032761,0.144071,75.0015,3.55242
0,25.612528,0.2536792,-1.6998703,0.0083360016,0.78379213,0.513562,0.27023013,-1.4218442,2.2126438,2.6278641,0,0.14407067,-9495.5146,-0.10278251
0,20.773337,0.759071042,-1.60286524,0.00884209697,0.765972079,0.701691249,0.0642808296,0.750864382,7.16646962,10.7436946,0,0.144070667,16751.9568,7.52377093
0,34.6611,0.72379,-1.07078,0.0149083,0.00679363,0.00646647,0.000327158,0.9408,29.0006,0.0944072,0.0111138,0.144071,58.2153,3.4591
0,7.6414,0.21068,-0.91672,0.012434,0.0011355,0.001076,5.954e-05,0.83321,8.4894,0.0045724,0.0018419,0.14407,2.6598,3.1357
0,39.769,0.992843,-1.20898,0.01213004,0.04971838,0.04295026,0.006768119,0.9263426,38.06169,0.8601447,0.08060372,0.1440707,457.9004,3.780887
0,7.50857,0.931115,-0.951225,0.0142151,0.00160514,0.00147652,0.00012862,0.955828,37.5025,0.0277311,0.00250954,0.144071,15.9537,3.26482
0,7.0803,0.827923,-0.734554,0.0171151,0.000126038,7.61098e-05,4.99282e-05,0.951675,33.3957,0.00127103,0.000128908,0.144071,0.882463,2.89649
0,47.70429,0.907067,-1.227307,0.0127869,0.05877388,0.04997876,0.008795115,0.9167048,34.44201,0.9144291,0.09675877,0.1440707,529.8489,3.820684
0,5.48356,0.80509,-0.571259,0.012313,7.80735e-05,1.299e-05,6.50834e-05,0.950406,32.4762,0.00021095,2.19969e-05,0.144071,0.105492,2.6239
0,6.13311,0.332488,-0.675169,0.0212211,6.15412e-05,2.86316e-05,3.29096e-05,0.887889,13.4123,0.00019202,4.84857e-05,0.144071,0.17716,2.75446
0,34.2109104,0.7179291683,-1.733109438,0.009656866598,0.7698680157,0.4367211779,0.3331468379,0.4465108566,6.665208609,6.324279009,0,0.1440706667,139593.0229,31.6166988
1,0.41549,0.56613,-1.9915,0.018064,,,,,,,,,,
0,7.1571,0.712731,-0.72943,0.0139534,0.000146979,8.74098e-05,5.95689e-05,0.944299,28.7486,0.00125664,0.000148046,0.144071,0.716837,2.88065
1,0.3686,0.81114,-1.9814,0.014853,,,,,,,,,,
2,31.796368,0.716578499,-1.56369884,0.0111897389,-7.23659265,-8.80734209,1.57074944,12.7427242,238.10391,-127.301584,0,0.144070667,19830.7159,8.09111868
0,18.3624,0.216639,-1.07655,0.0141194,0.00748526,0.00734482,0.000140434,0.833209,8.67417,0.0320954,0.0126367,0.144071,21.172,3.4057
0,17.5801018,0.983371112,-1.64994588,0.0097749293,0.209416161,0.209404719,1.14425764e-05,2.39048224,31.3632128,4.15364218,0,0.144070667,42159.3195,12.5519721
0,0.8380062,0.8924948156,-1.836136926,0.0169571447,0.01261038919,0.01261036796,2.123306899e-08,-4.289472594,35.55080355,0.2270171313,0,0.1440706667,-291112.4437,-54.8278303
0,6.87069,0.321793,-0.852208,0.0239241,0.000279507,0.00024661,3.28973e-05,0.884458,12.9781,0.00160071,0.000417975,0.144071,1.67246,3.04715
0,59.3805,0.317475,-0.651456,0.021152,5.37827e-05,2.11842e-05,3.25985e-05,0.883213,12.8068,0.000135659,3.58713e-05,0.144071,0.125404,2.71299
0,6.57727,0.412133,-0.671356,0.0190974,6.91245e-05,3.02949e-05,3.88296e-05,0.90754,16.625,0.000251844,5.13027e-05,0.144071,0.204573,2.75805
2,27.0448477,0.467446222,-1.6590631,0.0149729276,0.591054628,-0.133723131,0.72477776,0.75854306,7.71173536,-1.26084982,0,0.144070667,36727.4161,11.4992145
0,7.87735,0.415064,-0.879392,0.0101735,0.000911717,0.000821723,8.99946e-05,0.907601,16.7292,0.00687964,0.00139365,0.144071,2.97881,3.10424
0,8.53958,0.459249,-0.995953,0.0105549,0.003681,0.0035209,0.000160103,0.913933,18.4587,0.0326157,0.00600345,0.144071,14.5875,3.30469
2,17.4209154,0.5819980095231,-1.841498212542,0.02311158476733,-0.05504488496467,-0.05542664571096,0.0003817607462924,-0.006457429166897,24.771231713,-0.6506767169561,0,0.1440706666667,-144348024.8122,-28028.65616424
0,59.27642,0.7309444,-1.177987,0.0107411,0.03600106,0.03373977,0.002261284,0.9221747,28.42602,0.4974526,0.06113282,0.1440707,230.7085,3.670554
2,0.8728459,0.2489327051,-1.946909733,0.01006482791,-0.02021146665,-0.02021162846,1.618120589e-07,-1.928468969,10.24536241,-0.1014865374,0,0.1440706667,-774230.041,-148.5809157
0,33.5207,0.798307,-1.07702,0.0109246,0.0100542,0.00953192,0.000522275,0.943525,31.8813,0.153488,0.016432,0.144071,69.1381,3.4763
0,24.267321,0.64951134,-1.5193454,0.014495597,0.19762945,0.14264981,0.054979649,-1.3466549,21.024074,1.8688872,0,0.14407067,-9372.8401,-0.25881787
1,0.29986,0.75442,-1.9853,0.010676,,,,,,,,,,
0,58.99762,0.4371023,-1.235876,0.02388684,0.03192995,0.03030075,0.001629198,0.8919838,17.07045,0.267154,0.05782234,0.1440707,301.2866,3.755863
0,7.59541,0.420214,-0.917157,0.016167,0.000903682,0.000839317,6.43656e-05,0.908629,16.9368,0.00711412,0.00142452,0.144071,4.89309,3.16788
0,59.894714,0.24544569,-1.4236002,0.010883028,0.40114572,0.29045031,0.11069541,0.58430078,5.9296864,1.4379786,1.4148638,0.14407067,1781.1356,4.3222537
0,31.8713854,0.9593186969,-1.860514267,0.01406350535,0.9926128499,0.5192540501,0.4733587998,0.02161865291,0.2858873899,10.04773036,0,0.1440706667,635286.0126,128.0775009
0,55.1991,0.336437,-1.306237,0.02363543,0.07118495,0.06349973,0.007685223,0.8438776,12.60632,0.4309242,0.1442772,0.1440707,580.6404,3.914181
0,25.179468,0.457466162,-1.61164816,0.0212502569,0.666750333,0.225315159,0.441435174,0.761893084,6.1501239,2.07909607,0,0.144070667,15860.1265,7.35656391
0,53.620688,0.50465521,-1.3468139,0.019513804,0.14166798,0.10446052,0.037207461,0.82908253,17.474519,1.0633399,0.29428905,0.14407067,1379.6243,4.1543753
0,33.18691,0.79434192,-1.3209047,0.011485475,0.17575152,0.12674202,0.049009491,0.83035913,26.413187,2.0307352,0.35845456,0.14407067,1492.7093,4.1544733
0,23.8677243,0.623439689,-1.75346038,0.01695852214,0.3064969545,0.1513265084,0.155170446,1.504293682,17.4420684,1.902981774,0,0.1440706667,140823.1235,31.87636612
2,34.1622691,0.616241023,-1.44938751,0.011287954,-0.604752335,-0.641747828,0.0369954922,-0.576386965,39.89457,-7.97701086,0,0.144070667,-16918.2022,-1.82430776
0,23.1504605,0.775673857,-1.703562299,0.01507337388,0.6527744714,0.5278102817,0.1249641897,0.6907638136,10.86540624,8.258138663,0,0.1440706667,100640.1477,24.00632408
0,0.6010141,0.7454380827101761,-1.958459824807649,0.01061273317943635,0,0,0,-3.945716481804126e-17,30.07230671694341,0,0,0.1440706666666666,-1.28833194874073e+23,-2.501731589612376e+19
2,1.352485,0.62544486753,-1.8947899961,0.022048525047,-1.4591180388,-1.4662459985,0.0071279596966,-2.1000181542,62.047398136,-18.497841055,0,0.14407066667,-2204493.1156,-426.42068174
0,7.0623,0.20037,-0.53616,0.015346,4.2772e-05,6.6411e-06,3.6131e-05,0.8268,8.0828,2.684e-05,1.1245e-05,0.14407,0.019229,2.5013
1,0.50252,0.37872,-1.9926,0.0096953,,,,,,,,,,
0,24.826012,0.48548467,-1.4419606,0.01303433,0.39088722,0.018059299,0.37282792,1.2075573,11.929669,0.17684858,0,0.14407067,2195.0515,4.4317264
0,0.5297168,0.44408761,-1.7583571,0.0217548172,0,0,0,10.1406995,17.9152892,0,0,0.144070667,22849.7055,8.87929695
2,19.0999265,0.40453134324,-1.7514185257,0.017218720551,-250.08045319,-250.22638069,0.14592749776,-32.851818931,4097.5121174,-2041.7870327,0,0.14407066667,-1475635.4142,-285.01108923
0,38.9272,0.2985194,-1.301708,0.009955768,0.1528244,0.1427039,0.01012052,0.7786534,10.20237,0.8592776,0.32316,0.1440707,480.4927,3.880476
0,15.6954367,0.5003436187,-1.850884411,0.01919615861,0.9400098161,0.0471881343,0.8928216818,0.1379302919,1.2108873,0.4762405186,0,0.1440706667,372672.5158,77.04518517
0,37.671484,0.91882517,-1.3070349,0.015170383,0.11878757,0.085393705,0.03339387,0.87642406,32.663947,1.5826465,0.22709845,0.14407067,1463.5326,4.1339236
1,0.41102,0.70625,-1.9132,0.021251,,,,,,,,,,
0,39.9685,0.739387,-1.05138,0.0177327,0.00447901,0.00425447,0.000224534,0.943392,29.6946,0.0634516,0.00728286,0.144071,46.3339,3.42567
0,10.6891,0.515814,-1.01654,0.0112864,0.00447338,0.00428273,0.000190651,0.921906,20.7158,0.0445594,0.00731356,0.144071,21.1415,3.34561
2,32.507069,0.66808316,-1.5447654,0.011895531,0.36769098,-0.15804981,0.52574079,2.8756735,17.041784,-2.1298533,0,0.14407067,4931.6276,5.1075221
0,23.4156,0.278436,-1.08441,0.0110418,0.0105935,0.0103591,0.000234448,0.862486,11.1136,0.0581798,0.0178751,0.144071,28.9888,3.43122
0,110.317122,0.943418696,-1.47378519,0.0227611045,0.316600258,0.204077,0.112523258,0.732764125,26.0096468,3.88350358,1.28891734,0.144070667,11869.324,6.42885859
1,0.29589,0.65464,-1.9065,0.021362,,,,,,,,,,
0,17.6625,0.850089,-0.998898,0.0134898,0.00305473,0.0028633,0.000191431,0.950972,34.1893,0.0490971,0.00487842,0.144071,26.9678,3.34161
0,21.0459,0.3136194,-1.17883,0.02365458,0.01604092,0.01566661,0.0003743172,0.8719905,12.44902,0.09910668,0.02806137,0.1440707,108.0152,3.608579
0,30.3073519,0.7277511414,-1.868176436,0.01588451133,0.9943205369,0.3157944324,0.6785261046,0.02472093354,0.1667421287,4.635670239,0,0.1440706667,357541.447,74.12213941
0,18.7598825,0.344226577,-1.70099229,0.0146649626,0.560845392,0.497511846,0.0633335464,0.868932258,6.09841546,3.45440293,0,0.144070667,43445.9533,12.8544066
0,59.83236,0.3122586,-1.332306,0.008695916,0.219952,0.192145,0.02780708,0.7382141,9.82632,1.210232,0.5481093,0.1440707,723.15,3.9792
2,16.357754,0.5948954,-1.4775743,0.012703486,0.003787042,-0.0002743274,0.0040613694,3.9029157,23.90826,-0.0032918116,0,0.14407067,2150.5611,4.4576486
0,5.40835,0.83868,-0.537654,0.0140984,6.42477e-05,7.36789e-06,5.68798e-05,0.952305,33.8317,0.000124642,1.24764e-05,0.144071,0.0712269,2.57011
0,23.1053405,0.3980653604,-1.735598323,0.0206490917,0.1368917117,0.0939763389,0.04291537278,-0.5225331043,13.86037052,0.7545674716,0,0.1440706667,-256110.3505,-48.12494823
1,0.35165,0.62439,-1.9356,0.014822,,,,,,,,,,
0,35.4297,0.434925,-1.1155,0.00890428,0.0195388,0.0189474,0.00059142,0.899576,17.2029,0.166222,0.0330489,0.144071,64.1439,3.50995
0,60.07394,0.4843663,-1.261556,0.02027625,0.05163698,0.04687115,0.004765831,0.8868806,18.53121,0.4579358,0.09473739,0.1440707,457.4935,3.833338
0,61.7169,0.404914,-1.09921,0.0143629,0.00990163,0.00961489,0.000286742,0.899832,16.1732,0.0785295,0.0166206,0.144071,48.9058,3.47677
0,6.68563,0.273098,-0.725545,0.0174425,0.000104427,6.65251e-05,3.7902e-05,0.866737,11.0161,0.000366462,0.000112666,0.144071,0.284694,2.82923
0,14.4634,0.721143,-0.994404,0.0133275,0.00290275,0.002736,0.000166747,0.94313,29.0077,0.0397981,0.00466089,0.144071,21.777,3.32512
2,16.8530351,0.95744925,-1.57669814,0.013934536,0.000272961743,-5.9713376e-05,0.000332675119,2.66469655,38.6146735,-0.00115322104,0,0.144070667,18174.1723,7.77796198
0,15.49813,0.8340453,-1.13091,0.01955082,0.01112118,0.01047111,0.0006500698,0.9448522,33.27269,0.1761601,0.01834599,0.1440707,143.9685,3.582404
0,7.64563,0.426784,-0.782507,0.0100193,0.000319058,0.000240649,7.84097e-05,0.910271,17.2117,0.00207165,0.000407686,0.144071,0.880344,2.94432
0,8.05524,0.382083,-0.888413,0.0101302,0.00101634,0.000926459,8.9884e-05,0.900396,15.3982,0.00714017,0.00157157,0.144071,3.10333,3.11539
0,7.60646,0.580361,-0.83163,0.0146602,0.000370892,0.000309002,6.18902e-05,0.932328,23.4041,0.0036173,0.000523661,0.144071,2.1966,3.04068
0,8.5262,0.442924,-1.00139,0.010859,0.00382719,0.00366856,0.000158629,0.911026,17.8,0.0327755,0.00625732,0.144071,15.1322,3.31211
0,6.02204,0.956632,-0.533768,0.0173661,5.22468e-05,5.69034e-06,4.65565e-05,0.957941,38.5902,0.000109801,9.63564e-06,0.144071,0.0768351,2.57012
0,7.22159,0.694785,-0.726611,0.022696,8.84346e-05,5.18295e-05,3.66051e-05,0.942982,28.0264,0.000726361,8.77803e-05,0.144071,0.674912,2.87473
0,22.9038141,0.837192602,-1.68709782,0.008535586,0.494313472,0.326541402,0.16777207,1.06270973,17.0789801,5.51427988,0,0.144070667,83225.4056,20.5984367
0,7.62828,0.683218,-0.76776,0.0151487,0.000188058,0.000131712,5.63464e-05,0.942009,27.5571,0.00181514,0.00022311,0.144071,1.12696,2.94231
0,42.69016,0.528847,-1.242776,0.01129827,0.07382134,0.06816675,0.005654588,0.8782291,19.75968,0.7271564,0.1335775,0.1440707,387.0388,3.792284
0,15.9425931,0.86226867891,-1.7742790333,0.02340546924,0.21151450896,0.15866324543,0.052851263531,-0.11987180902,27.427832176,2.7595871564,0,0.14407066667,-3630937.4718,-703.55917958
0,0.5173256000000001,0.7988321763391366,-1.833849464063271,0.01630240617683685,0,0,0,-3.010276068907367e-17,32.22632003840606,0,0,0.1440706666666666,-3.651397850721171e+22,-7.09042212165944e+18
2,6.0700062,0.398009244,-1.60923452,0.00929168218,-0.122797268,-0.135845822,0.0130485539,-0.760822654,18.0280881,-1.0905978,0,0.144070667,-45135.5442,-7.19423127
0,6.25882,0.487449,-0.528268,0.020858,4.04143e-05,4.41467e-06,3.59996e-05,0.920705,19.6638,4.34062e-05,7.47537e-06,0.144071,0.0379566,2.52838
0,26.16109,0.9410935,-1.143573,0.01990356,0.01293416,0.01201857,0.0009155922,0.9488509,37.47434,0.2281449,0.02120403,0.1440707,189.9864,3.618255
0,6.90396,0.529342,-0.615321,0.0246902,4.24617e-05,1.14089e-05,3.10527e-05,0.926517,21.3537,0.000121817,1.93194e-05,0.144071,0.125307,2.67681
0,14.0054,0.77294,-1.00249,0.0166313,0.00258192,0.00243157,0.000150342,0.94683,31.1013,0.0379104,0.004144,0.144071,25.8041,3.34271
0,110.08352,0.41877634,-1.3779826,0.024163775,0.13224919,0.095144268,0.037104919,0.82213066,14.659945,0.80369254,0.35466979,0.14407067,1741.8783,4.2678678
0,37.210558,0.28801235,-1.5684726,0.0099137441,0.37444836,0.31816707,0.056281288,4.7129517,7.2682432,1.8483811,0,0.14407067,1740.2066,4.4579838
0,7.07669,0.461952,-0.730285,0.0161872,0.000124111,7.61809e-05,4.79305e-05,0.916642,18.6337,0.000709852,0.000129024,0.144071,0.483925,2.86127
0,6.9455,0.21874,-0.74628,0.023296,9.0807e-05,6.5011e-05,2.5796e-05,0.83898,8.8236,0.00028684,0.0001101,0.14407,0.30748,2.8539
0,6.7864,0.2273,-0.54105,0.023145,3.0394e-05,4.6886e-06,2.5705e-05,0.84413,9.1696,2.1497e-05,7.939e-06,0.14407,0.022751,2.5149
1,0.29457,0.7354,-1.8745,0.022096,,,,,,,,,,
0,7.5342,0.618919,-0.645951,0.0217127,5.55507e-05,1.92271e-05,3.63236e-05,0.936464,24.9669,0.000240034,3.25594e-05,0.144071,0.214833,2.73516
2,0.9956011,0.466719542522,-1.95663449457,0.0249308676764,-0.0261049410629,-0.0266130086059,0.000508067542932,-0.0434269252025,19.3198135625,-0.250538879615,0,0.144070666667,-73459548.5672,-14263.1145247
2,12.432084,0.23016784637234,-1.8934087905633,0.02241281142442,-21.603330374846,-24.133706533606,2.5303761587604,-0.0027687035849983,209.880578749,-112.04535372957,0,0.14407066666667,-5556470733.7864,-1078975.2005617
0,14.835109,0.84211087,-1.4366163,0.011770257,0.0020917951,0.0020477636,4.4031502e-05,2.9067566,33.901197,0.034783579,0,0.14407067,2419.4554,4.4749591
0,40.922325,0.43916846,-1.3419084,0.014690378,0.15766071,0.12211775,0.035542966,0.80876976,14.923592,1.0817704,0.36704372,0.14407067,1134.0613,4.0917141
0,7.54562,0.772034,-0.762453,0.00904721,0.000301749,0.000205998,9.57509e-05,0.94825,31.1359,0.00320792,0.000348959,0.144071,1.18158,2.93944
0,7.42819,0.515441,-0.753166,0.0128121,0.000191578,0.00012912,6.2458e-05,0.92459,20.7898,0.00134245,0.000218707,0.144071,0.718163,2.90448
1,0.22556,0.58797,-1.852,0.0099327,,,,,,,,,,
2,13.562778,0.63613754,-1.3926633,0.010823406,0.54526843,-0.035651918,0.58092035,-1.3360061,11.669743,-0.45746629,0,0.14407067,-1030.3257,1.3479305
0,63.801683,0.22177608,-1.4503903,0.016148003,0.36717683,0.24857747,0.11859936,0.59739829,5.6617702,1.1119919,1.345218,0.14407067,2346.5893,4.4730125
0,6.07497,0.795339,-0.599922,0.0104715,9.87977e-05,2.20724e-05,7.67253e-05,0.949816,32.0822,0.000354101,3.73775e-05,0.144071,0.150689,2.6709
0,53.7603823,0.315661601,-1.72491817,0.0190269999,0.951891536,0.703665719,0.248225817,0.0687237224,0.612630215,4.4803642,38.8132312,0.144070667,75037.6423,19.0410049
0,10.5833,0.213421,-0.873466,0.0210675,0.0288045,0.000357127,0.0284474,0.831305,8.36179,0.0015374,0.000623672,0.144071,1.50642,3.063
0,7.22625,0.585198,-0.655529,0.0226523,5.54594e-05,2.08422e-05,3.46172e-05,0.93305,23.6066,0.000246021,3.52947e-05,0.144071,0.230562,2.74837
0,7.11246,0.749062,-0.658753,0.0177792,7.32035e-05,2.76771e-05,4.55264e-05,0.9469,30.2163,0.000418181,4.68699e-05,0.144071,0.303096,2.76566
2,44.8400868,0.391013933,-1.69889521,0.011349494,0.470050916,-0.415293559,0.885344475,0.64332557,8.35952392,-3.27546225,0,0.144070667,78301.5731,19.6509721
0,8.03939,0.766497,-0.895371,0.0162915,0.00070367,0.000629931,7.37383e-05,0.947636,30.9001,0.00973932,0.00106857,0.144071,6.47023,3.16076
0,62.834107,0.79936879,-1.3039513,0.023489162,0.074398177,0.055109269,0.019288908,0.90089317,29.848778,0.88858097,0.14097481,0.14407067,1250.5459,4.0814003
0,18.7314,0.622326,-1.10454,0.0226288,0.00681064,0.00652589,0.000284752,0.932441,24.9348,0.0819187,0.0112958,0.144071,77.9109,3.51165
1,0.43174,0.56171,-1.9292,0.014013,,,,,,,,,,
1,0.2913,0.98002,-1.8221,0.020584,,,,,,,,,,
2,9.8038872,0.73471607,-1.4031269,0.021888896,0.057344036,-0.0012021186,0.058546155,3.2890984,27.940098,-0.017815254,0,0.14407067,1146.1546,4.1558259
2,15.5790777,0.953857177,-1.54017168,0.020907455,0.234069171,-0.100498918,0.334568089,1.84175361,29.4732527,-1.93361456,0,0.144070667,12554.1037,6.63110025
1,127.5362,0.7015057,-1.292188,0.02191113,,,,,,,,,,
0,13.2019,0.387397,-1.04339,0.0134013,0.00524644,0.00507902,0.000167419,0.898956,15.5463,0.0396882,0.00869613,0.144071,22.972,3.37708
0,32.1401,0.370217,-1.08258,0.0100669,0.011416,0.0111006,0.000315456,0.891005,14.7647,0.0828947,0.0191512,0.144071,36.4146,3.44256
0,4.95424,0.56278,-0.553374,0.0179994,4.98335e-05,7.06245e-06,4.2771e-05,0.930574,22.7024,8.01713e-05,1.1959e-05,0.144071,0.0598566,2.57689
0,5.33046,0.861287,-0.701,0.0155918,0.000107905,5.42973e-05,5.36074e-05,0.953469,34.7421,0.000943303,9.19567e-05,0.144071,0.59548,2.84267
0,30.4085219,0.208865878,-1.66147167,0.0167026509,0.385294228,0.14655482,0.238739408,1.05840525,5.17952524,0.617437173,0,0.144070667,18234.4442,7.87460946
0,10.87476,0.5370467,-1.154126,0.01569455,0.01806575,0.01736716,0.0006985891,0.9159233,21.27402,0.1881334,0.03079429,0.1440707,127.952,3.59645
0,6.57217,0.830271,-0.928052,0.0242932,0.00070302,0.000642313,6.07063e-05,0.951431,33.4711,0.010757,0.00109041,0.144071,10.622,3.21972
0,16.200888,0.97785671,-1.5137189,0.017658731,0.070266459,0.047600992,0.022665468,2.1644793,36.676584,0.93889363,0,0.14407067,9463.6645,5.9900143
0,0.4528951,0.9096361738185899,-1.796921444666298,0.0200193956283599,0,0,0,-3.296144641922185e-06,36.69635165464837,0,0,0.1440706666666666,-236303654722.9509,-45886334.33573107
0,5.68873,0.834042,-0.705834,0.0207162,8.38072e-05,4.3484e-05,4.03232e-05,0.95204,33.6439,0.000731548,7.36433e-05,0.144071,0.614514,2.84912
0,0.4918303,0.556543236723,-1.95727701065,0.0225979875736,0,0,0,-0.297235871577,22.4519504761,0,0,0.144070666667,-12575970.2351,-2440.42022742
0,6.25237,0.922684,-0.871958,0.0248838,0.000352145,0.000305462,4.66826e-05,0.956267,37.2096,0.00568507,0.000517894,0.144071,5.71572,3.13083
0,5.31241,0.394481,-0.540875,0.021119,3.92651e-05,5.12651e-06,3.41386e-05,0.903821,15.9135,4.07919e-05,8.68071e-06,0.144071,0.0367915,2.53938
0,11.679877,0.89857543,-1.516887,0.019033487,0.099064772,0.0027688286,0.096295943,2.6765802,32.659029,0.050185215,0,0.14407067,7097.7333,5.518975
0,42.345359,0.834929292,-1.63799016,0.0165911682,0.82656312,0.565770364,0.260792755,0.246643767,5.84179506,9.52829212,0,0.144070667,65274.0308,17.0509795
0,29.9649789,0.8788286824,-1.780033816,0.01017976818,0.9810504616,0.6841565967,0.296893865,0.04001342703,0.6718278818,12.12788058,0,0.1440706667,286879.3987,60.30125975
2,19.7394287,0.643755217,-1.6997342,0.0203843482,-0.0479281649,-0.235621093,0.187692928,2.05138038,27.2149437,-3.05956792,0,0.144070667,80809.2874,20.1403883
0,46.31546,0.9552482,-1.154762,0.0164316,0.0180494,0.01666337,0.001386035,0.9460815,37.84086,0.3210733,0.02965428,0.1440707,222.1453,3.643724
2,18.0068668,0.20058506011,-1.6910240426,0.017151877714,-2.6819847851,-2.7222622595,0.040277474439,-0.078930714656,29.794475096,-11.014219209,0,0.14407066667,-2055893.4177,-397.76521184
2,34.1184353,0.2370844621,-1.8286888624,0.013549415327,0.48308609953,-0.25131145708,0.73439755661,-0.098318567399,4.9439773174,-1.2018231105,0,0.14407066667,-1605120.1878,-310.08198258
0,40.24577,0.9427435,-1.207418,0.01234191,0.04740428,0.04151373,0.005890551,0.9259052,36.22908,0.7894242,0.07764659,0.1440707,427.3982,3.76986
2,7.1402382,0.858325137,-1.72344541,0.0135250198,0.230495141,-0.000254007494,0.230749149,4.02901499,26.6451619,-0.00439767906,0,0.144070667,54624.9711,15.0594088
0,5.24906,0.652664,-0.71323,0.019991,9.04146e-05,4.95516e-05,4.0863e-05,0.939527,26.3272,0.000652338,8.39203e-05,0.144071,0.53584,2.84946
0,4.88077,0.605271,-0.569748,0.0228672,4.09026e-05,6.86023e-06,3.40424e-05,0.935135,24.4167,8.37555e-05,1.16166e-05,0.144071,0.0790576,2.60756
0,0.4654661,0.5038407360057495,-1.976357070040091,0.0181023656821419,0,0,0,-1.790353152717461e-68,20.32583725071949,0,0,0.1440706666666666,-2.415101911417189e+74,-4.689736018602391e+70
