Error,time,CO2share,E_appl,v,X_tot,X_het,X_hom,FE,CO2_out,CO_out,H2_out,delP,CD,Vcell
0,33.7125,0.95206,-1.03535,0.0209987,0.00312392,0.0029291,0.000194826,0.955746,38.2878,0.0562501,0.00500547,0.144071,47.9946,3.41176
2,17.889743,0.49476538,-1.4904687,0.020480222,-4.9953489,-4.9961089,0.00076006072,28.711264,119.66549,-49.860471,0,0.14407067,1726.7941,4.3769779
0,7.28532,0.415483,-0.950805,0.00896396,0.0024625,0.00232811,0.000134399,0.906705,16.7201,0.0195111,0.00395825,0.144071,7.45782,3.22368
1,0.72665,0.65654,-1.9394,0.0088253,,,,,,,,,,
0,7.34611,0.861375,-0.808152,0.011248,0.000382034,0.000297937,8.40977e-05,0.953296,34.7361,0.00517656,0.000504833,0.144071,2.35838,3.02088
0,5.70733,0.954824,-0.611643,0.0150244,7.22285e-05,1.78834e-05,5.43451e-05,0.957852,38.5165,0.000344428,3.02837e-05,0.144071,0.208542,2.69932
0,14.4226,0.562396,-1.03424,0.0156797,0.00403651,0.00386496,0.000171557,0.927974,22.5965,0.0438442,0.00660884,0.144071,28.7611,3.38061
0,9.5760519,0.71663393,-1.6606702,0.0085329186,0.19534781,0.19036197,0.0049858447,8.8944883,23.262733,2.7517104,0,0.14407067,9645.4676,6.1732465
0,50.5294617,0.481851718,-1.71519607,0.0162358554,0.971585556,0.699564668,0.272020889,0.0449305314,0.552341579,6.79933516,40.1458559,0.144070667,91331.2512,22.2053341
0,122.97612,0.98093979,-1.2744398,0.023311043,0.057362766,0.043170312,0.014192454,0.92090815,37.302858,0.85418651,0.097234239,0.14407067,1046.5116,4.0031166
0,7.89196,0.991956,-0.914831,0.0173651,0.000843592,0.00075844,8.51517e-05,0.958861,39.9835,0.0151754,0.00128719,0.144071,10.6239,3.2065
0,15.159021,0.93884851,-1.4454062,0.010947811,0.22278602,0.055147221,0.1676388,2.3354172,29.436847,1.0443458,0,0.14407067,2927.3326,4.5921614
1,0.6773,0.49518,-1.9257,0.019374,,,,,,,,,,
0,57.01095,0.7699319,-1.239906,0.01890619,0.04538637,0.03896583,0.006420548,0.9184245,29.65071,0.6051477,0.07693605,0.1440707,535.2576,3.834855
0,6.28557,0.281587,-0.676865,0.0248413,5.17434e-05,2.4998e-05,2.67454e-05,0.870264,11.3591,0.000141985,4.23316e-05,0.144071,0.156449,2.74977
0,22.0372,0.952652,-1.00699,0.0138122,0.00331961,0.00310044,0.000219174,0.955644,38.3041,0.0595775,0.00528657,0.144071,33.3598,3.36187
0,8.51743,0.891826,-0.966006,0.0216947,0.00126188,0.00116944,9.24494e-05,0.954238,35.9325,0.0210369,0.00198814,0.144071,18.5126,3.28775
0,43.79395,0.6791613,-1.257498,0.01336471,0.07829062,0.06673029,0.01156033,0.8900675,25.25353,0.9141578,0.1364306,0.1440707,589.6684,3.867987
0,8.69139,0.984679,-0.671284,0.00946176,0.000149583,6.1086e-05,8.84969e-05,0.959026,39.7178,0.00121328,0.000103452,0.144071,0.462065,2.79989
0,33.3477685,0.929334793848,-1.55944725427,0.0110653554845,0.285066622356,0.209714555738,0.0753520666181,-0.000360007734873,26.8035881734,3.93120727172,0,0.144070666667,-74816607.8478,-14527.0315441
0,5.92286,0.349623,-0.691069,0.0226258,6.45305e-05,3.29378e-05,3.15928e-05,0.892791,14.1035,0.000232284,5.57795e-05,0.144071,0.227244,2.78317
0,7.3388,0.22366,-0.90087,0.0087423,0.0013435,0.0012594,8.403e-05,0.8412,9.0109,0.005682,0.0021372,0.14407,2.2812,3.1119
0,35.77619,0.3226012,-1.210676,0.01548015,0.03564573,0.03470651,0.0009392169,0.862545,12.55041,0.2258406,0.06455128,0.1440707,165.727,3.673628
0,37.766877,0.43389866,-1.4441415,0.011485562,0.17950936,0.14502585,0.034483512,1.3103756,14.362072,1.2692842,0,0.14407067,2504.4435,4.5007615
0,41.0239,0.564605,-1.09271,0.0207397,0.00638332,0.00613772,0.000245608,0.92672,22.6318,0.0698999,0.0105876,0.144071,61.1234,3.4841
2,1.1791648,0.3208369098,-1.960737496,0.009590334451,0.2873422811,-0.03223763455,0.3195799156,-1.656762026,9.224025274,-0.2086280328,0,0.1440706667,-969065.4886,-186.4125038
0,36.625622,0.6844692,-1.3942744,0.015331591,0.256268,0.14288744,0.11338055,1.29104,20.536458,1.972755,0,0.14407067,1915.5558,4.3227685
0,5.75485,0.441254,-0.600774,0.0225085,4.33084e-05,1.03821e-05,3.29263e-05,0.913126,17.8002,9.24054e-05,1.75803e-05,0.144071,0.0879237,2.64405
0,6.96178,0.676207,-0.769044,0.0109807,0.000262424,0.000184721,7.7703e-05,0.941397,27.2722,0.00251954,0.000312917,0.144071,1.1346,2.94394
0,7.42996,0.565246,-0.948127,0.0132028,0.00163249,0.00152794,0.000104559,0.929842,22.7658,0.0174208,0.00259654,0.144071,9.56693,3.23421
0,6.68944,0.97853,-0.892199,0.020117,0.000554422,0.000489829,6.45931e-05,0.958516,39.4538,0.00966816,0.000830822,0.144071,7.84146,3.16773
0,51.72168,0.5164369,-1.208852,0.01437076,0.03847766,0.03658257,0.001895094,0.9000189,20.03235,0.3810804,0.06792409,0.1440707,247.6401,3.708346
2,26.575612,0.67939897,-1.4114637,0.024674926,0.91846193,-0.23838121,1.1568431,0.13581203,2.2348094,-3.2667965,0,0.14407067,2471.1614,4.4609335
0,14.5187355,0.759775538,-1.57862307,0.0108848177,0.418477551,0.135012013,0.283465538,1.59334695,17.8240732,2.06910671,0,0.144070667,14380.8567,7.03125776
0,6.40538,0.281932,-0.726163,0.00860839,0.000213626,0.000135861,7.7765e-05,0.870303,11.3712,0.00077262,0.000230106,0.144071,0.295001,2.83168
2,22.4138167,0.6490573795,-1.798155238,0.01466105104,0.4396531044,-0.2275647308,0.6672178352,1.173543529,14.67219966,-2.979292999,0,0.1440706667,269607.8193,56.9623302
2,37.885407,0.41027518,-1.4956364,0.010600403,-8.357343,-10.203045,1.8457022,13.748414,154.87559,-84.436501,0,0.14407067,4987.4871,5.0698188
0,57.240734,0.39253744,-1.4015282,0.020510295,0.19060052,0.13226523,0.05833529,0.77674605,12.817378,1.0472538,0.56541191,0.14407067,2181.1941,4.3882777
2,12.0165124,0.6518957225071,-1.616659126568,0.01116200417793,0.4656237186568,-0.3060961233113,0.7717198419681,-0.0001212801023618,14.05336968788,-4.024955945003,0,0.1440706666667,-242806972.6627,-47148.03772475
0,8.12801,0.344395,-0.990409,0.0124134,0.00290083,0.00279025,0.000110575,0.889568,13.8532,0.0193832,0.00475379,0.144071,10.4747,3.28133
0,0.556783,0.51170023119,-1.9547617861,0.024801128285,0,0,0,-0.70500286952,20.642903356,0,0,0.14407066667,-4719951.0741,-914.86094522
0,54.5691441,0.2217418898952,-1.831239694285,0.02428889004372,0.244635892003,0.07005379441557,0.1745820975875,-0.00187187263812,6.757083034671,0.3133318758122,0,0.1440706666667,-119063670.3549,-23118.84517627
2,16.4323397,0.821701837,-1.570241163,0.01688571862,-0.1078186354,-0.1356826011,0.0278639657,-0.1164829759,36.72299475,-2.248866055,0,0.1440706667,-363919.878,-69.24321819
0,7.12904,0.75851,-0.829631,0.0232303,0.00023158,0.000190078,4.1502e-05,0.947424,30.5926,0.00290816,0.000322096,0.144071,2.7539,3.0504
0,35.6096638,0.6322748321,-1.837082911,0.02271845915,0.9972495951,0.708229959,0.2890196361,0.005218919815,0.07015484866,9.0324457,0,0.1440706667,477935.6696,97.48456278
0,7.6513,0.24716,-1.0035,0.018877,0.0022347,0.00217,6.4627e-05,0.85349,9.9485,0.010818,0.0036984,0.14407,9.2757,3.2879
0,6.74219,0.717072,-0.645787,0.0224449,5.43183e-05,1.85606e-05,3.57577e-05,0.944676,28.9264,0.00026846,3.14308e-05,0.144071,0.246219,2.74201
0,7.8017267,0.5076535715,-1.84006142,0.02492960904,9.496942047e-05,7.09873381e-05,2.398208237e-05,-0.8057376134,20.47770892,0.0007268980564,0,0.1440706667,-938848.5741,-180.6639177
0,6.76956,0.321331,-0.854599,0.0217397,0.00031618,0.000279842,3.6338e-05,0.884289,12.959,0.0018138,0.000474317,0.144071,1.7224,3.05106
0,45.213,0.9499524,-1.133304,0.008461464,0.02648362,0.02469474,0.001788883,0.9403149,37.30785,0.4731856,0.04371371,0.1440707,167.2736,3.597033
0,21.3886317,0.2555090055,-1.837428045,0.008983998313,0.8276870041,0.6287259501,0.198961054,0.3221539839,1.776149063,3.24035631,0,0.1440706667,196894.5019,42.86570715
0,8.32962,0.996777,-0.95125,0.0217121,0.00105478,0.000967214,8.75701e-05,0.958912,40.1694,0.0194467,0.00164354,0.144071,17.0387,3.26844
0,47.213698,0.98164732,-1.3992415,0.0083804238,0.35533952,0.082859378,0.27248014,1.0784163,25.529464,1.6406741,0,0.14407067,3038.5966,4.5695191
0,85.243731,0.2171165,-1.5663017,0.010947071,0.87192636,0.63378961,0.23813675,0.15547704,1.1217802,2.7756399,0,0.14407067,7917.6373,5.7332187
0,8.17269,0.492587,-0.998653,0.0122282,0.00329398,0.00314666,0.000147318,0.919394,19.8064,0.031265,0.00536484,0.144071,16.1087,3.31278
2,17.076457,0.7745063775,-1.7216964237,0.022586915523,-0.53777461024,-1.7671203621,1.2293457518,-0.062668512928,48.047727355,-27.606814677,0,0.14407066667,-6192108.6672,-1200.977076
0,9.64821,0.784212,-0.725026,0.0211484,9.43832e-05,5.45011e-05,3.98821e-05,0.949143,31.6335,0.000862112,9.23053e-05,0.144071,0.741578,2.878
2,0.9537707,0.29039562497,-1.9256456877,0.014344392944,0.0107082444,-0.0081195951203,0.01882783952,-0.80823358798,11.589631436,-0.047560850638,0,0.14407066667,-1590258.6094,-307.09867044
2,36.138252,0.74256915,-1.4215901,0.022236014,0.86048883,-0.2316357,1.0921245,0.28155268,4.1792761,-3.4695055,0,0.14407067,2538.807,4.4855832
2,31.5456824,0.372477405678863,-1.729598350094848,0.01253463544125063,-22633.64291919384,-25578.48201282996,2944.839093636114,-1.56114101358062e-08,340117.3192916244,-192176.3193881789,0,0.1440706666666666,-1.947521182887675e+17,-37817701171127.54
0,8.88806,0.303799,-1.03392,0.0248982,0.00249729,0.0024252,7.20969e-05,0.877082,12.2252,0.0148613,0.00414471,0.144071,16.3951,3.34901
0,6.0057,0.408347,-0.579645,0.015622,5.81814e-05,1.14032e-05,4.67782e-05,0.90677,16.4725,9.39247e-05,1.93093e-05,0.144071,0.0624603,2.60535
0,7.3233,0.881465,-0.861449,0.0140782,0.000549918,0.000471763,7.81546e-05,0.954197,35.5403,0.00838791,0.000799815,0.144071,4.78032,3.11095
0,37.5908,0.613593,-1.05745,0.0169757,0.00501376,0.00479846,0.000215297,0.932759,24.6294,0.0593892,0.00822387,0.144071,42.0169,3.42587
0,7.50417,0.755973,-0.923398,0.0126763,0.00126777,0.00115937,0.000108395,0.946587,30.4586,0.0176789,0.00196843,0.144071,9.15164,3.20712
0,7.44641,0.927692,-0.8603,0.0113783,0.00067289,0.000575123,9.77669e-05,0.956283,37.3996,0.0107619,0.0009751,0.144071,4.94587,3.11159
0,32.328408,0.88865882,-1.3138368,0.0099449581,0.18557057,0.1335579,0.052012668,0.82811275,29.197367,2.3940313,0.37805257,0.14407067,1510.9382,4.1515689
0,6.62697,0.262622,-0.557009,0.0117502,6.54672e-05,1.13359e-05,5.41313e-05,0.86218,10.5939,6.00498e-05,1.9195e-05,0.144071,0.0315886,2.54768
2,32.9295862,0.69360699535747,-1.8690585774442,0.024880487351969,-1.5700398449501,-1.8117668865187,0.2417270415686,-0.0034500375305365,71.913178932857,-25.347839752534,0,0.14407066666667,-1117510377.0334,-217001.07127097
0,24.6214,0.862834,-0.99831,0.00853859,0.00478972,0.00448614,0.000303581,0.950505,34.6415,0.0780774,0.00764931,0.144071,27.1324,3.34137
0,5.88079,0.662496,-0.520781,0.0223106,3.88778e-05,3.74875e-06,3.51291e-05,0.940403,26.7252,5.0095e-05,6.34779e-06,0.144071,0.0458753,2.53063
0,6.31306,0.468316,-0.602816,0.0100647,9.83076e-05,2.38346e-05,7.4473e-05,0.917697,18.8909,0.00022515,4.03613e-05,0.144071,0.0953138,2.65024
0,5.573,0.744988,-0.51557,0.0147014,5.92367e-05,5.32071e-06,5.3916e-05,0.946635,30.0524,7.99548e-05,9.00971e-06,0.144071,0.0479295,2.52767
0,7.18352,0.9819,-0.846089,0.0206486,0.000316281,0.000264132,5.21487e-05,0.958806,39.5991,0.00523135,0.000447671,0.144071,4.35153,3.09068
2,40.1583147,0.577571834,-1.47657865,0.0238105422,-1.23789246,-1.25389731,0.01600485,-1.27130781,52.1435248,-14.6080803,0,0.144070667,-14216.3644,-1.26352319
0,6.74727,0.528932,-0.63207,0.0229854,4.86281e-05,1.51967e-05,3.34314e-05,0.92646,21.337,0.000162134,2.57338e-05,0.144071,0.155275,2.70458
0,7.33957,0.956655,-0.816157,0.022449,0.000209263,0.000165451,4.38126e-05,0.95784,38.5851,0.00319263,0.000280336,0.144071,2.88961,3.03943
0,16.792656,0.57281994,-1.4632559,0.016076742,0.30989706,0.027343444,0.28255361,-1.7421594,15.9473,0.31593411,0,0.14407067,-2673.7321,1.0504019
0,82.398016,0.55478681,-1.4256195,0.018121946,0.28398852,0.19443685,0.089551661,0.73360183,16.02512,2.1758547,0.87201504,0.14407067,3934.6581,4.7831765
0,16.405,0.96573,-0.984622,0.014941,0.00231945,0.00215411,0.000165339,0.956843,38.8689,0.0419614,0.00366663,0.144071,25.3656,3.32387
0,25.46757,0.3938569,-1.19417,0.02071172,0.02210552,0.02141253,0.0006929979,0.8897227,15.53766,0.1701107,0.03902857,0.1440707,160.9041,3.654667
1,0.21516,0.58101,-1.9963,0.011101,,,,,,,,,,
0,41.9895,0.862391,-1.05335,0.0136967,0.00597837,0.0056408,0.000337573,0.949707,34.5824,0.0981228,0.00967047,0.144071,54.9751,3.4381
0,0.5330322,0.4217160683024994,-1.919677287025732,0.02066125115445496,0,0,0,-4.634516178792348e-68,17.01278113850661,0,0,0.1440706666666666,-3.770609328365074e+73,-7.321911467054957e+69
0,7.51169,0.629602,-0.804096,0.0122151,0.000332555,0.000260434,7.21203e-05,0.937297,25.3908,0.00330742,0.000441261,0.144071,1.66429,2.99878
0,33.93022,0.3736173,-1.215062,0.01522733,0.03844749,0.03719425,0.001253236,0.874647,14.49289,0.2803031,0.06942549,0.1440707,199.6652,3.694176
0,33.9937,0.617875,-1.09462,0.024661,0.00551909,0.00528977,0.000229321,0.932848,24.7886,0.0659268,0.00912592,0.144071,68.1656,3.49298
0,46.17892,0.8543494,-1.238138,0.008837631,0.09641808,0.0814644,0.01495368,0.8883944,31.14284,1.403875,0.1608922,0.1440707,568.1469,3.842537
0,60.35219,0.9341575,-1.186321,0.01429786,0.0310509,0.02804563,0.00300527,0.9365378,36.51542,0.5284581,0.05111453,0.1440707,324.7907,3.714732
2,1.1350119,0.50306864,-1.5706451,0.01972565,-0.0062199435,-0.0062199436,7.4769873e-11,15.142055,20.420921,-0.063115911,0,0.14407067,1564.8539,4.4206482
0,18.8686542,0.502997433,-1.68334373,0.00928159362,0.522574133,0.441418483,0.0811556502,1.00674663,9.68783829,4.47859152,0,0.144070667,47486.8544,13.6260052
0,7.48933,0.870997,-0.898726,0.0137843,0.000870158,0.000777177,9.29806e-05,0.953468,35.107,0.0136541,0.00131855,0.144071,7.62797,3.1728
0,37.363472,0.8184349,-1.3326996,0.015429911,0.16215503,0.11308473,0.049070297,0.84113985,27.663236,1.8668666,0.31046784,0.14407067,1795.7759,4.2346166
0,40.517565,0.67327772,-1.3161289,0.010538246,0.17498374,0.13211813,0.042865604,0.82314837,22.408455,1.7942454,0.36742857,0.14407067,1201.4685,4.0819908
2,21.923759,0.64327975,-1.5386957,0.017557682,-0.0012205979,-0.0050214925,0.0038008946,2.3722135,25.982733,-0.065156518,0,0.14407067,8431.1444,5.8085563
0,31.326326,0.86532407,-1.5392507,0.022652291,0.32457015,0.00549602,0.31907413,3.1024999,23.578393,0.095929518,0,0.14407067,5891.8794,5.297614
0,7.10561,0.268548,-0.723637,0.00851352,0.000210547,0.000132989,7.75582e-05,0.864721,10.8314,0.000720384,0.000225242,0.144071,0.273783,2.82532
2,16.4411774,0.72595973725907,-1.5265574309854,0.024004239066751,-691.29222542636,-691.34041953869,0.048194112328474,-0.0047210856669399,20274.826915648,-10123.475918934,0,0.14407066666667,-2828512395.5629,-549250.28942664
2,0.8891133,0.9591034441302,-1.792194843603,0.02351796102349,-0.04944291694043,-0.04944294027632,2.333588943609e-08,-0.002283896138944,40.60499275867,-0.956521883887,0,0.1440706666667,-355132002.3498,-68959.57981706
0,7.3699,0.296448,-0.870273,0.0242294,0.000339552,0.000307026,3.25265e-05,0.875782,11.9552,0.0018359,0.000520495,0.144071,1.96226,3.07348
1,0.38786,0.72794,-1.845,0.014737,,,,,,,,,,
2,27.395124,0.772431295,-1.63317708,0.023460477,-3.74238891,-11.7731645,8.03077556,28.3355727,147.77882,-183.433327,0,0.144070667,13511.2319,6.91373967
0,10.6735,0.897469,-0.972029,0.0158238,0.00186496,0.00173137,0.000133588,0.954116,36.138,0.0313426,0.00294501,0.144071,20.1186,3.29836
0,8.48163,0.4598,-0.985694,0.0208468,0.00164074,0.0015652,7.55394e-05,0.915322,18.5187,0.0145166,0.00266433,0.144071,12.8086,3.2874
0,18.0370253,0.925201058,-1.76957303,0.0101010099,0.669579804,0.262925635,0.406654168,1.9156319,12.3326916,4.9067533,0,0.144070667,96169.6373,23.2018995
2,10.481018,0.79973878,-1.4379901,0.010604487,0.59572223,-0.00054054268,0.59626277,1.5675478,13.043171,-0.0087197356,0,0.14407067,1756.861,4.3312248
0,29.0650419,0.63544422,-1.57032133,0.0130654915,0.541983664,0.406569698,0.135413966,0.742577913,11.7412293,5.21119845,0,0.144070667,18270.4354,7.79054934
0,9.32224,0.264127,-1.04897,0.00964795,0.00774661,0.00756121,0.000185401,0.858143,10.5728,0.0402837,0.0129763,0.144071,17.5814,3.36787
2,11.443634,0.2071922696628359,-1.649058684857879,0.01294230680458534,-4133783504.417436,-4133783504.874132,0.4566960334777832,-1.037329524478441e-07,34552258645.34579,-17276129320.40229,0,0.1440706666666666,-1.058203323646683e+21,-2.05485914215458e+17
0,58.70471,0.5429266,-1.288151,0.0125812,0.112169,0.09423588,0.01793312,0.8544984,19.44584,1.032007,0.2148556,0.1440707,701.1669,3.92919
2,12.6871257,0.994077348,-1.64576558,0.014062718,0.0429430316,-0.02751634,0.0704593716,-3.80202788,38.3807214,-0.551741962,0,0.144070667,-30742.333,-4.34303978
0,6.17339,0.415514,-0.5127,0.0190566,4.21663e-05,3.95621e-06,3.82101e-05,0.90824,16.7619,3.31581e-05,6.69901e-06,0.144071,0.0268544,2.49503
2,38.744991,0.779929423,-1.63864415,0.021592603,-19.3004364,-21.8384799,2.53804348,41.3752719,638.727838,-343.560226,0,0.144070667,42902.9812,12.6859759
0,15.3071109,0.987643703,-1.60681388,0.00890636118,0.557614328,0.348100485,0.209513843,1.26253444,17.6261117,6.93473865,0,0.144070667,25778.779,9.3027297
0,6.23977,0.814331,-0.685827,0.0219152,6.94144e-05,3.17908e-05,3.76236e-05,0.950946,32.8493,0.000522189,5.38379e-05,0.144071,0.46456,2.81471
2,1.9562105,0.7351064959720672,-1.748017236233822,0.02043204762182212,-7.971130101261309,-7.984343920661254,0.0132138193999447,-1.478788815884847e-05,266.0434564848939,-118.3899035261018,0,0.1440706666666666,-203746782217.1039,-39564318.02971972
0,24.0669593,0.205069328439,-1.69610140278,0.0230547564935,0.270724756761,0.196812201088,0.0739125556725,-0.00191086078451,6.0331947732,0.814100268667,0,0.144070666667,-18354940.0004,-3562.88298564
0,26.6511373,0.688915471,-1.58764663,0.0154178985,0.285918499,0.260304833,0.0256136659,1.53896783,19.8458126,3.61720682,0,0.144070667,18615.0826,7.87575978
0,0.9154664,0.79433415505,-1.94884345412,0.0144186136664,0.0930665532496,0.00486802159189,0.0881985316578,-0.0795828975939,29.0625569696,0.0779975395938,0,0.144070666667,-54557766.362,-10592.6876416
0,6.12653,0.447087,-0.708411,0.0165196,0.000102336,5.63661e-05,4.59699e-05,0.914124,18.0344,0.000508317,9.546e-05,0.144071,0.354614,2.8234
0,50.1885,0.5363055,-1.276773,0.02052027,0.0617934,0.05314198,0.008651422,0.8872125,20.29859,0.5748773,0.113819,0.1440707,609.0788,3.892696
0,56.72609,0.9207972,-1.156262,0.009846852,0.03046793,0.02823018,0.00223775,0.9363871,36.01483,0.5243277,0.05044728,0.1440707,217.7702,3.643352
1,0.43704,0.60284,-1.9258,0.02481,,,,,,,,,,
0,33.848274,0.92376579,-1.3171963,0.016974532,0.11877522,0.083754186,0.035021037,0.87669623,32.840045,1.5606071,0.23125874,0.14407067,1676.0536,4.19232
0,22.8379809,0.716915463,-1.70585563,0.0141572543,0.191519161,0.0932075094,0.0983116512,2.13452374,23.3826024,1.34785763,0,0.144070667,72183.8322,18.4657865
0,7.22088,0.723489,-0.820273,0.0180189,0.000269166,0.000217308,5.18579e-05,0.945001,29.179,0.00317127,0.000368221,0.144071,2.33514,3.03249
2,1.2076864,0.8960066203301,-1.886836994304,0.01166230859934,0.07754369272213,-0.05290086729324,0.1304445600154,-0.008832449279997,33.3435771205,-0.9560908925534,0,0.1440706666667,-254316108.2742,-49382.65730597
0,17.96,0.296375,-1.06905,0.0163553,0.00591077,0.00576745,0.000143321,0.872306,11.8856,0.0344787,0.00990712,0.144071,25.1649,3.40785
0,7.39991,0.299342,-0.910212,0.0178558,0.000744364,0.000695264,4.90994e-05,0.876583,12.067,0.004198,0.00117972,0.144071,3.30523,3.14047
0,56.20272,0.2692156,-1.183875,0.01082599,0.03697636,0.0362369,0.0007394659,0.8422588,10.45905,0.1967779,0.06541897,0.1440707,100.2433,3.608278
0,45.504415,0.76592129,-1.4160889,0.022602621,0.074230479,0.042077183,0.032153295,1.7432835,28.605015,0.65006378,0,0.14407067,2615.0154,4.4964001
0,49.43031,0.284363,-1.309668,0.01689324,0.1020369,0.09378505,0.008251846,0.8065685,10.30118,0.5379376,0.2109548,0.1440707,518.7822,3.899812
0,7.35765,0.449626,-0.73889,0.0175408,0.000122457,7.85163e-05,4.3941e-05,0.914555,18.1365,0.000712093,0.000132983,0.144071,0.527262,2.87429
0,7.14455,0.360874,-0.758373,0.0234978,0.000106655,7.52747e-05,3.13805e-05,0.895758,14.5567,0.000547936,0.000127498,0.144071,0.554935,2.89641
0,7.31248,0.87868,-0.732365,0.0125019,0.000169822,0.000101303,6.85189e-05,0.954307,35.4415,0.00179547,0.000171581,0.144071,0.908047,2.89577
0,7.32322,0.967183,-0.897283,0.0199141,0.000594762,0.000528164,6.65974e-05,0.958027,38.9947,0.0103039,0.000895929,0.144071,8.27748,3.17568
2,3.4892808,0.28349588,-1.5622815,0.019554977,-0.14508962,-0.20564148,0.060551867,5.5682533,13.096082,-1.1759332,0,0.14407067,2451.0393,4.6074239
2,7.4488444,0.709221636,-1.46455717,0.0103063996,0.407240593,-0.0660434439,0.473284037,-0.0687447056,16.9595997,-0.944793417,0,0.144070667,-73274.7047,-12.8279741
0,5.94022,0.633768,-0.582488,0.014457,6.69409e-05,1.27802e-05,5.41607e-05,0.937853,25.5656,0.000163378,2.16414e-05,0.144071,0.097213,2.63093
2,0.9505749,0.291115079959922,-1.960484184035649,0.01725074623975571,-0.3944701634983775,-0.3944705019694183,3.384710407505764e-07,-2.637047563276987e-09,16.37680188717909,-2.316351195669296,0,0.1440706666666666,-1077434359266877,-209220269274.3454
1,0.60864,0.76755,-1.9712,0.020425,,,,,,,,,,
0,13.21529,0.622286,-1.135319,0.01830476,0.01236127,0.01182638,0.0005348869,0.9288505,24.79381,0.1484455,0.02073671,0.1440707,115.4885,3.569957
2,17.199292,0.60179547,-1.4558349,0.017324724,-0.003108311,-0.0031083111,7.3029176e-11,2.4554098,24.352968,-0.037731021,0,0.14407067,2633.5941,4.5401175
2,1.2533286,0.576134558654,-1.75576804558,0.0152627804196,-1.53052729818e-05,-0.000191116351754,0.000175811078772,-0.00561180528191,23.2426552043,-0.00222099174097,0,0.144070666667,-51816127.2281,-10060.496236
0,38.9123858,0.5300628454,-1.793037233,0.01833945888,0.9973251293,0.7347273356,0.2625977938,0.004786414883,0.05719858945,7.855588617,0,0.1440706667,241302.0009,51.45498228
1,0.49858,0.99251,-1.8233,0.0090263,,,,,,,,,,
0,21.5855574,0.974101186,-1.68580125,0.00854541395,0.311992818,0.237406827,0.0745859906,1.61086827,27.0366084,4.66468635,0,0.144070667,85480.6852,21.0364526
0,6.8647,0.21709,-0.74093,0.023364,8.623e-05,6.0523e-05,2.5706e-05,0.83795,8.757,0.00026502,0.00010249,0.14407,0.28524,2.8447
0,8.48366,0.327796,-1.01946,0.0128037,0.00404638,0.00391866,0.000127726,0.883984,13.1704,0.0259099,0.00669361,0.144071,14.5541,3.32807
0,14.2925,0.216436,-1.0728,0.0144951,0.0068042,0.00667207,0.000132124,0.833424,8.67203,0.0291284,0.0117304,0.144071,20.1662,3.39925
0,7.61898,0.465729,-0.860718,0.0112063,0.000668189,0.000587115,8.10738e-05,0.916916,18.7758,0.00551546,0.00099539,0.144071,2.60353,3.07858
0,7.09462,0.292248,-0.722913,0.0203185,8.85741e-05,5.52108e-05,3.33632e-05,0.874379,11.7888,0.000325463,9.35034e-05,0.144071,0.291961,2.8279
0,7.31407,0.738687,-0.916641,0.0150417,0.000983334,0.000896129,8.72051e-05,0.945607,29.7707,0.0133523,0.00152098,0.144071,8.20988,3.1946
1,0.52369,0.57457,-1.9756,0.023037,,,,,,,,,,
0,7.20496,0.52055,-0.838323,0.0123321,0.000472724,0.000400275,7.24487e-05,0.925094,20.99,0.00420288,0.000678411,0.144071,2.16368,3.04659
2,14.4844248,0.490032702,-1.59596301,0.018846579,0.0727149651,-0.0564803093,0.129195274,2.41839899,18.3313091,-0.558273869,0,0.144070667,12175.4099,6.61178158
0,16.88979,0.4463891,-1.183503,0.02371559,0.01707701,0.01648203,0.0005949806,0.9032008,17.70061,0.1484053,0.02972091,0.1440707,157.448,3.642214
0,48.1083,0.39729,-1.08547,0.0126069,0.00947726,0.00920174,0.000275523,0.898478,15.8755,0.0737399,0.0158707,0.144071,40.296,3.4514
0,6.96351,0.286313,-0.851198,0.0161379,0.000407354,0.000360861,4.64932e-05,0.871912,11.5457,0.00208404,0.000611651,0.144071,1.48983,3.04016
0,6.88915,0.621013,-0.655347,0.00947311,0.0001332,4.972e-05,8.34802e-05,0.936615,25.0494,0.000622811,8.42004e-05,0.144071,0.243153,2.75092
0,6.07084,0.281392,-0.679516,0.0181179,7.19474e-05,3.54614e-05,3.6486e-05,0.870173,11.351,0.000201276,6.00515e-05,0.144071,0.16177,2.75414
0,7.6175,0.385202,-0.93465,0.0189657,0.000952084,0.000895289,5.67953e-05,0.901159,15.525,0.00695628,0.00152023,0.144071,5.66169,3.19302
0,45.294644,0.49767474,-1.3220159,0.022549682,0.087173969,0.068603372,0.018570597,0.86547968,18.32689,0.68867803,0.18520008,0.14407067,1007.9774,4.0412823
2,24.9143492,0.256330441,-1.67374753,0.0139907677,-1.51886253,-1.58832193,0.0694593993,3.8795834,26.0471264,-8.21228264,0,0.144070667,29289.3354,10.0579165
2,0.866794,0.897621622958,-1.78530140741,0.0104560946676,-0.000735916367211,-0.000735921475281,5.10806945407e-09,-0.0382459775641,36.2383119204,-0.0133244702893,0,0.144070666667,-17322647.0095,-3362.33626336
0,6.00849,0.442412,-0.526279,0.0179533,4.61482e-05,4.99947e-06,4.11488e-05,0.913332,17.8469,4.46145e-05,8.46562e-06,0.144071,0.0338513,2.5205
0,7.13988,0.762219,-0.663235,0.0214844,6.20662e-05,2.42611e-05,3.78051e-05,0.947775,30.7474,0.000373006,4.10851e-05,0.144071,0.326398,2.77396
0,28.516875,0.50135915,-1.4681682,0.015621788,0.66019999,0.20988241,0.45031758,0.49087343,6.8727018,2.122512,0,0.14407067,4355.9173,4.912753
1,0.56943,0.78198,-1.9633,0.016142,,,,,,,,,,
0,47.92222,0.3863759,-1.283243,0.0226813,0.05786028,0.05269375,0.005166538,0.8650576,14.68522,0.4106712,0.1118977,0.1440707,491.091,3.865191
0,6.74185,0.328516,-0.554151,0.0143945,5.6641e-05,8.91984e-06,4.77211e-05,0.88669,13.2522,5.9107e-05,1.5104e-05,0.144071,0.0370375,2.553
2,8.8414108,0.88739108988,-1.5227193394,0.017951995382,0.79407098985,-0.063242630502,0.85731362036,-0.003117966474,7.3720413382,-1.1320097301,0,0.14407066667,-1482342.4537,-286.54241967
0,22.6806467,0.731457835,-1.53667308,0.0172395225,0.173865118,0.120322988,0.0535421296,-0.671410126,24.3778512,1.77526453,0,0.144070667,-27232.0264,-3.76425772
0,7.0203,0.20353,-0.58338,0.013186,5.6807e-05,1.4172e-05,4.2635e-05,0.82902,8.2103,5.8184e-05,2.4002e-05,0.14407,0.035727,2.5804
1,0.41416,0.95002,-1.9738,0.012317,,,,,,,,,,
0,7.38255,0.402055,-0.739191,0.0187026,0.0001143,7.39249e-05,4.03755e-05,0.905414,16.2178,0.000599517,0.000125205,0.144071,0.478086,2.86955
0,35.829239,0.59836976,-1.5077547,0.011705105,0.11592092,0.10134175,0.014579173,1.8388338,21.341057,1.2231598,0,0.14407067,6003.799,5.2888178
2,16.7535677,0.56428808252,-1.6263689802,0.0084750359851,0.40396138584,-0.072423836133,0.47638522197,-0.0075427363045,13.568456314,-0.82434227694,0,0.14407066667,-4270096.0714,-827.82964963
0,11.6033,0.482373,-0.660365,0.0175604,7.19532e-05,2.86085e-05,4.33447e-05,0.919918,19.4584,0.000278358,4.84464e-05,0.144071,0.205112,2.74719
0,7.0304,0.20336,-0.76721,0.016143,0.00015907,0.00012276,3.6308e-05,0.82884,8.2027,0.00050358,0.00020791,0.14407,0.37859,2.8856
0,64.576436,0.48124798,-1.3955618,0.020446717,0.18836043,0.12849599,0.059864447,0.79342924,15.757499,1.2473366,0.52532747,0.14407067,2431.4768,4.4364937
0,10.8172,0.581113,-1.00837,0.0155737,0.00293838,0.00279869,0.000139693,0.930762,23.3743,0.032805,0.00477226,0.144071,21.2741,3.33779
0,45.70313,0.478407,-1.31703,0.01169441,0.153826,0.124883,0.02894298,0.8178079,16.33098,1.205108,0.3349591,0.1440707,891.5968,4.007394
0,42.06886,0.2761592,-1.34546,0.02312493,0.09980776,0.08483297,0.01497479,0.8055543,10.02882,0.4725517,0.2440516,0.1440707,800.8559,4.012688
2,33.7313742,0.3428070049698683,-1.840118396218162,0.02038641359032415,-6979058753.032422,-6979058753.636488,0.6040658950805664,-0.003041848255386566,96516531963.89345,-48258265979.20895,0,0.1440706666666666,-1.172977893982388e+18,-227773273352493.8
1,30.0886,0.555419,-1.36574,0.0207881,,,,,,,,,,
0,40.1622248,0.30711855,-1.74954681,0.0172092444,0.984174487,0.629715248,0.354459238,0.0247806932,0.196073555,3.90099531,0,0.144070667,91386.607,22.2504652
0,5.7938,0.22752,-0.53786,0.013748,5.0889e-05,7.576e-06,4.3313e-05,0.84424,9.178,3.4768e-05,1.2828e-05,0.14407,0.021854,2.5096
0,34.3906672,0.204742529,-1.66194167,0.0246075987,0.4461517,0.340574987,0.105576713,-0.551645825,4.5746098,1.40652023,0,0.144070667,-31086.3831,-4.39424448
2,12.0655116,0.73877642843,-1.6200979718,0.012059243859,-0.04839624991,-0.056374145462,0.0079778955513,-0.019597949259,31.245944373,-0.84007521647,0,0.14407066667,-3491698.0157,-676.67330849
0,51.2880041,0.228858519,-1.69935247,0.021357824,0.965546955,0.808650467,0.156896488,0.0460483046,0.318089888,3.73295793,24.8986766,0.144070667,41870.3714,12.5449163
0,6.0803,0.21756,-0.57297,0.014335,5.2046e-05,1.1408e-05,4.0639e-05,0.83826,8.7762,5.0061e-05,1.9316e-05,0.14407,0.033041,2.566
0,49.28491,0.9634911,-1.240024,0.02094267,0.04292844,0.03490629,0.008022144,0.9298142,37.20037,0.6783856,0.06956039,0.1440707,664.328,3.871137
0,6.55393,0.385552,-0.631435,0.0235493,4.53539e-05,1.47125e-05,3.06415e-05,0.901809,15.5532,0.000114418,2.49135e-05,0.144071,0.115333,2.68866
2,14.259948,0.49851979,-1.545032,0.024207675,0.0093447051,-0.00091198129,0.010256686,2.3813267,19.923248,-0.0091705103,0,0.14407067,6986.2364,5.5246555
0,6.35154,0.416008,-0.852695,0.0217567,0.000312449,0.000272871,3.95788e-05,0.908168,16.7773,0.00228973,0.000462497,0.144071,2.11882,3.05988
0,21.3265571,0.7788606078,-1.774072398,0.01747759154,0.7297156965,0.5136244102,0.2160912863,0.5714101798,8.492503421,8.069201587,0,0.1440706667,235222.7919,50.25422263
0,42.35022,0.3604873,-1.2526,0.01900595,0.04816275,0.0460166,0.002146146,0.8651359,13.84229,0.3346029,0.09008627,0.1440707,312.2548,3.776554
0,1.5298959,0.4123941332,-1.939786296,0.0198827753,0.4141989757,0.391089617,0.02310935865,4.893047509,9.745806204,3.253223755,0,0.1440706667,264884.1564,56.18579436
0,5.44876,0.870738,-0.636172,0.012034,9.83744e-05,3.05952e-05,6.77791e-05,0.953956,35.1237,0.000537361,5.18114e-05,0.144071,0.261664,2.73552
0,5.23156,0.622114,-0.545297,0.010719,8.33381e-05,1.06904e-05,7.26477e-05,0.936752,25.0951,0.000134149,1.81026e-05,0.144071,0.0592513,2.56829
0,6.29531,0.961943,-0.665254,0.0140463,9.72149e-05,3.80822e-05,5.91327e-05,0.958134,38.8027,0.000738919,6.4492e-05,0.144071,0.418159,2.78872
0,46.526734,0.40855885,-1.4119497,0.016883626,0.27834037,0.19548784,0.082852538,0.71791854,11.894391,1.6110148,0.78524743,0.14407067,2503.6672,4.468403
0,46.32315,0.9768439,-1.231025,0.01837153,0.04386301,0.0362787,0.007584307,0.9297134,37.67909,0.7148288,0.07063991,0.1440707,599.4931,3.844271
0,5.20757,0.393472,-0.506873,0.0156805,5.03406e-05,4.46127e-06,4.58793e-05,0.903592,15.8725,3.54077e-05,7.55425e-06,0.144071,0.0237171,2.48281
0,37.42299,0.207138,-1.36518,0.009650799,0.2552964,0.2246316,0.03066477,0.6701682,6.222981,0.9385467,0.7533697,0.1440707,769.5262,4.024274
0,6.94522,0.730464,-0.756732,0.0103169,0.000250548,0.000167854,8.26943e-05,0.945508,29.4609,0.00247317,0.00028433,0.144071,1.04182,2.92723
1,131.5836,0.8308837,-1.26466,0.01841815,,,,,,,,,,
1,0.26827,0.68857,-1.9028,0.01363,,,,,,,,,,
2,47.1293443,0.529170242,-1.733957627,0.02297064156,-1.048605842,-2.052963996,1.004358155,2.923398767,43.73297143,-21.91300395,36.10797325,0.1440706667,141427.7043,31.97448329
0,6.47436,0.485067,-0.760257,0.0186785,0.000139549,9.70131e-05,4.25356e-05,0.920284,19.5657,0.000949199,0.000164323,0.144071,0.743793,2.91338
0,17.9404,0.547481,-1.04268,0.0221829,0.00317386,0.0030445,0.000129357,0.926773,22.0163,0.033621,0.00520567,0.144071,31.2682,3.39382
0,7.26263,0.767867,-0.91607,0.00921895,0.00159515,0.001451,0.000144156,0.947147,30.9277,0.0224739,0.0024635,0.144071,8.4528,3.19557
0,12.455595,0.70871595,-1.4243996,0.0086463591,0.2689657,0.00054094264,0.26842475,2.2439028,20.900907,0.0077330104,0,0.14407067,1651.6646,4.2940342
0,6.88612,0.311379,-0.894186,0.0206356,0.000531162,0.000489885,4.12771e-05,0.880902,12.5549,0.00307687,0.000830879,0.144071,2.78534,3.11555
0,20.77261,0.2818631,-1.194187,0.02439759,0.01866966,0.01826624,0.0004034257,0.8588655,11.15857,0.1038514,0.03313981,0.1440707,119.7341,3.631505
0,42.63996,0.3922911,-1.288837,0.01598008,0.08677698,0.07816645,0.008610531,0.8474659,14.45242,0.6185203,0.1706549,0.1440707,530.0944,3.882286
0,8.5846497,0.493428686,-1.65080362,0.0171689807,0.120833822,0.00628304762,0.114550775,3.34985513,17.500503,0.0625345337,0,0.144070667,16973.3648,7.61537782
0,1.1710798,0.8852133752,-1.953600947,0.00886359314,0.8314082374,0.5348710957,0.2965371417,-1.254082183,6.020595986,9.550415516,0,0.1440706667,-762421.9878,-146.2805025
0,32.6191858,0.871883801,-1.65993054,0.00911741718,0.92535198,0.62393954,0.301412439,0.278822752,2.6256212,10.973023,0,0.144070667,34400.2277,11.0448162
0,7.74589,0.39479,-0.994404,0.0131363,0.00289129,0.00277495,0.000116342,0.902092,15.8805,0.0220977,0.00472875,0.144071,12.4643,3.29464
0,10.0799446,0.642362770158,-1.7052557505,0.0211585019304,0.323418354389,0.323410074695,8.27969357242e-06,-0.00428514512506,17.532980124,4.1904347009,0,0.144070666667,-26754196.2974,-5193.89247179
1,0.26201,0.69144,-1.9664,0.023473,,,,,,,,,,
0,38.53079,0.2326227,-1.360601,0.0175808,0.1445087,0.1230643,0.02144435,0.7569287,8.028287,0.5774433,0.389932,0.1440707,828.7678,4.035009
0,16.1866738,0.8988352877,-1.74900365,0.01900056149,0.0006851919192,0.0006430475444,4.214437483e-05,-1.360814903,36.23577909,0.0116586528,0,0.1440706667,-305411.6056,-57.69409261
0,15.87639,0.9734062,-1.126351,0.02498593,0.008318315,0.007749978,0.0005683364,0.9532317,38.9423,0.1521667,0.01353873,0.1440707,157.5193,3.585098
0,58.041318,0.56582493,-1.5633536,0.012891694,0.71301012,0.29279167,0.42021845,0.84211072,6.5509432,3.3416885,0,0.14407067,8219.4522,5.7908004
0,33.864652,0.96641222,-1.3296019,0.0086658839,0.27404926,0.18901971,0.08502955,0.76588095,28.302496,3.6846366,0.53123511,0.14407067,1939.101,4.2632958
2,13.1345463,0.20967457112,-1.778333835,0.02015470483,-1.9880735376,-2.0588185742,0.070745036589,-0.18166387583,25.275060914,-8.7074103463,0,0.14407066667,-2325880.9016,-450.11143039
0,10.0736,0.988177,-0.96506,0.0166028,0.00163699,0.00150947,0.000127526,0.958195,39.7996,0.0300873,0.0025665,0.144071,20.1736,3.29154
0,6.52854,0.337773,-0.600282,0.0158323,5.85496e-05,1.46672e-05,4.38824e-05,0.88945,13.6256,9.993e-05,2.48362e-05,0.144071,0.0686593,2.63085
0,38.69134,0.97814864,-1.4128382,0.010493267,0.088643219,0.059411231,0.029231988,1.8396572,35.962382,1.1721915,0,0.14407067,2987.9823,4.5724243
2,20.992205,0.44028256,-1.5524545,0.017021453,0.49906107,-0.065443846,0.56450492,2.9375812,8.8975703,-0.58119981,0,0.14407067,2782.2102,4.6684167
0,12.1457,0.259173,-1.07492,0.0239587,0.00433865,0.00424497,9.36878e-05,0.857985,10.4102,0.0221917,0.00729266,0.144071,24.1637,3.41144
0,6.53592,0.683208,-0.795211,0.0213744,0.000174146,0.000132799,4.13471e-05,0.942017,27.5571,0.00183009,0.000224977,0.144071,1.6034,2.98797
0,6.67868,0.815521,-0.776282,0.0186415,0.000167057,0.000119412,4.76445e-05,0.950951,32.8941,0.0019643,0.00020228,0.144071,1.48673,2.96514
1,0.3139,0.49509,-1.9588,0.0095959,,,,,,,,,,
2,16.231338,0.34696772097,-1.7860271673,0.020503644617,0.5471533791,-0.071202210318,0.61835558942,-0.072387066733,6.3386295515,-0.49831931346,0,0.14407066667,-1615902.1828,-312.21867675
0,29.766995,0.78881216,-1.3303097,0.015783879,0.13955062,0.098949333,0.040601289,0.85554301,27.381302,1.5743875,0.29433009,0.14407067,1694.7201,4.2096273
0,5.21377,0.877291,-0.603517,0.00940578,0.000111902,2.57345e-05,8.61671e-05,0.954275,35.3875,0.000455391,4.35792e-05,0.144071,0.173256,2.68167
0,6.1749,0.23902,-0.5715,0.011798,6.5356e-05,1.3599e-05,5.1757e-05,0.85061,9.6417,6.5564e-05,2.3027e-05,0.14407,0.0351,2.5676
0,0.532656,0.9960849896032025,-1.835167738428633,0.02354729512248225,0,0,0,-1.089546107678483e-44,40.18385164142081,0,0,0.1440706666666666,-1.279424421452609e+50,-2.484434617024055e+46
2,18.762646,0.731838302,-1.62489802,0.0185594185,0.0398228732,-0.00276971196,0.0425925852,-0.760201612,28.34795,-0.0408860272,0,0.144070667,-86860.699,-15.3145526
0,6.84529,0.80321,-0.766034,0.0145411,0.000194343,0.000134206,6.01372e-05,0.950221,32.3966,0.00217434,0.000227336,0.144071,1.28463,2.94734
0,7.23839,0.406178,-0.919789,0.00982252,0.00153387,0.0014284,0.00010547,0.905388,16.3608,0.0117028,0.00242526,0.144071,4.90671,3.17066
0,34.434964,0.68495664,-1.3235706,0.023045181,0.090407842,0.066268968,0.024138874,0.88245186,25.134194,0.91558456,0.18487332,0.14407067,1383.1383,4.131945
0,6.31664,0.926381,-0.701752,0.0121741,0.000139408,7.02145e-05,6.9194e-05,0.956572,37.3667,0.00131202,0.000118916,0.144071,0.644585,2.8475
0,6.4841,0.20363,-0.50958,0.019257,4.252e-05,3.761e-06,3.8759e-05,0.8291,8.2143,1.5448e-05,6.3684e-06,0.14407,0.013849,2.4579
0,33.76569,0.2162314,-1.297021,0.01963389,0.07539052,0.07293116,0.002459355,0.791279,8.065517,0.3180951,0.1542917,0.1440707,351.9564,3.834834
0,9.2141238,0.97011717,-1.4830254,0.018059277,0.00069400091,0.00068151108,1.2489835e-05,-3.8352185,39.109103,0.013335899,0,0.14407067,-3839.6299,0.82517758
0,6.9039,0.673857,-0.930378,0.0186325,0.000935534,0.000862733,7.2801e-05,0.940771,27.1592,0.0117265,0.0014648,0.144071,8.98087,3.2131
0,8.22773,0.309779,-1.04695,0.0171598,0.00426568,0.00415068,0.000114997,0.878043,12.4437,0.0259356,0.00710964,0.144071,19.7074,3.37214
0,27.8103,0.804871,-1.04503,0.0208494,0.00352729,0.00333672,0.000190576,0.948155,32.3554,0.0541715,0.00570837,0.144071,46.2926,3.41925
0,44.6158,0.838419,-1.05661,0.0122576,0.00694915,0.00656683,0.000382315,0.947815,33.5883,0.111056,0.0112676,0.144071,55.7876,3.44227
0,0.456412,0.5090614620903036,-1.794053381011407,0.01071637747200955,0,0,0,-3.515207016048567e-10,20.53645068695427,0,0,0.1440706666666666,-1195167991381507,-232082230192.9642
0,80.40397,0.5135998,-1.298083,0.01321974,0.1163113,0.09677814,0.01953315,0.8481231,18.30962,1.002599,0.2323001,0.1440707,755.6664,3.953551
2,12.8400897,0.38165817621,-1.8005558234,0.024083675886,-0.4402905662,-0.48445718871,0.044166622508,-0.31868152126,22.17582843,-3.7295389384,0,0.14407066667,-1547572.3678,-298.93338678
0,6.4731,0.23355,-0.76888,0.023659,0.00011214,8.5561e-05,2.6577e-05,0.84761,9.4207,0.00040307,0.00014492,0.14407,0.43437,2.8943
0,7.42043,0.352567,-0.6456,0.0219662,5.12151e-05,1.89201e-05,3.2295e-05,0.893599,14.2225,0.000134552,3.20388e-05,0.144071,0.127674,2.70805
0,22.9916409,0.471797216,-1.692312,0.0168900974,0.446813151,0.329276099,0.117537052,1.00510686,10.5288851,3.13357975,0,0.144070667,58005.0536,15.6877175
1,63.5661,0.297409,-1.38223,0.0140048,,,,,,,,,,
0,41.0950003,0.7392785672,-1.731428583,0.01165522206,0.9988750401,0.7873953886,0.2114796515,0.002233403077,0.03355060313,11.7415695,0,0.1440706667,137479.7239,31.20386576
2,0.7416071,0.909486843,-1.8422919,0.0246612291,0.140958851,-0.000116208239,0.141075059,17.7419977,31.518501,-0.00213185917,0,0.144070667,67532.6029,17.6956071
0,5.40954,0.489028,-0.50732,0.0168113,4.8887e-05,4.18514e-06,4.47019e-05,0.920936,19.7273,4.12828e-05,7.08672e-06,0.144071,0.0290886,2.49375
2,19.9867844,0.832473813,-1.5268847,0.0146819008,-2.30355954,-3.26946203,0.965902491,6.57553611,110.945038,-54.8999627,0,0.144070667,11159.5109,6.3409554
0,48.464427,0.28120051,-1.4579253,0.0191661,0.28575019,0.28574893,1.2596085e-06,0.68175657,8.102544,1.6207868,1.2485649,0.14407067,3241.7109,4.6709692
0,5.62918,0.378833,-0.685102,0.0182101,7.77449e-05,3.79052e-05,3.98397e-05,0.900222,15.2816,0.000289649,6.41916e-05,0.144071,0.226176,2.77696
0,19.069515,0.468724236,-1.69065546,0.0186161709,0.160155431,0.11686073,0.0432947007,1.75372241,15.8807677,1.10486998,0,0.144070667,49086.8792,13.9457185
0,6.67577,0.492928,-0.822869,0.0120314,0.000407676,0.000336462,7.12146e-05,0.921284,19.8775,0.00334537,0.000570163,0.144071,1.68702,3.01826
2,16.4562532,0.9792685982036515,-1.628188979059251,0.02401648963958431,-264.6585398005344,-265.4426927260488,0.7841529255144337,-3.114656429846242e-08,10494.95971171508,-5243.21628813576,0,0.1440706666666666,-818765478780132.2,-158990970048.1809
0,46.26146,0.9515771,-1.221968,0.02264912,0.03157606,0.02676796,0.004808105,0.9368867,37.17617,0.5137885,0.05100579,0.1440707,522.4994,3.8132
0,24.5298,0.395985,-1.05836,0.00946254,0.00897037,0.00869351,0.000276859,0.898515,15.8314,0.0694382,0.0149266,0.144071,28.3662,3.40394
1,0.36516,0.47818,-1.9949,0.010105,,,,,,,,,,
2,18.9604987,0.489091622,-1.66982785,0.0145143447,-2.76129172,-3.20124844,0.439956724,-5.57970442,74.2134134,-31.5816469,0,0.144070667,-55174.7397,-9.09340621
0,7.1787504,0.48093274,-1.4801917,0.022901224,0.001760116,1.7781464e-05,0.0017423345,5.4849158,19.367538,0.0001724952,0,0.14407067,1282.0313,4.2650324
0,5.35981,0.396921,-0.521792,0.0130186,6.19101e-05,6.50841e-06,5.54017e-05,0.904342,16.0115,5.21081e-05,1.10208e-05,0.144071,0.0289543,2.50799
0,22.2277183,0.240134302641,-1.71237913631,0.018482492955,0.592206620729,0.529411294619,0.0627953261096,-0.00220622009549,3.95047701354,2.56432210086,0,0.144070666667,-12830389.1322,-2490.07017583
0,5.77045,0.915702,-0.530906,0.0127927,7.04598e-05,7.4457e-06,6.30141e-05,0.956133,36.9385,0.000137526,1.26082e-05,0.144071,0.0710253,2.56321
0,5.66855,0.844513,-0.683649,0.0233059,6.45555e-05,2.90693e-05,3.54862e-05,0.952618,34.067,0.000495183,4.92288e-05,0.144071,0.467668,2.81288
0,5.43258,0.937189,-0.621567,0.0164167,6.83671e-05,1.85917e-05,4.97755e-05,0.957096,37.8053,0.000351456,3.14831e-05,0.144071,0.232701,2.71488
0,35.798296,0.57422384,-1.3491381,0.021971691,0.11819921,0.085088966,0.033110247,0.8534696,20.427107,0.98555222,0.26928869,0.14407067,1614.1271,4.2103023
0,5.83602,0.347421,-0.591711,0.0142641,6.36349e-05,1.45823e-05,4.90526e-05,0.892186,14.0147,0.00010219,2.46927e-05,0.144071,0.0630637,2.61791
0,45.56792,0.9401332,-1.221864,0.01625477,0.04355434,0.03710015,0.00645419,0.9284082,36.27478,0.7035424,0.07097521,0.1440707,513.7959,3.810543
0,54.07527,0.3297745,-1.203756,0.008584371,0.05888752,0.05736775,0.00151977,0.8499233,12.52027,0.3816014,0.1065045,0.1440707,153.5139,3.660402
0,5.056877,0.4831003,-1.467631,0.01571809,0.06721429,0.02050712,0.04670717,39.71241,18.17918,0.199833,0,0.1440707,141.4404,3.917724
1,25.4801,0.857214,-1.28137,0.0238117,,,,,,,,,,
0,5.04664,0.83962,-0.519785,0.0158434,5.57458e-05,5.21181e-06,5.0534e-05,0.952361,33.8699,8.82665e-05,8.82533e-06,0.144071,0.0566799,2.5405
0,14.5004,0.380548,-1.06661,0.0186149,0.00506282,0.0049143,0.000148517,0.89749,15.2742,0.0377221,0.0084361,0.144071,30.4628,3.41626
0,54.2262632,0.28838234074,-1.7371441783,0.015092176485,0.74208000313,0.56133419133,0.18074581181,-0.0085076514316,3.0006051035,3.2652416635,0,0.14407066667,-3473671.3416,-673.05550872
0,6.5923,0.688796,-0.71827,0.00888762,0.00021132,0.000118903,9.24168e-05,0.942436,27.7814,0.001652,0.000201388,0.144071,0.601394,2.86045
0,21.838936,0.7128911,-1.4317847,0.0099785005,0.17904571,0.17030062,0.0087450864,-3.1441416,23.610073,2.4488637,0,0.14407067,-1464.0427,1.2847791
0,7.28256,0.714448,-0.899231,0.0180734,0.000662523,0.000596662,6.58609e-05,0.944092,28.803,0.00859853,0.00101219,0.144071,6.36154,3.16373
0,26.6679,0.606197,-1.05169,0.0219394,0.00360691,0.0034518,0.000155116,0.932936,24.3669,0.042207,0.00590976,0.144071,38.5993,3.41509
2,13.124395,0.60497594,-1.4468499,0.018899998,0.12322603,-0.0018587707,0.1250848,2.6113155,21.398381,-0.022682404,0,0.14407067,1938.7425,4.3804647
0,7.21448,0.306191,-0.746043,0.00936505,0.000235453,0.000161204,7.42484e-05,0.879316,12.3494,0.000995622,0.000273046,0.144071,0.40934,2.86841
0,6.99592,0.753815,-0.858959,0.0194996,0.000383382,0.000329918,5.34637e-05,0.947016,30.3986,0.00501644,0.000559263,0.144071,3.99002,3.09902
0,5.2222,0.493561,-0.531833,0.0163288,5.20145e-05,5.90331e-06,4.61112e-05,0.921603,19.9101,5.87707e-05,9.99614e-06,0.144071,0.0401933,2.53488
2,18.0957257,0.428515851,-1.68105421,0.0216393232,-0.379772873,-0.743701812,0.36392894,2.70556218,23.8522669,-6.42822251,0,0.144070667,42244.1772,12.5996617
0,5.28828,0.628075,-0.518321,0.0130153,6.607e-05,6.22607e-06,5.98439e-05,0.937326,25.336,7.88771e-05,1.05428e-05,0.144071,0.0422763,2.52397
0,51.8779,0.24409,-1.18074,0.00843464,0.0454401,0.044622,0.000818082,0.825353,9.39958,0.219697,0.0806491,0.144071,88.3024,3.5963
0,45.9442642,0.7414719194,-1.736123598,0.01199142063,0.9958492576,0.6985422312,0.2973070264,0.007758882962,0.1241582703,10.44750399,0,0.1440706667,155550.9864,34.7240523
0,42.16984,0.3850056,-1.256981,0.01597095,0.06051175,0.05728514,0.003226611,0.8629827,14.59196,0.4448712,0.1134121,0.1440707,349.0913,3.793818
0,50.4035,0.582484,-1.07494,0.00893199,0.0118267,0.0113531,0.000473618,0.92519,23.2205,0.13339,0.0195664,0.144071,49.9963,3.45384
0,56.38666,0.3216829,-1.267683,0.01578541,0.06831653,0.0653019,0.003014627,0.8413211,12.0907,0.42372,0.1316531,0.1440707,340.4194,3.801543
0,69.83084,0.6329124,-1.302529,0.0193879,0.08631253,0.06739355,0.01891899,0.8809955,23.32902,0.8603736,0.1677044,0.1440707,981.376,4.015256
0,28.9060165,0.4165428607,-1.820824046,0.0117548478,0.99485169,0.77382808,0.22102361,0.01023861781,0.08651263681,6.501736293,0,0.1440706667,243798.7039,51.96811721
0,10.4833,0.895767,-0.981983,0.0238498,0.0014015,0.00130515,9.63514e-05,0.954336,36.0862,0.023582,0.00222046,0.144071,22.8247,3.31532
0,5.72675,0.665784,-0.62099,0.00962298,0.000113767,3.14825e-05,8.2284e-05,0.940632,26.8558,0.000422793,5.33136e-05,0.144071,0.166957,2.69723
2,22.1188017,0.7345769,-1.7019763,0.0116901413,-0.196892019,-0.403396215,0.206504196,2.43692894,35.4688742,-5.97715141,0,0.144070667,91245.616,22.1754372
0,37.33554,0.4255823,-1.332732,0.01284323,0.1606446,0.1287311,0.03191344,0.8046068,14.41069,1.105076,0.3731543,0.1440707,978.3653,4.044716
0,6.84904,0.346463,-0.900643,0.0203835,0.000583281,0.000538743,4.45385e-05,0.891595,13.9688,0.00376498,0.000913893,0.144071,3.32661,3.13124
0,6.0779,0.317939,-0.510335,0.0131342,5.72788e-05,5.56841e-06,5.17104e-05,0.883361,12.8255,3.57108e-05,9.42891e-06,0.144071,0.0204945,2.47877
1,0.1148,0.96771,-1.9119,0.023771,,,,,,,,,,
0,7.23217,0.442484,-0.87945,0.00896944,0.00103707,0.000932676,0.000104397,0.912717,17.8321,0.00832441,0.00158192,0.144071,3.15976,3.10737
0,5.62626,0.874909,-0.519603,0.0143026,6.21418e-05,5.75978e-06,5.6382e-05,0.954189,35.2932,0.000101647,9.75325e-06,0.144071,0.0588111,2.54221
2,3.2999581,0.72839188,-1.4548783,0.014251741,-0.00037711088,-0.0003862336,9.1227212e-06,-0.96961566,29.395714,-0.0056746662,0,0.14407067,-7951.8618,-0.038906251
0,28.24347,0.8932199,-1.149238,0.01942394,0.01416977,0.0131996,0.0009701702,0.945866,35.5235,0.2378179,0.02336742,0.1440707,194.2993,3.62591
0,9.2224088,0.74973579,-1.4807213,0.0088578624,0.97155743,0.072337176,0.89922025,0.12488404,0.86026502,1.0939437,0,0.14407067,2518.1043,4.5402736
0,27.65964,0.64280939,-1.5039217,0.0092444176,0.69060646,0.65998467,0.030621781,0.67635931,8.0232187,8.5573883,0,0.14407067,5841.7357,5.2521087
0,34.8747,0.698035,-1.08567,0.0219584,0.00555938,0.00530206,0.00025732,0.939697,28.0034,0.074653,0.00913594,0.144071,68.1419,3.48401
0,7.3006,0.715621,-0.776943,0.0129927,0.000239756,0.000172783,6.69726e-05,0.944451,28.8625,0.00249408,0.0002927,0.144071,1.32469,2.95984
0,7.28504,0.638957,-0.761987,0.0122176,0.000220322,0.00015164,6.86824e-05,0.938227,25.771,0.00195438,0.000256865,0.144071,0.982539,2.92946
0,14.4554198,0.986334625,-1.61731178,0.0172672167,0.000185992317,0.000185379723,6.12594162e-07,3.07868078,39.7831037,0.00368817634,0,0.144070667,27305.179,9.61258547
0,6.68476,0.466581,-0.882128,0.0209401,0.000459504,0.000413582,4.59218e-05,0.917187,18.8141,0.00389237,0.00070131,0.144071,3.43361,3.11437
0,51.67328,0.486038,-1.198586,0.01377148,0.03514714,0.03368355,0.001463592,0.8979508,18.91849,0.3302275,0.06212345,0.1440707,205.4507,3.680291
0,41.944729,0.86891435,-1.3488003,0.014153798,0.20857089,0.14122039,0.067350497,0.81056527,27.742408,2.4751387,0.416221,0.14407067,2298.214,4.3609584
0,30.4755416,0.544595507,-1.59711734,0.0187946638,0.380643287,0.151279551,0.229363736,1.45712527,13.6072408,1.66180267,0,0.144070667,15224.064,7.21641694
2,0.8423795,0.92847871562,-1.95124398668,0.00916898912822,0.178215611144,-0.0356915129887,0.213907124132,-0.326106245282,30.7811616379,-0.66843946253,0,0.144070666667,-14543188.6575,-2822.43562412
0,23.6036182,0.7932885083,-1.88721533,0.01404912497,0.9162314528,0.6163790443,0.2998524084,0.190836672,2.680817889,9.862890208,0,0.1440706667,950952.5185,189.4222422
0,5.75036,0.830041,-0.615694,0.013673,7.98618e-05,2.07004e-05,5.91614e-05,0.951823,33.4827,0.00034658,3.50541e-05,0.144071,0.192178,2.69917
0,23.8300903,0.57129085,-1.60958657,0.0133850345,0.405594618,0.323924389,0.0816702286,1.09030713,13.6991988,3.73272579,0,0.144070667,24041.5623,8.96457827
0,35.178719,0.57291663,-1.3303542,0.010288811,0.1997654,0.15142469,0.048340712,0.79684523,18.495408,1.7499002,0.45178435,0.14407067,1229.7693,4.1029079
2,5.301999,0.6016017,-1.400085,0.01791158,0.006284888,-0.0009900085,0.007274896,5.253439,24.11716,-0.0120136,0,0.1440707,595.6711,4.012261
0,11.2872,0.728733,-0.994686,0.014377,0.00270186,0.00254582,0.000156031,0.943801,29.319,0.0374215,0.00433629,0.144071,22.0746,3.32616
2,44.76363,0.7880334,-1.401388,0.01230057,0.3843501,-0.4115305,0.7958806,-4.282115,19.57193,-6.541416,0,0.1440707,-603.0721,1.467141
2,21.9108665,0.81778053,-1.62281794,0.00870519112,-20.8914275,-23.1258989,2.23447141,-22.5202387,722.214185,-381.470149,0,0.144070667,-72731.0565,-12.563763
0,555.4256,0.4699149,-1.300743,0.02437449,0.0661783,0.05541018,0.01076812,0.8752484,17.70265,0.5252112,0.1303697,0.1440707,732.5826,3.950135
1,0.46238,0.51786,-1.9021,0.020609,,,,,,,,,,
1,0.45362,0.92264,-1.8617,0.018627,,,,,,,,,,
2,0.8980587,0.5404028085,-1.892116322,0.01832040559,-2.2166554e-05,-2.298158534e-05,8.150313384e-07,-8.94661783,21.80129996,-0.0002505086648,0,0.1440706667,-175677.7571,-32.33035675
0,7.29393,0.975616,-0.662498,0.0200284,6.72542e-05,2.57796e-05,4.14746e-05,0.958715,39.3554,0.000507318,4.36568e-05,0.144071,0.409119,2.78484
1,0.29425,0.97297,-1.9044,0.024886,,,,,,,,,,
0,35.3875,0.981947,-1.05041,0.0105807,0.00749822,0.0070276,0.000470624,0.954119,39.3165,0.139194,0.0120539,0.144071,59.9035,3.44052
0,16.6548459,0.708976929,-1.6258353,0.0213687567,0.868390715,0.868389486,1.22890999e-06,0.354867024,3.76420961,12.4185769,0,0.144070667,25007.3205,9.17038523
2,8.6943444,0.97867918,-1.5461023,0.017130735,0.012877289,-0.0058970465,0.018774336,10.203444,38.973253,-0.11641262,0,0.14407067,3233.6465,4.7574522
0,31.0660493,0.337153961,-1.72810177,0.0088837426,0.995471684,0.705782216,0.289689467,0.00796780689,0.0615914164,4.79981112,0,0.144070667,67784.1816,17.6304606
0,6.89795,0.380121,-0.887292,0.0242954,0.000418199,0.000380891,3.73075e-05,0.900312,15.3284,0.00292044,0.000645912,0.144071,3.04535,3.11329
0,51.66597,0.613588,-1.19337,0.0199602,0.0232442,0.02194082,0.001303386,0.9209398,24.17787,0.2715531,0.04008415,0.1440707,239.4207,3.689534
0,6.91592,0.802367,-0.769232,0.00935697,0.000311105,0.000217294,9.38116e-05,0.950095,32.3589,0.00351678,0.000368105,0.144071,1.33712,2.95261
0,5.18247,0.94471,-0.566736,0.023888,4.02384e-05,6.31787e-06,3.39205e-05,0.957441,38.1098,0.000120391,1.06983e-05,0.144071,0.115946,2.62424
0,6.13853,0.425227,-0.590409,0.022126,4.24889e-05,9.24502e-06,3.32439e-05,0.910147,17.1537,7.92964e-05,1.56548e-05,0.144071,0.0744106,2.62511
0,6.88646,0.735917,-0.904358,0.02137,0.000596611,0.000538937,5.76738e-05,0.945665,29.6705,0.00800004,0.000914311,0.144071,6.98753,3.1738
0,5.41386,0.948166,-0.528679,0.0218437,4.12177e-05,4.23768e-06,3.698e-05,0.957589,38.2492,8.10472e-05,7.17576e-06,0.144071,0.0713631,2.56123
0,50.24568,0.9761108,-1.195392,0.02478654,0.02049551,0.01812537,0.00237015,0.9452608,38.57098,0.3568708,0.03312826,0.1440707,381.9099,3.743218
0,24.742842,0.758240162,-1.778637868,0.0107644213,0.9597955762,0.7226222613,0.2371733149,0.08541841619,1.229803691,11.05206145,0,0.1440706667,241626.2698,51.50361967
0,21.0016046,0.2526540051,-1.872288123,0.009870958096,0.9191964012,0.689855559,0.2293408422,0.1494587844,0.8235918814,3.515681518,0,0.1440706667,307945.1395,64.48778004
0,42.26086,0.3912898,-1.256595,0.02169229,0.04468358,0.0421835,0.00250008,0.8746106,15.07998,0.3329402,0.08308658,0.1440707,354.2091,3.795174
0,6.60943,0.376955,-0.760967,0.0125964,0.00020453,0.000145168,5.93616e-05,0.899695,15.2039,0.00110379,0.000245896,0.144071,0.596617,2.90273
0,34.616512,0.74443537,-1.4855011,0.019903158,0.088039667,0.056351553,0.031688114,2.7627955,27.387861,0.84617084,0,0.14407067,3853.2016,4.8261656
2,0.8480321,0.426605719062,-1.95980383592,0.0234211198014,0.0166637639146,-0.000841213574193,0.0175049774887,-0.0711726331077,16.9232543865,-0.00723865895868,0,0.144070666667,-40893591.376,-7939.30081172
0,48.830682,0.51895455,-1.4115307,0.01305478,0.29038485,0.29038215,2.7063866e-06,0.72591998,14.856187,3.0396558,1.0101026,0.14407067,3076.033,4.5897071
0,23.6212,0.710288,-1.01548,0.0106642,0.00472399,0.00447443,0.000249568,0.94116,28.5189,0.0641058,0.00763592,0.144071,28.1252,3.36058
0,8.6758947,0.59970038,-1.5879684,0.012926627,0.77030324,0.066369307,0.70393394,0.95264315,5.5570506,0.80283589,0,0.14407067,8455.4078,5.8626882
0,0.548052,0.5137812861057216,-1.950372252138592,0.01921200480370288,0,0,0,-7.04520712092208e-75,20.72685683702057,0,0,0.1440706666666666,-4.482398941948207e+80,-8.704091396070493e+76
0,12.831799,0.34458434,-1.588655,0.019409609,0.028724351,0.028724351,4.9329738e-11,2.6424393,13.501847,0.19965074,0,0.14407067,7472.0365,5.6660672
0,6.81216,0.631832,-0.842581,0.0104634,0.000588947,0.00049823,9.07167e-05,0.937338,25.4742,0.00634975,0.000844507,0.144071,2.73728,3.06304
0,0.4769242,0.2162584634910402,-1.979557154872605,0.02014119180584397,0,0,0,-7.422885081591762e-08,8.724253556503587,0,0,0.1440706666666666,-26051501850556.11,-5058778926.3813
2,35.0412728,0.807764685,-1.66861471,0.0108125483,0.502299941,-0.134785644,0.637085585,0.825702128,16.2183893,-2.19610788,0,0.144070667,80220.6087,19.9945813
0,0.5356968,0.8136908209374907,-1.982914277798199,0.02194245860556461,0,0,0,-1.808249131524162e-95,32.82574436099394,0,0,0.1440706666666666,-4.201081134985619e+101,-8.157817863781949e+97
0,5.67631,0.30131,-0.506031,0.0122442,6.01807e-05,5.65191e-06,5.45288e-05,0.877711,12.1546,3.43505e-05,9.57028e-06,0.144071,0.0184962,2.4692
2,16.3044882,0.948266139,-1.59588796,0.0122356124,-14.913882,-18.9653463,4.05146436,28.4392068,608.781634,-362.757326,0,0.144070667,34351.3235,10.9712042
0,7.99403,0.405915,-1.00642,0.0169529,0.00260726,0.00250717,0.000100088,0.904656,16.3326,0.0205279,0.00427547,0.144071,14.9155,3.31636
0,33.47921,0.4691805,-1.181456,0.009002105,0.04329319,0.04173734,0.001555853,0.8901073,18.10815,0.3949934,0.07626568,0.1440707,159.1997,3.641075
0,7.16245,0.424719,-0.870396,0.0181068,0.000461298,0.000411459,4.98396e-05,0.909785,17.126,0.00352495,0.000697595,0.144071,2.71018,3.09034
0,37.3142848,0.3839600147,-1.805372997,0.02045696353,0.9988006841,0.707325312,0.2914753721,0.002086326864,0.01857696492,5.478105223,0,0.1440706667,210665.1758,45.51116707
2,15.4101316,0.957755775,-1.44356488,0.00843664324,-0.241999842,-0.246770674,0.00477083132,-0.908601688,47.9878714,-4.76731113,0,0.144070667,-11979.2971,-0.853337397
0,27.807751,0.65578156,-1.3992208,0.018435322,0.37602123,0.1553329,0.22068833,1.4402544,16.507609,2.0546971,0,0.14407067,1470.7782,4.2277702
0,6.57444,0.439313,-0.502695,0.0105222,7.62463e-05,6.30086e-06,6.99455e-05,0.912755,17.7213,5.58341e-05,1.06694e-05,0.144071,0.0248442,2.48102
0,45.715799,0.47784347,-1.3609767,0.024895112,0.11870552,0.086197694,0.032507827,0.8413783,16.988768,0.83081911,0.27669939,0.14407067,1585.3683,4.2156326
2,20.9884719,0.7544622376,-1.66335356,0.02032206334,-8.008515875,-8.054035005,0.04551912957,-4.813754409,274.1864077,-122.5677435,0,0.1440706667,-217427.5625,-40.67720974
0,6.92844,0.952175,-0.902322,0.0229988,0.000546724,0.00048787,5.88538e-05,0.957431,38.3914,0.00937014,0.00082763,0.144071,8.69971,3.18335
0,1.4307874,0.304079361,-1.49462712,0.0112606367,0.678865346,0.0564508068,0.62241454,-0.0483050395,3.93939276,0.346244009,0,0.144070667,-35641.6758,-5.45314929
0,7.60623,0.903645,-0.799419,0.0204021,0.000192857,0.000146847,4.60097e-05,0.955495,36.4476,0.00267663,0.000248787,0.144071,2.20688,3.00871
0,6.79543,0.379372,-0.800992,0.0245393,0.000156158,0.000124587,3.15705e-05,0.9003,15.3022,0.000953377,0.000211065,0.144071,1.00342,2.96955
0,33.70029,0.3730783,-1.276818,0.01478243,0.0821051,0.07627913,0.005825976,0.8460749,13.81491,0.5740251,0.1580893,0.1440707,434.9353,3.841622
0,6.74378,0.405721,-0.73831,0.0169074,0.000125362,8.08535e-05,4.45085e-05,0.906181,16.3655,0.000661685,0.00013694,0.144071,0.476605,2.86851
0,44.687944,0.80485835,-1.2992697,0.009309215,0.17030703,0.12852387,0.04178316,0.83486061,26.939655,2.0865482,0.33495027,0.14407067,1146.8557,4.0521364
0,47.696,0.666468,-1.07182,0.0151577,0.00674751,0.00644398,0.000303535,0.936407,26.7051,0.086628,0.0110781,0.144071,54.5843,3.45613
0,0.5043096,0.7161121626152858,-1.885404598123873,0.02129039340925063,0,0,0,-3.286980333173294e-07,28.88924660195195,0,0,0.1440706666666666,-5812880540201.788,-1128767075.663396
0,5.75589,0.301375,-0.688687,0.0217626,6.43951e-05,3.32129e-05,3.11823e-05,0.877732,12.1572,0.000201901,5.62447e-05,0.144071,0.193243,2.77245
2,16.8748047,0.5174728375265296,-1.792969656403417,0.01277365285465477,-491.7002106584515,-491.7960152824142,0.0958046239626924,-7.002110497602159e-05,10285.5015139809,-5133.312864832118,0,0.1440706666666666,-2963503788315.518,-575464346.7258989
0,14.2571,0.338371,-1.06173,0.0231849,0.00381562,0.00371137,0.000104243,0.887278,13.5984,0.025331,0.00636199,0.144071,25.7669,3.40187
2,20.8032391,0.402167413,-1.63276283,0.0191360994,-12.2337941,-12.2557358,0.0219416334,-18.0811934,214.707106,-99.4194685,0,0.144070667,-30600.1245,-4.3281897
0,39.9411,0.373184,-1.10821,0.0198224,0.00802941,0.00781402,0.000215388,0.893864,14.934,0.0588197,0.0135189,0.144071,51.0316,3.48837
0,5.39727,0.831244,-0.559334,0.00895741,0.000104887,1.53202e-05,8.95663e-05,0.951873,33.5304,0.000256873,2.59431e-05,0.144071,0.093304,2.60567
0,37.775415,0.678097672,-1.64900322,0.0103067052,0.886754106,0.614355202,0.272398904,0.194662234,3.09791775,8.40305032,0,0.144070667,50522.8878,14.1843974
0,42.783163,0.59504673,-1.5118657,0.0099597655,0.90527431,0.81289336,0.092380955,0.16080072,2.2739138,9.7568543,0,0.14407067,7712.086,5.6375165
0,10.7591,0.820382,-0.984331,0.0183766,0.0018657,0.00174511,0.000120585,0.950125,33.0339,0.0288779,0.00297002,0.144071,21.6292,3.31467
0,7.79839,0.647886,-0.951797,0.0229719,0.000986589,0.000920716,6.58734e-05,0.938532,26.1111,0.0120323,0.00156436,0.144071,11.3958,3.24722
0,33.0535571,0.236119218,-1.76775627,0.0136728637,0.993479253,0.773156541,0.220322712,0.0107994977,0.062113189,3.68234047,0,0.144070667,83933.9678,20.817122
0,25.2688,0.381912,-1.14104,0.01123,0.0212373,0.0206648,0.000572486,0.887582,15.0798,0.159192,0.0363798,0.144071,79.1158,3.54918
0,6.97414,0.725576,-0.912739,0.0212819,0.000662527,0.000602543,5.99836e-05,0.944896,29.2516,0.00881853,0.00102245,0.144071,7.67818,3.18716
0,7.41086,0.992504,-0.937457,0.013423,0.00143847,0.00131089,0.000127573,0.958495,39.9818,0.0262437,0.00222684,0.144071,14.2118,3.24478
0,6.43423,0.282261,-0.735325,0.0210398,9.44846e-05,6.2532e-05,3.19527e-05,0.870508,11.3858,0.000356023,0.000105905,0.144071,0.332193,2.84695
0,5.99213,0.517598,-0.712717,0.0152812,0.000115653,6.43982e-05,5.12544e-05,0.924928,20.8784,0.000672344,0.000109065,0.144071,0.428813,2.83748
0,22.8327,0.364064,-1.0741,0.0238888,0.00433568,0.0042148,0.000120879,0.893923,14.6233,0.0309514,0.00723773,0.144071,32.2389,3.42701
0,7.5866,0.2087,-0.8826,0.018039,0.00052052,0.00048304,3.7476e-05,0.83227,8.415,0.0020335,0.00081902,0.14407,1.7027,3.0785
0,7.09514,0.737201,-0.727717,0.0153436,0.000132124,7.77604e-05,5.43634e-05,0.946055,29.7361,0.0011563,0.000131701,0.144071,0.723975,2.87945
0,29.4730711,0.330684036,-1.76255389,0.00999754177,0.946361049,0.674207542,0.272153506,0.098632566,0.715564315,4.49709443,0,0.144070667,99029.5052,23.7517261
2,29.787053,0.39375669,-1.5448416,0.012507791,0.41254019,-0.16622313,0.57876332,1.1618281,9.3317109,-1.3202148,0,0.14407067,6690.5172,5.464819
2,0.8391305,0.9464928078294075,-1.956524747683045,0.01892998719734656,-71.61177637312905,-71.61208863159959,0.0003122584705437248,-6.51151367795055e-08,2772.551014347273,-1367.189861564547,0,0.1440706666666666,-7020851322745773,-1363335401038.945
0,21.2771004,0.4039730808,-1.818969262,0.01992064521,0.4826625857,0.3764726816,0.1061899041,1.282433203,8.431046422,3.06768713,0,0.1440706667,185222.2223,40.57754099
2,11.93683,0.9051578516515,-1.612676990406,0.00972465736582,-0.501205250523,-0.5297594888722,0.0285542383492,-0.0001524538734815,54.81754273441,-9.672266137524,0,0.1440706666667,-715875019.4194,-139010.2355708
0,6.62299,0.35319,-0.625976,0.0169859,6.05488e-05,1.90161e-05,4.15327e-05,0.893761,14.2475,0.000135474,3.22012e-05,0.144071,0.0993836,2.67555
0,33.978419,0.90202777,-1.3178921,0.023029876,0.089659306,0.063161319,0.026497987,0.89569147,33.126765,1.1492017,0.171983,0.14407067,1669.6869,4.1915839
1,0.30402,0.89095,-1.8713,0.018791,,,,,,,,,,
0,6.11116,0.260904,-0.69397,0.022992,6.16561e-05,3.36453e-05,2.80108e-05,0.861401,10.5247,0.000177064,5.69751e-05,0.144071,0.182433,2.77477
0,6.88953,0.531545,-0.783962,0.0229057,0.000143406,0.000107257,3.6149e-05,0.926734,21.4404,0.00114998,0.000181691,0.144071,1.09746,2.95714
0,15.51751,0.8564938,-1.11891,0.01139429,0.01637024,0.01542329,0.000946947,0.9426126,33.98686,0.2664566,0.02698246,0.1440707,126.3526,3.560277
0,51.81975,0.4643321,-1.323594,0.01734146,0.1121089,0.08965313,0.0224558,0.8439971,16.63197,0.8396907,0.245753,0.1440707,957.2477,4.030356
0,7.34768,0.540748,-0.780452,0.0247306,0.000128467,9.49652e-05,3.35022e-05,0.9279,21.812,0.00103582,0.000160866,0.144071,1.06593,2.95213
0,25.6351,0.848743,-1.0252,0.0213618,0.00268706,0.00253037,0.000156683,0.951139,34.1478,0.0433197,0.00431902,0.144071,37.7554,3.3873
0,6.94768,0.465854,-0.789787,0.0145061,0.000238246,0.000182507,5.57386e-05,0.917209,18.7889,0.00171496,0.000309185,0.144071,1.04723,2.96055
0,7.62094,0.415002,-0.917134,0.0159452,0.00091566,0.000850722,6.49374e-05,0.907586,16.7266,0.00712136,0.0014439,0.144071,4.83642,3.16725
0,7.86303,0.669835,-0.891553,0.0228736,0.00047648,0.000427264,4.92168e-05,0.940735,27.0095,0.00577283,0.000724655,0.144071,5.42439,3.14768
0,6.77455,0.794346,-0.719795,0.0131855,0.000145273,8.17337e-05,6.35389e-05,0.949726,32.0407,0.00130959,0.00013843,0.144071,0.701885,2.86993
0,5.77802,0.780658,-0.592743,0.010631,9.51953e-05,1.98261e-05,7.53692e-05,0.948924,31.4902,0.000312194,3.35734e-05,0.144071,0.135005,2.65807
0,31.418978,0.81056491,-1.3248007,0.020707223,0.10764084,0.076212718,0.031428123,0.87879993,29.179823,1.2460642,0.20902319,0.14407067,1638.1222,4.1913825
0,0.5379805,0.9223573961680021,-1.894644225150131,0.01256740936948671,0,0,0,-9.843760007158384e-22,37.20954853736612,0,0,0.1440706666666666,-2.815065017388653e+27,-5.466399469249814e+23
2,12.3542693,0.836572894468,-1.40035932046,0.0159254686197,0.0581525040037,-0.00272918978477,0.0608816937884,-0.000240561046512,31.7862681417,-0.0460535058367,0,0.144070666667,-17205517.0983,-3339.97612873
0,7.92133,0.517604,-0.936152,0.0205999,0.000900558,0.000840317,6.02408e-05,0.924428,20.8623,0.00877335,0.00142691,0.144071,7.56115,3.20976
2,15.258523,0.80243865,-1.5349583,0.015400929,0.11417069,-0.085540658,0.19971135,3.8639631,28.6759,-1.384553,0,0.14407067,5444.9085,5.2024733
0,38.8219,0.53955924,-1.3427768,0.0095061388,0.24685423,0.18477669,0.062077537,0.75926203,16.393563,2.0109973,0.57357616,0.14407067,1341.8817,4.1415839
2,0.9346533,0.8269652058,-1.885128083,0.02056132938,0.2717354901,-0.04732465242,0.3190601426,-3.545892649,24.29581934,-0.7894049414,0,0.1440706667,-451560.2745,-85.95776121
0,6.18944,0.747916,-0.611628,0.0237846,0.000809497,1.12836e-05,0.000798213,0.946798,30.1479,0.000170226,1.9126e-05,0.144071,0.165103,2.6873
0,13.4825,0.406482,-1.03661,0.021214,0.00304882,0.00294574,0.00010308,0.904495,16.3482,0.0241525,0.00503533,0.144071,22.0066,3.36791
0,6.09713,0.677734,-0.551063,0.0219396,4.14879e-05,5.62463e-06,3.58633e-05,0.941663,27.3398,7.68914e-05,9.52432e-06,0.144071,0.0691515,2.582
2,16.587085,0.75646706,-1.6187349,0.0098304449,0.016100147,-0.0036568503,0.019756997,-7.7317881,30.025903,-0.055798481,0,0.14407067,-8357.2986,0.043665931
0,41.98203,0.4689369,-1.216434,0.009517556,0.06274476,0.05995122,0.002793544,0.8773289,17.73076,0.5670712,0.1130505,0.1440707,247.8564,3.716015
0,6.51496,0.73392,-0.598801,0.019163,5.36641e-05,1.18891e-05,4.1775e-05,0.945877,29.6061,0.000176004,2.01326e-05,0.144071,0.137641,2.66512
0,7.82587,0.812915,-0.749384,0.0181993,0.000133878,8.65903e-05,4.72879e-05,0.950823,32.79,0.00141984,0.000146665,0.144071,1.04921,2.92024
0,2.0564092,0.98147190684,-1.6266561569,0.022114676186,0.018584872518,0.016287887657,0.0022969848614,-0.023275333707,38.858478078,0.32245402976,0,0.14407066667,-3977663.1411,-771.03998747
0,34.7131842,0.4549682501,-1.845270974,0.01731106289,0.9995966674,0.7733142303,0.2262824371,0.0007927684462,0.007402860666,7.096795045,0,0.1440706667,368826.6193,76.29222803
0,19.7364,0.37408,-1.06236,0.0244771,0.00365061,0.00354356,0.000107048,0.896837,15.036,0.026738,0.00607491,0.144071,28.4155,3.40804
2,21.1390138,0.352984467,-1.68949946,0.0235374721,0.829446429,-0.217482841,1.04692927,0.329415778,2.42868716,-1.54848058,0,0.144070667,39376.1513,12.0475704
0,22.576,0.240595,-1.11557,0.0219021,0.00788994,0.00774395,0.000145994,0.846675,9.62946,0.0375815,0.0134486,0.144071,38.1843,3.47833
0,61.118164,0.79795587,-1.2952003,0.01083164,0.14231748,0.10825298,0.034064495,0.85425799,27.609631,1.7423842,0.27321109,0.14407067,1090.188,4.0344593
0,5.9154,0.932417,-0.537335,0.0116467,7.82228e-05,8.88249e-06,6.93403e-05,0.95688,37.6124,0.000167059,1.50412e-05,0.144071,0.0784866,2.57478
2,5.7874807,0.498565096164,-1.69153568579,0.023767538495,0.27242939789,-0.364923510996,0.637352908886,-0.00118658834525,14.6336337011,-3.66985483839,0,0.144070666667,-67610970.1241,-13127.6763306
0,26.4035,0.876129,-1.02767,0.0227731,0.0026039,0.0024493,0.000154595,0.952597,35.2526,0.0432848,0.00418163,0.144071,40.1686,3.39341
0,16.7697,0.588025,-1.03665,0.0247452,0.00264294,0.00252772,0.000115214,0.93169,23.6593,0.0299813,0.00431909,0.144071,30.935,3.38718
1,0.415,0.67659,-1.7612,0.014957,,,,,,,,,,
2,0.9615173,0.43589964,-1.89234356,0.0229459595,-0.0547706104,-0.0547706615,5.11012941e-08,-86.4145742,18.5481115,-0.48157027,0,0.144070667,-15519.3532,-1.1052835
2,14.695907,0.69483282,-1.4618904,0.010157269,0.76446998,-0.0073624029,0.77183239,0.66542747,6.6020948,-0.10318702,0,0.14407067,2847.6213,4.5917484
0,11.5058,0.395065,-1.02573,0.0147671,0.00381471,0.00368261,0.000132096,0.90157,15.8768,0.029346,0.00629052,0.144071,18.6458,3.34787
0,19.2911,0.781498,-1.02235,0.019396,0.00284386,0.00268651,0.000157348,0.947194,31.4374,0.0423489,0.00458565,0.144071,33.6479,3.37773
0,0.5488548,0.5458846015275245,-1.960803994953574,0.01726784122555505,0,0,0,-2.640323927815848e-31,22.0219620515077,0,0,0.1440706666666666,-1.452989697915085e+37,-2.821470219851727e+33
0,7.61819,0.682621,-0.845586,0.00884216,0.000723127,0.000612729,0.000110398,0.941617,27.5182,0.00843671,0.00103869,0.144071,3.05934,3.07182
0,11.957161,0.34806332,-1.6106081,0.018178888,0.029525633,0.022120389,0.0074052433,2.8425277,13.626913,0.1553017,0,0.14407067,9294.1034,6.0530484
0,60.41491,0.5422606,-1.232641,0.0242084,0.03118275,0.02893174,0.002251015,0.907986,21.19362,0.3164519,0.05473249,0.1440707,352.5125,3.770644
0,13.121403,0.69482811,-1.4244337,0.010301997,0.20047406,0.00263778,0.19783628,2.3302669,22.4112,0.036969291,0,0.14407067,1706.1246,4.3063105
1,0.7374,0.61799,-1.8525,0.0084578,,,,,,,,,,
0,6.486,0.432807,-0.689134,0.0180726,8.18886e-05,4.02233e-05,4.16653e-05,0.911556,17.4588,0.000351154,6.81182e-05,0.144071,0.268752,2.78986
0,16.4309605,0.7480920674,-1.799192628,0.01216298839,0.9013800407,0.1637770084,0.7376030323,-0.4932608176,2.976288557,2.47134373,0,0.1440706667,-131862.6812,-23.90036256
0,26.93079,0.46483255,-1.5972602,0.014908349,0.019193199,0.0074677643,0.011725435,3.6160925,18.392263,0.07001842,0,0.14407067,8307.1134,5.8422745
0,49.91837,0.6940509,-1.179254,0.02266834,0.0173851,0.01634337,0.001041737,0.9316964,27.51248,0.2288011,0.02944221,0.1440707,224.6378,3.669272
2,1.3320578,0.6970240104064,-1.863351035786,0.02460613646694,0.4661478046404,-0.08220696709638,0.5483547717368,-0.006187253794533,15.01149471431,-1.155796925416,0,0.1440706666667,-120879788.6555,-23471.47454696
0,7.06131,0.990225,-0.713352,0.0122567,0.000150676,8.09443e-05,6.97314e-05,0.959245,39.9414,0.00161676,0.000137092,0.144071,0.797471,2.87007
2,7.889899,0.55717019649,-1.4251393667,0.023286872734,0.64715260569,-0.052135050633,0.69928765632,-0.00032661046126,7.9310366787,-0.585926105,0,0.14407066667,-4346978.617,-842.96113894
0,47.9424032,0.572518008,-1.56119594,0.0181336911,0.177882041,0.11325873,0.0646233107,1.46137198,18.9879664,1.30793454,0,0.144070667,13353.3289,6.81049231
1,0.24995,0.92392,-1.8486,0.024544,,,,,,,,,,
0,28.2441,0.274391,-1.12398,0.0145806,0.0131845,0.012916,0.000268517,0.859218,10.9235,0.0714862,0.0225039,0.144071,47.5474,3.49982
0,6.9376,0.388318,-0.623599,0.0248143,4.17193e-05,1.26256e-05,2.90937e-05,0.902443,15.6648,9.88929e-05,2.13796e-05,0.144071,0.104965,2.67598
0,62.283839,0.32937257,-1.4037732,0.019094904,0.21274421,0.15148899,0.06125522,0.74797329,10.460645,1.0064534,0.6250908,0.14407067,1902.6998,4.3294249
1,0.42813,0.55573,-1.9912,0.019904,,,,,,,,,,
2,1.2620624,0.911715102,-1.89598015,0.0209309053,-1.88892491,-1.89617777,0.00725285275,595.986059,106.255292,-34.8709171,0,0.144070667,13507.0926,7.17572322
0,44.72737,0.4080578,-1.200861,0.01893352,0.02620446,0.02531881,0.0008856567,0.8901161,16.03041,0.2083964,0.04652599,0.1440707,180.8266,3.671225
0,17.2257,0.483287,-1.13693,0.0247041,0.00927795,0.00896501,0.000312941,0.914188,19.3158,0.0873939,0.0156866,0.144071,93.328,3.55632
0,10.6476,0.346552,-1.1484,0.0227865,0.0114971,0.0112122,0.000284847,0.884782,13.8198,0.0783764,0.0197053,0.144071,79.9399,3.55723
2,0.9068075,0.2558871044,-1.915687289,0.02158849686,-1.284281828,-1.284281873,4.522987984e-08,-3.861264789,23.5805131,-6.628784847,0,0.1440706667,-595945.166,-113.9786606
0,24.0061686,0.671527042,-1.59328301,0.021323689,0.215872062,0.173836253,0.0420358092,1.9366675,21.2424987,2.35466446,0,0.144070667,17022.3053,7.56750861
0,24.5427308,0.838435061,-1.63467479,0.0214139809,0.890513729,0.850526259,0.0399874703,0.220186188,3.70326047,14.3840879,0,0.144070667,44418.4917,12.9780778
1,181.7194,0.6744229,-1.287644,0.01160988,,,,,,,,,,
0,99.82527,0.538492,-1.296307,0.02492923,0.0630337,0.05163946,0.01139425,0.8867531,20.35441,0.5609009,0.1204083,0.1440707,785.3409,3.959517
0,8.97614,0.4989,-0.659973,0.0186955,6.77166e-05,2.67368e-05,4.09799e-05,0.922366,20.1252,0.000269059,4.52767e-05,0.144071,0.210516,2.74814
1,0.41216,0.72423,-1.9522,0.024246,,,,,,,,,,
0,38.6389285,0.9805655022,-1.736582363,0.01516278833,0.8964847067,0.600260822,0.2962238847,0.2205386771,4.094833928,11.87248909,0,0.1440706667,181554.5095,39.78191611
0,20.5830705,0.780599231,-1.67382297,0.0226818575,0.529873789,0.0552180229,0.474655766,1.66610111,14.8046366,0.86942904,0,0.144070667,38801.817,11.9196125
2,5.198535,0.8816963,-1.394212,0.01878689,0.3308049,-0.0009713391,0.3317762,5.175932,23.80274,-0.01727488,0,0.1440707,553.3492,3.994382
0,6.89272,0.334596,-0.763016,0.0228986,0.000113558,8.19898e-05,3.15679e-05,0.888484,13.4967,0.000553357,0.000138874,0.144071,0.550609,2.90065
2,19.3707799,0.983193904,-1.63007541,0.0246507451,0.163307286,-0.610922726,0.774230012,2.10320407,33.1864143,-12.1157591,0,0.144070667,39281.7815,11.969698
2,29.2714176,0.804334508,-1.67826558,0.0196857579,-4.14278586,-4.30541871,0.162632848,8.29446297,166.874627,-69.851746,0,0.144070667,93012.3311,22.4957792
2,22.7513438,0.756114185,-1.60286372,0.0226966092,-0.123065128,-0.186321925,0.0632567975,2.24057018,34.2568554,-2.84168883,0,0.144070667,26835.0405,9.50595175
1,0.46788,0.68631,-1.7942,0.014438,,,,,,,,,,
0,29.7694,0.348834,-1.09727,0.0241657,0.00573074,0.00558325,0.000147494,0.889028,13.9919,0.0392854,0.00963546,0.144071,41.7706,3.46534
0,13.2262,0.630356,-0.720514,0.0202962,9.37051e-05,5.35967e-05,4.01084e-05,0.93752,25.4273,0.000681474,9.07656e-05,0.144071,0.569499,2.85988
1,71.2219,0.906646,-1.26425,0.0214585,,,,,,,,,,
2,28.667725,0.61894611,-1.5219902,0.024060469,-0.098999067,-0.15793305,0.058933983,2.1196662,27.441341,-1.9717463,0,0.14407067,8040.8602,5.7136286
0,9.82424,0.280288,-1.05237,0.0203661,0.00384302,0.00374818,9.48421e-05,0.867405,11.2639,0.0211909,0.00642179,0.144071,19.3583,3.37657
0,7.54588,0.579402,-0.842111,0.0202493,0.000301721,0.00025594,4.57817e-05,0.932268,23.3671,0.00299118,0.000433755,0.144071,2.50932,3.05806
2,3.1899044,0.872930338,-1.78974978,0.0225804718,0.416662181,-0.433209265,0.849871446,5.7131851,20.5425753,-7.62785615,0,0.144070667,69602.3152,18.0465207
0,7.86415,0.477821,-0.747926,0.00863017,0.000270177,0.000179207,9.09698e-05,0.919091,19.2709,0.00172721,0.000303552,0.144071,0.626085,2.89217
0,7.8601,0.20321,-0.97672,0.0087684,0.0034284,0.0033145,0.00011386,0.82679,8.1699,0.013586,0.0056444,0.14407,5.5744,3.2343
0,5.82313,0.835973,-0.643426,0.0141633,8.62361e-05,2.85344e-05,5.77017e-05,0.952144,33.7217,0.000481156,4.83214e-05,0.144071,0.276279,2.74557
0,0.8551554,0.96588539636,-1.896902153,0.02192390343,0.52411314918,0.52411306275,8.6427068502e-08,-0.26218941669,18.543190971,10.211175825,0,0.14407066667,-5422007.1718,-1051.253832
0,16.3931761,0.757094679,-1.67198034,0.0177763386,0.00387035522,0.00385793603,1.24191929e-05,2.67696736,30.4243442,0.058915611,0,0.144070667,48467.9654,13.8062084
0,7.21041,0.304323,-0.665046,0.0168403,7.21383e-05,3.16807e-05,4.04575e-05,0.878767,12.276,0.000194471,5.36487e-05,0.144071,0.143857,2.73363
1,78.575,0.609733,-1.29442,0.0102268,,,,,,,,,,
0,6.03387,0.88529,-0.61849,0.0176869,6.25788e-05,1.65878e-05,4.59909e-05,0.954701,35.712,0.000296211,2.80897e-05,0.144071,0.211827,2.70697
0,0.8769998,0.8042211291,-1.830004506,0.0189119351,0.005251168018,0.001889013499,0.003362154519,-3.454168592,32.27335261,0.03064331255,0,0.1440706667,-303323.7591,-57.20731338
0,7.53367,0.585576,-0.884021,0.0219088,0.000452711,0.000405009,4.77017e-05,0.932836,23.6125,0.0047838,0.000686807,0.144071,4.34137,3.12849
0,7.22255,0.622145,-0.890678,0.0136423,0.000788383,0.000708285,8.00981e-05,0.936302,25.0787,0.00888842,0.00120143,0.144071,5.00395,3.14257
2,26.8864864,0.381865229,-1.65602414,0.011183338,0.0106886197,-0.239671288,0.250359907,2.19674659,15.2404674,-1.84608331,0,0.144070667,24103.7254,9.02321958
0,7.71136,0.882198,-0.725951,0.0192919,0.000104838,6.04597e-05,4.43785e-05,0.954522,35.5857,0.00107586,0.000102398,0.144071,0.839448,2.88531
0,7.93823,0.620726,-0.960816,0.0162736,0.00155476,0.00145838,9.63783e-05,0.935674,25.0023,0.0182598,0.00247949,0.144071,12.2896,3.2603
0,6.86401,0.548025,-0.654172,0.0195977,6.32783e-05,2.36743e-05,3.9604e-05,0.92883,22.1069,0.000261699,4.00907e-05,0.144071,0.213147,2.74297
0,7.27733,0.259001,-0.85501,0.0134236,0.000509318,0.000455563,5.37553e-05,0.860251,10.4432,0.00237999,0.000772224,0.144071,1.43437,3.04201
0,8.17933,0.919169,-0.966436,0.0245492,0.00112227,0.00103906,8.32085e-05,0.955607,37.0393,0.0192646,0.00176668,0.144071,19.1609,3.29007
0,20.1955,0.578874,-1.10877,0.0231063,0.00701466,0.00673976,0.000274897,0.9279,23.189,0.0786961,0.01168,0.144071,76.8764,3.51499
0,7.33743,0.564691,-0.672933,0.0248591,5.54045e-05,2.37492e-05,3.16553e-05,0.930789,22.7794,0.000270511,4.02182e-05,0.144071,0.278892,2.77556
0,7.39537,0.665242,-0.851317,0.00918179,0.000742272,0.000635102,0.00010717,0.940181,26.8171,0.00852214,0.00107668,0.144071,3.21406,3.08012
0,8.15138,0.968531,-0.935687,0.0186139,0.0010141,0.000924327,8.97739e-05,0.957809,39.0327,0.0180578,0.00156975,0.144071,13.5723,3.24052
0,34.9876674,0.3374512407,-1.809908394,0.008340833647,0.9940970751,0.733016521,0.2610805541,0.01124056982,0.0803588018,4.989418843,0,0.1440706667,179285.8144,39.41405225
0,29.175165,0.80975626,-1.4316832,0.013665502,0.084954276,0.061962937,0.022991338,1.850693,29.891814,1.0120722,0,0.14407067,3144.9231,4.624375
0,26.1346,0.927441,-1.02034,0.0189544,0.00285933,0.00267976,0.000179577,0.954848,37.3077,0.0501311,0.00457271,0.144071,38.5997,3.38373
0,7.67206,0.806343,-0.757229,0.0212537,0.000122849,8.20066e-05,4.0842e-05,0.95045,32.5253,0.00133381,0.000138904,0.144071,1.15154,2.93289
0,7.34129,0.566191,-0.811894,0.0214294,0.000204737,0.000164095,4.06417e-05,0.930864,22.8365,0.00187406,0.000278026,0.144071,1.666,3.00663
0,0.9009194,0.9497475954,-1.873156668,0.01022083612,0.3844342493,0.03408737893,0.3503468704,12.82002257,23.58510516,0.6530207502,0,0.1440706667,103962.5443,24.82274282
0,48.674213,0.48408955,-1.378339,0.020524724,0.17111849,0.12025622,0.050862271,0.80717905,16.187259,1.1742442,0.41946899,0.14407067,1967.9676,4.3183976
1,79.116,0.438677,-1.40581,0.0210153,,,,,,,,,,
0,5.83568,0.698367,-0.530114,0.0183845,4.80021e-05,5.12869e-06,4.28734e-05,0.943284,28.172,7.22463e-05,8.68453e-06,0.144071,0.0543514,2.54867
0,6.8834,0.24413,-0.78913,0.020464,0.00016012,0.0001283,3.1826e-05,0.85322,9.847,0.00063177,0.00021733,0.14407,0.58506,2.9299
0,6.6553,0.2393,-0.52634,0.017456,4.0098e-05,5.1461e-06,3.4952e-05,0.85077,9.6533,2.4839e-05,8.7135e-06,0.14407,0.019671,2.4927
2,21.0726851,0.3858771699,-1.763293291,0.01723127041,-3.638028754,-6.254816366,2.616787612,-9.142811834,72.20008146,-48.68428756,0,0.1440706667,-108822.5464,-19.45237397
2,18.4363649,0.487878888,-1.61496904,0.0200067354,-0.164504448,-0.455367425,0.290862977,-1.0032713,22.9196691,-4.48124982,0,0.144070667,-46841.6459,-7.52170044
0,34.87945,0.96604145,-1.3346293,0.020175788,0.11788712,0.08049817,0.037388954,0.87910463,34.377563,1.568581,0.24339663,0.14407067,2188.8545,4.3230465
0,7.30663,0.433529,-0.913046,0.016954,0.000820492,0.000759294,6.11984e-05,0.911223,17.475,0.00663978,0.00128853,0.144071,4.77526,3.1625
0,29.5571,0.26486,-1.09232,0.00955225,0.0134998,0.0132183,0.000281584,0.854926,10.5407,0.0706181,0.0228742,0.144071,30.7064,3.44243
0,6.03767,0.492055,-0.572362,0.0218738,4.18985e-05,7.4168e-06,3.44818e-05,0.921388,19.8496,7.36132e-05,1.2559e-05,0.144071,0.0674569,2.60202
0,18.84884,0.3424069,-1.198234,0.02373671,0.02019479,0.01964848,0.0005463099,0.8781596,13.53435,0.1357053,0.03587993,0.1440707,149.6144,3.652801
0,25.0030853,0.6995158473,-1.74834084,0.01322212158,0.3646508113,0.2179981764,0.1466526349,1.361940213,17.92937718,3.075923917,0,0.1440706667,149712.0306,33.60047317
0,7.21413,0.986514,-0.826968,0.0218319,0.000242103,0.000195452,4.66517e-05,0.959038,39.7881,0.00388927,0.000331201,0.144071,3.41931,3.05899
0,15.8811,0.7044446,-1.131528,0.01192745,0.01812592,0.01724446,0.0008814581,0.9320192,27.90345,0.2450313,0.03031149,0.1440707,123.3745,3.571091
0,1.2849242,0.9128154399,-1.883740888,0.01240619223,0.7174698297,0.7156011502,0.001868679471,-0.9032517711,10.40406304,13.17586626,0,0.1440706667,-745702.3679,-143.1025443
0,7.38714,0.914173,-0.674303,0.0151469,9.44776e-05,3.96678e-05,5.48098e-05,0.956048,36.8759,0.000731461,6.71773e-05,0.144071,0.447351,2.80124
0,31.541627,0.86784321,-1.3203989,0.010405998,0.19760941,0.14033339,0.057276021,0.81838133,28.091974,2.4565605,0.39307707,0.14407067,1600.3882,4.178456
0,7.87993,0.8117,-0.900857,0.0214521,0.000572035,0.000513308,5.87267e-05,0.950469,32.7267,0.00840425,0.000870768,0.144071,7.33117,3.17283
0,19.0938,0.235687,-1.10642,0.0158372,0.00972345,0.00954366,0.000179793,0.842942,9.41559,0.0453707,0.0165349,0.144071,33.3401,3.46127
0,8.21162,0.480355,-1.00453,0.0165923,0.00261268,0.00250053,0.000112149,0.917992,19.3278,0.0242281,0.00426371,0.144071,16.9775,3.32152
2,19.1381293,0.549887522,-1.66692077,0.0120887187,-0.453803289,-1.42818166,0.974378366,4.41478313,32.2503683,-15.8409961,0,0.144070667,29192.9106,10.0321962
0,5.55577,0.868724,-0.556594,0.0185078,5.08434e-05,7.15842e-06,4.3685e-05,0.953885,35.0441,0.000125437,1.21216e-05,0.144071,0.0939445,2.60328
0,7.33994,0.472904,-0.903525,0.0197213,0.000630342,0.000577775,5.25673e-05,0.918091,19.0658,0.00551134,0.000980202,0.144071,4.57569,3.15074
0,7.18944,0.819614,-0.808697,0.0206056,0.000209289,0.00016379,4.54988e-05,0.951156,33.0578,0.00270783,0.000277507,0.144071,2.26526,3.01934
1,0.53892,0.37338,-1.9889,0.009096,,,,,,,,,,
0,7.80406,0.783596,-0.935327,0.0213489,0.000872498,0.000802272,7.02265e-05,0.948602,31.5841,0.0126806,0.00136234,0.144071,11.0378,3.22904
0,35.4609138,0.3601518888,-1.889028495,0.01395600284,0.7558093742,0.5209571544,0.2348522198,2.069338842,3.547887585,3.784538032,0,0.1440706667,118797.2097,27.72611971
0,50.28686,0.4305134,-1.205063,0.01860994,0.02815568,0.02710834,0.001047341,0.8932374,16.87868,0.2354045,0.04995988,0.1440707,200.2513,3.684441
2,25.0742598,0.564685013,-1.63498082,0.0211399926,0.0201671466,-0.268644915,0.288812062,1.91812693,22.3209885,-3.05991989,0,0.144070667,30854.0991,10.3256758
0,6.48544,0.463326,-0.676093,0.0223574,6.13743e-05,2.75005e-05,3.38738e-05,0.916908,18.6902,0.000257011,4.65707e-05,0.144071,0.241914,2.77141
0,55.80787,0.8162007,-1.158838,0.00938686,0.03257081,0.03049057,0.002080239,0.9297734,31.85454,0.5019815,0.05469963,0.1440707,200.5101,3.638333
0,7.5967,0.23206,-0.89533,0.02115,0.00052001,0.00048501,3.4994e-05,0.84654,9.357,0.0022703,0.00082261,0.14407,2.192,3.1043
0,0.5450089,0.2476309382,-1.955095454,0.009396316075,0,0,0,5.634761382,9.98987535,0,0,0.1440706667,287014.271,60.50253556
0,0.5104093,0.857844682059,-1.7716022574,0.0154373431866,0,0,0,-0.0483207471777,34.6069901615,0,0,0.144070666667,-10981009.9535,-2130.88352806
0,47.69627,0.4681438,-1.279294,0.01297714,0.09736513,0.08631617,0.01104896,0.8542034,17.04695,0.8150733,0.1859003,0.1440707,548.7594,3.878145
0,61.65566,0.642454,-1.196253,0.01462232,0.03293542,0.03092398,0.002011448,0.9172653,25.06413,0.4007398,0.05678084,0.1440707,258.5908,3.700097
0,8.0193,0.651612,-0.966603,0.0180162,0.00151168,0.00141865,9.30318e-05,0.93852,26.2475,0.0186461,0.00241249,0.144071,13.8551,3.27255
0,74.431264,0.83934348,-1.411779,0.010364538,0.41251353,0.2773374,0.13517612,0.65216215,19.892655,4.695408,1.2763513,0.14407067,4599.3312,4.9064248
0,18.5551485,0.838722255,-1.757565131,0.01835023544,0.0008386300017,0.0003108486495,0.0005277813522,2.612125674,33.80718171,0.005258868634,0,0.1440706667,165699.671,36.71945124
0,69.589534,0.2559706,-1.440598,0.020498381,0.28872322,0.19615409,0.092569134,0.66951459,7.3448662,1.0127742,0.93447174,0.14407067,2395.2283,4.4737192
1,0.1403,0.82467,-1.9895,0.01005,,,,,,,,,,
0,5.98163,0.472766,-0.546829,0.0130011,6.65216e-05,8.98921e-06,5.75324e-05,0.918428,19.071,8.57221e-05,1.52217e-05,0.144071,0.0468391,2.55774
0,46.4453813,0.670718071,-1.712921197,0.01647919731,0.9015088785,0.6271199044,0.2743889741,0.162514364,2.664969581,8.484295054,0,0.1440706667,118321.4508,27.45742156
0,0.5679368,0.7234390155106889,-1.930217510942808,0.009908044229519828,0,0,0,-1.780732403320566e-18,29.18482496406006,0,0,0.1440706666666666,-1.927512151405611e+24,-3.742915824796917e+20
0,7.70809,0.582967,-0.746587,0.00872964,0.000267508,0.000174142,9.33654e-05,0.932676,23.5117,0.00204773,0.000294974,0.144071,0.739895,2.89944
0,42.60796,0.2475477,-1.200961,0.02054832,0.02400775,0.02354801,0.0004597375,0.8403497,9.746765,0.1175813,0.04292467,0.1440707,116.606,3.636311
0,8.76436,0.296527,-1.02158,0.023749,0.00223802,0.0021724,6.5619e-05,0.874636,11.9357,0.0129936,0.00370814,0.144071,13.698,3.32691
0,16.4046151,0.322946148,-1.67597541,0.0237470295,0.000391534729,0.000390805316,7.29412399e-07,-3.6415326,13.0231248,0.00254574994,0,0.144070667,-16054.3945,-1.42728958
1,0.33962,0.42474,-1.937,0.012804,,,,,,,,,,
0,6.49575,0.291856,-0.549195,0.0219488,3.56499e-05,5.48915e-06,3.01607e-05,0.874264,11.7736,3.23146e-05,9.29464e-06,0.144071,0.0313145,2.53942
2,16.156614,0.86117659,-1.4401377,0.015304549,-0.0012455681,-0.0012931037,4.7535631e-05,-4.1357334,34.784678,-0.02246212,0,0.14407067,-1825.5366,1.2115971
0,11.202186,0.48815465,-1.5903883,0.021725078,0.0011729058,0.0011726084,2.9736045e-07,5.7388431,19.669934,0.011546108,0,0.14407067,5125.051,5.1926814
0,0.5095001,0.9225544115058255,-1.830876855087106,0.00960906387903868,0,0,0,-1.552928059523425e-23,37.21749648878475,0,0,0.1440706666666666,-7.868066949709444e+28,-1.52785092821093e+25
0,56.741519,0.38929023,-1.4469164,0.017402804,0.31134662,0.22242711,0.088919506,0.68998385,10.815071,1.7465716,1.1937488,0.14407067,3711.5893,4.7581581
0,52.970867,0.25576202,-1.3819015,0.012154232,0.25373127,0.20101984,0.05271143,0.69397016,7.6999244,1.0370511,0.74151991,0.14407067,1139.8122,4.1330839
0,7.60301,0.564849,-0.914967,0.0228624,0.000628122,0.000577176,5.09466e-05,0.93044,22.7727,0.00657606,0.000979404,0.144071,6.24665,3.1785
0,5.89156,0.981596,-0.580463,0.0129055,7.70154e-05,1.39489e-05,6.30665e-05,0.95895,39.5963,0.000276183,2.36207e-05,0.144071,0.14347,2.64891
0,5.77793,0.828851,-0.540795,0.0235187,3.86951e-05,4.59863e-06,3.40965e-05,0.951783,33.436,7.6883e-05,7.78698e-06,0.144071,0.0733326,2.57475
1,0.53504,0.46308,-1.9926,0.016283,,,,,,,,,,
0,7.13122,0.686939,-0.653607,0.0198512,6.35169e-05,2.32029e-05,4.0314e-05,0.942385,27.7106,0.000321503,3.92925e-05,0.144071,0.261427,2.75291
0,9.21038,0.341486,-1.03125,0.0175725,0.00342508,0.00331967,0.000105406,0.888417,13.729,0.0228662,0.00567418,0.144071,17.5629,3.3501
0,7.4694,0.2477,-0.83975,0.0085062,0.00067215,0.00059097,8.1175e-05,0.85471,9.9859,0.0029527,0.0010017,0.14407,1.1347,3.0146
0,6.55143,0.541345,-0.708643,0.00977677,0.000176123,9.55209e-05,8.0602e-05,0.927943,21.835,0.00104303,0.000161778,0.144071,0.424214,2.83285
0,0.9358894,0.301832523,-1.973120806,0.01426420511,0.003778041551,0.002402540493,0.001375501057,6.493365255,12.13046112,0.01462722428,0,0.1440706667,381223.6875,78.82908602
0,5.72872,0.83534,-0.56001,0.0172252,5.46761e-05,8.03645e-06,4.66397e-05,0.952129,33.6973,0.000135411,1.36085e-05,0.144071,0.0945609,2.60703
2,20.6357821,0.6395820983,-1.739794004,0.01312962013,0.6529519992,-0.8680662841,1.521018283,0.760921355,8.954493232,-11.198874,0,0.1440706667,119914.7816,27.79438067
0,22.3707,0.329211,-1.0757,0.0135975,0.00774463,0.00754552,0.000199119,0.882106,13.1781,0.0501058,0.0129794,0.144071,30.0528,3.42457
0,21.3555543,0.530327304,-1.71402403,0.0113172671,0.323928082,0.201794944,0.122133138,1.35860527,14.4641211,2.15863612,0,0.144070667,77913.7048,19.5905281
0,7.51818,0.254259,-0.927413,0.0103633,0.00157535,0.00149289,8.24695e-05,0.857368,10.2411,0.00765645,0.00253522,0.144071,3.57707,3.16178
0,8.11535,0.716185,-0.96253,0.0224564,0.00115693,0.0010805,7.64316e-05,0.9439,28.8588,0.015609,0.00183683,0.144071,14.3747,3.27047
0,7.77092,0.932179,-0.803866,0.017182,0.000240048,0.00018461,5.54376e-05,0.956764,37.5967,0.0034712,0.000312779,0.144071,2.40709,3.01766
0,0.5569185,0.744354892631,-1.79437214064,0.0167972861293,0,0,0,-0.01524905595,30.02860889,0,0,0.144070666667,-40450594.8062,-7853.44293831
0,52.524496,0.38195232,-1.3949515,0.023861668,0.15170848,0.10712419,0.044584287,0.80206935,13.071019,0.8253191,0.44663017,0.14407067,1979.6286,4.337578
0,37.7562,0.234922,-1.12378,0.0123217,0.0155061,0.0152288,0.000277292,0.838999,9.33023,0.0721631,0.0265622,0.144071,41.4862,3.49144
0,27.6427,0.502538,-1.06512,0.0187935,0.00495731,0.00477742,0.000179889,0.919765,20.1728,0.048427,0.00819791,0.144071,38.5157,3.42839
0,40.53682,0.2072639,-1.272668,0.02335682,0.04817538,0.04710633,0.001069045,0.8024828,7.958581,0.1969373,0.09486002,0.1440707,250.4575,3.773291
0,5.43092,0.665441,-0.531865,0.0227424,3.87296e-05,4.24028e-06,3.44893e-05,0.940651,26.844,5.69153e-05,7.18013e-06,0.144071,0.053116,2.54924
0,6.3125,0.737207,-0.563405,0.019386,4.84359e-05,7.45936e-06,4.09765e-05,0.946109,29.7388,0.000110922,1.26307e-05,0.144071,0.0877271,2.60657
0,0.5904558,0.6334510721,-1.95653645,0.00981317834,0,0,0,34.35686285,25.55455023,0,0,0.1440706667,122662.6122,28.54587137
0,44.15812,0.4409415,-1.323719,0.01084451,0.172621,0.1408692,0.03175184,0.7991525,14.71772,1.252916,0.3936132,0.1440707,896.041,4.0152
0,6.04603,0.692972,-0.543522,0.0133929,6.72254e-05,8.36324e-06,5.88622e-05,0.942855,27.9539,0.0001169,1.41619e-05,0.144071,0.0640958,2.57056
2,18.4869013,0.6956710999,-1.728042135,0.01843452921,0.1115631575,-0.4769939333,0.5885570908,1.869279998,24.93364019,-6.693326153,0,0.1440706667,116876.0815,27.1912437
0,42.9703512,0.368571761,-1.60611372,0.0105701195,0.686579807,0.531188182,0.155391625,0.463597054,4.66019616,3.94907728,0,0.144070667,18395.2968,7.85093776
0,64.504114,0.29921396,-1.4816375,0.018183579,0.37290493,0.26149395,0.11141098,0.62238138,7.5695559,1.5782241,1.7846069,0.14407067,4498.5556,4.9555759
1,0.13571,0.2937,-1.9424,0.019873,,,,,,,,,,
0,8.0747,0.22688,-0.96902,0.013463,0.0020282,0.0019577,7.0519e-05,0.84268,9.1342,0.0089592,0.00333,0.14407,5.5391,3.2262
0,54.271154,0.33537475,-1.3954297,0.015694473,0.22202586,0.16064442,0.061381436,0.74200632,10.525693,1.0867288,0.6832342,0.14407067,1733.791,4.2835053
0,6.01002,0.538862,-0.692837,0.0233382,6.61854e-05,3.26651e-05,3.35203e-05,0.927706,21.7372,0.000355047,5.53185e-05,0.144071,0.344802,2.80638
0,7.75841,0.661397,-0.9264,0.0123282,0.00134561,0.00123885,0.000106751,0.939468,26.646,0.0165275,0.00210358,0.144071,8.38392,3.20547
0,7.47356,0.616171,-0.723354,0.0139877,0.000138635,8.06499e-05,5.79854e-05,0.936146,24.854,0.00100238,0.000136594,0.144071,0.578187,2.8635
1,78.8329,0.784958,-1.28251,0.0107687,,,,,,,,,,
2,22.6849898,0.843172711,-1.63519164,0.0202881246,-2.18724153,-3.54059253,1.353351,8.31210756,108.414328,-60.2167984,0,0.144070667,34675.9507,11.0740285
0,7.3016,0.860415,-0.794356,0.0241869,0.000154203,0.000116075,3.81278e-05,0.953394,34.7053,0.00201452,0.000196643,0.144071,1.97342,2.99785
0,38.6616,0.392217,-1.12244,0.0239167,0.00795955,0.00773931,0.000220236,0.898325,15.6968,0.0612285,0.0134504,0.144071,64.0694,3.51681
0,7.31501,0.535621,-0.910544,0.011655,0.00116533,0.00106943,9.59009e-05,0.926598,21.5827,0.0115541,0.00181508,0.144071,5.61642,3.16849
0,68.940439,0.20937026,-1.447827,0.01748662,0.32486497,0.22255965,0.10230532,0.62187774,5.7024411,0.93991069,1.2020052,0.14407067,2196.875,4.4379896
0,29.3756,0.835879,-1.07,0.0146448,0.00688842,0.00651472,0.000373697,0.947717,33.4886,0.109841,0.0112013,0.144071,66.0703,3.46635
0,42.660461,0.635823951,-1.7335979,0.0222537331,0.337927478,0.0738324659,0.264095012,2.39014146,16.9823432,0.94691158,0,0.144070667,66862.231,17.4562252
0,31.0214146,0.4155474484,-1.782927453,0.0173063171,0.9630986249,0.6883282959,0.274770329,0.06461307202,0.6186119945,5.769542986,0,0.1440706667,169780.1963,37.53843537
1,0.70058,0.47485,-1.9883,0.018369,,,,,,,,,,
2,16.860376,0.82721902,-1.628467,0.0096121229,-0.40509759,-0.44659443,0.041496835,18.780469,46.890209,-7.4517621,0,0.14407067,6088.5772,5.4267132
2,1.6529185,0.260037150146,-1.87683252435,0.018678690588,0.562209328782,-0.0223883165516,0.584597645333,-0.005761940956,4.59258356143,-0.117430796637,0,0.144070666667,-47219534.538,-9167.78668593
0,7.73425,0.956451,-0.805067,0.0149875,0.00027895,0.000214926,6.40249e-05,0.957786,38.5742,0.00414644,0.000364152,0.144071,2.5054,3.02093
0,125.0691,0.8466203,-1.260963,0.02259218,0.04992331,0.03991797,0.01000534,0.9197729,32.44909,0.6816827,0.08438081,0.1440707,766.5864,3.919289
0,8.05162,0.321661,-0.903987,0.0108028,0.00114298,0.00106079,8.21926e-05,0.883879,12.9615,0.0068826,0.00180008,0.144071,3.25034,3.13337
2,5.0579743,0.8818316341,-1.403235015,0.02054393427,-0.01216197939,-0.05061337994,0.03845140055,-0.005670094197,36.00732511,-0.9002770622,0,0.1440706667,-858017.182,-165.3999734
0,3.0137243,0.8824233124703,-1.380145897732,0.009511777170774,0.6941611441638,0.5843096927252,0.1098514514387,-4.548578364407e-06,10.88741555401,10.4002848486,0,0.1440706666667,-240404795.3177,-46681.8098663
0,56.0047206,0.631399832,-1.55452484,0.0224377339,0.166565071,0.113903015,0.0526620557,1.57064298,21.2290875,1.45065739,0,0.144070667,12750.0338,6.68429559
0,7.25012,0.770214,-0.868458,0.0217846,0.000383316,0.000333597,4.97185e-05,0.948081,31.0599,0.00518273,0.000565568,0.144071,4.60073,3.11596
2,23.6202863,0.260420637,-1.74463108,0.0115019051,-5.81690011,-6.0939284,0.27702829,16.9148361,71.6172256,-32.0109022,0,0.144070667,45909.7085,13.3793009
0,34.4044,0.973775,-1.01053,0.0115982,0.00413652,0.00386162,0.000274902,0.955987,39.1213,0.0758496,0.00658818,0.144071,35.6413,3.36925
0,45.162922,0.94967811,-1.3943722,0.02145774,0.53756847,0.0023170916,0.53525138,0.80741604,17.716545,0.044385877,0,0.14407067,2645.6725,4.4812354
0,22.4457439,0.65712794257,-1.5660880258,0.021215338028,0.19128977649,0.13100202559,0.060287750903,-0.0059935129393,21.438679624,1.73641335,0,0.14407066667,-3914521.4756,-758.83864655
0,41.3721549,0.9886579656,-1.774357605,0.009750927134,0.9980360171,0.7101484872,0.2878875299,0.004056609102,0.07833194861,14.16186358,0,0.1440706667,306731.5301,64.15398338
0,10.975585,0.636271693,-1.58552732,0.0107735312,0.0531344334,0.011550734,0.0415836994,3.34857652,24.3044665,0.148244078,0,0.144070667,10195.9809,6.20785638
0,48.329612,0.74818423,-1.4611694,0.011469708,0.70543558,0.17956279,0.52587278,0.48902941,8.8908649,2.7098801,0,0.14407067,5169.9704,5.0726335
0,0.5403181,0.7585285932721517,-1.813531774303169,0.01394454021306201,0,0,0,-1.134951118197e-26,30.60040134724441,0,0,0.1440706666666666,-7.083756108738373e+31,-1.375550489736929e+28
0,15.303657,0.67117694,-1.5620105,0.014694971,0.001971507,0.00016334794,0.001808159,2.9390738,27.023098,0.0022114435,0,0.14407067,9548.6135,6.0552607
0,7.5535,0.475786,-0.895768,0.0136297,0.000830952,0.000756765,7.41866e-05,0.918417,19.1781,0.0072627,0.00128379,0.144071,4.16469,3.13807
0,18.6761765,0.59568309,-1.56856865,0.0204091028,0.0808152921,0.0674478475,0.0133674446,2.15002229,22.0888562,0.810416989,0,0.144070667,11607.2776,6.47160978
0,26.35986,0.667098,-1.152935,0.01247873,0.02253148,0.02142866,0.001102822,0.9262096,26.30556,0.2883433,0.03814173,0.1440707,154.0801,3.60988
0,6.09806,0.576279,-0.568911,0.0132899,6.98124e-05,1.16777e-05,5.81347e-05,0.932076,23.2465,0.000135742,1.97744e-05,0.144071,0.0747084,2.60382
0,19.3854196,0.706617211,-1.69097268,0.0118911802,0.714986917,0.642977582,0.0720093346,0.636310603,8.12464088,9.16442482,0,0.144070667,69495.9347,17.9270076
2,22.7716338,0.8812740735,-1.777787307,0.01022709183,0.143143775,-0.4235721692,0.5667159441,1.851745495,30.46310139,-7.529455677,0,0.1440706667,273091.3094,57.61905916
0,6.28331,0.688624,-0.622237,0.0212952,5.17872e-05,1.44566e-05,3.73306e-05,0.942525,27.7789,0.000200804,2.44805e-05,0.144071,0.17513,2.70094
0,6.09447,0.403793,-0.524797,0.0172587,4.70268e-05,5.10267e-06,4.19241e-05,0.905825,16.2889,4.15605e-05,8.64034e-06,0.144071,0.0305651,2.51377
0,7.35365,0.639267,-0.740641,0.012562,0.000177746,0.000112125,6.56219e-05,0.938283,25.7846,0.0014458,0.000189913,0.144071,0.747272,2.894
0,7.54066,0.602415,-0.77937,0.0152911,0.000206722,0.000151462,5.52599e-05,0.934741,24.2975,0.00184046,0.000256578,0.144071,1.16243,2.95552
0,36.953996,0.58305698,-1.347566,0.011676627,0.2159564,0.1569784,0.058978004,0.78623989,18.44193,1.8461886,0.49658565,0.14407067,1550.2446,4.1942503
0,0.9141623,0.8035831639,-1.579411177,0.01542876825,0.009432122533,0.009432122533,6.245004514e-17,-0.04726855213,32.11221299,0.1528851958,0,0.1440706667,-882231.3857,-169.9272327
0,23.4514022,0.212199561,-1.72765752,0.011443889,0.926270054,0.697117586,0.229152468,0.118002778,0.63116595,2.98384109,0,0.144070667,46635.8734,13.5041431
0,7.41079,0.549501,-0.873388,0.0202086,0.00043205,0.000383094,4.8956e-05,0.928771,22.1583,0.00424618,0.000649529,0.144071,3.56944,3.10765
0,61.87046,0.6290443,-1.248989,0.01911625,0.04869846,0.04292197,0.005776492,0.9056063,24.14096,0.5446105,0.08550674,0.1440707,496.6559,3.832596
0,31.537169,0.32675731,-1.5181182,0.013401758,0.12136629,0.094677462,0.026688829,-2.215256,11.582128,0.62401797,0,0.14407067,-3089.7949,1.0170402
0,13.7814478,0.648023869,-1.67265575,0.00855197626,0.0880449352,0.0524067814,0.0356381538,2.71724128,23.8407333,0.685020647,0,0.144070667,37742.9457,11.711408
2,45.4674589,0.446231905,-1.77609202,0.0167595974,-17.9915949,-18.2772156,0.285620677,89.9978225,341.882777,-164.511334,0,0.144070667,61702.5677,16.49267
1,0.29469,0.79515,-1.9934,0.014427,,,,,,,,,,
0,10.508088,0.908203,-1.4107975,0.023856892,0.00014242061,3.8353609e-05,0.000104067,3.7135806,36.633317,0.00070261002,0,0.14407067,1468.81,4.2388959
1,0.54058,0.46989,-1.9268,0.023798,,,,,,,,,,
0,7.61864,0.575187,-0.766742,0.00847667,0.000329846,0.000232312,9.75349e-05,0.931789,23.1964,0.00269529,0.000393542,0.144071,0.94658,2.93229
0,16.374748,0.67411879,-1.3883653,0.022044208,0.0016301347,5.4201238e-05,0.0015759335,2.762149,27.150827,0.00073700563,0,0.14407067,1097.1892,4.1293127
0,7.48483,0.744534,-0.75371,0.0196449,0.000128317,8.4802e-05,4.35152e-05,0.946559,30.032,0.00127355,0.000143637,0.144071,1.02045,2.92314
0,34.6813,0.67297,-1.03961,0.0150382,0.00453324,0.00431697,0.000216268,0.938376,27.0257,0.0586003,0.00738212,0.144071,36.4431,3.39963
0,8.01782,0.398065,-0.883407,0.017622,0.000551368,0.000499565,5.18032e-05,0.904282,16.0498,0.00401117,0.000847166,0.144071,3.02014,3.10897
0,7.71319,0.270085,-0.652091,0.015116,7.27648e-05,2.98849e-05,4.28799e-05,0.865471,10.8949,0.000162808,5.06063e-05,0.144071,0.109762,2.70677
0,56.7869,0.572071,-1.08629,0.017424,0.00701484,0.00674037,0.000274468,0.927153,22.9165,0.0777784,0.0116057,0.144071,56.9709,3.47326
1,0.74119,0.87927,-1.9438,0.015809,,,,,,,,,,
0,7.93794,0.56482,-0.977578,0.0206657,0.00150421,0.00142331,8.09042e-05,0.929875,22.7516,0.0162156,0.0024216,0.144071,13.9565,3.28392
0,54.2516378,0.5840051656,-1.74364658,0.01570290021,0.9989256317,0.8156602525,0.1832653792,0.00214411161,0.02531191641,9.608401856,0,0.1440706667,126398.0881,29.05989171
0,7.04534,0.269045,-0.564981,0.0160771,4.91237e-05,9.17847e-06,3.99453e-05,0.865035,10.8532,4.98104e-05,1.55417e-05,0.144071,0.0357329,2.56199
0,33.4580244,0.5545265674,-1.760876355,0.02325954471,0.6035318572,0.3867330661,0.216798791,0.6691860504,8.869228026,4.325724287,0,0.1440706667,177058.6606,38.9319008
0,0.5619272,0.4664848740479151,-1.991340384372386,0.01895780752673832,0,0,0,-3.167593744626063e-67,18.81883490602098,0,0,0.1440706666666666,-1.53204875355331e+73,-2.974990077158995e+69
0,36.84776,0.4410593,-1.191589,0.01007114,0.04370577,0.04217785,0.001527913,0.8851467,17.01546,0.3752379,0.07764703,0.1440707,171.3441,3.657344
0,8.9143,0.21268,-0.98329,0.01734,0.0015333,0.0014768,5.651e-05,0.83412,8.5667,0.0063353,0.0031057,0.14407,6.3042,3.2473
0,7.71652,0.702464,-0.902719,0.0238428,0.000523409,0.000473014,5.03944e-05,0.943289,28.3238,0.00670229,0.000802416,0.144071,6.54788,3.16873
0,7.01974,0.338957,-0.743098,0.0192675,0.000112701,7.54501e-05,3.72511e-05,0.88976,13.6726,0.000515857,0.000127789,0.144071,0.431254,2.86815
0,6.8906,0.24166,-0.69905,0.011014,0.00013148,7.4965e-05,5.652e-05,0.85196,9.7476,0.00036541,0.00012695,0.14407,0.18235,2.7798
0,0.533708,0.9880470466273152,-1.730276344162463,0.01372929496235338,0,0,0,-2.847107215750252e-49,39.85958663249429,0,0,0.1440706666666666,-1.26242823078712e+54,-2.451430772686817e+50
0,7.60593,0.541784,-0.910587,0.00874865,0.00155357,0.00142524,0.00012833,0.927116,21.8226,0.0155754,0.00241939,0.144071,5.6788,3.16912
1,87.2282,0.629251,-1.29268,0.0187198,,,,,,,,,,
1,0.26807,0.8408,-1.9849,0.019574,,,,,,,,,,
0,7.7085,0.23654,-0.88458,0.010426,0.00092696,0.000857,6.9953e-05,0.84875,9.5336,0.004089,0.0014536,0.14407,1.9403,3.0872
2,15.7553208,0.223286332,-1.7416713,0.00972802117,-0.180282304,-0.31052347,0.130241166,3.86979539,10.631712,-1.39856205,0,0.144070667,28678.6736,10.0061771
0,23.618615,0.53998317,-1.4407113,0.0090854888,0.87960806,0.6288971,0.25071097,0.22699644,2.6226045,6.8499119,0,0.14407067,2526.206,4.5020019
0,8.45233,0.447848,-0.968476,0.0102141,0.00269724,0.00256174,0.000135503,0.912612,18.0183,0.0231415,0.0043589,0.144071,10.0194,3.25702
0,1.3042483,0.723399753785,-1.82549040653,0.0141374851799,0.026166862405,0.000768567062694,0.0253982953423,-0.00958127318915,28.419607222,0.0112146389368,0,0.144070666667,-90869693.7805,-17644.0242872
0,7.82413,0.564177,-0.904057,0.0207763,0.000605666,0.000552192,5.34739e-05,0.930378,22.7461,0.00628392,0.000936812,0.144071,5.42383,3.16018
0,55.887331,0.60366763,-1.3662668,0.020148291,0.14436996,0.10048497,0.043884985,0.83861377,20.837187,1.2235569,0.36592695,0.14407067,2088.0795,4.3326932
0,41.3220061,0.833534723,-1.4652718,0.0121378927,0.359968992,0.3321904,0.0277785915,-0.235762709,21.5218638,5.58516419,0,0.144070667,-27363.3344,-3.86140405
0,41.54019,0.2385148,-1.288579,0.01977688,0.06870344,0.06632491,0.002378533,0.8079303,8.961042,0.3190929,0.1374352,0.1440707,343.6195,3.823542
2,17.7801067,0.6357627635,-1.660846207,0.01633995671,-63.23659721,-63.27314515,0.03654793792,46.64825986,1647.527912,-811.4087393,0,0.1440706667,130545.7695,29.78416278
0,15.589693,0.64468167,-1.4262128,0.012527032,0.7766589,0.02859412,0.74806478,0.68135376,5.808569,0.3718324,0,0.14407067,1547.2924,4.2722259
0,8.78725,0.8377,-0.736056,0.0109301,0.000199583,0.000121495,7.80877e-05,0.952164,33.7876,0.00205292,0.000205786,0.144071,0.909748,2.89956
0,52.36071,0.7619526,-1.177054,0.02484028,0.01556124,0.0145177,0.001043539,0.937666,30.2602,0.2231264,0.02611937,0.1440707,238.6602,3.672907
0,7.02427,0.583099,-0.804345,0.0218115,0.000186058,0.000146329,3.97291e-05,0.932742,23.5189,0.00172107,0.000247912,0.144071,1.55409,2.99549
0,5.89879,0.60403,-0.624444,0.0146839,7.48636e-05,2.15682e-05,5.32954e-05,0.934989,24.3658,0.000262783,3.65235e-05,0.144071,0.159304,2.69828
2,10.2800241,0.859437689,-1.69307172,0.0238906988,-0.0502191179,-0.137585658,0.0873665403,4.34064051,36.4124147,-2.38513371,0,0.144070667,46906.1092,13.5223296
0,7.09497,0.48467,-0.873489,0.0237868,0.000365838,0.000325901,3.99365e-05,0.92008,19.5453,0.00318608,0.000552537,0.144071,3.18238,3.10178
0,46.500281,0.35538088,-1.4440726,0.024841066,0.20727072,0.20726958,1.1378952e-06,0.75815702,11.365123,1.485781,0.80630304,0.14407067,3422.3216,4.694974
0,8.8158309,0.470866995,-1.75133427,0.009164202,0.270424247,0.0133052736,0.257118973,3.08044125,13.858742,0.126370944,0,0.144070667,53169.0719,14.8031976
0,5.49953,0.944029,-0.644004,0.0144809,8.51543e-05,2.81164e-05,5.70379e-05,0.957383,38.0806,0.000535389,4.76136e-05,0.144071,0.312595,2.7525
0,7.25581,0.282744,-0.903583,0.0158642,0.000771498,0.000718763,5.27352e-05,0.870283,11.3976,0.00409926,0.00121944,0.144071,2.88782,3.12682
0,6.31826,0.445509,-0.564135,0.0117643,7.53093e-05,1.24073e-05,6.2902e-05,0.913864,17.9713,0.000111496,2.10098e-05,0.144071,0.0554015,2.58368
1,0.2707,0.99117,-1.9382,0.024767,,,,,,,,,,
0,8.30278,0.757793,-0.953051,0.0133479,0.00173348,0.00160954,0.000123942,0.946405,30.5177,0.0246023,0.00273601,0.144071,13.4228,3.25728
0,8.47303,0.424371,-0.974778,0.0137536,0.00216678,0.0020625,0.000104287,0.90864,17.0828,0.0176548,0.00351008,0.144071,10.3452,3.26503
0,6.70831,0.270138,-0.733348,0.0160916,0.000120731,7.97101e-05,4.10211e-05,0.865464,10.8965,0.000434335,0.000135,0.144071,0.311752,2.84171
0,38.63515,0.2766874,-1.357383,0.0177657,0.1447552,0.1193782,0.02537705,0.776271,9.546298,0.6662535,0.3702481,0.1440707,922.0068,4.055375
0,26.09912,0.4525889,-1.164368,0.009772701,0.03248617,0.03142024,0.001065931,0.8943804,17.66511,0.2868392,0.05640774,0.1440707,124.1037,3.604376
2,15.067779,0.55431227158,-1.5936825327,0.019456567425,0.089753833636,-0.52705006034,0.61680389398,-0.022432514407,20.354878667,-5.8929333767,0,0.14407066667,-1415425.8301,-273.4749605
0,33.648641,0.73419936,-1.332863,0.017610532,0.13879155,0.098516715,0.04027483,0.85258375,25.508061,1.4589792,0.27259571,0.14407067,1637.0774,4.1992092
0,46.093968,0.87006754,-1.4189612,0.019230548,0.070386019,0.0441543,0.026231719,1.7409267,32.629527,0.77490977,0,0.14407067,3099.2253,4.602027
0,0.6244697,0.8634336657394799,-1.964768195251552,0.01557274487329348,0,0,0,-4.010383458245929e-39,34.83245976842279,0,0,0.1440706666666666,-1.592120950014724e+45,-3.091640534901515e+41
0,7.69012,0.397149,-0.849859,0.0220563,0.000297787,0.000259544,3.82427e-05,0.904243,16.0169,0.00207917,0.000439892,0.144071,1.9589,3.05298
0,6.92954,0.450525,-0.571724,0.0133149,6.77995e-05,1.20847e-05,5.57148e-05,0.914745,18.1737,0.00010982,2.04635e-05,0.144071,0.0617018,2.5968
0,48.431644,0.89019485,-1.301895,0.022279543,0.07815825,0.056903233,0.021255017,0.90297536,33.105231,1.021756,0.1447545,0.14407067,1347.7098,4.1020565
0,37.3540828,0.9330624523,-1.772693015,0.01327371303,0.9682140699,0.6840519927,0.2841620772,0.06401528059,1.196467217,12.87434064,0,0.1440706667,290612.2912,61.0194504
2,21.1912247,0.511005688804851,-1.66037175225794,0.0155137278325843,-10.6416343305886,-10.6991809113684,0.057546580779821,-5.37969447713743e-05,239.990944474998,-110.281188152486,0,0.144070666666667,-16389133562.8327,-3182502.83129815
0,7.4801,0.24129,-0.59702,0.012514,6.7139e-05,1.7795e-05,4.9344e-05,0.8518,9.7333,8.6606e-05,3.0133e-05,0.14407,0.049111,2.6104
0,43.85944,0.8131058,-1.210314,0.01337128,0.0445008,0.03990704,0.004593759,0.9215577,31.34242,0.6545182,0.0743854,0.1440707,385.5743,3.759343
0,30.5611,0.361327,-1.09534,0.023887,0.00566223,0.00551188,0.000150352,0.892389,14.4941,0.0401722,0.00950877,0.144071,42.0494,3.4638
0,35.91492,0.2386907,-1.302931,0.01200156,0.1269735,0.121638,0.005335512,0.7709614,8.406557,0.5856391,0.2723206,0.1440707,406.2009,3.858643
0,5.84206,0.980939,-0.577382,0.0121965,8.08757e-05,1.41871e-05,6.66885e-05,0.958921,39.5696,0.000280713,2.40242e-05,0.144071,0.137816,2.64377
1,0.30897,0.87215,-1.9584,0.02412,,,,,,,,,,
2,2.898273,0.8656204,-1.426928,0.01344888,8.7507e-06,-1.831221e-05,2.706291e-05,8.79213,34.92037,-0.0003197373,0,0.1440707,727.528,4.074982
0,50.904888,0.62336263,-1.3087073,0.01512929,0.11659898,0.090242086,0.026356896,0.85951418,22.215384,1.1346843,0.23265994,0.14407067,1036.9989,4.0350676
0,0.5277234,0.8694897069,-1.772455029,0.01204930921,0,0,0,-1.154044615,35.07677131,0,0,0.1440706667,-471157.6544,-89.87811036
0,7.02491,0.505012,-0.719186,0.0181238,0.000102345,5.90019e-05,4.33434e-05,0.923211,20.371,0.000601026,9.99262e-05,0.144071,0.455489,2.84706
0,43.366511,0.989640469,-1.751930871,0.01551354596,0.9747039535,0.696316417,0.2783875364,0.04729229116,1.009916027,13.89982241,0,0.1440706667,254314.57,53.94340443
0,7.1623,0.20147,-0.65889,0.0094968,0.0003399,5.1903e-05,0.000288,0.82751,8.1249,0.00021092,8.7903e-05,0.14407,0.093424,2.7053
2,10.996897,0.53221853,-1.5704565,0.011342971,0.029593904,-0.0054718218,0.035065726,3.1749358,20.835248,-0.05874178,0,0.14407067,7596.175,5.672821
2,10.9564678,0.488675826,-1.63837582,0.0140671351,0.568050603,-0.00396580308,0.572016406,1.38366613,8.51547531,-0.0390910353,0,0.144070667,17044.851,7.61704744
0,48.929183,0.81592568,-1.3502433,0.017314989,0.1553602,0.10639522,0.048964982,0.84743261,27.802081,1.7510473,0.34659689,0.14407067,2244.1731,4.3506849
2,34.095364,0.56394348,-1.4066357,0.01121581,-0.35646534,-0.78754241,0.43107706,2.6018826,30.860251,-8.9584876,0,0.14407067,1674.0864,4.2813171
0,7.06,0.526898,-0.736571,0.0196702,0.000108393,6.79626e-05,4.04309e-05,0.926159,21.2537,0.000722307,0.000115107,0.144071,0.592239,2.87796
1,226.2961,0.4581844,-1.368608,0.01319556,,,,,,,,,,
0,53.460443,0.8973368392,-1.738494495,0.01583496667,0.9862330551,0.7292028575,0.2570301976,0.02401329661,0.4983658067,13.19863534,0,0.1440706667,207978.6194,44.92194343
0,0.8550923,0.8056590155,-1.707172176,0.02320934792,0.01792650612,0.01792650612,1.387778781e-17,-0.5078337093,31.91908454,0.2913212036,0,0.1440706667,-421231.9291,-80.24287218
0,7.73968,0.852972,-0.960377,0.0239367,0.00106406,0.000986157,7.78998e-05,0.952417,34.3738,0.016967,0.00167623,0.144071,16.5058,3.27583
0,7.21787,0.548509,-0.770305,0.00910206,0.000316763,0.000226478,9.02845e-05,0.928726,22.1208,0.00250574,0.000383663,0.144071,0.948071,2.93594
0,75.37341,0.4395365,-1.303623,0.0190407,0.08593875,0.07280998,0.01312876,0.8572813,16.20785,0.645522,0.1731782,0.1440707,710.5843,3.947176
0,23.2320012,0.212823759,-1.77399272,0.0102885341,0.994907536,0.707759423,0.287148113,0.00841001753,0.0437223256,3.038302,0,0.144070667,82196.5383,20.4849031
0,72.5196996,0.96589923,-1.49396393,0.0100098247,0.783599249,0.616438018,0.16716123,0.322967543,8.43229419,12.010094,0,0.144070667,11313.8025,6.33870112
0,0.5529867000000001,0.9955038287317641,-1.899900502275448,0.01733685035657244,0,0,0,-1.006311373175886e-36,40.1604065714906,0,0,0.1440706666666666,-3.179674199565383e+42,-6.174411336692703e+38
2,28.7249448,0.6301136161385514,-1.606079312991708,0.01276543960156349,-568.0994733304098,-663.8424986103793,95.74302527996952,-1.215368446410095e-07,14466.45812446619,-8437.408710983334,0,0.1440706666666666,-217723636100065.4,-42278397175.80328
0,7.65868,0.48128,-0.953128,0.0178179,0.00128102,0.00120731,7.37099e-05,0.918982,19.3908,0.0117204,0.00205165,0.144071,8.79199,3.23472
0,24.4704,0.728186,-1.00835,0.00834884,0.00551708,0.00521406,0.000303017,0.94194,29.2142,0.0765849,0.00889946,0.144071,26.2663,3.34957
0,1.2355419,0.637908357091,-1.54194418804,0.0106856808058,0.0078789841386,0.000565712759479,0.00731327137912,-0.00193515779015,25.5316044347,0.00727912934399,0,0.144070666667,-10588604.4983,-2054.91254444
0,7.1097,0.483481,-0.79285,0.0228434,0.000156392,0.00012055,3.58419e-05,0.920033,19.5014,0.00117563,0.000204219,0.144071,1.12709,2.9674
0,44.496827,0.7232766963,-1.806388082,0.01806763941,0.9992099555,0.6851404577,0.3140694978,0.001471070109,0.02305213678,9.995608932,0,0.1440706667,375613.1158,77.57210949
0,8.12293,0.514547,-0.963146,0.00988571,0.00261805,0.0024723,0.000145754,0.92292,20.7034,0.0256596,0.00420571,0.144071,10.6307,3.25485
1,0.34359,0.75172,-1.9492,0.010143,,,,,,,,,,
0,7.34341,0.844287,-0.765101,0.0128481,0.000218587,0.00015008,6.85066e-05,0.952506,34.0526,0.00255587,0.000254227,0.144071,1.33101,2.94824
0,7.26376,0.828926,-0.880116,0.0095339,0.00100637,0.00088497,0.0001214,0.95116,33.4067,0.0147969,0.00150106,0.144071,5.72909,3.13911
2,0.9025267,0.955858459388127,-1.942295956987424,0.01393898683749764,0.03970317584284688,0.03970317584284695,-6.245004513516506e-17,-1.376092555608373e-12,37.0300455928457,0.7654979036985713,0,0.1440706666666666,-3.695934374033639e+18,-717690482308682.5
0,6.85236,0.496003,-0.76794,0.0229617,0.000122092,8.71008e-05,3.49909e-05,0.921914,20.0072,0.000871428,0.000147536,0.144071,0.83798,2.92721
0,42.69912,0.2289698,-1.277736,0.02361723,0.05073524,0.04932712,0.001408122,0.8140028,8.768409,0.2278186,0.1001237,0.1440707,290.3341,3.793693
0,41.2914305,0.670127184,-1.802793252,0.02480444362,0.9976157142,0.7783382607,0.2192774534,0.005028653569,0.06445709405,10.52084896,0,0.1440706667,293378.5601,61.58720195
0,6.60777,0.606417,-0.707409,0.0230439,7.46976e-05,3.9891e-05,3.48066e-05,0.935228,24.4621,0.000487946,6.75577e-05,0.144071,0.464136,2.83625
0,73.990892,0.26193951,-1.3776941,0.02451701,0.12698769,0.099776761,0.027210928,0.7819925,9.225216,0.52717594,0.34826671,0.14407067,1148.1292,4.130865
0,31.95421,0.9258877,-1.140171,0.01574946,0.01560212,0.01453914,0.001062979,0.9464358,36.7692,0.2715328,0.02565083,0.1440707,178.8946,3.609607
0,7.76899,0.411871,-0.807246,0.0150592,0.000273021,0.000219976,5.30445e-05,0.907358,16.6111,0.00182752,0.000372702,0.144071,1.17117,2.98378
0,17.6764,0.746432,-1.01091,0.0198596,0.00240079,0.00226783,0.000132961,0.945217,30.0401,0.0341449,0.00386647,0.144071,27.8158,3.35537
2,1.3120233,0.8216631152437783,-1.832054796552464,0.009651123691733751,-732.6584734027981,-732.6584922493031,1.884650498595875e-05,-0.001752744505423903,24318.84225763541,-12142.84776068113,0,0.1440706666666666,-462452990107.4545,-89800865.59035796
1,0.30356,0.35111,-1.9966,0.013118,,,,,,,,,,
0,28.2976,0.795802,-1.03552,0.0228555,0.00285258,0.00269725,0.000155323,0.948058,32.0125,0.0432964,0.00460905,0.144071,40.5439,3.40182
0,23.022914,0.576503945,-1.65708095,0.0104601807,0.598943914,0.429125941,0.169817973,0.786949966,9.32744209,4.99013417,0,0.144070667,41742.327,12.4776233
0,7.7036,0.847064,-0.79098,0.0183247,0.000196575,0.000146706,4.98694e-05,0.952668,34.1654,0.00250662,0.000248535,0.144071,1.86169,2.99146
0,20.86285,0.5285609,-1.175776,0.0217774,0.01701742,0.01631594,0.000701479,0.9155272,20.96023,0.1739532,0.02930769,0.1440707,166.552,3.639142
0,12.6231,0.998059,-0.986532,0.0247312,0.0014381,0.00133412,0.000103981,0.958711,40.2056,0.0268582,0.00227016,0.144071,26.8373,3.32897
2,23.734595,0.59913848,-1.6748134,0.01642494,0.53427198,-0.018832093,0.55310407,9.5621503,11.256795,-0.22758884,0,0.14407067,5206.4285,5.2937182
0,13.89399,0.8937102,-1.107628,0.01760068,0.009244573,0.008697705,0.0005468687,0.9491221,35.72057,0.156793,0.01511133,0.1440707,114.0948,3.541372
0,7.13668,0.591692,-0.891458,0.0142868,0.000758492,0.000683146,7.53455e-05,0.933285,23.8518,0.00815332,0.00115878,0.144071,4.82261,3.14142
0,39.345445,0.80696911,-1.3274502,0.021744874,0.099413266,0.070435962,0.028977304,0.8842655,29.318222,1.1465065,0.20593961,0.14407067,1692.3456,4.2062346
0,12.870465,0.3051269261,-1.835989888,0.01167858831,0.4644856781,0.3737437332,0.09074194493,1.077484251,6.591842016,2.300274281,0,0.1440706667,214482.0064,46.28387315
0,14.215165,0.9314252,-1.4893938,0.0098601513,0.10888239,0.0014468083,0.10743559,2.7269903,33.484065,0.027182171,0,0.14407067,5017.4409,5.0697005
1,0.27023,0.94017,-1.9688,0.022022,,,,,,,,,,
0,45.477979,0.51397259,-1.3868733,0.010359699,0.30962583,0.2155746,0.094051229,0.71064615,14.314615,2.2349238,0.92733754,0.14407067,2205.7108,4.3789579
2,23.1322832,0.7211682065476,-1.84487157457,0.02335626669412,-0.8479439831149,-0.933157731418,0.08521374830306,-0.01316107682311,53.76263431662,-13.57427993823,0,0.1440706666667,-160520361.2605,-31169.06356062
0,0.6060418,0.87130721891,-1.9511120921,0.014029206838,0,0,0,-2.6236306256,35.150092998,0,0,0.14407066667,-2060733.2018,-398.44505213
0,7.80244,0.79193,-0.740196,0.019234,0.000117073,7.28142e-05,4.42591e-05,0.949599,31.9441,0.00116313,0.000123327,0.144071,0.90953,2.90369
0,6.32155,0.570143,-0.521601,0.0177099,4.82316e-05,4.77264e-06,4.34589e-05,0.931409,22.9995,5.48867e-05,8.08158e-06,0.144071,0.0402834,2.52477
0,5.97725,0.538239,-0.529426,0.00883776,9.69779e-05,1.05748e-05,8.64031e-05,0.927608,21.7114,0.000114808,1.79069e-05,0.144071,0.0422205,2.535
0,52.39456,0.5377851,-1.24762,0.01694571,0.05312022,0.04843728,0.00468294,0.8930414,20.54276,0.5254286,0.09477846,0.1440707,421.1083,3.808079
0,6.19303,0.372989,-0.689686,0.0103711,0.000140362,7.05903e-05,6.97718e-05,0.898778,15.0449,0.000531088,0.000119548,0.144071,0.236559,2.78385
0,6.17138,0.522935,-0.707155,0.0185811,9.14329e-05,4.93108e-05,4.21221e-05,0.925652,21.0942,0.000520134,8.35111e-05,0.144071,0.403059,2.82873
2,17.319843,0.79678146,-1.452344,0.011842357,-0.000231516,-0.0009666967,0.00073518069,2.654635,32.151032,-0.015536551,0,0.14407067,3074.9446,4.6302908
0,6.65978,0.333503,-0.676504,0.0157769,8.37189e-05,3.91777e-05,4.45412e-05,0.888178,13.453,0.00026355,6.6345e-05,0.144071,0.180712,2.75682
0,6.65683,0.314332,-0.526291,0.00857716,8.9426e-05,1.04662e-05,7.89598e-05,0.882161,12.6796,6.63596e-05,1.77226e-05,0.144071,0.0249039,2.50474
0,45.3728327,0.6993258701,-1.757182238,0.02487099793,0.8479730956,0.5873819039,0.2605911917,0.2662891772,4.288991771,8.285626028,0,0.1440706667,205197.7036,44.39993077
0,7.74868,0.488794,-0.942314,0.0150133,0.00133053,0.00124746,8.30704e-05,0.920085,19.6926,0.0122992,0.00211914,0.144071,7.7615,3.2173
0,36.157066,0.34174118,-1.3559984,0.01337724,0.19462438,0.1540732,0.040551177,0.76289125,11.103272,1.0620613,0.48304153,0.14407067,1071.9553,4.0908502
0,7.6281,0.842567,-0.660059,0.0116641,0.000113123,4.28998e-05,7.02233e-05,0.952482,33.9868,0.000729096,7.26505e-05,0.144071,0.344653,2.77358
1,187.9364,0.9436845,-1.274221,0.01677884,,,,,,,,,,
0,45.5848839,0.2713941551,-1.695034858,0.0231979159,0.8465568166,0.540071989,0.3064848276,-0.06185225391,1.679976692,2.956496123,0,0.1440706667,-155751.6773,-28.65193101
0,8.04143,0.370124,-0.76182,0.0115445,0.000224616,0.000160139,6.44771e-05,0.898022,14.9281,0.00119555,0.000271257,0.144071,0.593352,2.9033
0,17.389414,0.29695856,-1.5811579,0.011134061,0.34817316,0.021189544,0.32698362,1.38203,7.8087813,0.12692367,0,0.14407067,7504.0281,5.6650019
2,27.9386776,0.6763045423678752,-1.685903546950466,0.02012871670333735,-189439.5017369039,-189447.8657936249,8.364056720951339,-0.0009740015106889393,5168568.849300762,-2584384.882667076,0,0.1440706666666666,-27061829905961.67,-5254968240.661574
0,35.2933765,0.3156321596,-1.839444927,0.01573412736,0.9878286443,0.7414191893,0.246409455,0.02246051634,0.1549798967,4.720306938,0,0.1440706667,252885.7654,53.75317833
0,43.891248,0.60597413,-1.4467763,0.02208004,0.13955033,0.13009523,0.0094550946,1.5184795,21.034622,1.5901593,0,0.14407067,3274.2675,4.6666557
0,8.04657,0.59938,-0.925938,0.0234743,0.00070057,0.000646997,5.35732e-05,0.934116,24.1631,0.00782221,0.00109823,0.144071,7.60107,3.19982
2,8.6627736,0.605313486403731,-1.66601025896419,0.0121016249643076,0.926396127504307,-0.082348140524754,1.00874426802906,-5.58934122426026e-07,1.7973645867576,-1.00544731238966,0,0.144070666666667,-12701306977.176,-2466386.73119235
0,6.33073,0.504275,-0.589321,0.0117895,8.1425e-05,1.71094e-05,6.43155e-05,0.923121,20.3417,0.000174032,2.89726e-05,0.144071,0.0857926,2.63134
0,28.1858933,0.4788945921,-1.810273008,0.01879276457,0.9941658633,0.8479319476,0.1462339157,0.01160300275,0.1127124012,8.190795855,0,0.1440706667,244757.546,52.14395945
0,0.43965,0.21125,-1.0702,0.021783,0,0,0,4.8167,8.5221,0,0,0.14407,3.3147,3.3006
0,10.9258506,0.96840523296,-1.5173717276,0.023519081418,0.78477463349,0.0024607807091,0.78231385279,-0.0010010849085,8.4082525905,0.04806790693,0,0.14407066667,-4916269.6933,-953.42231943
2,0.9388772,0.825133695187,-1.79265924787,0.0218431350518,-0.000345061577472,-0.000345061577472,1.56667213924e-17,-0.0321626095394,33.2988565855,-0.00574309626883,0,0.144070666667,-20804410.7523,-4038.44033727
0,17.54574,0.4877308,-1.477958,0.01794993,0.04836121,0.008732188,0.03962902,-15.61888,18.72438,0.08590698,0,0.1440707,-422.9497,1.596917
0,108.628,0.6113003,-1.300939,0.02078557,0.07915042,0.06246087,0.01668955,0.8838235,22.70903,0.7701722,0.1532651,0.1440707,932.987,4.001671
0,6.14192,0.328989,-0.519962,0.00951748,8.09097e-05,8.69572e-06,7.2214e-05,0.88682,13.2709,5.77048e-05,1.47246e-05,0.144071,0.0239039,2.49631
0,46.3628819,0.9650527962,-1.810511657,0.01940511492,0.9225426692,0.5466423183,0.3759003509,0.1514352042,3.015565503,10.64092773,0,0.1440706667,503278.0565,102.3817266
2,17.1315009,0.4516065584,-1.764060747,0.01015837097,-0.5890648427,-0.7305977614,0.1415329186,3.099028696,28.95056378,-6.655240404,0,0.1440706667,130009.0603,29.78294541
0,7.56594,0.342248,-0.660408,0.0162183,7.43202e-05,3.09935e-05,4.33267e-05,0.890728,13.8059,0.000213962,5.24847e-05,0.144071,0.150381,2.73128
1,0.29079,0.62647,-1.8437,0.01435,,,,,,,,,,
0,32.48551,0.7946253,-1.429059,0.009907353,0.03948606,0.02077104,0.01871502,-27.0468,30.79082,0.3329246,0,0.1440707,-214.3176,1.623461
0,40.5993921,0.8858844745,-1.693772509,0.02330605454,0.6343719406,0.4358383032,0.1985336375,0.5915141297,13.06687613,7.788030724,0,0.1440706667,124637.7832,28.66747438
0,11.3115,0.85903,-0.975153,0.0132348,0.0023137,0.00215421,0.000159491,0.95192,34.5746,0.0373268,0.00366531,0.144071,20.0827,3.30138
0,6.4798,0.747816,-0.576867,0.0128946,7.50938e-05,1.33298e-05,6.1764e-05,0.946815,30.166,0.000201068,2.25736e-05,0.144071,0.105706,2.62961
0,42.1367097,0.429656299,-1.72405627,0.0200661431,0.668781731,0.0809154383,0.587866293,0.524359954,5.74104079,0.701257865,0,0.144070667,91146.6099,22.178236
0,21.104,0.290842,-1.09736,0.0125956,0.0109412,0.0106981,0.000243161,0.867131,11.6047,0.0627607,0.0185061,0.144071,35.5567,3.45594
0,17.0332732,0.851582517,-1.57917836,0.0235487485,0.000410156578,4.33139315e-05,0.000366842646,2.58593477,34.3402726,0.000744011267,0,0.144070667,17193.8049,7.58722148
0,51.723799,0.5685862,-1.4022093,0.012874622,0.27833353,0.27833062,2.9076989e-06,0.74015301,16.55343,3.192144,0.90866106,0.14407067,2982.2237,4.5605781
0,8.95504,0.318338,-0.995395,0.0125563,0.00304768,0.00293987,0.000107809,0.881631,12.8032,0.0188774,0.00501052,0.144071,10.4139,3.286
0,29.1916,0.546182,-1.06204,0.0227048,0.00395802,0.00380395,0.000154073,0.926113,21.9467,0.041908,0.00652245,0.144071,40.001,3.42754
2,13.647953,0.52363255,-1.4868024,0.015167776,0.42326676,-0.017808471,0.44107523,1.7367834,12.183071,-0.18809552,0,0.14407067,2772.5693,4.6007141
0,7.97491,0.686046,-0.925006,0.0189829,0.000860473,0.000790502,6.99702e-05,0.9418,27.6525,0.0109391,0.0013419,0.144071,8.52503,3.20496
0,7.57605,0.937714,-0.814707,0.0140934,0.000327937,0.000258663,6.92737e-05,0.95695,37.8166,0.00489249,0.000438295,0.144071,2.78237,3.03601
0,5.85031,0.686731,-0.585691,0.0127895,7.70214e-05,1.50531e-05,6.19683e-05,0.94236,27.7018,0.000208515,2.54906e-05,0.144071,0.109235,2.64013
2,1.5134313,0.871294501,-1.37010919,0.0169438812,0.0556804211,-0.00577973613,0.0614601573,-0.121601772,33.1924365,-0.101577649,0,0.144070667,-24099.2767,-3.3162129
0,17.96612,0.9872969,-1.110169,0.01143975,0.0147368,0.01377011,0.0009666879,0.9495808,39.24237,0.2742271,0.02402075,0.1440707,129.4385,3.553375
1,0.60547,0.45369,-1.9925,0.02479,,,,,,,,,,
0,32.5772193,0.2589115873,-1.812893596,0.01657475981,0.9955921057,0.7684520618,0.2271400439,0.007438446586,0.04604026611,4.013224342,0,0.1440706667,161290.6404,35.91723178
0,6.72557,0.610058,-0.624599,0.0174506,6.30877e-05,1.81851e-05,4.49026e-05,0.935597,24.6093,0.000223775,3.07944e-05,0.144071,0.161113,2.69901
0,49.659404,0.20361163,-1.4145215,0.019968667,0.2347123,0.17501216,0.059700135,0.68027977,6.2861172,0.71877999,0.68623023,0.14407067,1443.2819,4.2367619
0,60.51091,0.7274617,-1.195697,0.02359513,0.02064592,0.01911543,0.001530491,0.9320041,28.74121,0.2804913,0.03493796,0.1440707,289.764,3.711443
1,0.29257,0.49368,-1.9756,0.0099612,,,,,,,,,,
0,7.77031,0.439489,-0.951967,0.0199946,0.00112248,0.00106009,6.23924e-05,0.912124,17.7099,0.00939756,0.00180124,0.144071,7.97045,3.22836
0,6.51416,0.439062,-0.68378,0.0140868,0.00010171,4.81743e-05,5.35358e-05,0.912693,17.7108,0.000426645,8.15838e-05,0.144071,0.254195,2.78164
0,8.57378,0.829085,-0.741347,0.0103508,0.000220158,0.000137313,8.28446e-05,0.951679,33.4394,0.00229635,0.000232584,0.144071,0.964182,2.90785
0,15.659184,0.37761912,-1.5670388,0.020284296,0.67786786,0.013663065,0.66420479,0.84077535,4.9073067,0.10407042,0,0.14407067,6465.9041,5.4416453
0,44.73773,0.293044,-1.24829,0.02034128,0.04240687,0.04113475,0.001272119,0.848243,11.32059,0.2431458,0.07963958,0.1440707,246.4298,3.747298
0,13.155834,0.28478916,-1.4473884,0.020523436,0.45675364,0.31370993,0.14304371,1.0072213,6.2413056,1.8020917,0,0.14407067,1476.2281,4.2771862
0,7.48883,0.909362,-0.786837,0.022282,0.000155641,0.000114403,4.12382e-05,0.955786,36.6796,0.00209845,0.000193803,0.144071,1.88893,2.98807
0,19.6619,0.720069,-1.02139,0.0149394,0.00363605,0.00344558,0.000190466,0.942578,28.9432,0.0500451,0.0058809,0.144071,30.7498,3.37158
0,7.06225,0.465088,-0.643779,0.0221988,5.22011e-05,1.82889e-05,3.39122e-05,0.917202,18.7615,0.000171572,3.09702e-05,0.144071,0.160293,2.71793
0,19.89352,0.6532721,-1.166647,0.02413295,0.01389251,0.01318149,0.0007110155,0.9306543,25.98804,0.1736936,0.02352085,0.1440707,180.67,3.636935
2,31.5164091,0.890240148,-1.71534487,0.0183941314,-1.25879144,-5.13136664,3.8725752,6.16869664,81.1219676,-92.143646,0,0.144070667,97887.7559,23.482212
0,7.17753,0.362594,-0.678834,0.023411,5.79513e-05,2.72042e-05,3.07471e-05,0.896231,14.6268,0.000198968,4.60688e-05,0.144071,0.200629,2.76453
0,6.49177,0.80496,-0.675496,0.0157791,9.06595e-05,3.86667e-05,5.19928e-05,0.95039,32.4706,0.000627822,6.54821e-05,0.144071,0.402374,2.79698
0,7.27385,0.275973,-0.790641,0.0145033,0.000232068,0.000184561,4.75062e-05,0.867863,11.1307,0.00102738,0.000312659,0.144071,0.662895,2.93783
2,13.6474427,0.77690326831,-1.6336370568,0.013802967331,0.76823585108,-1.2082142943,1.9764501454,-0.0067986814834,7.2638751561,-18.933726024,0,0.14407066667,-2784353.5359,-539.29331778
0,23.9470115,0.557777472,-1.61949501,0.013352335,0.622828052,0.164193137,0.458634915,0.739449761,8.48702577,1.84731578,0,0.144070667,24942.3227,9.1512897
0,7.32538,0.992504,-0.779056,0.00850036,0.000379653,0.00027134,0.000108313,0.959185,40.0242,0.00543215,0.000459698,0.144071,1.85852,2.97945
0,7.72858,0.693493,-0.747393,0.0172278,0.000137873,8.9165e-05,4.87081e-05,0.94285,27.9729,0.00124727,0.000151025,0.144071,0.879856,2.90917
2,13.706286,0.58576512,-1.4982679,0.0180724,0.34626114,-0.020319396,0.36658053,1.92106,15.448381,-0.24008193,0,0.14407067,3682.7609,4.803511
0,23.7589,0.621445,-1.11312,0.0138192,0.0123895,0.0118712,0.000518232,0.928754,24.7596,0.148807,0.0206536,0.144071,86.7277,3.52746
0,18.1843,0.402626,-1.05332,0.0146073,0.00546032,0.00528716,0.000173167,0.902161,16.154,0.0429387,0.00906415,0.144071,27.0227,3.39615
2,61.5468146,0.832476072,-1.49709085,0.0207156424,-9.70196893,-21.0252413,11.3232723,-6.17432973,359.410377,-353.051384,0,0.144070667,-26258.2573,-3.61287879
0,6.16337,0.652363,-0.700623,0.0165381,9.98042e-05,5.09436e-05,4.88606e-05,0.939495,26.3149,0.000670354,8.62761e-05,0.144071,0.455533,2.8285
0,13.8621,0.982479,-0.971747,0.0207882,0.00142114,0.00131372,0.000107428,0.958109,39.5786,0.0260345,0.00223361,0.144071,21.8629,3.30268
0,5.68527,0.927559,-0.580272,0.00965445,0.000102557,1.86002e-05,8.39566e-05,0.956648,37.4156,0.000348004,3.14976e-05,0.144071,0.135563,2.64581
0,7.25355,0.879334,-0.905269,0.0151761,0.000855292,0.0007677,8.7592e-05,0.953894,35.4436,0.0136166,0.00130263,0.144071,8.37249,3.18427
0,5.25718,0.990605,-0.548658,0.0242603,3.8362e-05,4.93182e-06,3.34302e-05,0.959333,39.9612,9.85447e-05,8.35119e-06,0.144071,0.0961947,2.59656
0,1.7790816,0.974509824,-1.68724562,0.0223614755,0.0167148607,0.00194677572,0.0147680849,19.7925303,38.6563517,0.0382672553,0,0.144070667,10133.3427,6.29709472
0,5.62048,0.592603,-0.715441,0.0245257,7.42614e-05,4.15538e-05,3.27076e-05,0.933819,23.9049,0.000496707,7.03748e-05,0.144071,0.503617,2.84848
2,41.3396137,0.3478285554749,-1.86865567107,0.01783633088567,-6.067792608412,-6.33073015908,0.2629375506675,-0.03331770551549,99.17545388367,-44.41648699443,0,0.1440706666667,-158762678.3618,-30827.72571341
0,15.3645,0.636872,-1.0233,0.0151284,0.00366192,0.00348653,0.000175394,0.935822,25.5985,0.0447889,0.00595159,0.144071,28.0728,3.36829
0,7.59565,0.253027,-0.969275,0.0226365,0.00121611,0.0011687,4.74088e-05,0.856997,10.1951,0.00596479,0.00198713,0.144071,6.0994,3.23156
0,18.9848081,0.4875279589,-1.823232118,0.01535672563,0.5890902086,0.4943179541,0.09477225449,1.781252095,8.081671304,4.861061125,0,0.1440706667,135021.2952,30.81735519
1,0.28451,0.7892,-1.9849,0.024395,,,,,,,,,,
0,23.57048,0.5250602,-1.171378,0.009064847,0.03828039,0.03676765,0.001512741,0.9013138,20.37102,0.3894037,0.06654226,0.1440707,155.3932,3.629015
0,5.16811,0.932205,-0.527245,0.014233,6.30912e-05,6.3849e-06,5.67063e-05,0.95688,37.6044,0.000120058,1.08118e-05,0.144071,0.0689309,2.55802
0,9.38076,0.784657,-0.978927,0.0147003,0.00217546,0.00203541,0.000140054,0.947823,31.5856,0.0322149,0.00346377,0.144071,19.3409,3.30308
0,7.34455,0.841953,-0.938977,0.0128347,0.0015218,0.00139792,0.000123875,0.951535,33.9142,0.0237408,0.00237483,0.144071,12.3826,3.23886
0,51.94204,0.2093396,-1.211157,0.01571804,0.03623305,0.03479526,0.001437798,0.8114907,8.139143,0.1469253,0.06396789,0.1440707,114.9457,3.645447
0,6.87789,0.573344,-0.824818,0.0237608,0.000212281,0.000174702,3.75793e-05,0.931661,23.1248,0.0020204,0.000296025,0.144071,1.98997,3.02875
0,6.74278,0.536811,-0.76045,0.0208583,0.000125991,8.70906e-05,3.89005e-05,0.927411,21.6532,0.000943014,0.000147515,0.144071,0.818847,2.91853
0,96.0683017,0.897651953,-1.49036084,0.0127002743,0.523995546,0.341069281,0.182926265,0.558802973,17.2374954,6.17555162,2.85806215,0.144070667,12762.5528,6.62261299
0,58.0448,0.255191,-1.194627,0.00862201,0.05245483,0.05145184,0.001002987,0.8263502,9.754847,0.2648448,0.09430654,0.1440707,109.4067,3.625304
0,6.75119,0.808318,-0.707757,0.013711,0.000128117,6.73425e-05,6.07747e-05,0.950562,32.6048,0.00109799,0.000114052,0.144071,0.611381,2.85078
0,7.63111,0.614055,-0.920457,0.0162843,0.000945209,0.000869274,7.59353e-05,0.935422,24.7487,0.0107669,0.00147549,0.144071,7.24584,3.19181
0,56.372508,0.29581666,-1.47607,0.0089084837,0.55059248,0.55058942,3.0608214e-06,0.4820727,5.3631277,3.2853048,3.3912526,0.14407067,3830.9532,4.8121167
0,7.19726,0.604309,-0.915966,0.00916973,0.00158791,0.00145688,0.000131025,0.934045,24.3402,0.0177586,0.00247342,0.144071,6.73671,3.18348
0,5.47557,0.563963,-0.537454,0.0208151,4.20724e-05,4.97771e-06,3.70947e-05,0.930714,22.7503,5.66246e-05,8.42881e-06,0.144071,0.0488825,2.55056
2,15.7380772,0.6063167438443597,-1.722500304143539,0.01133828853239435,-5847.803317049447,-5847.863499111586,0.06018206213866506,-0.001601654695593227,143061.1609608588,-71519.08655269805,0,0.1440706666666666,-728873843359.7198,-141535472.2712487
0,44.2422,0.885592,-1.06052,0.0181898,0.00493829,0.00465514,0.000283151,0.951543,35.5499,0.0831556,0.00798433,0.144071,61.8465,3.45266
0,37.270296,0.86948979,-1.3313348,0.019477462,0.12186913,0.084611086,0.03725804,0.8720361,30.801999,1.483942,0.24167653,0.14407067,1895.1719,4.255321
0,6.02983,0.933141,-0.558801,0.00989803,9.55364e-05,1.37697e-05,8.17667e-05,0.956901,37.641,0.000259177,2.33174e-05,0.144071,0.103481,2.61045
0,31.6238,0.635015,-1.08463,0.0146703,0.00817534,0.00782644,0.000348893,0.932741,25.4082,0.100248,0.0134931,0.144071,61.4612,3.47637
0,7.2391,0.398763,-0.78493,0.0207812,0.000156926,0.0001197,3.72264e-05,0.904681,16.0843,0.000962794,0.00020277,0.144071,0.853924,2.94517
0,11.893923,0.3424892,-1.6116153,0.010429235,0.46138818,0.41811995,0.043268229,1.4976895,7.4417988,2.8885038,0,0.14407067,9758.6454,6.1467683
0,60.69119,0.9369728,-1.172797,0.01004296,0.03681665,0.03370277,0.003113882,0.9328641,36.40752,0.6369681,0.06116578,0.1440707,273.2626,3.682325
0,6.98655,0.798355,-0.66254,0.0111339,0.000119709,4.63976e-05,7.33109e-05,0.949982,32.2032,0.000747166,7.85744e-05,0.144071,0.338027,2.77506
0,7.12375,0.478342,-0.670878,0.021574,6.20926e-05,2.66528e-05,3.54398e-05,0.919304,19.296,0.000257162,4.5135e-05,0.144071,0.232964,2.76425
1,0.2893,0.83137,-1.9991,0.023952,,,,,,,,,,
0,41.908773,0.92010869,-1.3363671,0.022142491,0.11598951,0.079239611,0.036749901,0.87918952,32.813437,1.4706409,0.22678412,0.14407067,2136.2185,4.3133125
0,46.205235,0.5818301,-1.3816346,0.013699808,0.25896574,0.17716215,0.081803587,0.75500096,17.393606,2.079181,0.65561163,0.14407067,2358.5255,4.4068352
0,18.0785,0.933007,-0.987265,0.0120712,0.00296219,0.00275734,0.000204845,0.955028,37.5277,0.0518921,0.00469508,0.144071,25.3843,3.32656
0,33.555219,0.96293187,-1.327089,0.022466754,0.10632191,0.072929832,0.033392077,0.88683675,34.716172,1.4165305,0.19839991,0.14407067,1988.8741,4.2717503
0,7.87166,0.764569,-0.907238,0.0148012,0.000893,0.000807277,8.57234e-05,0.94739,30.8166,0.0124499,0.00136984,0.144071,7.51725,3.18053
0,7.4394,0.700315,-0.800006,0.00993211,0.000393965,0.000303901,9.00641e-05,0.943209,28.2408,0.0042929,0.000514914,0.144071,1.74535,2.99715
0,7.69435,0.798622,-0.890854,0.0158003,0.000688642,0.000612962,7.56801e-05,0.949629,32.1956,0.00987415,0.0010397,0.144071,6.34821,3.15524
0,38.764524,0.47654386,-1.3462277,0.01220075,0.20302609,0.15325534,0.049770751,0.78268182,15.321531,1.4731388,0.46715305,0.14407067,1271.7447,4.1286569
0,99.698848,0.43661132,-1.4770987,0.023598706,0.30776329,0.20172802,0.10603527,0.70039292,12.192837,1.7765866,1.2972219,0.14407067,6074.3921,5.2724705
0,7.8454,0.559076,-0.863019,0.0131297,0.00058971,0.000516138,7.35718e-05,0.9298,22.5408,0.00582052,0.000875056,0.144071,3.17475,3.09118
0,0.5694635,0.6731063229,-1.902493923,0.02349735108,0,0,0,-2.388777318,27.15431404,0,0,0.1440706667,-936369.6496,-180.1199824
2,15.9486,0.70637391,-1.4073218,0.017811947,0.33341917,-0.049130603,0.38254978,1.9641593,18.995146,-0.70002236,0,0.14407067,1377.0805,4.2142944
2,18.3458347,0.2918847621,-1.76208991,0.01098770246,-15.80979838,-16.11034858,0.3005502012,-3.478633619,197.9379617,-94.85091635,0,0.1440706667,-772090.8107,-148.3501895
0,120.32309,0.81062566,-1.2910113,0.020966094,0.073340826,0.05561979,0.017721035,0.90221328,30.303692,0.90944171,0.13375402,0.14407067,1073.6136,4.0262646
0,33.2002,0.79438,-1.02641,0.0156961,0.00370136,0.0034961,0.000205254,0.947422,31.9281,0.0560193,0.00596969,0.144071,35.9923,3.3857
0,35.961526,0.60878973,-1.4497486,0.010022482,0.14609386,0.11996069,0.026133164,1.5768078,20.971651,1.4730974,0,0.14407067,3266.0516,4.6679035
0,7.60411,0.491221,-0.65013,0.00842958,0.000142564,5.22535e-05,9.03102e-05,0.921201,19.8139,0.000517747,8.84903e-05,0.144071,0.182875,2.73106
2,42.705106,0.72503131,-1.546128,0.019374597,-3.2663744,-3.315218,0.048843579,17.602961,124.78745,-48.483507,0,0.14407067,6003.4549,5.3271214
0,5.81878,0.750102,-0.520347,0.0171846,5.10043e-05,4.83988e-06,4.61644e-05,0.946984,30.2589,7.32286e-05,8.19547e-06,0.144071,0.0512934,2.53593
0,7.06449,0.291454,-0.730086,0.014491,0.000131868,8.48823e-05,4.6986e-05,0.874053,11.7562,0.000499014,0.000143759,0.144071,0.319376,2.83969
0,5.76424,0.885705,-0.50047,0.0180537,4.80552e-05,3.56884e-06,4.44864e-05,0.954731,35.7292,6.3759e-05,6.04319e-06,0.144071,0.0465384,2.51105
0,7.31097,0.855413,-0.826345,0.0196529,0.000265431,0.000215392,5.00399e-05,0.953063,34.4997,0.00371646,0.000364991,0.144071,2.95965,3.05086
1,0.28295,0.96156,-1.9969,0.022522,,,,,,,,,,
2,21.3531704,0.8987833051162,-1.629559493432,0.01242038278317,-88.86261082257,-88.9278059431,0.06519512053087,-0.04108492487745,3258.285945976,-1612.195648772,0,0.1440706666667,-196128602.3437,-38083.83177829
0,12.4615,0.758283,-0.988479,0.0119746,0.00300447,0.00282236,0.000182114,0.945614,30.4986,0.0431687,0.00480728,0.144071,21.1624,3.31761
0,18.4926,0.942701,-1.09157,0.013114,0.0101513,0.00953491,0.000616347,0.950753,37.6442,0.181307,0.0165023,0.144071,97.6668,3.51414
0,7.646,0.23483,-0.90686,0.013266,0.00095414,0.00089629,5.7846e-05,0.84781,9.4643,0.0042454,0.0015209,0.14407,2.5672,3.124
0,36.759957,0.76943031,-1.4413287,0.011329778,0.1085991,0.079806155,0.028792946,2.1277533,27.669259,1.2385994,0,0.14407067,2865.9951,4.5750851
0,45.396539,0.52575167,-1.4208882,0.018638367,0.13585526,0.060015228,0.075840032,1.4546785,18.328306,0.6364544,0,0.14407067,2135.6407,4.3977075
0,7.56995,0.565916,-0.821955,0.0124556,0.000392299,0.000321212,7.10871e-05,0.930712,22.8211,0.00366665,0.000544319,0.144071,1.89486,3.02335
0,9.7818251,0.641033492743,-1.60693532557,0.016101038732,0.432184207248,0.302941329506,0.129242877742,-0.0025229596976,14.6839654763,3.91709783399,0,0.144070666667,-10763650.3822,-2088.83946601
0,50.941996,0.60630999,-1.3835553,0.013454269,0.27028021,0.19075602,0.07952419,0.74844411,17.848676,2.3329108,0.68425132,0.14407067,2502.4172,4.4397403
2,18.684449,0.56554559,-1.5455061,0.012960375,-2.0095769,-2.013963,0.0043861033,11.022962,68.663863,-22.974405,0,0.14407067,5233.3126,5.169896
0,16.60104,0.9973336,-1.112239,0.01720174,0.01009637,0.009421392,0.0006749733,0.9530165,39.828,0.1895312,0.01640508,0.1440707,134.4238,3.558355
0,8.89939,0.706227,-0.93028,0.0200711,0.00086897,0.000799926,6.90436e-05,0.943349,28.4657,0.0113951,0.00135811,0.144071,9.37545,3.21529
0,6.79087,0.898037,-0.645317,0.0220496,5.59532e-05,1.87796e-05,3.71736e-05,0.955319,36.2264,0.000340178,3.18017e-05,0.144071,0.303086,2.75223
0,33.2625026,0.5436539529,-1.859190332,0.01973584808,0.4574476675,0.08131072629,0.3761369412,1.073073541,11.89924348,0.891652355,0,0.1440706667,523729.8033,106.4038494
0,25.7912,0.378825,-1.05489,0.00941143,0.00862702,0.00836629,0.000260733,0.894838,15.1506,0.0639288,0.0143544,0.144071,26.0714,3.39569
0,6.29388,0.429218,-0.5822,0.0114689,8.0165e-05,1.60506e-05,6.41144e-05,0.910884,17.3141,0.000138961,2.71793e-05,0.144071,0.0675358,2.61192
2,11.0601131,0.917054244,-1.67298887,0.0091019198,-0.000101381851,-0.000113007265,1.1625414e-05,4.55411118,36.9993606,-0.00209038634,0,0.144070667,35098.8779,11.1945742
0,17.38126,0.835138,-1.143403,0.02042881,0.01245606,0.01169128,0.0007647785,0.944038,33.27131,0.1969452,0.02061378,0.1440707,169.1681,3.608079
0,7.26367,0.893453,-0.860819,0.0154749,0.000496967,0.000425736,7.12308e-05,0.954814,36.0256,0.0076725,0.000721758,0.144071,4.80341,3.11058
0,6.48849,0.722991,-0.69835,0.00913152,0.000179183,8.96054e-05,8.95773e-05,0.945024,29.1615,0.00130675,0.000151758,0.144071,0.487416,2.82971
0,37.856793,0.38754607,-1.3562822,0.016540512,0.16227264,0.12431089,0.037961748,0.7957412,13.097283,0.97175703,0.39208986,0.14407067,1216.6937,4.1257476
0,1.7327194,0.613758294,-1.88989442,0.0136232002,0.53098718,0.530987127,5.26648541e-08,-25.070229,11.6128082,6.57364939,0,0.144070667,-32454.6894,-4.4342079
2,16.3220544,0.863932274,-1.51198141,0.020011182,-0.00212824901,-0.00232329535,0.00019504634,-0.482433073,34.9267495,-0.0404864122,0,0.144070667,-39541.4317,-6.19839953
0,39.96715,0.8850909,-1.143947,0.01260547,0.02032364,0.01899014,0.001333495,0.9414379,34.98047,0.3390324,0.03364153,0.1440707,179.5999,3.613723
0,7.59894,0.386201,-0.718327,0.013413,0.000134055,7.88482e-05,5.52072e-05,0.901902,15.5779,0.000614228,0.000133538,0.144071,0.352632,2.83303
0,6.30114,0.627355,-0.692763,0.0205215,7.61635e-05,3.71133e-05,3.90502e-05,0.937252,25.3067,0.000469644,6.28523e-05,0.144071,0.396959,2.81355
0,16.3650567,0.578578522,-1.59928261,0.0121435111,0.000381179994,0.000375186779,5.99321447e-06,2.61717518,23.3319963,0.0043785973,0,0.144070667,14943.6046,7.16316614
0,6.21423,0.448425,-0.677255,0.0090984,0.000151319,6.85896e-05,8.27298e-05,0.914327,18.0875,0.000620403,0.000116159,0.144071,0.238305,2.7718
0,31.356459,0.64568812,-1.4970586,0.017186076,0.81057429,0.51409012,0.29648417,0.38825459,4.9342014,6.6955649,0,0.14407067,5730.408,5.2226389
0,39.52686,0.2749795,-1.303586,0.01016343,0.1531049,0.1420578,0.01104708,0.7712782,9.394747,0.7879352,0.3242879,0.1440707,457.5963,3.8754
0,7.45408,0.674953,-0.916459,0.015545,0.000946269,0.000865109,8.11602e-05,0.940853,27.2031,0.011778,0.0014683,0.144071,7.52208,3.18979
0,39.21894,0.3638509,-1.220346,0.01458716,0.04276039,0.04119106,0.001569328,0.8696089,14.05074,0.3023094,0.07756251,0.1440707,208.37,3.703343
2,46.6326223,0.5604296416,-1.77846907,0.0173270577,-13.22404046,-13.67181049,0.4477700215,-49.36006115,321.5875616,-154.5511702,0,0.1440706667,-109104.2812,-19.49203936
2,5.8082786,0.32774904,-1.6038757,0.011605838,0.04310167,-0.01531383,0.0584155,3.8752632,12.652093,-0.1012396,0,0.14407067,5805.2329,5.3446524
0,61.126142,0.31870633,-1.4761699,0.011851371,0.45598877,0.45598623,2.5336622e-06,0.56503674,6.9944526,2.9313495,2.5524245,0.14407067,4268.1125,4.9026581
0,6.55317,0.379921,-0.568332,0.0158364,5.48965e-05,9.72749e-06,4.5169e-05,0.900493,15.3258,7.4545e-05,1.64717e-05,0.144071,0.0506031,2.58322
0,51.71836,0.970108,-1.203854,0.01608996,0.03507916,0.0306828,0.004396367,0.9352981,37.76304,0.6003993,0.0568941,0.1440707,421.2854,3.764369
0,16.34349,0.678453,-1.14062,0.01084106,0.02225638,0.02119306,0.001063325,0.9273157,26.76085,0.290027,0.03748042,0.1440707,133.6552,3.586292
0,43.6942,0.548483,-1.08599,0.0154507,0.00786206,0.00756511,0.000296955,0.923886,21.9528,0.0836958,0.0130375,0.144071,54.5571,3.47027
0,6.68615,0.520132,-0.713274,0.0207106,8.58892e-05,4.78577e-05,3.80315e-05,0.925285,20.9813,0.0005021,8.10506e-05,0.144071,0.433852,2.83864
0,46.517634,0.62069608,-1.3448412,0.022976653,0.11660498,0.083223046,0.033381937,0.85922869,22.120203,1.0419522,0.24368274,0.14407067,1642.9684,4.2125159
2,12.413735,0.48030657,-1.4308643,0.021901224,0.28321556,-0.010770424,0.29398598,2.589364,13.888721,-0.10434616,0,0.14407067,1033.4591,4.1563616
0,13.2775,0.778501,-0.99893,0.0214857,0.00191236,0.00179907,0.000113292,0.947612,31.3461,0.0282509,0.00306418,0.144071,24.823,3.33697
0,6.95249,0.90715,-0.656727,0.0146117,8.9204e-05,3.28114e-05,5.63925e-05,0.955726,36.5928,0.000600385,5.55652e-05,0.144071,0.354326,2.77167
0,12.62213,0.8643866,-1.472784,0.02350566,0.01587294,0.001484271,0.01438866,15.66055,34.3174,0.02587894,0,0.1440707,723.395,4.119743
0,14.04426,0.7216584,-1.119649,0.0245426,0.007641695,0.007267852,0.000373843,0.9400953,28.89052,0.1057945,0.0126464,0.1440707,108.7197,3.549869
0,23.3914581,0.59961673,-1.67933613,0.0161760904,0.236854099,0.173614421,0.0632396779,2.43718671,18.4602035,2.09983277,0,0.144070667,35502.4375,11.2798736
0,47.574185,0.60183868,-1.3125439,0.011883832,0.14930736,0.11610995,0.033197413,0.8351468,20.654179,1.4095312,0.31116155,0.14407067,1042.3771,4.0402144
0,7.51153,0.460863,-0.864543,0.018258,0.000428587,0.000378532,5.0055e-05,0.916268,18.5841,0.00351884,0.000641713,0.144071,2.70863,3.08446
0,7.56898,0.631034,-0.903717,0.0200679,0.000626896,0.000569194,5.77015e-05,0.93724,25.4411,0.007245,0.000965652,0.144071,5.99575,3.1651
0,36.1809513,0.6734984503,-1.881847353,0.02201024663,0.9478586115,0.5950670112,0.3527916003,0.1351704187,1.416688468,8.084024968,0,0.1440706667,662218.1664,133.3307546
0,24.04595,0.5657578,-1.170914,0.01934085,0.01808622,0.01729562,0.0007905972,0.9193067,22.41089,0.1973749,0.03100224,0.1440707,166.6113,3.63431
0,0.514203,0.86239142,-1.7593979,0.016148163,0,0,0,45.604994,34.790414,0,0,0.14407067,9999.4965,6.3425731
0,16.00224,0.8152041,-1.130823,0.01397175,0.01547864,0.01459915,0.0008794878,0.9409597,32.37775,0.2400597,0.02564324,0.1440707,140.5196,3.580402
0,48.113498,0.85183896,-1.3412586,0.010191315,0.24095231,0.16706503,0.073887279,0.78631291,26.084453,2.8705706,0.52468158,0.14407067,2021.8536,4.293169
0,37.0258438,0.645794618,-1.66798113,0.0182646662,0.595270398,0.396606303,0.198664096,1.59232599,10.5442224,5.16629503,0,0.144070667,26825.6238,9.56922255
0,35.8891,0.38757,-1.195672,0.01303466,0.03555789,0.03446618,0.001091714,0.8797416,15.07931,0.269444,0.06322367,0.1440707,161.0064,3.656222
1,0.33456,0.9673,-1.7277,0.016203,,,,,,,,,,
2,1.2106491,0.4997973970005291,-1.75021045213375,0.01876842039809919,0.5366129656063559,0.536612965606356,-1.110223024625157e-16,-1.039411529679462e-06,9.343143821739071,5.409788947624117,0,0.1440706666666666,-104709135642.0867,-20332814.09094902
0,57.1190935,0.488833838,-1.68532012,0.0204645559,0.802294831,0.541582889,0.260711941,0.266048897,3.89883138,5.34012431,21.699623,0.144070667,74176.2428,18.8335438
1,0.26342,0.7566,-1.9832,0.024315,,,,,,,,,,
0,11.0216,0.274453,-1.05025,0.0249689,0.00305258,0.00297763,7.49536e-05,0.865494,11.0381,0.016484,0.00509748,0.144071,18.5022,3.37196
0,17.9523,0.780307,-0.999944,0.0105436,0.0039441,0.00371095,0.000233147,0.946407,31.3548,0.0584085,0.00632604,0.144071,25.1875,3.3388
0,23.50775,0.5083223,-1.1728,0.01546717,0.02296611,0.02207827,0.0008878357,0.909013,20.03567,0.2263755,0.03971694,0.1440707,154.3327,3.629878
0,6.41026,0.676017,-0.770116,0.0134375,0.000216609,0.000153044,6.35649e-05,0.941411,27.2658,0.00208689,0.000259252,0.144071,1.15005,2.94571
1,0.68524,0.61455,-1.9567,0.021949,,,,,,,,,,
0,4.84892,0.982724,-0.51324,0.0127305,6.94925e-05,5.96318e-06,6.35293e-05,0.959,39.6421,0.000118205,1.00977e-05,0.144071,0.0605679,2.53736
0,45.912367,0.81057501,-1.3514161,0.016292062,0.16345075,0.11201992,0.051430827,0.84161429,27.3552,1.8315283,0.37394932,0.14407067,2257.111,4.3546654
2,0.849418,0.683623268,-1.75133571,0.021177652,0.178741951,-0.0225228846,0.201264835,10.8738433,22.6491361,-0.31057466,0,0.144070667,24616.4168,9.21916896
0,8.5297,0.20279,-0.97927,0.024746,0.0063522,0.0012092,0.005143,0.82704,8.129,0.0049463,0.0020666,0.14407,5.7295,3.2383
0,13.049408,0.610431036,-1.64262458,0.0244144634,0.00984721125,0.00904119229,0.000806018959,2.8641843,24.3833845,0.111323662,0,0.144070667,24900.6185,9.16623501
0,42.86474,0.9457666,-1.210875,0.02438372,0.02548798,0.02209726,0.003390723,0.9406759,37.18145,0.4215485,0.0410853,0.1440707,451.3466,3.780768
0,18.8517,0.493861,-1.04992,0.0187783,0.0110778,0.00391169,0.00716614,0.918523,19.7025,0.0389668,0.00674962,0.144071,30.9888,3.40056
