Error,time,CO2share,E_appl,v,X_tot,X_het,X_hom,FE,CO2_out,CO_out,H2_out,delP,CD,Vcell
1,1.4635,0.55062,-1.9336,0.011244,,,,,,,,,,
0,2.7967041,0.9126148165187249,-1.844797116605368,0.01448145179737769,0.9736059368076787,0.9606002509755087,0.01300568583216999,-2.817537078715624e-07,0.9717374348714642,17.6829769827063,0,0.1440706666666666,-135395723080.2019,-26291651.34542531
0,51.13707,0.6023049,-1.185671,0.01888472,0.0223273,0.02117593,0.001151367,0.9204283,23.75555,0.257267,0.03837749,0.1440707,213.206,3.670786
0,45.85026,0.6362524,-1.162881,0.01075861,0.02941644,0.02800074,0.001415706,0.9190519,24.91251,0.3593553,0.05026917,0.1440707,167.0986,3.626522
0,7.20322,0.956451,-0.813399,0.0242899,0.000187829,0.000147594,4.02351e-05,0.957845,38.5777,0.00284745,0.000250073,0.144071,2.7885,3.03482
0,23.318,0.341941,-1.07935,0.0130398,0.00846078,0.00823906,0.000221728,0.885394,13.6778,0.0568269,0.0141842,0.144071,32.5683,3.43284
0,38.98256,0.2707368,-1.288711,0.02471908,0.05545325,0.05285991,0.002593347,0.8312004,10.31635,0.2886681,0.110144,0.1440707,385.1684,3.837607
0,53.25581,0.9819990897,-1.807802032,0.02344970651,0.8114367915,0.2426989606,0.568737831,0.3292572103,7.470044872,4.807332619,91.32208965,0.1440706667,553781.5678,112.1908929
2,70.7477414,0.354647742,-1.57081243,0.0196892294,-29.3702347,-29.5173088,0.147074194,-15.7513512,434.510738,-211.153911,0,0.144070667,-32077.4355,-4.67943254
2,13.29197,0.88914673,-1.4872209,0.010955512,0.045074801,-0.0073716897,0.05244649,-3.6276834,34.252948,-0.13221041,0,0.14407067,-3752.104,0.84755407
0,25.5453,0.871899,-1.02714,0.0244444,0.00240946,0.00226675,0.00014271,0.952512,35.0892,0.0398652,0.00386933,0.144071,39.7151,3.39221
0,7.56962,0.906479,-0.949567,0.0140523,0.00158893,0.00146229,0.000126641,0.954719,36.5109,0.0267372,0.00248514,0.144071,15.2223,3.26061
0,7.22471,0.640075,-0.937739,0.0177216,0.00107464,0.000996746,7.78929e-05,0.937778,25.794,0.0128689,0.00169283,0.144071,9.40528,3.22292
0,58.24504,0.9271643,-1.230233,0.01626916,0.04822721,0.04050406,0.00772315,0.9247238,35.5996,0.7574962,0.07896039,0.1440707,563.6958,3.833364
0,38.08628,0.855937,-1.214907,0.01307064,0.04858496,0.04283024,0.005754721,0.9210766,32.85239,0.7394648,0.0807204,0.1440707,428.9323,3.777831
0,147.0261,0.809409,-1.284713,0.02476911,0.05870819,0.04504027,0.01366792,0.9119722,30.73601,0.7353501,0.1044191,0.1440707,993.5583,4.000439
0,58.3537403,0.318215115,-1.56938581,0.0129754832,0.578406593,0.365734445,0.212672148,0.535448677,5.41214946,2.34753371,0,0.144070667,11540.1251,6.45908888
2,4.1191866,0.782427927,-1.68081254,0.00846155316,0.627822566,-0.00113141429,0.628953981,3.03453203,11.7476107,-0.0178562877,0,0.144070667,18492.8743,7.94485637
0,45.3896532,0.415855317,-1.64759259,0.0158660542,0.861723683,0.598420489,0.263303194,0.18970454,2.31977161,5.01965517,17.2394979,0.144070667,38123.9927,11.7608541
0,6.24452,0.332993,-0.806065,0.0193888,0.000206877,0.000168291,3.85856e-05,0.887949,13.4308,0.00113037,0.000285119,0.144071,0.953077,2.97197
2,7.462649,0.8659573,-1.406588,0.01451278,-0.01768301,-0.02064188,0.002958865,11.37965,35.55201,-0.3605545,0,0.1440707,440.6903,3.973184
2,19.3428987,0.96584261892,-1.6495455849,0.015039958716,-0.5192731502,-0.65603572785,0.13676257765,-0.095170468939,59.196685964,-12.780829095,0,0.14407066667,-1988477.808,-384.71395967
0,51.24214,0.742128,-1.248303,0.02261277,0.04216228,0.03578928,0.006373,0.9187629,28.67649,0.5357436,0.07165176,0.1440707,576.422,3.855053
0,5.90406,0.259059,-0.501189,0.0142179,4.89646e-05,4.57417e-06,4.43905e-05,0.860559,10.4504,2.39021e-05,7.74475e-06,0.144071,0.0152416,2.45441
0,42.55438,0.3058864,-1.183441,0.01455974,0.02738443,0.02675942,0.0006250041,0.8622942,12.00208,0.1651057,0.04837197,0.1440707,111.7341,3.615651
0,56.94654,0.9818069,-1.298642,0.023851509,0.071065988,0.051199413,0.019866575,0.91176002,36.793077,1.0139493,0.12968087,0.14407067,1422.7044,4.1161488
2,20.9457476,0.3818008258,-1.7004414246,0.024426814713,-4.1136723379,-4.285737463,0.17206512517,-0.46848628795,78.763485463,-33.005597354,0,0.14407066667,-1033411.4994,-199.17105432
0,6.98314,0.655119,-0.897837,0.0158526,0.000740391,0.000668156,7.22345e-05,0.939321,26.4091,0.00882924,0.0011335,0.144071,5.75835,3.1571
0,7.47198,0.270343,-0.622061,0.0179942,5.315e-05,1.70705e-05,3.60795e-05,0.865594,10.9056,9.30865e-05,2.89059e-05,0.144071,0.0746948,2.65696
0,5.31073,0.989683,-0.572951,0.0246624,3.96064e-05,6.62802e-06,3.29783e-05,0.959296,39.924,0.000132314,1.12235e-05,0.144071,0.131306,2.63685
0,32.7659389,0.431926103,-1.70710413,0.0122021615,0.862157722,0.594389573,0.267768149,0.234054808,2.4018565,5.17852174,0,0.144070667,68713.5305,17.7906271
0,0.32486,0.20597,-0.9941,0.012119,0,0,0,6.0984,8.3091,0,0,0.14407,0.96098,3.1604
0,45.841857,0.47632965,-1.4096107,0.021778911,0.18465063,0.18464916,1.469949e-06,0.79638616,15.667746,1.7741083,0.59072892,0.14407067,2884.9915,4.5473953
0,75.877639,0.4276224,-1.4753595,0.009451005,0.57708418,0.40383797,0.17324621,0.48064868,7.2957432,3.4833152,3.167543,0.14407067,5179.402,5.0887488
0,41.4783,0.805608,-1.05205,0.00877042,0.00914093,0.00865232,0.000488605,0.944548,32.2026,0.140599,0.0148521,0.144071,50.6188,3.43171
0,5.59642,0.888748,-0.597973,0.00927918,0.00011165,2.42927e-05,8.73573e-05,0.954837,35.8497,0.000435491,4.11376e-05,0.144071,0.163359,2.6731
2,40.5408854,0.464487133226,-1.70527139543,0.0150811176554,0.215844842022,-0.432117546368,0.647962388391,-0.00171298561801,14.6936894804,-4.04856167861,0,0.144070666667,-56100420.8046,-10892.4911068
0,37.048661,0.32419018,-1.362942,0.017540885,0.15912987,0.12449606,0.034633814,0.78215707,10.997246,0.81410537,0.40274868,0.14407067,1132.1733,4.1122955
2,1.2381,0.66852158883,-1.81543509,0.023827479233,-0.62861432241,-0.62908035185,0.00046602943671,-0.98600520852,43.922682152,-8.4829465031,0,0.14407066667,-1199335.8665,-231.28353132
0,32.2663,0.377086,-1.10239,0.023414,0.00631927,0.00614723,0.00017204,0.89588,15.1162,0.0467568,0.0106206,0.144071,47.825,3.47859
0,13.54698,0.7139277,-1.130718,0.01037976,0.0205995,0.01958755,0.001011948,0.9311075,28.20783,0.2820717,0.03447071,0.1440707,123.5506,3.570389
0,101.198118,0.542202922,-1.52273015,0.00876420141,0.747245727,0.500089664,0.247156062,0.32553212,5.52860455,5.46933976,6.276866,0.144070667,10649.1321,6.23528818
0,8.43701,0.999549,-0.963059,0.0225998,0.0011734,0.00108092,9.24823e-05,0.958942,40.2763,0.0217932,0.00183762,0.144071,19.8818,3.28873
1,0.28191,0.28596,-1.9997,0.013354,,,,,,,,,,
0,34.7213438,0.5301001149,-1.760182082,0.01589486293,0.4447822639,0.1918673466,0.2529149174,0.9912650717,11.87343545,2.051559601,0,0.1440706667,158595.8649,35.34037285
0,5.85211,0.796536,-0.511937,0.0216997,4.02268e-05,3.4404e-06,3.67864e-05,0.949925,32.1324,5.52764e-05,5.82569e-06,0.144071,0.0487408,2.5249
1,0.41716,0.64892,-1.794,0.0099516,,,,,,,,,,
0,7.38415,0.321946,-0.7592,0.0123724,0.000202053,0.000144484,5.75689e-05,0.884555,12.9852,0.000938269,0.000244732,0.144071,0.506649,2.89255
0,37.49765,0.7777432,-1.14159,0.008972571,0.02734746,0.02582631,0.00152115,0.9309636,30.51751,0.4051573,0.04585294,0.1440707,153.7227,3.598346
0,16.5009383,0.2578044177,-1.848401023,0.01371253741,0.4002208538,0.2649942546,0.1352265992,1.168839781,6.237878091,1.378008777,0,0.1440706667,219437.9554,47.25982292
0,35.9885,0.453551,-1.0637,0.00999626,0.00911327,0.00880674,0.000306525,0.909516,18.1303,0.0805688,0.0151339,0.144071,34.3732,3.42032
0,7.79948,0.776197,-0.937507,0.0191702,0.000997635,0.000918707,7.89286e-05,0.948061,31.2819,0.0143838,0.00156024,0.144071,11.2489,3.23224
0,33.081,0.986663,-1.01196,0.0126992,0.00385006,0.00359269,0.000257371,0.956691,39.6505,0.0715013,0.00612894,0.144071,36.7686,3.37251
0,7.3297,0.471377,-0.878895,0.0202215,0.000458139,0.000410881,4.72584e-05,0.917958,19.0075,0.00390669,0.000696695,0.144071,3.32503,3.10946
0,6.65042,0.632146,-0.653489,0.00969549,0.000129477,4.74338e-05,8.20435e-05,0.937663,25.4986,0.000604826,8.03284e-05,0.144071,0.241405,2.74869
0,6.51316,0.695987,-0.644358,0.0210403,5.74537e-05,1.94397e-05,3.8014e-05,0.943095,28.0758,0.000272908,3.29195e-05,0.144071,0.235027,2.73819
2,18.3936284,0.523424278,-1.66560928,0.0174123857,-5.09912318,-5.1268262,0.0277030219,20.4288809,128.788307,-54.128704,0,0.144070667,24772.3866,9.16405387
0,30.9911,0.394799,-1.09474,0.0239203,0.00562414,0.00546358,0.000160561,0.90037,15.8373,0.0435089,0.00942226,0.144071,45.1875,3.46751
0,6.4582,0.586487,-0.600784,0.0202528,4.99101e-05,1.15397e-05,3.83704e-05,0.933191,23.6588,0.000136515,1.95409e-05,0.144071,0.114364,2.65758
0,0.5947038,0.9280192536571816,-1.898580009580564,0.01948839231206833,0,0,0,-8.501943848014624e-42,37.43795800416343,0,0,0.1440706666666666,-3.449407685953431e+47,-6.698189998188163e+43
0,7.55533,0.496458,-0.941603,0.0124612,0.00158955,0.00148912,0.000100424,0.921045,19.9962,0.0149121,0.00252992,0.144071,7.80139,3.21686
0,38.8689312,0.9465021328,-1.778215499,0.01684366457,0.9781462571,0.7363549851,0.241791272,0.04263868046,0.8344543677,14.05833858,0,0.1440706667,326664.9535,68.03182379
0,0.5003756,0.4631488509727868,-1.923311096199266,0.01130851745805825,0,0,0,-1.390328207589322e-88,18.68425376312402,0,0,0.1440706666666666,-1.446338862974654e+94,-2.808555377614028e+90
0,59.97086,0.2123899,-1.225926,0.01633973,0.0406332,0.0399284,0.0007048047,0.8103838,8.220036,0.171057,0.07438845,0.1440707,140.5305,3.675511
0,6.51282,0.442581,-0.602753,0.0164163,5.97634e-05,1.46013e-05,4.51621e-05,0.913353,17.8535,0.000130349,2.47251e-05,0.144071,0.0904346,2.64748
0,65.47719,0.6861014,-1.274441,0.01972111,0.06432653,0.05247535,0.01185118,0.9000167,25.89809,0.726221,0.1149366,0.1440707,743.437,3.926697
0,6.92495,0.697901,-0.780376,0.02307,0.000139379,0.0001017,3.76793e-05,0.943189,28.1507,0.00143166,0.000172276,0.144071,1.35207,2.96433
0,51.20996,0.3759235,-1.221059,0.02188644,0.02885371,0.02785583,0.0009978818,0.8813243,14.72785,0.2112228,0.05217037,0.1440707,217.4903,3.708028
0,5.79456,0.628373,-0.621896,0.0147669,7.40139e-05,2.07565e-05,5.32574e-05,0.937348,25.3478,0.000263085,3.51489e-05,0.144071,0.159985,2.69595
0,8.24219,0.616531,-0.964149,0.0153759,0.00171467,0.00161074,0.00010393,0.935168,24.8293,0.0200312,0.00273906,0.144071,12.7455,3.26559
0,14.46017,0.5586634,-1.135855,0.0150055,0.01509458,0.01450993,0.0005846472,0.9204311,22.19729,0.1635087,0.02547068,0.1440707,105.0599,3.563605
0,6.76041,0.349303,-0.618864,0.0195601,5.11216e-05,1.5072e-05,3.60496e-05,0.892712,14.0908,0.000106194,2.55222e-05,0.144071,0.0898154,2.66324
0,22.167,0.291752,-1.08303,0.0128029,0.00900072,0.0087934,0.000207317,0.868677,11.6638,0.0517482,0.0151465,0.144071,29.6783,3.43119
0,7.74615,0.351104,-0.952692,0.0222215,0.00101324,0.000962811,5.04283e-05,0.892601,14.1498,0.00681872,0.00163589,0.144071,6.56838,3.21887
0,6.12151,0.889833,-0.687015,0.0148725,0.000103526,4.75643e-05,5.5962e-05,0.954895,35.8937,0.000853718,8.0552e-05,0.144071,0.513289,2.82103
0,22.0779,0.239141,-1.1115,0.0241867,0.00679251,0.0066665,0.000126011,0.846578,9.58184,0.0321571,0.0115573,0.144071,36.0622,3.47091
0,7.88645,0.536139,-0.945651,0.0151986,0.00137334,0.00128604,8.72964e-05,0.92653,21.5991,0.0139078,0.00218497,0.144071,8.82395,3.22744
0,6.8427,0.386583,-0.736569,0.0223228,9.31498e-05,5.98857e-05,3.32641e-05,0.902015,15.594,0.000466972,0.000101425,0.144071,0.446146,2.86337
0,27.8254343,0.6100541872,-1.748595584,0.008705375435,0.8535811239,0.5739321955,0.2796489283,0.292726026,3.603467815,7.062430233,0,0.1440706667,140452.6455,31.79942517
0,7.6037,0.585247,-0.889648,0.00841948,0.00125883,0.00113234,0.000126499,0.932284,23.5802,0.0133672,0.00192113,0.144071,4.66313,3.13785
2,73.437382,0.99120131,-1.4747175,0.016029976,0.35867993,-0.52389988,0.88257981,0.88816234,25.64436,-10.474549,0,0.14407067,9771.3857,6.0124115
0,6.38445,0.541201,-0.608975,0.0196867,5.22445e-05,1.31886e-05,3.90559e-05,0.928004,21.8319,0.000143973,2.2333e-05,0.144071,0.117896,2.66733
0,6.89043,0.344245,-0.580468,0.0144568,6.06969e-05,1.24533e-05,4.82436e-05,0.891301,13.8866,8.64726e-05,2.10875e-05,0.144071,0.0541388,2.59882
2,16.677399,0.83029444,-1.6019094,0.0086190949,-0.12521952,-0.12521952,-3.8857806e-16,8.6534182,37.689862,-2.0971492,0,0.14407067,7551.3834,5.6952723
0,18.253,0.839576,-1.0167,0.0208178,0.00247611,0.00232993,0.000146182,0.950787,33.7862,0.0394574,0.00397349,0.144071,33.5042,3.37183
0,0.5328811,0.3653180514806086,-1.931430828413793,0.02346896337498062,0,0,0,-1.172927505963332e-10,14.7375841779099,0,0,0.1440706666666666,-1.50093625008041e+16,-2914574643972.818
2,15.739308,0.51168716,-1.484802,0.023662696,0.67332878,-0.040264589,0.71359336,-1.6551617,6.7432703,-0.41557839,0,0.14407067,-1569.4327,1.3137596
0,7.18226,0.614164,-0.884065,0.0166489,0.000597001,0.000533217,6.3784e-05,0.935657,24.7617,0.00660563,0.000904299,0.144071,4.5415,3.13089
1,0.52737,0.66691,-1.9447,0.0084249,,,,,,,,,,
0,6.89276,0.71831,-0.749226,0.0232663,0.000103921,6.75965e-05,3.63247e-05,0.944734,28.9749,0.000979403,0.000114492,0.144071,0.931219,2.91393
2,14.8818482,0.5965673053,-1.789009759,0.01592038194,-0.0006307574546,-0.0006402359527,9.478498118e-06,2.914004123,24.08177324,-0.007704149066,0,0.1440706667,158459.1059,35.34259983
2,22.0094481,0.696031496,-1.63047937,0.0234455149,0.133416226,-0.068177867,0.201594093,1.81564618,24.3329414,-0.9571885,0,0.144070667,33537.3761,10.846508
0,39.541036,0.49807966,-1.5029902,0.0086554043,0.30110853,0.23483919,0.066269345,1.1850775,14.043123,2.3593618,0,0.14407067,5766.2181,5.2358443
0,29.7893871,0.468061566,-1.81430853,0.00960735104,0.89849661,0.304662487,0.593834123,-0.655248169,1.91663181,2.8763858,0,0.144070667,-77621.0669,-13.3251766
0,28.828,0.699683,-1.08854,0.0182744,0.00692455,0.00660378,0.000320772,0.938939,28.031,0.0932007,0.0113898,0.144071,70.8267,3.48938
0,23.1814942,0.357595201,-1.711588614,0.02313091825,0.1802229267,0.1072572471,0.07296567962,-0.09545653768,11.82612912,0.7736481623,0,0.1440706667,-878751.7034,-169.1191543
0,49.49408,0.8558328,-1.166645,0.02489511,0.01375238,0.01275478,0.0009976018,0.9442758,34.05102,0.2201847,0.02280034,0.1440707,233.3049,3.660292
0,56.9862188,0.83812291,-1.50565801,0.0158819899,0.212244178,0.0777935924,0.134450585,1.32825255,26.6351103,1.3151543,0,0.144070667,10097.884,6.1084415
0,9.35978,0.575328,-0.995163,0.0097279,0.00398037,0.00378189,0.000198475,0.929463,23.1174,0.0438884,0.00644812,0.144071,17.7826,3.31469
0,7.26893,0.558372,-0.762658,0.0196327,0.000137039,9.51879e-05,4.18513e-05,0.930008,22.5226,0.00107209,0.000161233,0.144071,0.873787,2.92408
0,57.68981,0.8279685,-1.170354,0.01577906,0.02260368,0.02100069,0.001602988,0.936978,32.64673,0.3507297,0.03772809,0.1440707,236.4252,3.66529
0,7.42642,0.264446,-0.82991,0.00934351,0.000549428,0.000474219,7.52097e-05,0.862704,10.6624,0.00252954,0.000803681,0.144071,1.05785,3.00119
0,51.98226,0.6413308,-1.184675,0.02073366,0.02019706,0.01906855,0.00112851,0.9255014,25.34989,0.2466749,0.0345111,0.1440707,223.3938,3.674167
0,31.7152314,0.6315250802,-1.780362321,0.01474873468,0.8823257987,0.6382212123,0.2441045864,0.2290740215,2.997968243,8.12993377,0,0.1440706667,224559.1848,48.18742925
0,7.43744,0.260357,-0.712811,0.0160389,0.000101944,6.14326e-05,4.05112e-05,0.861126,10.5022,0.000322622,0.000104037,0.144071,0.231961,2.80596
0,39.3626,0.549285,-1.08872,0.0107599,0.0116629,0.0112239,0.000439038,0.92154,21.9007,0.124356,0.0193877,0.144071,56.5088,3.47517
0,10.36648,0.456647,-1.154306,0.0182397,0.01552418,0.01501751,0.0005066746,0.9059482,18.13597,0.1383259,0.02655836,0.1440707,110.5335,3.585728
0,27.4818,0.694319,-1.04742,0.0220218,0.00342132,0.00325692,0.000164396,0.940794,27.9143,0.0456133,0.00557333,0.144071,41.5084,3.41511
0,36.0857827,0.453421243,-1.68401003,0.0148419065,0.859349039,0.634435747,0.224913292,0.230587224,2.57276271,5.80249371,0,0.144070667,55532.6121,15.1970693
0,7.58324,0.2687,-0.806451,0.0236255,0.000167723,0.000138515,2.92083e-05,0.864812,10.838,0.000750736,0.000235154,0.144071,0.793592,2.96291
0,7.92223,0.966896,-0.895331,0.0107685,0.00107423,0.000952361,0.000121873,0.957703,38.9644,0.018574,0.00161582,0.144071,8.069,3.17237
0,7.33397,0.663428,-0.754343,0.0181281,0.000138897,9.26471e-05,4.62503e-05,0.940418,26.7602,0.0012398,0.000156926,0.144071,0.922682,2.91857
0,6.03396,0.729993,-0.68157,0.0123355,0.000119409,5.34735e-05,6.5935e-05,0.94556,29.4457,0.000787377,9.05593e-05,0.144071,0.396515,2.8023
2,10.5661139,0.46646911,-1.5381421,0.0131988963,-18.9245786,-19.159219,0.234640448,-7.56819813,374.944684,-180.270998,0,0.144070667,-37865.3505,-5.84454555
0,7.11144,0.440222,-0.809158,0.0198623,0.000211992,0.000170933,4.10593e-05,0.912833,17.7556,0.00151783,0.000289605,0.144071,1.27531,2.99009
0,41.080263,0.69756419,-1.3476857,0.010041461,0.25779574,0.18226535,0.075530389,0.76628813,20.886361,2.5645635,0.57833851,0.14407067,1804.2098,4.2514811
2,26.4880595,0.399710167,-1.5442544248,0.0093592557031,-8.1025908974,-8.1533583602,0.050767462832,-0.038947997552,146.77949382,-65.736548338,0,0.14407066667,-3115622.1649,-603.71546881
0,37.40715,0.2305879,-1.311687,0.01759183,0.09910712,0.09401621,0.005090905,0.7844125,8.3804,0.4372848,0.2078976,0.1440707,445.3672,3.879734
0,7.27786,0.661755,-0.856138,0.0179926,0.000400198,0.000344839,5.53593e-05,0.940108,26.6857,0.00460298,0.000584538,0.144071,3.40287,3.08791
0,7.21787,0.295043,-0.759851,0.0163337,0.000152699,0.000110364,4.23347e-05,0.875381,11.9008,0.000656809,0.000186934,0.144071,0.473139,2.88968
0,18.2063481,0.414681266,-1.73493618,0.0159312653,0.346009166,0.285677179,0.0603319871,1.35005036,10.9406026,2.38954457,0,0.144070667,77582.4804,19.5469029
0,7.40528,0.935787,-0.885996,0.0114002,0.000906847,0.000798121,0.000108727,0.956489,37.7171,0.015065,0.0013538,0.144071,6.93686,3.15505
0,37.8043321,0.914653187,-1.65974462,0.0178439033,0.607771104,0.413037495,0.194733609,0.596008116,14.4727548,7.62028301,0,0.144070667,88495.129,21.5975329
0,27.6642736,0.734072941,-1.66207399,0.0226678942,0.310935507,0.222537446,0.0883980612,1.48708994,20.4058295,3.29509155,0,0.144070667,51526.6134,14.3933862
2,55.6085304,0.598990359,-1.58434438,0.0178345768,-1.08318771,-1.13607802,0.0528903066,3.40413162,50.3388631,-13.7262896,0,0.144070667,20459.7922,8.23552528
0,5.8095268,0.67071659,-1.5842852,0.0090986907,0.033199299,0.020625881,0.012573419,10.378686,26.159604,0.27904659,0,0.14407067,3484.6789,4.8482232
0,8.4592959,0.877858042,-1.47299624,0.0185077158,0.0711236079,0.00152042745,0.0696031805,-0.137093303,32.8955675,0.0269224863,0,0.144070667,-79428.3907,-14.0186245
0,38.4493,0.770709,-1.05089,0.0191563,0.00412865,0.00391465,0.000214006,0.945685,30.9634,0.0608567,0.00669928,0.144071,47.8937,3.42718
0,2.0725663,0.46211838,-1.8407208,0.0230457418,0.36131189,0.16584677,0.19546512,5.26457638,11.9068598,1.54591436,0,0.144070667,84259.7063,20.9535387
0,49.977138,0.24940863,-1.4029121,0.014267074,0.25804378,0.19320478,0.064839006,0.68763771,7.4652597,0.97197369,0.82741224,0.14407067,1460.7619,4.2291654
0,7.93604,0.769443,-0.952039,0.00897809,0.00254561,0.00236122,0.000184382,0.946632,30.9617,0.036647,0.00401517,0.144071,13.4391,3.25634
0,7.32096,0.899868,-0.791457,0.0107782,0.000336698,0.000250953,8.57449e-05,0.955224,36.2901,0.00455509,0.000425148,0.144071,1.9843,2.99524
0,46.07401,0.44271719,-1.3683206,0.024785415,0.13615673,0.098543467,0.037613263,0.82492723,15.428244,0.87999335,0.3054172,0.14407067,1613.7189,4.2293925
0,32.4260878,0.2315136641,-1.796142518,0.01930001794,0.9973206948,0.7347111449,0.2626095499,0.004182094447,0.02502384166,3.430981897,0,0.1440706667,125738.6389,28.98406454
0,35.875011,0.46445714,-1.3436011,0.024169964,0.10187364,0.077113059,0.024760584,0.85058471,16.828223,0.72243494,0.22799085,0.14407067,1242.6575,4.1191932
0,6.17769,0.395132,-0.577829,0.0173394,5.16967e-05,1.0037e-05,4.16598e-05,0.903957,15.9395,7.99962e-05,1.69958e-05,0.144071,0.0592299,2.6008
0,44.215198,0.25011818,-1.4136141,0.018647076,0.21028856,0.15242053,0.057868024,0.72093749,7.9683583,0.76897798,0.72635097,0.14407067,1706.341,4.2955394
0,37.677207,0.6036938802,-1.811172328,0.01293194126,0.9860281719,0.6672485444,0.3187796275,0.0289197674,0.3402711851,8.125116165,0,0.1440706667,299903.8018,62.86380739
0,54.5703608,0.8385468836,-1.68233755,0.0182782661,0.8262731466,0.5625116633,0.2637614833,0.2524786067,5.876915808,9.514457957,23.38198839,0.1440706667,113391.0164,26.46724059
1,0.41893,0.98116,-1.9783,0.015939,,,,,,,,,,
0,15.31759,0.9685541,-1.112413,0.02493649,0.00698341,0.006529103,0.0004543066,0.9539098,38.80034,0.1275565,0.01134198,0.1440707,131.1262,3.556613
0,7.13189,0.540135,-0.782954,0.0246622,0.000131995,9.83371e-05,3.36583e-05,0.927822,21.7871,0.00107138,0.00016658,0.144071,1.09958,2.95623
2,16.957955,0.325851558,-1.62915124,0.017579593,-26.5518909,-94.2251654,67.6732746,40.215878,362.181596,-619.315402,0,0.144070667,22155.7088,8.61374342
0,7.79046,0.491174,-0.90417,0.0135105,0.000928268,0.000850254,7.80139e-05,0.920694,19.7964,0.00842382,0.00144271,0.144071,4.77706,3.15364
0,90.081612,0.22892201,-1.4057815,0.018756844,0.19925135,0.14950274,0.049748608,0.71810259,7.395013,0.69033816,0.65298598,0.14407067,1437.6508,4.2267276
2,2.1762763,0.223460688,-1.84137951,0.0218349505,0.340799221,-0.012136271,0.352935492,-9.14213561,5.94256594,-0.0547030533,0,0.144070667,-24422.3281,-2.90835813
0,0.5170486,0.258047043,-1.936388737,0.01290020339,0,0,0,6.116617603,10.41007966,0,0,0.1440706667,216674.2309,46.81048894
0,5.64947,0.408069,-0.542526,0.0142708,5.86059e-05,7.7491e-06,5.08568e-05,0.906712,16.4613,6.37837e-05,1.31217e-05,0.144071,0.0387497,2.5437
2,17.5117183,0.7307097135,-1.692320553,0.01202708605,-4.40561712,-4.448312629,0.04269550925,-1.662825465,159.3475271,-65.56398663,0,0.1440706667,-530691.4173,-101.5248495
0,6.78633,0.96256,-0.753433,0.0202733,0.000125518,8.18818e-05,4.36361e-05,0.958141,38.8265,0.00158979,0.000138692,0.144071,1.29871,2.9353
0,6.02655,0.782571,-0.719005,0.0190704,9.97633e-05,5.59422e-05,4.38211e-05,0.949039,31.5672,0.000883057,9.47453e-05,0.144071,0.685025,2.86789
0,6.7872,0.968031,-0.740861,0.0238717,9.57676e-05,5.9172e-05,3.65956e-05,0.958387,39.0483,0.00115539,0.000100221,0.144071,1.11107,2.91468
0,6.83847,0.815599,-0.913098,0.00974415,0.0014593,0.00132156,0.000137744,0.950118,32.8547,0.0217414,0.00224343,0.144071,8.61616,3.19362
0,6.71425,0.839068,-0.848437,0.0128305,0.000519056,0.000438038,8.10174e-05,0.952031,33.832,0.00741369,0.000742506,0.144071,3.85886,3.08676
0,34.2303996,0.6676244452,-1.77886424,0.02062258845,0.916391396,0.6331353592,0.2832560368,0.1642250884,2.251844349,8.526169637,0,0.1440706667,230792.417,49.39773053
0,39.233302,0.58352627,-1.5007591,0.019990039,0.86617293,0.35678256,0.50939037,0.2325781,3.1503554,4.1994189,0,0.14407067,6404.9937,5.3630514
0,27.1916,0.41095,-1.08641,0.0209315,0.00578986,0.00561708,0.000172781,0.903683,16.4825,0.0465612,0.00967488,0.144071,42.1007,3.45494
0,43.819648,0.51760347,-1.3747334,0.012414499,0.25335118,0.1789959,0.074355282,0.75375063,15.590812,1.8688112,0.66211641,0.14407067,1937.9471,4.3081727
0,26.6440942,0.442951088,-1.82453231,0.0109293436,0.9894411546,0.6926195803,0.2968215742,0.02104779289,0.1886806532,6.188361964,0,0.1440706667,271269.107,57.31161804
0,5.64864,0.784348,-0.720776,0.0215705,8.93981e-05,5.05969e-05,3.88013e-05,0.949155,31.6392,0.000800493,8.56921e-05,0.144071,0.702304,2.87094
0,128.9596,0.9983662,-1.255123,0.02021529,0.05323577,0.04156735,0.01166842,0.924326,38.13176,0.8370809,0.08748647,0.1440707,831.6104,3.930259
0,55.90181,0.6393853,-1.269948,0.01591502,0.07456119,0.06263754,0.01192365,0.8893324,23.87072,0.8078347,0.1344361,0.1440707,654.5789,3.898408
0,5.58848,0.581282,-0.685181,0.0113684,0.000130244,6.07767e-05,6.94677e-05,0.932582,23.4469,0.000712605,0.000102928,0.144071,0.335327,2.79729
0,52.2444,0.211506,-1.15991,0.0130568,0.0228734,0.0225027,0.000370636,0.820634,8.33735,0.0960025,0.03987,0.144071,60.2834,3.55042
0,11.79581,0.6943837,-1.130809,0.01730964,0.01240675,0.01181143,0.0005953147,0.9349752,27.66514,0.1654349,0.02069445,0.1440707,120.8125,3.568796
0,15.45373,0.9331528,-1.097522,0.00842109,0.01696843,0.01594399,0.001024433,0.9458698,37.00628,0.3001062,0.02773857,0.1440707,104.1678,3.52466
0,8.35787,0.918339,-0.965848,0.0142773,0.00191538,0.0017727,0.000142679,0.955053,36.9765,0.0328369,0.00301488,0.144071,18.9956,3.289
0,6.40091,0.708408,-0.729149,0.0164891,0.000124054,7.37019e-05,5.03524e-05,0.943993,28.5749,0.00105314,0.000124827,0.144071,0.710166,2.87989
1,0.24551,0.94172,-1.9884,0.014331,,,,,,,,,,
2,17.9940911,0.464178376,-1.81202841,0.0120365932,-0.335281979,-0.498925336,0.163643358,13.4157776,25.0042054,-4.6713847,0,0.144070667,48031.3063,13.8609993
1,0.2637,0.71862,-1.865,0.016931,,,,,,,,,,
2,7.3395184,0.86926198,-1.4972031,0.019988121,0.45036665,-0.00063018302,0.45099684,-2.7138712,19.274314,-0.011049498,0,0.14407067,-3208.3446,0.97117003
2,13.8590862,0.4485498294,-1.502822265,0.01574779579,-0.02439899155,-0.02572751831,0.001328526761,-0.06547676977,18.53681024,-0.2327736209,0,0.1440706667,-137462.8154,-25.28632523
2,8.3731315,0.754006988770118,-1.56782873678965,0.0094183800685575,-0.277018285611987,-0.368785664931937,0.0917673793199508,-3.6451199840206e-06,38.8443316472216,-5.60885965250381,0,0.144070666666667,-11925823566.3931,-2315800.53136457
0,15.97557,0.8112816,-1.147111,0.02250611,0.01183337,0.0111185,0.000714873,0.9431132,32.34126,0.1819462,0.01962374,0.1440707,172.6286,3.613498
0,6.35923,0.546511,-0.848725,0.0170062,0.000386172,0.000331736,5.44363e-05,0.92844,22.0387,0.00365693,0.00056227,0.144071,2.58716,3.06626
2,16.3491474,0.703398255409,-1.7082347021,0.0132886569894,-190.494742931,-190.573952436,0.0792095045769,-2.26874806128,5433.92085763,-2703.89609451,0,0.144070666667,-16272214.5242,-3158.43317229
1,0.35448,0.90149,-1.9807,0.014111,,,,,,,,,,
0,7.0933,0.940242,-0.94192,0.0242893,0.000838061,0.000767313,7.07482e-05,0.956728,37.8993,0.0145525,0.00130323,0.144071,14.2927,3.24955
0,25.6837329,0.9579976173,-1.762098044,0.01343723788,0.6604206273,0.4548918124,0.2055288149,0.7498402419,13.12383909,8.790179009,0,0.1440706667,237511.9749,50.6872681
2,21.1923209,0.780513801,-1.66215893,0.0227246419,-20.0893167,-20.4790923,0.389775624,37.9345115,664.046146,-322.415907,0,0.144070667,65803.9827,17.1784718
0,6.98768,0.888239,-0.758622,0.016504,0.000160829,0.000107511,5.3318e-05,0.954781,35.8274,0.00192623,0.000182108,0.144071,1.28548,2.93996
1,0.36708,0.59294,-1.8997,0.010899,,,,,,,,,,
0,113.47699,0.91857522,-1.2915782,0.013558202,0.11295961,0.083834081,0.029125528,0.8804838,32.871028,1.5533185,0.20834566,0.14407067,1202.0314,4.0575735
2,22.9537441,0.322506282,-1.81147617,0.0205801931,-1.60028928,-1.73737723,0.137087945,17.3492961,33.8310137,-11.3020565,0,0.144070667,49897.6036,14.2248104
0,0.8265288,0.8805420283,-1.949592017,0.008951278915,0.1137379284,0.006120847195,0.1076170812,14.98755408,31.48237006,0.108714331,0,0.1440706667,316850.9249,66.29590786
0,6.8195,0.23935,-0.85602,0.014284,0.00048242,0.00043376,4.8667e-05,0.85053,9.6512,0.0020942,0.00073524,0.14407,1.3583,3.0402
0,6.78686,0.691345,-0.898258,0.0124678,0.000947926,0.000854056,9.38696e-05,0.94216,27.8636,0.0119098,0.00144904,0.144071,6.09005,3.16046
0,6.66905,0.920314,-0.750865,0.0221182,0.000112254,7.26177e-05,3.96363e-05,0.956316,37.123,0.00134804,0.000122998,0.144071,1.20373,2.92881
2,12.4269337,0.300586475,-1.75680512,0.0196627399,-0.213632674,-0.385949074,0.1723164,3.30614185,14.7167483,-2.34004716,0,0.144070667,56436.1574,15.4461475
0,26.248,0.389965,-1.07912,0.0210071,0.00525822,0.00510556,0.000152658,0.899528,15.6491,0.04016,0.00877838,0.144071,36.5673,3.43934
0,20.8330958,0.6001715976,-1.57230154,0.01735809383,0.3653315946,0.2653079108,0.1000236838,-0.1255289879,15.36658931,3.211817125,0,0.1440706667,-145096.6216,-26.70198429
0,12.58711,0.8818348,-1.099586,0.01711831,0.008583296,0.00808857,0.0004947254,0.9489805,35.26944,0.1438746,0.01401217,0.1440707,101.612,3.524951
0,5.78346,0.47058,-0.706603,0.00910877,0.00018408,9.98744e-05,8.4206e-05,0.918006,18.9806,0.00094801,0.000169151,0.144071,0.363107,2.82281
0,43.972251,0.61960483,-1.3886178,0.012496313,0.25638061,0.25637766,2.9566629e-06,0.76099982,18.587487,3.2042039,0.78620292,0.14407067,2735.2057,4.494577
0,4.29153,0.7295611982,-1.815890253,0.0100772644,0.05965008614,0.03795321539,0.02169687076,6.609882237,27.67619508,0.5585158129,0,0.1440706667,113392.1378,26.60101156
0,53.45626,0.5124655,-1.222823,0.02240923,0.02934563,0.02767524,0.001670382,0.9054149,20.06709,0.2860759,0.0521212,0.1440707,295.0635,3.740529
0,47.29987,0.5995665,-1.307514,0.009701908,0.1713671,0.13541,0.03595712,0.8196155,20.04263,1.63762,0.3572929,0.1440707,966.1919,4.01649
0,21.2481729,0.7705706757,-1.711151313,0.0201949415,0.9024046343,0.8209179424,0.08148669186,0.1964666494,3.033869108,12.75960988,0,0.1440706667,108917.5298,25.62530762
0,51.4765718,0.9386929134,-1.700196795,0.009296077311,0.9989781217,0.7942102602,0.2047678615,0.002049576252,0.03869705074,15.03779649,0,0.1440706667,115689.6167,26.93248188
0,7.08892,0.919442,-0.91946,0.0131932,0.00117045,0.00105917,0.000111284,0.955588,37.0485,0.0196433,0.00179802,0.144071,10.4829,3.21042
0,20.603,0.563034,-1.11698,0.0218306,0.0082196,0.00790464,0.00031496,0.925361,22.5271,0.0897721,0.0137385,0.144071,83.2216,3.52852
0,16.6796018,0.686300508,-1.6986706,0.0227906814,0.132411346,0.0889669087,0.0434444376,1.93681646,24.0205723,1.23159521,0,0.144070667,74518.0844,18.9135106
0,72.990993,0.3916247,-1.4961158,0.011505662,0.55285385,0.38010297,0.17275088,0.49688272,7.0643911,3.0025933,3.3968547,0.14407067,6333.5432,5.3439572
0,6.98994,0.628022,-0.89535,0.00869278,0.0013083,0.00117991,0.000128381,0.936522,25.3024,0.0149469,0.00200212,0.144071,5.35958,3.15084
1,0.24583,0.82046,-1.9168,0.0099752,,,,,,,,,,
0,46.696405,0.26881121,-1.3925874,0.014315351,0.25473658,0.19314116,0.061595426,0.69877294,8.081879,1.0472428,0.72220274,0.14407067,1362.9337,4.1962823
1,0.26139,0.48467,-1.904,0.011041,,,,,,,,,,
0,6.69542,0.67675,-0.832876,0.0146884,0.000377696,0.00031338,6.43164e-05,0.941366,27.291,0.00427784,0.000531089,0.144071,2.57774,3.05022
0,6.62619,0.418949,-0.898432,0.0199566,0.000584306,0.000534872,4.94346e-05,0.908582,16.8913,0.00451998,0.000907305,0.144071,3.83687,3.13646
0,42.780048,0.24478861,-1.5426394,0.016950721,0.44038889,0.26496609,0.1754228,0.58091524,5.5262777,1.308298,4.1911183,0.14407067,7703.2743,5.6665203
0,6.36839,0.424014,-0.76599,0.0217236,0.000125396,8.97883e-05,3.56081e-05,0.909861,17.1033,0.000767936,0.000152087,0.144071,0.707889,2.91656
0,22.358595,0.76665097,-1.5076198,0.022383591,0.070339381,0.053353255,0.016986126,2.1830743,28.752611,0.82505668,0,0.14407067,6801.5686,5.4500074
0,23.8594,0.721057,-1.03182,0.0127429,0.00485972,0.00461176,0.00024796,0.941857,28.9474,0.0670751,0.00788309,0.144071,35.1906,3.38981
0,28.6837,0.81918,-1.06924,0.0109468,0.00910759,0.00862217,0.000485422,0.945348,32.7462,0.142469,0.0148386,0.144071,64.1339,3.46368
0,0.5218782,0.50078819536,-1.9594794013,0.0091440703357,0,0,0,-3.0814078883,20.202692297,0,0,0.14407066667,-1122883.2979,-216.29025428
0,36.24425,0.2502812,-1.315533,0.008902574,0.1894847,0.1786175,0.01086717,0.7354987,8.183603,0.9017319,0.4316215,0.1440707,487.3249,3.896354
0,7.26291,0.567981,-0.956642,0.0113714,0.00210605,0.00197796,0.000128096,0.929848,22.8651,0.0226609,0.00336318,0.144071,10.7192,3.24879
2,23.5634041,0.951971054,-1.49325606,0.0247996457,-0.855256388,-1.38777656,0.532520169,-0.56988349,71.249668,-26.6482357,0,0.144070667,-53687.07,-8.97969224
0,33.19945,0.49171871,-1.3589944,0.0096717845,0.27693474,0.20421565,0.072719094,0.73199754,14.34331,2.0254938,0.69431688,0.14407067,1499.8279,4.1941898
0,6.92476,0.904601,-0.862102,0.0130327,0.000599135,0.000513883,8.52516e-05,0.955276,36.4714,0.00937663,0.000871256,0.144071,4.94128,3.11334
2,36.908787,0.532840268,-1.58906166,0.0245502138,0.0638887083,-0.0545618435,0.118450552,1.88077694,20.1223958,-0.586423336,0,0.144070667,15727.5722,7.30780627
0,27.9299391,0.5294001026,-1.818429738,0.0132245578,0.999051657,0.7129177771,0.2861338799,0.001908486855,0.02025371223,7.612873895,0,0.1440706667,296928.6618,62.29282861
0,39.146785,0.67665311,-1.3524396,0.02192747,0.12953478,0.090155381,0.039379403,0.85563123,23.761435,1.2305036,0.28152047,0.14407067,1953.9879,4.2894173
0,6.15147,0.281613,-0.592314,0.0112226,7.69683e-05,1.86786e-05,5.82897e-05,0.870259,11.3599,0.000106102,3.16289e-05,0.144071,0.0528132,2.6094
0,6.52687,0.863351,-0.874207,0.014056,0.000638128,0.000556536,8.15919e-05,0.953231,34.8069,0.00969183,0.000943724,0.144071,5.52092,3.13126
0,31.425748,0.62971419,-1.3313276,0.019121987,0.11605417,0.085237706,0.030816459,0.86042412,22.455581,1.0826807,0.24614637,0.14407067,1400.153,4.1436342
0,48.94998,0.5223656,-1.224032,0.01295476,0.0512538,0.04827292,0.002980885,0.8924541,19.99308,0.5086315,0.09156987,0.1440707,302.9098,3.74461
0,7.0431,0.914697,-0.918917,0.0199031,0.000770671,0.000697331,7.33399e-05,0.955632,36.8721,0.0128659,0.00118357,0.144071,10.36,3.20925
1,0.51982,0.21485,-1.9302,0.00997,,,,,,,,,,
1,0.36729,0.97897,-1.9313,0.012306,,,,,,,,,,
0,44.47253,0.8873593,-1.200529,0.01223101,0.04320973,0.0387011,0.004508635,0.9262825,34.25085,0.6927044,0.07171484,0.1440707,369.6892,3.744311
1,0.25936,0.44932,-1.8595,0.0090313,,,,,,,,,,
0,34.26001,0.7338079,-1.157958,0.01538847,0.01961309,0.01851063,0.001102458,0.933152,29.02252,0.2739863,0.0329914,0.1440707,179.9766,3.627915
0,8.06654,0.734787,-0.923534,0.0161251,0.000997376,0.000913129,8.42471e-05,0.945328,29.6131,0.0135338,0.00155014,0.144071,8.92508,3.20592
0,6.84938,0.599916,-0.643804,0.0170779,6.97169e-05,2.37803e-05,4.59366e-05,0.934576,24.2,0.000287762,4.027e-05,0.144071,0.20298,2.73009
0,6.4167,0.527964,-0.644992,0.0137515,8.62288e-05,2.99862e-05,5.62426e-05,0.926311,21.2972,0.000319338,5.07795e-05,0.144071,0.182996,2.72595
0,5.83373,0.39227,-0.698471,0.0113656,0.00013706,7.21073e-05,6.49532e-05,0.90327,15.8227,0.000570544,0.000122118,0.144071,0.277122,2.80077
0,7.23771,0.790746,-0.885334,0.0185914,0.000547984,0.000485355,6.26299e-05,0.949248,31.8826,0.00774143,0.000823119,0.144071,5.85849,3.1455
0,26.6665633,0.2000640618,-1.88008926,0.02047348025,0.9885902298,0.8243554977,0.1642347321,0.01931402029,0.09208759811,3.32666287,0,0.1440706667,294529.9247,61.88827553
0,17.8948567,0.2675165849,-1.888314011,0.01276870239,0.7807500805,0.6827906565,0.09795942403,0.4239387635,2.366166603,3.684371816,0,0.1440706667,383199.0982,79.12813749
0,5.8359,0.346719,-0.675696,0.0129651,0.000101725,4.7181e-05,5.45445e-05,0.891967,13.9858,0.000329966,7.98996e-05,0.144071,0.185139,2.75726
0,41.51717,0.4185196,-1.250862,0.01882074,0.04828585,0.04550013,0.002785719,0.8778917,16.06858,0.3841082,0.08896495,0.1440707,349.3248,3.787779
0,7.002,0.21599,-0.74486,0.021096,9.8773e-05,7.0494e-05,2.8278e-05,0.83725,8.7126,0.00030712,0.00011939,0.14407,0.29874,2.851
0,17.175,0.330448,-1.06862,0.017483,0.0055128,0.00536785,0.000144945,0.883875,13.2574,0.035779,0.00921795,0.144071,27.5521,3.41255
0,96.4834517,0.800282686,-1.51627161,0.0218470519,0.398945135,0.258288766,0.14065637,0.661208875,19.4049579,4.16940525,2.31757481,0.144070667,16937.0575,7.4736855
1,0.31225,0.46584,-1.9553,0.012408,,,,,,,,,,
0,49.114522,0.26441292,-1.455806,0.013200838,0.38368821,0.3836865,1.7095646e-06,0.60470161,6.5741303,2.0463709,1.76409,0.14407067,2885.7371,4.5937487
0,32.196047,0.51343471,-1.3342721,0.023526314,0.094448739,0.071663507,0.022785231,0.86261676,18.75657,0.74217865,0.20777734,0.14407067,1211.5043,4.1025102
0,53.88463,0.5566063,-1.255852,0.02054152,0.04877961,0.04350061,0.005278994,0.8981565,21.35917,0.4883922,0.0869077,0.1440707,483.9055,3.835647
0,6.99236,0.361559,-0.864636,0.0105299,0.000736925,0.00065703,7.98952e-05,0.89554,14.5752,0.0047917,0.00111401,0.144071,2.17609,3.0732
0,41.34238,0.9409663,-1.20945,0.02106399,0.02890622,0.02516003,0.003746196,0.9381876,36.86298,0.4775407,0.04669785,0.1440707,440.53,3.775997
0,16.6181817,0.8973049516,-1.790870484,0.01888389046,0.6764719486,0.6764604467,1.150187968e-05,1.051528548,11.71135572,12.243558,0,0.1440706667,218718.2195,47.06236255
0,32.556305,0.9837551551,-1.805521866,0.01165840118,0.9526020538,0.5516545695,0.4009474843,0.1017672451,1.88105594,10.9466041,0,0.1440706667,438151.688,89.72313237
0,4.92028,0.941293,-0.595989,0.0109012,9.47794e-05,2.0158e-05,7.46214e-05,0.957258,37.9698,0.000382734,3.41357e-05,0.144071,0.16824,2.67263
0,35.164233,0.38216929,-1.3522836,0.02190048,0.11975756,0.092485305,0.027272258,0.82329961,13.571044,0.71294117,0.28130334,0.14407067,1157.5005,4.107692
0,5.18272,0.921499,-0.618168,0.00945031,0.000117266,3.09163e-05,8.63492e-05,0.956367,37.1706,0.000574656,5.23549e-05,0.144071,0.219187,2.70841
0,39.68261,0.4099197,-1.285731,0.0193789,0.06987296,0.06260881,0.007264145,0.8621258,15.38141,0.5176777,0.1352201,0.1440707,532.8845,3.879991
0,5.14018,0.515557,-0.530169,0.0121275,7.03011e-05,7.78023e-06,6.25208e-05,0.924683,20.797,8.09085e-05,1.31745e-05,0.144071,0.0409593,2.53419
0,6.45596,0.390204,-0.62998,0.0113574,9.36537e-05,2.99405e-05,6.37132e-05,0.902836,15.7401,0.000235655,5.07013e-05,0.144071,0.114428,2.6868
0,45.365857,0.57986866,-1.3584036,0.015153046,0.18363556,0.13067015,0.052965413,0.81023363,19.097164,1.5283794,0.43981354,0.14407067,1790.4595,4.2591359
0,39.906339,0.98106653,-1.3106745,0.013659663,0.13615522,0.096395778,0.039759446,0.86681556,34.189231,1.9075751,0.26428605,0.14407067,1622.9839,4.1738397
0,18.858663,0.8997783,-1.5789883,0.015281317,0.11934174,0.1107336,0.0086081426,4.502728,31.966721,2.0097411,0,0.14407067,9169.5462,5.9965484
0,8.83142,0.74428,-0.861787,0.00970909,0.000794843,0.000686958,0.000107886,0.946111,30.0017,0.0103132,0.00116477,0.144071,4.08752,3.10311
0,9.22759,0.299065,-0.602714,0.0241028,3.76872e-05,9.94013e-06,2.77471e-05,0.87692,12.0644,5.9963e-05,1.68317e-05,0.144071,0.0636177,2.62936
1,0.26204,0.98661,-1.9122,0.017453,,,,,,,,,,
2,20.6743704,0.3033599289,-1.843994688,0.02108168365,-0.4340371106,-0.5414984476,0.107461337,3.329330774,17.54986461,-3.313451364,0,0.1440706667,204817.0822,44.41273732
0,6.65821,0.976867,-0.581314,0.0147554,6.74624e-05,1.23342e-05,5.51282e-05,0.958766,39.4059,0.000243036,2.08864e-05,0.144071,0.144378,2.65009
0,28.9441,0.94752,-1.07574,0.0197445,0.00553157,0.00519706,0.000334509,0.953981,38.0132,0.0993279,0.00894296,0.144071,80.1972,3.48478
0,8.72802,0.700568,-0.922612,0.0176808,0.000897883,0.000823057,7.48257e-05,0.942903,28.2368,0.0116307,0.00139709,0.144071,8.43166,3.20198
0,48.05556,0.4943766,-1.188969,0.02061065,0.02105906,0.02020483,0.0008542318,0.9082712,19.52403,0.2014829,0.03668575,0.1440707,185.2595,3.661438
0,35.48183,0.4798241,-1.190047,0.01082509,0.04013353,0.0385814,0.001552124,0.8937947,18.5801,0.3734094,0.07082228,0.1440707,181.6558,3.660807
0,6.70423,0.257405,-0.563175,0.0128361,6.03684e-05,1.12322e-05,4.91362e-05,0.859782,10.3835,5.83184e-05,1.90193e-05,0.144071,0.0336065,2.55703
0,35.9294,0.47772,-1.06774,0.011417,0.00841322,0.00812131,0.000291909,0.913887,19.1099,0.0782572,0.013956,0.144071,37.9765,3.43018
0,53.380897,0.38549281,-1.385173,0.023859125,0.14772359,0.10603247,0.041691115,0.80561582,13.254151,0.82448038,0.39395412,0.14407067,1762.631,4.2796966
1,0.27232,0.26638,-1.9572,0.013319,,,,,,,,,,
0,51.37854,0.3714144,-1.255135,0.02434969,0.039116,0.03717421,0.001941792,0.8736437,14.39743,0.2785003,0.07264304,0.1440707,332.2579,3.786163
1,0.54116,0.44738,-1.9939,0.02392,,,,,,,,,,
0,54.63551,0.792934,-1.235512,0.01042326,0.07690194,0.06651199,0.01038995,0.8986581,29.52841,1.063805,0.1318921,0.1440707,514.8789,3.824509
0,37.141756,0.45805129,-1.4505392,0.013467881,0.33389364,0.19927081,0.13462283,1.3419418,12.308719,1.8411237,0,0.14407067,2275.4045,4.4577556
0,5.28791,0.683206,-0.605382,0.00966322,0.000107616,2.56564e-05,8.19595e-05,0.94206,27.5588,0.000353568,4.34469e-05,0.144071,0.139991,2.67257
0,7.18026,0.527965,-0.955126,0.0246015,0.0009538,0.000897214,5.65866e-05,0.925757,21.2787,0.0095549,0.00152455,0.144071,9.82629,3.24263
0,5.64612,0.408613,-0.535849,0.0133358,6.23033e-05,7.61093e-06,5.46923e-05,0.906823,16.4831,6.273e-05,1.28877e-05,0.144071,0.0356082,2.53267
0,6.80514,0.337785,-0.921074,0.0195178,0.000780333,0.000731077,4.92558e-05,0.889004,13.6162,0.00498114,0.00124085,0.144071,4.22804,3.16416
0,5.47901,0.723996,-0.543124,0.0115114,0.00339767,9.64814e-06,0.00338802,0.944968,29.1081,0.000140898,1.63926e-05,0.144071,0.0662534,2.57186
0,6.21599,0.291422,-0.517092,0.0145971,5.08768e-05,5.46464e-06,4.54122e-05,0.874091,11.7559,3.21224e-05,9.25314e-06,0.144071,0.0207058,2.48606
2,2.8445196,0.44033237472,-1.8927555819,0.0098073588742,-0.0028618389519,-0.0086764719951,0.0058146330432,-0.27111349331,17.81463339,-0.077063540412,0,0.14407066667,-4776228.639,-925.85175036
0,56.588358,0.8103219,-1.2942172,0.01137714,0.13490352,0.10236599,0.032537534,0.8600132,28.279862,1.6731637,0.25684735,0.14407067,1095.2611,4.0346998
2,1.6321194,0.509291781,-1.759105028,0.01474367811,0.537947188,-0.03563451328,0.5735817013,-0.5711772046,9.493217941,-0.366068761,0,0.1440706667,-217039.8917,-40.50608721
0,42.4863162,0.884617202,-1.51486726,0.0223214055,0.131486894,0.0914262535,0.0400606402,1.75610487,30.9946633,1.63136625,0,0.144070667,10003.8302,6.09890619
0,46.336359,0.5628857,-1.4005759,0.01251966,0.28072666,0.28072376,2.9040123e-06,0.73781533,16.333127,3.1873119,0.91502232,0.14407067,2890.5681,4.5395426
0,30.8976867,0.2206984093879,-1.789113196564,0.01530044417399,0.7845392602591,0.2614403607184,0.5230988995408,-0.0002879536706803,1.918326454171,1.163849991319,0,0.1440706666667,-127907443.5171,-24836.20822634
0,30.009007,0.52524841,-1.4997789,0.010341168,0.54004483,0.31940024,0.22064459,0.89770751,9.7462022,3.3839595,0,0.14407067,5069.4507,5.0907149
2,16.1201465,0.58747542,-1.62139771,0.0161518644,-0.111624726,-0.163029284,0.0514045578,2.7375714,26.3452949,-1.93188154,0,0.144070667,21430.9689,8.46354826
0,6.21897,0.995742,-0.718738,0.0178416,0.000107711,5.95899e-05,4.81213e-05,0.959489,40.1657,0.00119686,0.000100924,0.144071,0.859173,2.87929
0,24.653,0.685342,-1.03714,0.0231476,0.00285822,0.00271926,0.00013896,0.940455,27.5689,0.037591,0.00464637,0.144071,35.9368,3.39635
2,13.7867734,0.70301517581,-1.7778808416,0.022431599043,-15.336027132,-15.410293869,0.074266736689,-0.96603739904,463.3042801,-218.5248301,0,0.14407066667,-7970933.9565,-1546.3528735
2,11.7363677,0.495136893462085,-1.54317934202624,0.00862722767913456,-325.801001367101,-325.849046044683,0.0480446775824248,-6.4614599235348e-05,6527.75479248183,-3254.36988112905,0,0.144070666666667,-82375946796.4942,-15996071.4076705
2,56.626,0.7103639,-1.542492,0.017048723,-0.077498249,-0.12592978,0.048431534,-15.141417,30.878246,-1.804407,0,0.14407067,-1648.2338,1.3536304
2,32.196266,0.364500473625,-1.57586697918,0.0205954418186,-132.157778458,-132.20469328,0.0469148215424,-0.222906625493,1958.03208532,-972.008673726,0,0.144070666667,-10899592.9976,-2115.26902925
0,53.871511,0.64429313,-1.3684012,0.020474,0.15544266,0.10677084,0.048671828,0.8358972,21.951682,1.3875905,0.37011528,0.14407067,2268.2555,4.3740677
0,114.3863,0.6544087,-1.294627,0.0122453,0.1238177,0.09828082,0.02553688,0.8574903,23.13123,1.297308,0.2398984,0.1440707,903.241,3.987918
0,34.583544,0.5717346,-1.4954329,0.024934143,0.27600072,0.18814569,0.087855028,1.9514604,16.698897,2.1697711,0,0.14407067,3778.7187,4.8206311
0,38.8226,0.417739,-1.07734,0.0130623,0.00827197,0.008018,0.000253974,0.903476,16.713,0.0675611,0.0137994,0.144071,38.0061,3.43983
0,6.55859,0.389907,-0.798696,0.0209476,0.000178903,0.000141708,3.71955e-05,0.902715,15.7267,0.0011145,0.00024007,0.144071,0.998611,2.96701
0,5.58794,0.413589,-0.501089,0.00872032,9.07962e-05,7.44747e-06,8.33488e-05,0.907822,16.6834,6.21302e-05,1.2611e-05,0.144071,0.0230358,2.47553
0,5.92521,0.420233,-0.539,0.0228869,3.65377e-05,4.618e-06,3.19197e-05,0.90918,16.9523,3.91443e-05,7.81962e-06,0.144071,0.0380355,2.53921
0,18.296211,0.86373222,-1.4066581,0.021480644,0.32214613,0.0031883289,0.3189578,2.172219,23.619482,0.05554787,0,0.14407067,1535.1733,4.2499138
0,6.07604,0.621243,-0.636711,0.018168,6.37388e-05,2.04068e-05,4.33319e-05,0.936682,25.0604,0.000255719,3.45571e-05,0.144071,0.19146,2.72
0,7.15441,0.93289,-0.889983,0.022796,0.000475502,0.00042017,5.53324e-05,0.956642,37.6166,0.00790643,0.000712606,0.144071,7.28071,3.16159
0,6.81654,0.554954,-0.839821,0.0157733,0.000376847,0.000319036,5.78112e-05,0.929455,22.3794,0.00357126,0.000540705,0.144071,2.34066,3.05216
0,36.1680849,0.5103441555,-1.810420449,0.01658015873,0.996481943,0.7194877848,0.2769941582,0.006691477802,0.07243044939,7.406478067,0,0.1440706667,273247.6342,57.68207746
0,5.3179,0.755812,-0.605768,0.0157198,6.67882e-05,1.585e-05,5.09382e-05,0.947353,30.4888,0.00024164,2.68401e-05,0.144071,0.154774,2.67812
0,46.8888031,0.2780395289,-1.795387953,0.008560497217,0.9968759024,0.6969147961,0.2999611064,0.005754090789,0.03504179138,3.908511549,0,0.1440706667,126738.5986,29.17789293
0,14.98355,0.8115572,-1.132914,0.0237212,0.009397572,0.008860107,0.0005374655,0.9447198,32.432,0.1450385,0.01551502,0.1440707,144.0114,3.584432
1,89.7917,0.545385,-1.29693,0.0202325,,,,,,,,,,
0,37.61877,0.3063721,-1.276523,0.02183711,0.05453592,0.05192927,0.002606655,0.8451909,11.68556,0.3209125,0.1066126,0.1440707,366.8896,3.819372
2,0.8318259,0.2684161521,-1.9575170388,0.024069503102,0.21181989628,0.21181989628,-2.7755575616e-17,-0.22109128377,8.5347200448,1.1468340206,0,0.14407066667,-6446816.198,-1250.203396
0,82.045162,0.35562756,-1.481523,0.015401982,0.4319167,0.28832486,0.14359184,0.59002422,8.1500937,2.0682483,2.1038117,0.14407067,5101.6844,5.079044
0,0.4365305,0.3328947336955845,-1.857446706155601,0.01711078018697457,0,0,0,-5.291451235188514e-13,13.42956949523201,0,0,0.1440706666666666,-1.172135973717106e+18,-227609786098634.3
0,14.5422978,0.829610513,-1.70800682,0.0184243573,0.578366045,0.535657721,0.042708324,0.980189038,14.1112339,8.96368914,0,0.144070667,97522.2168,23.4037
1,0.38804,0.57719,-1.765,0.014411,,,,,,,,,,
0,44.97997,0.4058635,-1.329276,0.01036146,0.187342,0.1538332,0.03350884,0.782562,13.30586,1.259375,0.4424445,0.1440707,888.4672,4.01885
0,15.5223,0.940006,-0.984129,0.0216655,0.00158835,0.00147676,0.000111588,0.956229,37.8613,0.0280006,0.00251263,0.144071,24.5679,3.32159
0,7.68554,0.585351,-0.964549,0.0119159,0.0022193,0.00208855,0.000130745,0.931679,23.5617,0.0246597,0.00355258,0.144071,12.2026,3.26365
0,6.53029,0.620746,-0.835242,0.0103596,0.00054779,0.000457992,8.97975e-05,0.936323,25.0283,0.00573452,0.000776246,0.144071,2.4501,3.04995
0,5.84858,0.353122,-0.522486,0.0193153,4.06843e-05,4.42603e-06,3.62583e-05,0.893755,14.245,3.15257e-05,7.49452e-06,0.144071,0.0262982,2.50374
0,26.87663,0.7551417,-1.469541,0.01182118,0.3434391,0.325414,0.0180251,-13.9737,20.00132,4.956669,0,0.1440707,-453.2392,1.579065
0,15.7349,0.419148,-1.13835,0.014208,0.016285,0.0158071,0.000477923,0.898666,16.6338,0.133643,0.027776,0.144071,83.2595,3.54992
0,6.05047,0.47468,-0.678636,0.0173366,8.05748e-05,3.66417e-05,4.39331e-05,0.918721,19.1479,0.000350834,6.20519e-05,0.144071,0.255561,2.77677
0,45.6037,0.21178,-1.12939,0.0105037,0.0214428,0.019094,0.00234878,0.822595,8.36038,0.0815657,0.0334858,0.144071,40.7455,3.49598
0,27.7369,0.574436,-1.06183,0.0228859,0.00392243,0.00376363,0.000158803,0.929402,23.0829,0.0436088,0.00645347,0.144071,41.8105,3.42996
0,18.5283452,0.3897854127,-1.863156075,0.01921041193,0.677751078,0.4605394875,0.2172115905,0.7185198202,5.067248718,3.62090913,0,0.1440706667,350488.3393,72.74649624
0,18.5364,0.30488,-1.07439,0.0199474,0.00518819,0.00506171,0.000126483,0.875789,12.2356,0.031128,0.0086997,0.144071,27.6346,3.41848
2,0.8126296,0.6387411213,-1.895964223,0.02240618136,-0.001008294902,-0.001008350512,5.56097672e-08,-15.47407752,25.79394199,-0.01299156798,0,0.1440706667,-126261.6707,-22.71373537
0,38.9783277,0.923848085,-1.62859713,0.0173054671,0.807772554,0.514683559,0.293088995,0.284220036,7.16425647,9.59104721,0,0.144070667,61571.8485,16.3196826
0,43.140852,0.794661,-1.3022645,0.011297159,0.14684401,0.1100145,0.036829508,0.85080227,27.350515,1.763425,0.28683372,0.14407067,1187.336,4.0647741
0,28.791,0.694604,-1.05869,0.0234828,0.00369981,0.00352511,0.000174698,0.940635,27.9179,0.0493896,0.00604068,0.144071,47.9882,3.4351
2,12.687084,0.62287123,-1.593277,0.014977352,0.59909412,-0.09830756,0.69740168,2.7103244,10.073859,-1.2351234,0,0.14407067,5767.7825,5.3264489
0,27.6017638,0.384775815,-1.846066478,0.02232891179,0.997987783,0.7396161966,0.2583715864,0.003703819497,0.03123472894,5.740362918,0,0.1440706667,336507.4189,70.01244715
0,36.077451,0.2318291857834,-1.803361033347,0.0211371190322,0.949335595086,0.6279486777341,0.3213869173519,-1.448061225283e-05,0.47383400182,2.936414978263,0,0.1440706666667,-754424884.0341,-146495.8057496
1,0.50682,0.57881,-1.9803,0.01998,,,,,,,,,,
2,9.031491,0.42608663,-1.4416702,0.011961665,-0.044250613,-0.067971118,0.023720505,3.817036,17.949725,-0.58418109,0,0.14407067,1040.9643,4.1689967
0,7.75071,0.500123,-0.874537,0.00899008,0.000980772,0.000873704,0.000107068,0.92196,20.1561,0.00881387,0.00148177,0.144071,3.31952,3.10502
0,6.9272,0.23562,-0.79681,0.011361,0.00031168,0.00025504,5.6648e-05,0.84863,9.5023,0.0012121,0.00043207,0.14407,0.62649,2.9411
0,7.6105,0.4978,-0.975341,0.0169679,0.00177473,0.00168435,9.03749e-05,0.92112,20.0465,0.0169127,0.00286581,0.144071,12.0624,3.27382
0,49.32129,0.5865172,-1.246883,0.01847131,0.05093059,0.04373633,0.007194258,0.9012616,22.45608,0.5174261,0.08613045,0.1440707,451.8296,3.816925
0,30.6707,0.917611,-1.39034,0.0169431,0.280805,0.277378,0.00342715,42.361,26.6232,5.134,0,0.144071,71.9514,3.79221
0,28.4738,0.556281,-1.10748,0.0111496,0.0142369,0.013701,0.000535873,0.92071,22.1219,0.153735,0.0238099,0.144071,72.7034,3.51003
0,47.6428575,0.277786441,-1.62902435,0.0194976507,0.32385214,0.251684028,0.072168112,1.03792641,7.57718496,1.41023624,0,0.144070667,17930.414,7.78226047
0,31.1913863,0.9855063609,-1.732108952,0.008757316918,0.9601871139,0.6573177298,0.3028693841,0.08179266882,1.582844528,13.06652034,0,0.1440706667,178658.923,39.2143407
2,9.1461592,0.35984205,-1.521238,0.021718099,-0.021244838,-0.11761922,0.096374385,3.7148954,14.825077,-0.85371987,0,0.14407067,2454.8157,4.5671927
0,64.90682,0.31766894,-1.4209374,0.011531434,0.42943739,0.30018899,0.12924841,0.58379885,7.3119501,1.923511,1.2904071,0.14407067,2124.3075,4.3952826
0,7.27055,0.855678,-0.921661,0.0175704,0.000900083,0.000818178,8.19051e-05,0.952664,34.4885,0.0141216,0.0013888,0.144071,10.0692,3.21047
0,26.4893,0.545885,-1.05516,0.0190921,0.00431485,0.00414463,0.000170217,0.925849,21.9269,0.0456365,0.00710073,0.144071,36.5958,3.41543
0,6.52878,0.318566,-0.610254,0.0113995,8.31094e-05,2.31537e-05,5.99557e-05,0.883548,12.8505,0.00014878,3.92076e-05,0.144071,0.0740938,2.64474
0,54.34619,0.6350904,-1.218156,0.01840715,0.03454309,0.03188561,0.002657474,0.915511,24.73567,0.4084656,0.05976129,0.1440707,338.7691,3.751447
0,19.0905,0.373576,-1.07539,0.0151192,0.00695623,0.00675942,0.000196806,0.894635,14.9659,0.0509347,0.0116268,0.144071,33.5183,3.43055
0,22.9661,0.26435,-1.12997,0.0124736,0.0165763,0.0162517,0.000324624,0.852801,10.4876,0.0866571,0.0284117,0.144071,49.6768,3.50848
0,7.01691,0.331746,-0.860428,0.0208983,0.000352388,0.000313712,3.86758e-05,0.887485,13.3785,0.00209924,0.000531773,0.144071,1.90951,3.06222
0,29.8383,0.419478,-1.10822,0.0108677,0.014632,0.0142002,0.000431758,0.899778,16.6749,0.120152,0.0246599,0.144071,56.6103,3.49479
0,54.43144,0.4864229,-1.207061,0.01797343,0.02999212,0.0286529,0.001339212,0.9013375,19.03463,0.2811304,0.05307422,0.1440707,229.6196,3.699174
0,52.75634,0.9773147,-1.157386,0.01629522,0.01889442,0.01737234,0.001522073,0.9464202,38.68168,0.3424664,0.03092731,0.1440707,234.7799,3.651643
0,43.6931,0.4329136,-1.22946,0.01517919,0.04625698,0.0441418,0.00211518,0.8819653,16.65665,0.3854574,0.08379407,0.1440707,273.8014,3.739194
0,25.56394,0.8353056,-1.513725,0.01532327,0.04857474,0.03351679,0.01505795,44.91631,32.06087,0.5647198,0,0.1440707,398.6838,4.067017
0,10.951107,0.818725061,-1.42856804,0.0178601455,0.13560554,0.000216925603,0.135388615,-0.0879754866,28.5499416,0.00358239992,0,0.144070667,-60709.6691,-10.4143715
0,7.76773,0.574795,-0.970112,0.0178438,0.00158796,0.00149814,8.98185e-05,0.930939,23.1514,0.0173697,0.0025481,0.144071,12.8884,3.27215
2,16.2873065,0.43405071496029,-1.7784799546944,0.024076695892312,-5.1569128183215,-5.2652488004595,0.10833598213801,-0.0011715756257776,107.80990072009,-46.09826118984,0,0.14407066666667,-1541229371.3041,-299280.53145868
0,7.05458,0.761743,-0.846636,0.0189465,0.000343075,0.000289885,5.31894e-05,0.947563,30.7195,0.00445409,0.000491325,0.144071,3.43987,3.07897
0,52.06772,0.4342364,-1.268204,0.01990684,0.0561613,0.05144767,0.004713632,0.8757521,16.53405,0.4506269,0.1050977,0.1440707,450.2265,3.837753
0,40.4494,0.626262,-1.08702,0.0248292,0.00498506,0.00477478,0.00021028,0.933989,25.1386,0.0603163,0.00822094,0.144071,62.6209,3.47994
2,15.7066279,0.996566954,-1.64156657,0.0131278058,0.227672026,-0.0114422883,0.239114314,3.91413384,31.0501293,-0.230008846,0,0.144070667,22889.8435,8.77039076
2,4.3085136,0.65844410161362,-1.7968803012022,0.017727781025773,-0.0083730420006678,-0.25610883996342,0.24773579796275,-8.6725382619659e-05,26.785225341031,-3.4014857123907,0,0.14407066666667,-6551992236.1625,-1272289.4272074
1,0.47214,0.8189,-1.9269,0.013707,,,,,,,,,,
2,24.3657129,0.5466633743199691,-1.634140477573826,0.02365169507935102,-1377.761971813819,-1377.874381806733,0.1124099929136264,-3.892336256860554e-06,30406.36050834837,-15193.39307470057,0,0.1440706666666666,-20490053669812.53,-3978835934.432155
0,8.10805,0.896926,-0.920515,0.0162811,0.000959706,0.000870023,8.96827e-05,0.954679,36.1489,0.0157403,0.00147689,0.144071,10.3778,3.21094
0,31.5029,0.799258,-1.07607,0.0132565,0.00819577,0.00776895,0.000426819,0.944791,31.9792,0.125249,0.0133774,0.144071,68.418,3.47467
0,38.4481,0.698995,-1.04734,0.00965111,0.00778817,0.00741241,0.000375755,0.938327,27.9791,0.10451,0.0127042,0.144071,41.6718,3.41527
0,38.098483,0.7128235,-1.3170687,0.01767643,0.10923569,0.080788871,0.028446822,0.87173568,25.615332,1.1616057,0.22171218,0.14407067,1312.6127,4.1090591
0,6.25484,0.541218,-0.544858,0.00862455,0.00010207,1.32117e-05,8.88579e-05,0.927975,21.8315,0.00014423,2.23722e-05,0.144071,0.0517404,2.56089
0,7.2515,0.21146,-0.64103,0.022366,0.050116,1.663e-05,0.0501,0.82692,8.1031,7.093e-05,2.9673e-05,0.14407,0.074127,2.6755
1,0.34551,0.66124,-1.866,0.0087393,,,,,,,,,,
0,8.01648,0.888823,-0.940643,0.0171898,0.00116261,0.00106644,9.61706e-05,0.954158,35.815,0.0191195,0.00181151,0.144071,13.3228,3.24447
1,0.5639,0.85659,-1.7873,0.013721,,,,,,,,,,
0,0.5901776,0.693299314591,-1.95267186262,0.0102457456454,0,0,0,-0.0979468794425,27.9689354738,0,0,0.144070666667,-44810976.715,-8700.00531042
0,39.28372,0.4389886,-1.257458,0.01310054,0.07461567,0.0694968,0.00511887,0.8644216,16.38817,0.6153798,0.1391106,0.1440707,393.8145,3.809174
0,17.561986,0.2246454097,-1.847984336,0.020591287,0.4299707132,0.3086721035,0.1212986098,1.070912934,5.165946263,1.398685591,0,0.1440706667,197288.1959,42.95281506
0,88.231477,0.50802658,-1.4566663,0.020842322,0.30153114,0.20354348,0.097987661,0.71527341,14.314911,2.0857814,1.1297323,0.14407067,5371.2519,5.1091786
0,50.69004,0.7609721,-1.201275,0.01239207,0.04215334,0.03865673,0.003496618,0.9200465,29.40491,0.593361,0.07146441,0.1440707,322.6125,3.728917
0,47.546283,0.27092238,-1.4388231,0.010260863,0.44085097,0.30422365,0.13662732,0.56332457,6.1112159,1.6625053,1.8247368,0.14407067,2315.2099,4.4546601
2,15.360439,0.73896226,-1.6024646,0.020736858,-0.18930922,-0.1920734,0.0027641868,11.528082,35.454569,-2.862956,0,0.14407067,5370.3397,5.254791
0,7.7656,0.500541,-0.794207,0.0210098,0.000172722,0.000133374,3.93486e-05,0.922534,20.1892,0.00134659,0.000225946,0.144071,1.18413,2.97131
0,21.7403329,0.8855268366,-1.766326665,0.02306850628,0.246339711,0.1746966032,0.07164310779,1.957437175,26.92356258,3.120407826,0,0.1440706667,197073.0248,42.82931858
0,37.532515,0.92968928,-1.4770756,0.02323895,0.042363063,0.025679717,0.016683345,2.2253071,35.916489,0.48156313,0,0.14407067,5630.0864,5.1822676
2,41.252558,0.93279558,-1.4587752,0.019380213,0.55387321,-0.13417426,0.68804748,0.92197382,16.788038,-2.524532,0,0.14407067,5021.1688,5.039844
0,31.719963,0.746562063,-1.65029934,0.0173996659,0.404497523,0.275739741,0.128757782,1.00836092,17.9351352,4.15231651,0,0.144070667,57414.1598,15.5304367
0,49.7444,0.395586,-1.11277,0.0181806,0.00927414,0.00901415,0.000259993,0.898236,15.8106,0.0719268,0.0156287,0.144071,57.0069,3.49978
0,8.18745,0.845522,-0.810479,0.0167563,0.000262572,0.000206071,5.65003e-05,0.952543,34.1009,0.00351453,0.000349158,0.144071,2.38736,3.02384
0,42.79033,0.90906148,-1.3051499,0.022772409,0.079553101,0.057284261,0.02226884,0.90286677,33.755703,1.0503977,0.14766814,0.14407067,1433.0344,4.1250343
0,46.0425839,0.298165593,-1.60686402,0.0136425173,0.58422573,0.19656096,0.38766477,0.760177729,5.00115485,1.18217008,0,0.144070667,12155.8104,6.6187939
0,21.8399933,0.942043874,-1.7076729,0.0201035247,0.299051277,0.202232506,0.0968187707,1.83729625,26.6386704,3.84279542,0,0.144070667,97795.5285,23.4565825
0,0.598132,0.9145733648321812,-1.869007286026521,0.009869020366052732,0,0,0,-3.614825569336752e-207,36.89552677854473,0,0,0.1440706666666666,-5.468486449290816e+212,-1.061891332504028e+209
2,16.6197313,0.7682200744,-1.762270074,0.02101581433,0.5001168989,-0.1114159275,0.6115328264,1.510532226,15.49206366,-1.726466285,0,0.1440706667,139486.5373,31.62514247
0,22.5177553,0.736916569,-1.56532791,0.0149024946,0.960599522,0.924527166,0.0360723562,0.0803345745,1.17131842,13.7424185,0,0.144070667,15801.355,7.29864043
1,0.3463,0.41778,-1.9341,0.015806,,,,,,,,,,
0,0.5143949,0.3174520475113191,-1.990092083734391,0.01658345915349162,0,0,0,-1.433654131400787e-28,12.8065838895351,0,0,0.1440706666666666,-2.26691199698315e+34,-4.401975251228765e+30
0,7.82275,0.855238,-0.913902,0.0135708,0.00106037,0.000958927,0.000101447,0.952537,34.4652,0.0165424,0.00162755,0.144071,9.10914,3.19738
0,47.9556,0.8854239,-1.245831,0.01999182,0.04851885,0.03963114,0.00888771,0.9225449,33.98651,0.707804,0.07851151,0.1440707,659.086,3.875518
0,7.65584,0.43957,-0.949837,0.0133988,0.001631,0.00153897,9.20316e-05,0.911817,17.7041,0.0136453,0.00261538,0.144071,7.75544,3.22478
0,5.68503,0.66939,-0.570275,0.0117081,8.07178e-05,1.34896e-05,6.72281e-05,0.940954,27.0022,0.000182139,2.28429e-05,0.144071,0.0874792,2.61329
0,19.60951,0.7798093,-1.145609,0.01607899,0.01615723,0.01523452,0.000922709,0.9384184,30.95061,0.2396307,0.02694313,0.1440707,162.861,3.607108
0,53.129124,0.33239296,-1.460392,0.022902472,0.24371968,0.24371844,1.2367779e-06,0.72691848,10.14121,1.6340501,1.0785068,0.14407067,3927.7756,4.8165225
0,32.3714325,0.285532598,-1.66171667,0.020458384,0.484749815,0.0782246464,0.406525168,0.874110115,5.93511337,0.450530789,0,0.144070667,25379.5642,9.27930951
2,11.24143,0.9798926,-1.378374,0.01678571,0.6981864,-0.0003551834,0.6985416,1.306555,11.93088,-0.007020309,0,0.1440707,896.51,4.069974
0,0.5215539,0.7676760445240274,-1.762650495959416,0.02038421279587377,0,0,0,-2.058563230314217e-23,30.96942590623202,0,0,0.1440706666666666,-2.056099484618448e+28,-3.992611560307476e+24
0,47.318429,0.61152045,-1.39346,0.013476985,0.24977598,0.24977317,2.8122868e-06,0.76513279,18.507899,3.0809308,0.77577494,0.14407067,2882.6114,4.53074
0,7.16475,0.960382,-0.868212,0.0236594,0.000355178,0.000306191,4.89865e-05,0.957901,38.7298,0.00593146,0.000519106,0.144071,5.66006,3.12657
0,5.8618098,0.92992668,-1.4430428,0.010666806,0.060391927,0.052065605,0.0083263214,-2.153223,35.24931,0.97661817,0,0.14407067,-3688.2676,0.81665363
0,18.0953145,0.50036047,-1.71439323,0.0132122279,0.247725317,0.171362194,0.076363123,1.56286388,15.1849933,1.72951039,0,0.144070667,71444.3786,18.3302051
0,7.45391,0.509777,-0.935996,0.0241327,0.000766959,0.00071591,5.10496e-05,0.92345,20.5495,0.00736145,0.00121558,0.144071,7.44071,3.20875
0,9.05196,0.268819,-1.04609,0.0200189,0.00360899,0.00352022,8.87709e-05,0.862751,10.8055,0.0190877,0.00602732,0.144071,17.225,3.36388
0,18.3251433,0.263100459,-1.74617416,0.0116418191,0.91471855,0.525872157,0.388846393,0.15682326,0.905172489,2.79078868,0,0.144070667,63838.6482,16.879293
0,7.19659,0.284748,-0.585004,0.0212444,3.98899e-05,8.98308e-06,3.09068e-05,0.871526,11.4868,5.15954e-05,1.5211e-05,0.144071,0.0485464,2.59776
0,7.56738,0.523474,-0.885971,0.0180491,0.000560158,0.000504049,5.61089e-05,0.925424,21.106,0.00532222,0.000854816,0.144071,4.01081,3.12631
0,17.95867,0.6312187,-1.16797,0.02475146,0.01374488,0.01306589,0.0006789821,0.9287838,25.11449,0.1663582,0.02332621,0.1440707,177.9475,3.63695
2,16.2574486,0.7302670314,-1.726457126,0.02022226891,-80.36830228,-80.4644967,0.09619442013,68.91632641,2397.132915,-1185.253275,0,0.1440706667,298636.1812,62.5327232
0,32.1975643,0.3872794851,-1.80658461,0.01464877236,0.9997627442,0.7493573791,0.2504053651,0.0004400778555,0.003706776893,5.853810387,0,0.1440706667,202407.3079,43.90678006
0,25.0853751,0.3225027574,-1.810737238,0.01550883996,0.5784986728,0.3832390325,0.1952596403,0.7817860538,5.483874973,2.493034782,0,0.1440706667,177796.8627,39.12532234
0,16.911888,0.60748488,-1.4123629,0.015930359,0.013664538,0.0092402799,0.0044242582,2.7279982,24.17215,0.1132259,0,0.14407067,1346.1275,4.2121568
2,25.4952375,0.847726009218,-1.70208528875,0.0181610377352,-7.19861559397,-7.29244733747,0.0938317435001,-0.0632525350635,280.382690233,-124.696418525,0,0.144070666667,-27828430.7315,-5402.49656074
0,7.19973,0.528939,-0.765575,0.0204644,0.000134569,9.48047e-05,3.97642e-05,0.926406,21.3355,0.00101149,0.000160585,0.144071,0.862664,2.92634
0,14.2717,0.527551,-1.03708,0.0228285,0.0028699,0.00275417,0.000115736,0.924479,21.2213,0.0293076,0.00470752,0.144071,28.1178,3.38216
0,14.40482,0.6007534,-1.132428,0.01577669,0.01379891,0.01322691,0.0005719959,0.9258166,23.90105,0.1602802,0.02318262,0.1440707,107.6236,3.561915
1,0.13732,0.82226,-1.8512,0.019911,,,,,,,,,,
0,8.1078,0.423867,-0.968541,0.0190112,0.00144909,0.00137829,7.08026e-05,0.908995,17.0748,0.011784,0.00234387,0.144071,9.54055,3.25448
0,51.014536,0.33151565,-1.4132599,0.016246671,0.25813234,0.18006497,0.078067363,0.71488497,9.9216897,1.2040886,0.82988335,0.14407067,2132.889,4.3894786
0,6.91598,0.347202,-0.833031,0.0248321,0.000217348,0.000185755,3.15934e-05,0.892029,14.0037,0.00130091,0.000314769,0.144071,1.39864,3.01873
0,6.34676,0.415527,-0.710699,0.0129656,0.00013192,7.39575e-05,5.79625e-05,0.908186,16.7609,0.000619879,0.000125254,0.144071,0.341621,2.82377
0,8.15841,0.74532,-0.954823,0.0221924,0.00106547,0.000990614,7.48528e-05,0.946006,30.0355,0.0148927,0.00168349,0.144071,13.5205,3.25945
0,21.0498692,0.837585287,-1.59795489,0.00838880263,0.356616491,0.269422274,0.0871942164,2.1243137,21.7397292,4.55184755,0,0.144070667,16864.1779,7.54099517
0,0.5629729,0.2059706533290044,-1.933340457226336,0.0207353605014177,0,0,0,-4.820208442776859e-187,8.309224877644539,0,0,0.1440706666666666,-2.110350411344613e+192,-4.097958056829006e+188
0,6.01475,0.461927,-0.566151,0.0146271,6.14267e-05,1.02409e-05,5.11859e-05,0.916677,18.6338,9.5419e-05,1.7341e-05,0.144071,0.05877,2.58873
0,5.9447,0.940831,-0.624165,0.0236903,4.79015e-05,1.33209e-05,3.45806e-05,0.957268,37.953,0.000252795,2.25574e-05,0.144071,0.241496,2.71939
0,5.68846,0.760349,-0.506407,0.0171988,5.02122e-05,4.04311e-06,4.61691e-05,0.947661,30.6723,6.20088e-05,6.84628e-06,0.144071,0.0434394,2.51345
0,14.62151,0.9432294,-1.094017,0.01524688,0.009011131,0.008461672,0.0005494587,0.9515216,37.70867,0.1609899,0.01464613,0.1440707,100.8704,3.518863
0,14.3814,0.8441948,-1.108334,0.01847271,0.008864959,0.008368396,0.0004965628,0.9468734,33.75442,0.1424984,0.01452902,0.1440707,109.0543,3.538777
0,8.20296,0.37826,-1.00699,0.0180265,0.00246585,0.00237535,9.04972e-05,0.898585,15.222,0.0181236,0.00405036,0.144071,14.098,3.31387
0,7.1935,0.24059,-0.73084,0.008601,0.00021728,0.0001444,7.2885e-05,0.85135,9.7038,0.00070076,0.00024457,0.14407,0.27329,2.8324
0,33.625426,0.44242828,-1.3393955,0.020138629,0.11552955,0.089382457,0.02614709,0.83791218,15.786337,0.79766465,0.25924049,0.14407067,1121.1222,4.086099
0,7.56268,0.78003,-0.876409,0.0086681,0.00105708,0.000928126,0.000128952,0.948262,31.4346,0.014603,0.00157422,0.144071,5.1559,3.12987
0,25.5064,0.450491,-1.04564,0.0100736,0.00720524,0.00695186,0.000253385,0.910206,18.0427,0.0631702,0.0119086,0.144071,27.1048,3.38864
0,24.7148,0.815454,-1.0875,0.0143943,0.00872533,0.00826283,0.000462498,0.945385,32.6098,0.135911,0.0142687,0.144071,80.7516,3.49701
0,7.93716,0.449085,-0.948622,0.0107471,0.00200385,0.00188872,0.000115129,0.913268,18.0806,0.0171089,0.00321022,0.144071,7.78536,3.22377
0,8.43682,0.200355,-1.05609,0.0226722,0.00360139,0.0035296,7.17915e-05,0.824666,8.05359,0.0142643,0.00605128,0.144071,15.2718,3.36731
0,21.9783423,0.67659899,-1.69311158,0.0180822922,0.234503867,0.178552082,0.0559517854,-4.1945365,20.8943811,2.43680869,0,0.144070667,-27867.7339,-3.732449
0,8.04677,0.32917,-0.974572,0.0197546,0.00149437,0.00143284,6.1527e-05,0.885994,13.2595,0.00951356,0.00243733,0.144071,8.21325,3.25255
0,7.19088,0.61975,-0.844069,0.022807,0.000274587,0.000233024,4.1563e-05,0.936404,24.995,0.00291301,0.000394923,0.144071,2.74036,3.06459
2,26.079875,0.470623799,-1.51024819,0.0218511909,-9.89275563,-11.4835065,1.59075089,-2.17871667,206.807751,-109.011817,0,0.144070667,-50702.4173,-8.38018999
2,1.3084102,0.879776144276686,-1.89554218853033,0.0134778843610719,-1.92851386633567,-2.83023835392505,0.901724487589381,-0.00064674655990474,103.938066226196,-50.2250484192287,0,0.144070666666667,-12107229958.8031,-2351026.38219051
2,21.8490762,0.726662058,-1.57963869,0.0159440644,0.00646630213,-0.0489049181,0.0553712203,-0.814020927,29.1252896,-0.716820127,0,0.144070667,-46600.2716,-7.50989437
0,7.01475,0.660511,-0.659156,0.0154527,8.3622e-05,3.20091e-05,5.1613e-05,0.940206,26.644,0.00042646,5.4206e-05,0.144071,0.270561,2.76023
0,7.39658,0.326012,-0.870568,0.0131048,0.000632273,0.000569726,6.25461e-05,0.885561,13.1436,0.0037465,0.000965998,0.144071,2.1416,3.0783
0,7.33487,0.981443,-0.763486,0.0243446,0.000114473,7.75842e-05,3.68888e-05,0.958919,39.5886,0.0015359,0.000131416,0.144071,1.50549,2.95299
0,17.4581405,0.416944434,-1.70044337,0.0105117558,0.228190274,0.153715299,0.0744749754,1.62839715,12.9820595,1.29276756,0,0.144070667,49004.8836,13.9394983
0,33.5768,0.52317,-1.0575,0.0155718,0.00544025,0.00523341,0.000206836,0.922264,20.9908,0.0552272,0.00897139,0.144071,36.2417,3.4172
0,6.96066,0.302768,-0.599934,0.014849,6.08553e-05,1.55686e-05,4.52867e-05,0.878228,12.2135,9.50791e-05,2.63627e-05,0.144071,0.0620523,2.6253
0,7.35117,0.741093,-0.742932,0.0184848,0.000124266,7.8475e-05,4.57914e-05,0.946327,29.8933,0.00117308,0.000132916,0.144071,0.884633,2.90499
0,21.4971,0.229072,-1.04479,0.0116595,0.22634,0.00461036,0.22173,0.80467,7.14952,0.0213026,0.0101765,0.144071,12.0164,3.34306
0,21.8325,0.93822887,-1.4234279,0.0084437415,0.68203654,0.088045086,0.59399146,0.73195452,12.034864,1.6662459,0,0.14407067,2879.3711,4.560021
0,43.08576,0.3992369,-1.160654,0.01009486,0.02995994,0.02910345,0.0008564897,0.8858819,15.6234,0.2343691,0.05206354,0.1440707,105.6504,3.588807
0,23.049,0.643026,-1.10786,0.0212832,0.0075571,0.00723105,0.000326045,0.933863,25.7448,0.0937897,0.0125341,0.144071,83.8251,3.51989
0,0.417757,0.218547,-0.801675,0.0132888,0,0,0,-42.7268,8.81659,0,0,0.144071,-0.0122892,1.53952
0,34.323151,0.59066961,-1.5300896,0.022430014,0.082653772,0.056126791,0.026526981,1.7139018,21.85914,0.66871338,0,0.14407067,8790.1032,5.8717966
0,11.1171886,0.63962994277,-1.6475182357,0.012200568445,0.19971149949,0.17696029464,0.022751204847,-0.01350472197,20.650497964,2.2831255241,0,0.14407066667,-4762785.1065,-923.486327
0,40.17319,0.3354695,-1.218744,0.01635654,0.03712939,0.03605705,0.001072336,0.8654668,13.03095,0.2439879,0.06776353,0.1440707,190.2175,3.693533
0,8.05712,0.455688,-0.890489,0.0112276,0.000945556,0.000858482,8.70743e-05,0.915072,18.3659,0.00789084,0.00145628,0.144071,3.74045,3.12719
0,40.6387192,0.7256479385,-1.721718815,0.0171606722,0.9005739938,0.628743215,0.2718307788,0.1658835669,2.910590628,9.202894592,0,0.1440706667,141748.2731,32.02461006
0,7.42055,0.521127,-0.809616,0.00989989,0.000430888,0.000344927,8.59614e-05,0.925197,21.0141,0.00362573,0.000584464,0.144071,1.49797,2.99886
0,7.88612,0.374958,-0.992485,0.0225767,0.00164137,0.00157649,6.48834e-05,0.898313,15.1017,0.0119234,0.00268442,0.144071,11.613,3.28892
0,0.5696959,0.8832331684742798,-1.957545530767546,0.01874529885978291,0,0,0,-1.641910607861566e-14,35.63120715320775,0,0,0.1440706666666666,-3.62549740109479e+20,-7.040127651295016e+16
0,45.1224,0.707825,-1.078,0.0207436,0.00534702,0.00509559,0.000251421,0.940573,28.4023,0.0727522,0.00876277,0.144071,62.5638,3.47086
0,5.80423,0.701488,-0.549378,0.0152072,5.99344e-05,7.9409e-06,5.19935e-05,0.943514,28.2976,0.000112361,1.34466e-05,0.144071,0.0699041,2.58087
0,5.52184,0.936856,-0.511318,0.0242079,3.6362e-05,3.05952e-06,3.33025e-05,0.957102,37.7931,5.78165e-05,5.18074e-06,0.144071,0.0564467,2.53182
0,50.7324714,0.521081714,-1.74561393,0.0207645457,0.939826594,0.657197035,0.282629559,0.337864735,1.26492738,6.90759074,0,0.144070667,41111.2175,12.4428222
2,41.3639967,0.2692587722,-1.698298054,0.01306085834,-35.11906884,-35.33579348,0.216724637,-6.671226628,392.3390831,-191.9154239,0,0.1440706667,-351677.391,-66.73611069
0,7.21566,0.297873,-0.725228,0.0120226,0.000152922,9.61205e-05,5.6801e-05,0.876417,12.0149,0.000577527,0.000162793,0.144071,0.305829,2.8326
0,56.552731,0.37794954,-1.4547445,0.016476051,0.31030631,0.3103025,3.8089838e-06,0.68959713,10.515871,2.3656161,1.3942725,0.14407067,3992.8953,4.8243651
0,6.0513,0.70001,-0.697783,0.016907,9.6228e-05,4.80472e-05,4.81808e-05,0.943378,28.2369,0.000678419,8.13704e-05,0.144071,0.469356,2.8272
0,43.097,0.229762,-1.17932,0.0126293,0.0339509,0.0292852,0.00466574,0.826752,8.95433,0.135723,0.0528877,0.144071,82.4575,3.59023
0,22.4431959,0.92693311614,-1.8959668607,0.012738096396,0.79883040307,0.53917495378,0.25965544929,0.47746161192,7.5225643272,10.080992196,0,0.14407066667,1193440.4325,236.52988245
0,7.09276,0.324237,-0.667135,0.0108257,0.000114866,5.06211e-05,6.42452e-05,0.885331,13.0788,0.000331069,8.57246e-05,0.144071,0.156265,2.73998
0,0.3455498,0.9254269976102236,-1.830027073664456,0.01733455717320562,0,0,0,-1.082541132643944e-139,37.33338175465179,0,0,0.1440706666666666,-1.119914048231219e+145,-2.174691355631786e+141
0,14.4446,0.308421,-1.07084,0.0192566,0.00514036,0.00501269,0.000127677,0.877038,12.3783,0.0311846,0.00861038,0.144071,26.6737,3.41293
2,23.0816905,0.216716357,-1.69452712,0.0230055021,0.51278815,-0.808401244,1.32118939,0.785586021,4.25955962,-3.53381522,0,0.144070667,30890.4047,10.3923325
0,54.73011,0.5142017,-1.283842,0.01998154,0.06792715,0.05805008,0.009877069,0.8803337,19.33475,0.6020901,0.1279973,0.1440707,640.2627,3.908385
0,47.72995,0.494908,-1.19104,0.01971888,0.02254122,0.02161579,0.0009254265,0.9073942,19.51543,0.2157848,0.03937816,0.1440707,190.3519,3.665891
0,53.48806,0.7133391,-1.265092,0.01947934,0.05922118,0.04889258,0.0103286,0.9054469,27.07315,0.7035002,0.1031957,0.1440707,685.092,3.901818
0,10.35021,0.5024463,-1.156923,0.0230878,0.01272032,0.0122574,0.000462914,0.9147821,20.01175,0.1242262,0.0216988,0.1440707,124.9174,3.597424
0,7.49404,0.756895,-0.848806,0.0247817,0.000268756,0.000227899,4.08572e-05,0.947294,30.5263,0.00347939,0.000386257,0.144071,3.51589,3.08228
0,5.76463,0.804136,-0.576257,0.021853,4.44845e-05,7.80454e-06,3.668e-05,0.950372,32.4388,0.000126591,1.32158e-05,0.144071,0.11236,2.63214
0,6.17153,0.485928,-0.707691,0.0214789,7.90762e-05,4.2953e-05,3.61232e-05,0.920453,19.6017,0.000421008,7.27432e-05,0.144071,0.379257,2.82614
0,1.2524691,0.65059498,-1.82705223,0.0183297286,0.0214031331,0.0214031331,4.85722573e-17,40.6565677,25.684416,0.280875094,0,0.144070667,19745.8471,8.33777157
0,54.25402,0.7181212,-1.220302,0.01899888,0.03518654,0.03174281,0.003443727,0.9217155,27.95093,0.4597993,0.05951812,0.1440707,390.8534,3.771055
0,7.54002,0.330179,-0.933989,0.014312,0.00124604,0.00117621,6.98333e-05,0.886456,13.3034,0.00783356,0.00199754,0.144071,4.89035,3.18468
0,6.13733,0.939286,-0.614199,0.0206333,5.30403e-05,1.34567e-05,3.95836e-05,0.957198,37.8905,0.000254954,2.27873e-05,0.144071,0.212143,2.70276
0,17.9601,0.723694,-1.0118,0.016265,0.00295993,0.00279982,0.000160102,0.943276,29.1087,0.0408706,0.00477539,0.144071,27.3203,3.35525
0,7.97759,0.948997,-0.947984,0.0172283,0.00127387,0.00116894,0.000104929,0.956822,38.2355,0.022376,0.0019862,0.144071,15.5861,3.26031
1,0.29612,0.98997,-1.9178,0.013696,,,,,,,,,,
0,7.41766,0.304315,-0.952119,0.0244716,0.000910415,0.000867967,4.2448e-05,0.878245,12.2654,0.00532784,0.00147459,0.144071,5.74428,3.21125
0,57.45845,0.9460627,-1.153227,0.01092425,0.02652564,0.0245427,0.001982932,0.9400977,37.15349,0.4683467,0.04373293,0.1440707,215.2109,3.639212
0,23.8502,0.981089,-1.00804,0.0229101,0.00203206,0.00189547,0.000136595,0.957655,39.4985,0.0375103,0.00323053,0.144071,34.7944,3.36537
2,20.9408817,0.73735073,-1.54857161,0.00997575385,0.869772287,-0.320826297,1.19059858,0.280024793,3.87375986,-4.77165729,0,0.144070667,12088.8197,6.54720903
2,19.0445264,0.650512312,-1.62193013,0.014722622,-13.4575317,-33.9422646,20.4847329,-10.0574828,379.406565,-445.37056,0,0.144070667,-84584.3006,-14.8741163
0,22.64132,0.5802723,-1.157814,0.01240134,0.02391214,0.02289665,0.00101549,0.9171365,22.84946,0.2679964,0.04086202,0.1440707,143.9023,3.609271
2,0.9302751,0.3766229516554,-1.920009150333,0.009913010432079,-0.04704147242734,-0.04704159986662,1.274392822173e-07,-0.01024869635291,15.90837547811,-0.3573666628669,0,0.1440706666667,-160121302.2191,-31091.49750476
2,34.421303,0.81831991,-1.3816684,0.016338607,-0.033276408,-0.036563244,0.0032868361,2.3099217,34.111027,-0.60352187,0,0.14407067,1512.4632,4.2197484
0,7.76682,0.447584,-0.859961,0.018494,0.000400799,0.000352365,4.84342e-05,0.914022,18.0491,0.00318121,0.00059731,0.144071,2.48638,3.07543
2,24.7635161,0.3902592311,-1.8114197105,0.01186739025,-2.6538507506,-5.8094182132,3.1555674626,-0.51172301936,57.525334724,-45.731031462,0,0.14407066667,-2874456.9034,-556.61378343
0,7.35648,0.52186,-0.935923,0.021642,0.000854999,0.000797522,5.74767e-05,0.925023,21.0348,0.00839503,0.0013542,0.144071,7.59632,3.20977
0,6.55579,0.377082,-0.678447,0.0226891,5.98268e-05,2.79304e-05,3.18964e-05,0.899816,15.2112,0.000212441,4.72987e-05,0.144071,0.206783,2.76569
0,43.2627634,0.566385912,-1.66870243,0.0190148516,0.818286478,0.611876787,0.206409691,0.258680386,4.1519762,6.99039297,0,0.144070667,65626.9721,17.1505043
0,46.640051,0.38413325,-1.4237685,0.024189364,0.18547264,0.1854715,1.1371782e-06,0.77970767,12.622424,1.437091,0.63793806,0.14407067,2847.418,4.5535834
0,6.42786,0.339378,-0.699435,0.0236015,6.51001e-05,3.51579e-05,2.99422e-05,0.889911,13.6902,0.000240675,5.95397e-05,0.144071,0.246403,2.79569
2,15.9675834,0.5622828908,-1.746866597,0.01156143094,0.1085831545,-0.5939805268,0.7025636813,-0.2536190313,20.22045258,-6.736778163,0,0.1440706667,-889681.5561,-171.2069115
0,0.5127502,0.6017690237389611,-1.938810806335405,0.02442565675948398,0,0,0,-5.936562678198049e-46,24.27643968609735,0,0,0.1440706666666666,-5.370637785057985e+51,-1.042890709679148e+48
0,0.5591965,0.70226338059,-1.9604155327,0.0099471068421,0,0,0,-0.73227472002,28.330561943,0,0,0.14407066667,-6706221.1127,-1300.5747496
0,15.5262,0.411823,-1.14365,0.024298,0.0102066,0.00990978,0.000296779,0.901064,16.4441,0.082319,0.0173874,0.144071,87.8812,3.55889
1,0.29978,0.94786,-1.9854,0.015177,,,,,,,,,,
0,25.0787628,0.69141584,-1.66577321,0.0141937751,0.360261586,0.24999025,0.110271336,1.41262069,17.8441933,3.48648311,0,0.144070667,49741.8379,14.0486997
2,19.2757056,0.727252151,-1.64536172,0.0111785338,-11.938352,-11.9492246,0.0108726628,-30.8307704,379.593828,-175.287082,0,0.144070667,-37301.0329,-5.62697309
0,50.456198,0.8525705,-1.4774551,0.024969593,0.98461495,0.47600778,0.50860718,0.03044172,0.52915664,8.1859582,0,0.14407067,6093.1683,5.2766315
0,63.836947,0.2403213,-1.4435355,0.023528779,0.22797784,0.15437365,0.073604193,0.7041042,7.4847481,0.7483256,0.84542004,0.14407067,2410.1803,4.4798798
0,15.7502746,0.2231183261,-1.818440113,0.01470446073,0.3011723542,0.2023274864,0.09884486778,1.27970813,6.290142533,0.9105741135,0,0.1440706667,137544.7745,31.30353337
1,0.37022,0.88162,-1.7877,0.016707,,,,,,,,,,
2,18.9613437,0.827227459,-1.56929441,0.0135313448,-0.104465526,-0.113932032,0.00946650627,2.52940846,36.858043,-1.90106058,0,0.144070667,16617.3596,7.46364899
0,18.09885,0.4554516,-1.157318,0.01388104,0.021095,0.0204061,0.0006889012,0.9021854,17.98614,0.1874681,0.0362744,0.1440707,114.4199,3.59127
2,23.7472418,0.94527517948428,-1.6290217268732,0.01232612379606,-103.2177979076,-103.47123864626,0.2534407386626,-0.0058355626747842,3974.2511917292,-1972.8909157349,0,0.14407066666667,-1672657064.9209,-324801.81057327
0,20.5028373,0.479182229,-1.61072565,0.0147505834,0.204352739,0.167625266,0.0367274733,1.60865697,15.380712,1.62018779,0,0.144070667,18564.5177,7.88888014
0,6.8029,0.23122,-0.66156,0.013127,8.5009e-05,3.8863e-05,4.6146e-05,0.84633,9.327,0.00018125,6.581e-05,0.14407,0.10851,2.7157
0,17.1722,0.229039,-1.1139,0.0214206,0.00788422,0.00774373,0.000140495,0.840367,9.16698,0.0357753,0.0134582,0.144071,35.8439,3.47296
2,16.4322019,0.854409124,-1.57723377,0.00876292303,-10.7059885,-24.5068437,13.8008552,-24.2802672,403.48662,-422.355767,0,0.144070667,-20985.229,-2.49728136
0,13.748594,0.35841209,-1.5627572,0.011263416,0.72719962,0.030764168,0.69643545,1.0639806,3.9444167,0.22240933,0,0.14407067,3887.1438,4.9104634
2,32.082092,0.58449475,-1.469976,0.013423008,0.78772028,-0.085104855,0.87282513,0.50537225,5.0054635,-1.0033677,0,0.14407067,3153.8366,4.664544
2,19.796288,0.72243162,-1.4140433,0.0092146571,0.34576469,-0.16847075,0.51423544,1.4441043,19.067155,-2.4549713,0,0.14407067,2049.6345,4.3720496
0,6.83862,0.475798,-0.627117,0.0237985,4.54543e-05,1.37728e-05,3.16815e-05,0.918919,19.1937,0.000132182,2.33224e-05,0.144071,0.132143,2.69134
0,17.773186,0.42090326,-1.5252847,0.021709992,0.33353388,0.12395142,0.20958246,1.2352341,11.316589,1.052347,0,0.14407067,5936.2086,5.2926411
0,7.48931,0.885483,-0.66688,0.0196944,6.9648e-05,2.77347e-05,4.19134e-05,0.954706,35.7195,0.000495369,4.69678e-05,0.144071,0.394472,2.78735
0,39.221007,0.41780872,-1.4017524,0.022257019,0.18161287,0.12487277,0.0567401,0.78809705,13.794039,1.0523747,0.52254111,0.14407067,2320.2594,4.4186819
0,82.2941485,0.948547358,-1.5180719,0.0114120699,0.920002685,0.715031277,0.204971408,0.106703728,3.06118511,13.6807286,0,0.144070667,16944.0319,7.47686127
0,5.85407,0.609697,-0.588302,0.0235011,4.16465e-05,8.47159e-06,3.31749e-05,0.935575,24.5952,0.000104185,1.43453e-05,0.144071,0.10102,2.63872
0,43.1267,0.771368,-1.05166,0.0159851,0.00499142,0.00473298,0.000258439,0.945167,30.963,0.0736413,0.00810733,0.144071,48.3912,3.42857
0,0.6074131,0.678086546857068,-1.853109140897128,0.0190894168439854,0,0,0,-4.120514895345795e-51,27.35522518997325,0,0,0.1440706666666666,-2.899897417862566e+56,-5.631130225399794e+52
0,7.99558,0.322719,-0.618055,0.0155029,6.33176e-05,1.88198e-05,4.44978e-05,0.884886,13.0182,0.000122508,3.18686e-05,0.144071,0.0828469,2.65828
0,9.60449,0.28511,-0.642169,0.0131651,8.04245e-05,3.02074e-05,5.02171e-05,0.871644,11.5009,0.000173721,5.11524e-05,0.144071,0.10128,2.69272
2,16.1994501,0.265087790397,-1.52873246302,0.0197669004695,0.279275792037,-0.0268450647318,0.306120856769,-0.00034847649632,7.70750829596,-0.143542118358,0,0.144070666667,-14980165.781,-2907.71352344
0,7.39844,0.723962,-0.754833,0.0176846,0.000143885,9.55699e-05,4.83148e-05,0.945116,29.2017,0.0013956,0.000161878,0.144071,1.0082,2.92364
0,37.574799,0.64898706,-1.3335486,0.021484085,0.11093419,0.080235724,0.030698464,0.86548272,23.276899,1.0503378,0.22542349,0.14407067,1484.6363,4.1652709
0,31.4082763,0.9047819808,-1.70720259,0.0110212168,0.6212212645,0.2952769792,0.3259442853,-0.2587060171,13.82562264,5.388882354,0,0.1440706667,-358294.5554,-68.01310993
0,37.6176,0.499345,-1.06931,0.0112947,0.00868133,0.00837066,0.000310662,0.916931,19.9696,0.0843114,0.014395,0.144071,40.3605,3.43534
0,23.3321,0.223838,-1.10084,0.0152566,0.00939343,0.00922478,0.000168653,0.836433,8.94521,0.04165,0.0159783,0.144071,29.7156,3.44907
2,28.1740038,0.555847113,-1.58042168,0.0227553344,-2.84106817,-4.88152436,2.04045619,-6.53406481,86.1316042,-54.731328,0,0.144070667,-17342.061,-1.77685152
0,40.595719,0.95771579,-1.4326109,0.022084944,0.05002102,0.033857048,0.016163972,-1.5444784,36.703359,0.65404994,0,0.14407067,-4682.6412,0.60086521
2,22.802101,0.45464466,-1.4829884,0.011408315,-4.4621576,-24.376045,19.913887,5.8293334,100.18241,-223.54271,0,0.14407067,6467.9672,5.3580119
0,46.3749935,0.5887321524,-1.824198178,0.02443529831,0.9443960931,0.4525563421,0.491839751,0.09000634391,1.320621088,5.374221728,0,0.1440706667,442100.1861,90.50900392
0,8.03051,0.302132,-0.932961,0.0103814,0.00169174,0.00159996,9.17807e-05,0.876993,12.1679,0.00975056,0.0027177,0.144071,4.46185,3.17886
0,6.32866,0.709001,-0.702737,0.0225627,7.46101e-05,3.8369e-05,3.62411e-05,0.944069,28.6002,0.000548722,6.49797e-05,0.144071,0.506258,2.83605
0,22.8464762,0.465929864,-1.69610178,0.012858438,0.950566528,0.777540032,0.173026496,0.0946535055,0.929173536,7.30749414,0,0.144070667,57068.5573,15.5088185
0,18.4730906,0.9140460137,-1.771079862,0.02452260518,0.2922726976,0.2003533901,0.09191930751,1.56132734,26.09691524,3.693940747,0,0.1440706667,254561.7534,54.01060234
2,10.1915869,0.3652356944521,-1.667050308487,0.01701361327947,-0.04853002726353,-0.05182290289608,0.003292875632551,-7.357378514843e-05,15.44931587228,-0.3817861079047,0,0.1440706666667,-840544805.4953,-163219.0389129
0,0.5038819,0.2302698953,-1.985217635,0.01655119829,0,0,0,5.833594142,9.2894998,0,0,0.1440706667,379585.8555,78.52292122
0,39.30671,0.3747806,-1.239514,0.01353682,0.05756424,0.05527273,0.002291515,0.8626044,14.24899,0.417843,0.1069134,0.1440707,272.495,3.748749
0,6.59148,0.431272,-0.621442,0.0213307,4.90956e-05,1.42861e-05,3.48095e-05,0.91129,17.3974,0.000124277,2.41915e-05,0.144071,0.112288,2.67729
0,19.246289,0.86120379,-1.7232436,0.012983645,0.2354816,0.17374141,0.061740187,31.590079,26.561282,3.0181058,0,0.14407067,6926.9864,5.6909241
0,7.96592,0.926031,-0.76234,0.0145595,0.000188918,0.000127828,6.109e-05,0.956524,37.3507,0.00238769,0.000216529,0.144071,1.40315,2.9482
0,64.17014,0.893579,-1.191686,0.009743561,0.04814133,0.04359082,0.004550517,0.9233078,34.31315,0.7856935,0.08035745,0.1440707,331.6617,3.722507
0,6.40838,0.743667,-0.64192,0.00945668,0.000127038,4.19166e-05,8.51216e-05,0.946501,29.997,0.000628767,7.09847e-05,0.144071,0.242492,2.73736
2,14.0373884,0.9750160559196,-1.58802897115,0.01006975228533,-0.1677630946626,-0.1899313366206,0.02216824195808,-0.0005761498756029,45.9326687779,-3.735369449255,0,0.1440706666667,-115649743.6964,-22456.15773212
1,0.35213,0.78427,-1.9049,0.014931,,,,,,,,,,
0,6.64641,0.528159,-0.54743,0.0201036,4.37334e-05,5.85843e-06,3.78749e-05,0.926364,21.306,6.24124e-05,9.92017e-06,0.144071,0.0522818,2.56399
0,7.37698,0.611744,-0.72707,0.0180839,0.000110289,6.54326e-05,4.48566e-05,0.935732,24.6761,0.0008074,0.00011082,0.144071,0.602383,2.86933
0,16.67978,0.8423903,-1.139991,0.02451874,0.009960769,0.009350904,0.0006098651,0.9460589,33.64503,0.1588884,0.01643872,0.1440707,163.3828,3.601755
0,96.914819,0.96439382,-1.3688644,0.023626434,0.1563038,0.10353306,0.052770743,0.85220737,32.824315,2.0139962,0.32264529,0.14407067,3346.6571,4.6039242
0,7.52451,0.608737,-0.779794,0.0147254,0.000215666,0.000158139,5.75268e-05,0.935368,24.5522,0.00194176,0.000267891,0.144071,1.18025,2.95673
0,15.638436,0.43120385,-1.513298,0.0084713148,0.18398932,0.11801164,0.065977683,1.9752978,14.194943,1.0264378,0,0.14407067,3991.8757,4.8827075
0,5.57702,0.896003,-0.548119,0.0168809,5.47803e-05,7.03878e-06,4.77415e-05,0.955223,36.1444,0.000127213,1.19191e-05,0.144071,0.0867783,2.59072
0,44.99989,0.2123444,-1.276081,0.01001979,0.1139814,0.1114615,0.002519893,0.764714,7.589947,0.4774094,0.231034,0.1440707,261.8855,3.781215
2,20.6884089,0.5041558191,-1.672804268,0.01192714723,0.07213167759,-1.694234193,1.76636587,-0.4807893214,18.87149466,-17.22913195,0,0.1440706667,-169170.3899,-31.28410426
0,0.8734496,0.2028974835,-1.963352379,0.01640699176,0.007287886189,0.007287784996,1.01193375e-07,6.005246053,8.125594551,0.02982616271,0,0.1440706667,243558.9547,52.0640396
0,63.28314,0.8995324,-1.182868,0.01083422,0.03882201,0.03541408,0.003407932,0.9298296,34.87994,0.6425663,0.06452885,0.1440707,298.9245,3.701992
0,5.4207,0.913837,-0.511709,0.0126643,6.94508e-05,5.87764e-06,6.35731e-05,0.956048,36.8632,0.000108342,9.95285e-06,0.144071,0.0553964,2.53125
0,7.17728,0.541784,-0.858954,0.0130543,0.000565269,0.00049274,7.25293e-05,0.927748,21.8442,0.0053848,0.000835333,0.144071,2.92656,3.08289
0,0.5351762,0.4334613597141,-1.890659629606,0.01507996225681,0,0,0,-0.006670604151642,17.48660722011,0,0,0.1440706666667,-185484481.9724,-36016.65235479
0,54.89956,0.4687171,-1.21554,0.0114109,0.05197348,0.0496542,0.002319285,0.8843426,17.92613,0.4694528,0.0932162,0.1440707,245.7619,3.714278
0,32.0737758,0.8763886361,-1.738193878,0.009884129091,0.9687613623,0.667044004,0.3017173583,0.0636472346,1.104444737,11.79169922,0,0.1440706667,173224.6587,38.16359252
0,29.524774,0.81263035,-1.4219451,0.01718208,0.11224722,0.099875296,0.012371927,1.7865103,29.103167,1.6371041,0,0.14407067,2799.0028,4.5414773
0,8.0854,0.22226,-1.0025,0.016875,0.0024638,0.0023969,6.688e-05,0.83969,8.9444,0.010746,0.0040855,0.14407,8.3704,3.2815
0,7.92218,0.298856,-0.980634,0.0157867,0.00201256,0.00193711,7.54491e-05,0.875622,12.0321,0.0116773,0.00329693,0.144071,8.15197,3.25822
0,6.52515,0.425722,-0.529094,0.0222725,3.705e-05,4.17839e-06,3.28716e-05,0.910246,17.1738,3.58807e-05,7.07523e-06,0.144071,0.0338887,2.52338
0,44.228818,0.9428018,-1.3360194,0.013845246,0.17071876,0.11696329,0.053755468,0.8404793,31.541142,2.2243092,0.36107619,0.14407067,2138.3916,4.3134391
0,48.509927,0.76219599,-1.3674586,0.011391522,0.23616138,0.23615788,3.501528e-06,0.78586452,23.486778,3.6307327,0.65720298,0.14407067,2550.3182,4.4339194
0,38.140466,0.48460704,-1.3318264,0.01792362,0.11858033,0.091943497,0.026636837,0.84254918,17.23168,0.8987438,0.26429167,0.14407067,1104.2792,4.0744815
0,7.4011,0.688755,-0.878927,0.00842226,0.0011151,0.000986552,0.000128547,0.94185,27.7546,0.013706,0.00167342,0.144071,4.73397,3.12792
0,68.33178,0.2499315,-1.237246,0.01240586,0.06044272,0.0591315,0.001311216,0.8188584,9.47326,0.2981021,0.113311,0.1440707,185.3648,3.709765
0,66.304942,0.24139035,-1.4550853,0.010442899,0.50882405,0.34257166,0.16625239,0.49847281,4.7831298,1.6680018,2.2094335,0.14407067,2523.5393,4.5158037
1,0.37156,0.41772,-1.9293,0.016617,,,,,,,,,,
0,44.48874,0.7169383,-1.218116,0.02208391,0.0293821,0.0265942,0.002787895,0.9254823,28.07277,0.3845864,0.04978614,0.1440707,380.1359,3.765359
0,7.6015,0.20632,-0.60672,0.010555,7.8275e-05,2.4307e-05,5.3968e-05,0.83093,8.3227,0.00010116,4.0466e-05,0.14407,0.048764,2.6197
0,7.37218,0.863574,-0.752522,0.0217536,0.000115439,7.54225e-05,4.00168e-05,0.953581,34.8341,0.00131379,0.00012775,0.144071,1.15711,2.92843
1,0.28066,0.90304,-1.9055,0.016604,,,,,,,,,,
0,56.688339,0.3161882,-1.4512579,0.012676475,0.38302889,0.38302683,2.0618508e-06,0.62101262,7.8698354,2.4428681,1.7328175,0.14407067,3172.8818,4.6498336
0,6.2186,0.337812,-0.514444,0.00940683,8.17459e-05,8.19608e-06,7.35498e-05,0.889447,13.6268,5.58478e-05,1.38785e-05,0.144071,0.022798,2.48835
0,36.8434,0.585854,-1.05478,0.0153658,0.00534739,0.00512465,0.000222731,0.929722,23.508,0.0605591,0.00877886,0.144071,38.877,3.41859
0,6.69574,0.894214,-0.685345,0.0216361,7.0523e-05,3.20022e-05,3.85207e-05,0.955127,36.0717,0.000577227,5.41961e-05,0.144071,0.504764,2.8185
2,34.8348106,0.620755323,-1.66983499,0.0230072829,0.51564437,-0.409286548,0.924930917,0.751330987,12.1294182,-5.12475483,0,0.144070667,66975.7502,17.414593
0,38.6205691,0.9093278808,-1.710806587,0.02357770423,0.7672415687,0.5555553457,0.211686223,0.3893504474,8.538490407,10.18997242,0,0.1440706667,153995.1911,34.39610858
0,32.050654,0.52212057,-1.5065762,0.011183924,0.74408588,0.42751266,0.31657322,0.50896391,5.3903903,4.5024091,0,0.14407067,5396.4953,5.1642312
0,6.2939,0.24554,-0.67093,0.015728,7.6249e-05,3.6585e-05,3.9665e-05,0.85399,9.9049,0.0001812,6.1953e-05,0.14407,0.12881,2.7338
2,14.9000778,0.410985917,-1.648018,0.0141953716,-0.987979775,-1.03435821,0.0463784336,4.90473948,32.9605211,-8.57478178,0,0.144070667,21066.0028,8.4184155
0,94.9866,0.429068,-0.659897,0.0142544,8.74107e-05,3.50342e-05,5.23765e-05,0.910851,17.3079,0.00030321,5.9325e-05,0.144071,0.183156,2.7409
0,12.5281,0.27827,-1.06513,0.0121417,0.00756488,0.00738762,0.000177262,0.86429,11.141,0.0414664,0.0126905,0.144071,22.6391,3.39801
0,39.7227,0.9707716,-1.212493,0.02486819,0.02572881,0.02210267,0.003626143,0.9415365,38.15506,0.4327997,0.04113097,0.1440707,472.4604,3.788836
0,28.3816,0.594711,-1.05723,0.0207934,0.00407741,0.00390647,0.000170939,0.931467,23.8939,0.0468614,0.00669481,0.144071,40.7024,3.42376
0,0.6218273,0.3094938181127481,-1.903194506844629,0.008566336451453289,0,0,0,-7.020087684520006e-60,12.48553466901833,0,0,0.1440706666666666,-1.47828080355108e+65,-2.870581443063754e+61
0,47.48102,0.8517537,-1.242152,0.01126447,0.07966584,0.06663399,0.01303186,0.8998901,31.62385,1.144814,0.1329096,0.1440707,599.6942,3.855455
0,6.7562,0.723488,-0.639487,0.0171566,6.91593e-05,2.23942e-05,4.67651e-05,0.94513,29.1848,0.000326807,3.79227e-05,0.144071,0.228999,2.73198
0,7.15913,0.276133,-0.757074,0.0201275,0.000119875,8.64262e-05,3.34483e-05,0.867998,11.1384,0.000481381,0.000146384,0.144071,0.430945,2.88209
0,34.830917,0.71179387,-1.4554472,0.019888162,0.21238518,0.13516607,0.07721911,1.5716695,22.61639,1.9406494,0,0.14407067,3802.0699,4.7854963
0,38.2947659,0.486819659,-1.56160589,0.00837517375,0.279351267,0.195570133,0.0837811337,1.28379451,14.1529477,1.92041818,0,0.144070667,11389.6441,6.42141358
1,105.4013,0.6149297,-1.284188,0.01258666,,,,,,,,,,
0,0.8808228,0.798521925,-1.754651078,0.02492814374,0.7642832224,0.1273947414,0.6368884811,-0.1316264605,7.593334059,2.051934611,0,0.1440706667,-711443.0864,-136.576621
0,28.7706,0.993591,-1.069,0.0150445,0.00667879,0.00625876,0.000420036,0.955114,39.8155,0.125436,0.0107636,0.144071,76.9432,3.47528
1,0.29186,0.78285,-1.9228,0.021769,,,,,,,,,,
0,39.21596,0.9684176,-1.208016,0.017066,0.03495819,0.0303655,0.004592682,0.9353198,37.70196,0.5931552,0.05658596,0.1440707,443.6921,3.775545
0,56.050841,0.48693026,-1.378665,0.018033751,0.19151283,0.13464195,0.056870878,0.79370429,15.88163,1.3224289,0.47941252,0.14407067,1971.8284,4.319574
0,7.17221,0.402853,-0.913952,0.0237045,0.000592106,0.000549468,4.26382e-05,0.905283,16.2422,0.00446493,0.000932369,0.144071,4.51977,3.16053
0,0.5405919,0.6021460183670981,-1.975553169518068,0.01626537354201241,0,0,0,-7.565787476900811e-25,24.29164832428063,0,0,0.1440706666666666,-6.759958892359079e+30,-1.31267432450355e+27
0,7.06853,0.415202,-0.771318,0.0150075,0.000190682,0.000139169,5.15127e-05,0.908084,16.7468,0.00116554,0.000235741,0.144071,0.743682,2.92443
2,0.7988415,0.23290815,-1.7613034,0.015210255,0.0026858741,0.0026858741,-8.1532003e-17,16.445493,9.3706956,0.012618145,0,0.14407067,7653.9431,5.8752748
0,14.0434,0.543591,-1.03034,0.0197541,0.00304913,0.00292092,0.000128208,0.92638,21.8626,0.0320271,0.00498886,0.144071,26.5099,3.37208
0,48.141441,0.20236877,-1.4363495,0.01421726,0.32252852,0.22779179,0.094736733,0.6175054,5.5308219,0.92983679,1.2757612,0.14407067,1851.704,4.3507026
0,35.99361,0.7136583,-1.225124,0.0143923,0.04900125,0.04399039,0.005010858,0.9122095,27.3795,0.6332473,0.08358825,0.1440707,411.57,3.782553
0,7.26842,0.40055,-0.833619,0.0116704,0.00046866,0.000398189,7.04706e-05,0.904869,16.1513,0.00321715,0.000674843,0.144071,1.60231,3.02634
0,35.606074,0.6517363,-1.3254204,0.0093653126,0.21304477,0.15897065,0.054074117,0.79425426,20.690791,2.0898448,0.46585574,0.14407067,1295.4737,4.1134074
2,17.6046221,0.892816639,-1.60919033,0.0154778035,-0.15351426,-0.402006488,0.248492228,2.82731728,41.5470707,-7.23969896,0,0.144070667,27975.1114,9.73579948
0,6.86073,0.275126,-0.843157,0.0236561,0.000252828,0.000222053,3.0775e-05,0.867498,11.0963,0.00123229,0.000376315,0.144071,1.2979,3.02499
0,7.14587,0.815504,-0.903328,0.0178738,0.000707324,0.00063586,7.14638e-05,0.9506,32.8756,0.0104595,0.00107879,0.144071,7.60096,3.17721
1,0.20273,0.58758,-1.9976,0.017816,,,,,,,,,,
0,40.00054,0.2901801,-1.344527,0.01482498,0.1511181,0.128193,0.02292506,0.7773138,9.93734,0.7503386,0.3761506,0.1440707,812.5818,4.014778
0,24.857,0.253687,-1.10869,0.0155032,0.0102321,0.0100322,0.00019987,0.851793,10.1295,0.0513357,0.0173915,0.144071,36.5466,3.46888
2,9.7111983,0.8794654866,-1.392527564,0.01542759946,0.05522245552,-0.008428484236,0.06365093975,-0.01359841931,33.51996291,-0.14951799,0,0.1440706667,-290254.9037,-55.10476772
0,7.25581,0.44132,-0.830252,0.0168209,0.000314616,0.000264596,5.00195e-05,0.912966,17.798,0.00235539,0.000448386,0.144071,1.67593,3.0253
2,10.683477,0.428020056,-1.66686803,0.0214570402,0.885642855,-0.0336410684,0.919283924,0.384996443,1.97461571,-0.290441767,0,0.144070667,20482.5383,8.32252296
0,49.278653,0.3544108,-1.3878923,0.02297937,0.14388392,0.10419554,0.039688381,0.80032203,12.240376,0.74487131,0.42357624,0.14407067,1696.8249,4.2676823
0,10.315402,0.7008436,-1.4990478,0.013648081,0.010161833,0.0048588785,0.0053029543,4.6310045,27.985977,0.068688229,0,0.14407067,2795.4207,4.6178187
0,7.23811,0.355729,-0.738532,0.0147914,0.000141789,9.26839e-05,4.91053e-05,0.894388,14.3487,0.000665041,0.000156978,0.144071,0.424591,2.86279
0,8.16604,0.66537,-0.888344,0.00840685,0.00124709,0.00111521,0.000131878,0.939867,26.8087,0.0149673,0.00189206,0.144071,5.17149,3.14197
0,28.5644925,0.2953362825,-1.858929272,0.02091206281,0.987640139,0.7652014919,0.2224386471,0.02225597991,0.1472602578,4.558456161,0,0.1440706667,311458.3309,65.15720885
0,7.95408,0.78078,-0.91713,0.0115693,0.00128861,0.00117224,0.000116371,0.948158,31.4575,0.0184617,0.00198994,0.144071,8.70616,3.1982
0,48.0692,0.3144125,-1.255283,0.0217432,0.04296376,0.0414072,0.001556557,0.8552894,12.13901,0.2626038,0.08150697,0.1440707,286.6987,3.769888
1,0.21911,0.81451,-1.9847,0.0083693,,,,,,,,,,
0,52.939331,0.33008839,-1.4563401,0.019522468,0.27214108,0.27213968,1.4030142e-06,0.70619041,9.692429,1.8119545,1.2010665,0.14407067,3668.1741,4.7585467
0,7.48066,0.255864,-0.864353,0.0133769,0.000569852,0.000515361,5.4491e-05,0.858746,10.3161,0.00265978,0.000873732,0.144071,1.60038,3.05701
0,7.81621,0.288598,-0.969127,0.0230211,0.0011946,0.00114696,4.76416e-05,0.87231,11.6287,0.00667678,0.00195023,0.144071,6.82194,3.2373
0,32.253834,0.87163479,-1.4130668,0.013019591,0.058587989,0.044354928,0.014233061,1.9789311,33.10316,0.779833,0,0.14407067,2564.367,4.482538
0,66.14789,0.7128474,-1.205067,0.01393668,0.03909295,0.03602554,0.003067413,0.9188045,27.63332,0.518003,0.06671597,0.1440707,318.74,3.731337
0,7.27678,0.990105,-0.717756,0.0120773,0.000157931,8.69259e-05,7.10047e-05,0.959235,39.9363,0.00173602,0.000147224,0.144071,0.843783,2.87738
0,13.8548,0.6222048,-1.138325,0.02187138,0.01075523,0.01028595,0.0004692854,0.9298804,24.83089,0.129093,0.0180382,0.1440707,120.0803,3.575857
0,7.82714,0.983453,-0.905115,0.0245471,0.000530534,0.000473768,5.67657e-05,0.958729,39.6532,0.0093982,0.000803754,0.144071,9.3013,3.1897
0,8.05187,0.822572,-0.941195,0.00896271,0.00223659,0.00205884,0.000177749,0.950008,33.1098,0.0341603,0.0034991,0.144071,12.4584,3.24141
2,34.828389,0.45379061,-1.5475114,0.019144932,0.96303253,-0.21316642,1.1761989,0.069972892,0.6767534,-1.9511896,0,0.14407067,8337.4629,5.7986065
1,0.28179,0.49321,-1.9335,0.018928,,,,,,,,,,
0,7.7253,0.24278,-0.93086,0.022264,0.00076452,0.00072664,3.7883e-05,0.85216,9.7868,0.0035585,0.0012336,0.14407,3.5952,3.1655
2,43.585065,0.20314353,-1.5786902,0.023429786,-0.17581838,-0.42655513,0.25073675,1.6624479,9.6360357,-1.7478467,0,0.14407067,7457.8357,5.6532471
0,8.4196471,0.998466066,-1.65768739,0.0118864549,0.482541601,0.422193833,0.0603477677,4.30653246,20.843177,8.5029645,0,0.144070667,17178.3081,7.66267496
0,11.090679,0.58677267,-1.4319057,0.013373696,8.9895273e-05,7.893274e-05,1.0962533e-05,3.7996383,23.669332,0.0009342266,0,0.14407067,1216.4013,4.201302
0,11.6135,0.72277,-0.668409,0.0240156,5.6902e-05,2.31957e-05,3.37064e-05,0.945087,29.1562,0.000338168,3.92804e-05,0.144071,0.331715,2.77996
0,7.53024,0.985427,-0.805084,0.0157183,0.000266382,0.000204978,6.14037e-05,0.958979,39.7433,0.00407434,0.000347296,0.144071,2.57867,3.02245
0,59.5678,0.8452022,-1.231592,0.02279011,0.03471822,0.02965104,0.005067178,0.9298239,32.91318,0.5055053,0.0573603,0.1440707,527.4295,3.824264
0,167.43242,0.992822,-1.2888084,0.023096593,0.066781901,0.048863914,0.017917987,0.91506017,37.377454,0.97855404,0.11802861,0.14407067,1269.2074,4.0706423
0,37.5312061,0.6204292541,-1.785525395,0.01179973992,0.9996492007,0.6940747578,0.3055744429,0.0007049946691,0.008780234745,8.686077259,0,0.1440706667,228350.4446,48.92965371
0,41.6317105,0.401749749,-1.70127242,0.0192722003,0.787810776,0.536975524,0.250835251,0.308312003,3.43901528,4.3514628,0,0.144070667,69298.6231,17.8988465
0,24.8534,0.542143,-1.02566,0.00921766,0.00615278,0.00589051,0.000262263,0.924215,21.7365,0.0644158,0.0100677,0.144071,24.8773,3.36381
0,48.47856,0.442343123,-1.55866187,0.0235759445,0.162633692,0.0412591157,0.121374576,1.23296025,14.9427293,0.368132674,0,0.144070667,12056.3699,6.55085997
0,7.32316,0.569114,-0.747741,0.0090194,0.000261134,0.000171065,9.00692e-05,0.931158,22.9531,0.00196375,0.000289762,0.144071,0.734301,2.9002
0,7.20508,0.685969,-0.84275,0.0123766,0.000500528,0.00042215,7.83774e-05,0.942027,27.6594,0.00584113,0.000715522,0.144071,2.96374,3.06734
0,7.63699,0.490026,-0.759546,0.0122621,0.000211321,0.000146429,6.48927e-05,0.920981,19.7643,0.00144734,0.000248033,0.144071,0.74395,2.91268
0,7.70726,0.292097,-0.626273,0.0125034,7.93828e-05,2.59321e-05,5.34507e-05,0.874328,11.7828,0.000152788,4.39124e-05,0.144071,0.0843387,2.66741
2,11.25275,0.91938623,-1.4616882,0.024365265,0.55902455,-0.022904356,0.58192891,1.7929007,16.355641,-0.42475768,0,0.14407067,2611.4687,4.541241
0,19.8675822,0.909726718,-1.6369921,0.00862087055,0.165671002,0.040875865,0.124795137,5.1753518,30.6198779,0.750072213,0,0.144070667,16097.5656,7.42877821
0,27.226667,0.60427504,-1.4812959,0.0092631797,0.15372792,0.069648344,0.084079572,1.7207615,20.630029,0.84892753,0,0.14407067,4415.0252,4.9380511
0,5.39286,0.987582,-0.523923,0.0237026,3.78163e-05,3.67391e-06,3.41424e-05,0.959214,39.8393,7.31858e-05,6.2211e-06,0.144071,0.0698066,2.55534
0,51.429436,0.40824792,-1.3702409,0.011512763,0.25324985,0.18798747,0.065262379,0.73624137,12.298566,1.5480253,0.67394245,0.14407067,1477.3179,4.2002882
2,11.477549,0.22963167,-1.5490405,0.022394466,0.29030447,-0.16937225,0.45967671,1.765502,6.5744438,-0.78451128,0,0.14407067,3273.8149,4.7688248
0,4.6397688,0.958890690648,-1.38749177987,0.0225110561229,0.0847238751459,0.0644005944314,0.0203232807145,-7.24712836473e-05,35.4059622784,1.24561591591,0,0.144070666667,-53924119.4333,-10470.2044416
0,56.53635,0.7540839,-1.206462,0.01578286,0.03548157,0.03236819,0.003113382,0.9240089,29.34171,0.4923379,0.05997682,0.1440707,342.6224,3.741082
1,0.568,0.43936,-1.9899,0.012075,,,,,,,,,,
0,15.6422846,0.5480600287,-1.738280208,0.01081774385,0.4854899779,0.07907039184,0.4064195861,1.125335178,11.3756739,0.8741122177,0,0.1440706667,101023.425,24.11566353
0,8.17847,0.767156,-0.914081,0.0206033,0.000731111,0.000633185,9.79257e-05,0.947681,30.9258,0.00979805,0.00107449,0.144071,8.23444,3.1922
1,0.56295,0.94176,-1.764,0.011524,,,,,,,,,,
1,45.938,0.835694,-1.28907,0.0114205,,,,,,,,,,
0,59.219762,0.25715134,-1.446866,0.015163177,0.37612846,0.25329291,0.12283555,0.60588333,6.4720094,1.3138234,1.3691817,0.14407067,2527.777,4.5084936
0,46.91973,0.759145,-1.21865,0.01388381,0.04722899,0.04234894,0.00488005,0.9164828,29.17887,0.6484738,0.07973567,0.1440707,401.738,3.772928
0,7.62714,0.761145,-0.816654,0.0196222,0.000238282,0.000190497,4.77857e-05,0.947592,30.6986,0.00292469,0.000322777,0.144071,2.33875,3.02895
0,7.66865,0.756345,-0.656168,0.015035,8.55012e-05,3.16597e-05,5.38415e-05,0.947376,30.5097,0.000483006,5.36145e-05,0.144071,0.295896,2.76184
0,47.8149,0.776952,-1.0714,0.0233777,0.00438429,0.00416039,0.0002239,0.945912,31.2062,0.0652008,0.00714389,0.144071,62.8005,3.4645
2,45.9591244,0.2714649562,-1.688007745,0.02493943701,-120.2257455,-1069.033205,948.8074596,52.47680929,1327.589483,-5853.695661,0,0.1440706667,132550.3933,30.20137274
0,7.90205,0.614882,-0.835843,0.0104629,0.000545717,0.000456978,8.87386e-05,0.935759,24.7919,0.00566778,0.000774531,0.144071,2.44723,3.05049
0,31.978361,0.40418037,-1.3501629,0.02287135,0.11073423,0.085087542,0.025646684,0.83404968,14.499798,0.69369149,0.26212365,0.14407067,1187.9698,4.112823
0,16.5970952,0.315256481,-1.62467995,0.00922458989,0.191035506,0.0210055503,0.170029956,1.76969435,10.2884192,0.133574408,0,0.144070667,13504.0601,6.90382262
0,7.687,0.900018,-0.855209,0.00917543,0.000786083,0.000668062,0.000118021,0.954939,36.2798,0.0121281,0.00113266,0.144071,4.5004,3.10156
0,26.3443287,0.798789779,-1.5717515,0.0204113352,0.227347458,0.179698826,0.0476486323,1.32697373,24.8984266,2.89536226,0,0.144070667,22083.3545,8.54212556
0,7.63164,0.253935,-0.815073,0.00879017,0.000493838,0.000416664,7.71743e-05,0.857873,10.2391,0.00213419,0.000706044,0.144071,0.844317,2.97473
0,20.8641088,0.253853552,-1.89334506,0.008440900241,0.9522357612,0.6665004273,0.2857353339,0.0908836967,0.4891491143,3.412784356,0,0.1440706667,394187.647,81.26841912
0,5.91241,0.353664,-0.508755,0.01323,5.83882e-05,5.41695e-06,5.29712e-05,0.89389,14.2666,3.86431e-05,9.1725e-06,0.144071,0.0220761,2.48101
2,0.8474594,0.52169095007787,-1.937137212385,0.0101885296476067,-0.0765645644738071,-0.249186880506045,0.172622316032238,-0.000199320499838004,22.6573205951378,-2.62218692033919,0,0.144070666666667,-14611555596.3206,-2837325.75191069
0,24.6842653,0.62578833,-1.66613854,0.0181674367,0.171523427,0.117156128,0.054367299,1.76019918,20.9152403,1.47882792,0,0.144070667,47009.9205,13.5156685
0,17.8425,0.457254,-1.03651,0.0208923,0.00310076,0.00298722,0.000113547,0.913968,18.3892,0.0275518,0.00510645,0.144071,24.4667,3.37374
0,10.3044,0.388088,-1.151,0.0246815,0.0109855,0.0106816,0.000303892,0.895489,15.4842,0.0836168,0.0188096,0.144071,91.4991,3.56901
0,0.5712425,0.7845653822177368,-1.764417144487098,0.01869715073303838,0,0,0,-1.096909202158727e-12,31.6507720235711,0,0,0.1440706666666666,-4.034074939587156e+17,-78335189320526.56
1,0.29134,0.52714,-1.9984,0.010606,,,,,,,,,,
0,7.5701,0.20621,-0.52219,0.011756,0.0023675,7.2312e-06,0.0023603,0.83053,8.2993,3.0078e-05,1.2267e-05,0.14407,0.016425,2.4793
0,7.32443,0.280138,-0.732593,0.00953558,0.000203446,0.000133209,7.0237e-05,0.869588,11.299,0.000752716,0.000225616,0.144071,0.318626,2.84207
0,36.932937,0.88357777,-1.3323844,0.017744457,0.13910497,0.096072285,0.043032686,0.86064858,30.686697,1.7122536,0.26888046,0.14407067,1939.0257,4.2660617
0,55.1711,0.3896362,-1.216836,0.02063805,0.02909458,0.02807065,0.001023929,0.8843273,15.26129,0.2206159,0.05240483,0.1440707,212.7431,3.701749
2,23.5366573,0.954720458,-1.7249106,0.0100783341,0.225602667,-0.125296626,0.350899293,-3.73461394,29.8260158,-2.41290808,0,0.144070667,-67219.4139,-11.3873496
0,6.06351,0.861201,-0.522507,0.0197937,4.48896e-05,4.32015e-06,4.05695e-05,0.953505,34.7408,7.50462e-05,7.31542e-06,0.144071,0.060134,2.54626
0,36.0603329,0.463533743,-1.56292428,0.0223568363,0.961191333,0.174315968,0.786875365,-0.0176534063,0.725713574,1.62983521,0,0.144070667,-43196.6492,-6.8617835
0,69.132308,0.21921417,-1.3971721,0.01779341,0.19843137,0.15371418,0.044717198,0.71319608,7.0886659,0.67968506,0.61627894,0.14407067,1242.3083,4.172682
2,25.3836554,0.6725280882,-1.664957938,0.01217916022,-24.16465947,-51.64816284,27.48350337,23.50362653,682.7420494,-700.6328177,0,0.1440706667,113194.2369,26.41156033
2,47.9167114,0.3799715784,-1.752678897,0.01777667305,-2.328913969,-4.195607229,1.86669326,5.109124237,51.0280357,-32.15667293,0,0.1440706667,120091.2993,27.84161803
2,1.0335262,0.4980087185040264,-1.939936924110915,0.01858175581516203,-0.4685648620074975,-0.4685648620074974,-1.110223024625157e-16,-9.635882343056316e-07,29.50429520929528,-4.706865992447166,0,0.1440706666666666,-4079920203042.245,-792254298.4873084
0,54.03768,0.277015,-1.307545,0.02239297,0.07387264,0.06846473,0.005407914,0.8222827,10.34973,0.3825563,0.1548619,0.1440707,497.5096,3.891406
0,6.17861,0.384583,-0.500357,0.011991,6.49925e-05,5.36554e-06,5.9627e-05,0.901574,15.5138,4.16226e-05,9.08548e-06,0.144071,0.0213677,2.47094
0,27.4858656,0.3748307769486,-1.799222739374,0.0114342730238,0.8218995916017,0.5137590365185,0.3081405550832,-0.0002880349379901,2.693117640363,3.884363704123,0,0.1440706666667,-204409752.987,-39691.72931852
0,20.90903,0.9210683,-1.141218,0.02220393,0.01124241,0.01047539,0.0007670194,0.9490781,36.7398,0.1946199,0.01844093,0.1440707,180.6695,3.611507
0,17.3520974,0.569788414,-1.62998669,0.0244114518,0.0767009882,0.0599819786,0.0167190097,4.02383671,21.2232139,0.689381416,0,0.144070667,13115.5983,6.83219662
1,0.32001,0.81764,-1.9846,0.019454,,,,,,,,,,
0,37.793085,0.63245493,-1.4250654,0.015020672,0.28547337,0.029032382,0.25644099,1.5546052,18.230692,0.37037138,0,0.14407067,2097.2867,4.3935058
1,0.31026,0.98951,-1.9273,0.024467,,,,,,,,,,
0,26.7492054,0.840088368,-1.65374642,0.0114224157,0.486838516,0.335479531,0.151358985,-2.8773409,17.3913858,5.68481282,0,0.144070667,-20394.0076,-2.30449472
0,7.74684,0.719909,-0.813832,0.0199492,0.000226911,0.000180707,4.62034e-05,0.944771,29.0358,0.00262409,0.000306182,0.144071,2.13969,3.02152
0,7.61282,0.437962,-0.773682,0.0238796,0.000123016,9.01614e-05,3.28547e-05,0.91248,17.666,0.000796494,0.000152723,0.144071,0.804793,2.93087
0,0.6088084,0.9897621243504318,-1.856280247943872,0.02187231394714875,0,0,0,-2.367137464424542e-09,39.9287759381244,0,0,0.1440706666666666,-767443117802485.2,-149025000342.9548
2,28.0616931,0.668490386,-1.66670353,0.0175350707,-2.83592439,-5.06754875,2.23162436,6.01792552,103.447588,-68.3310779,0,0.144070667,68503.6608,17.709316
0,8.33093,0.88497,-0.951715,0.00900145,0.00254368,0.00234536,0.000198314,0.953073,35.6105,0.0418662,0.00398807,0.144071,15.2885,3.263
0,7.80433,0.684151,-0.88236,0.0165303,0.000591647,0.000525427,6.62194e-05,0.941823,27.5836,0.00725086,0.000891058,0.144071,4.91705,3.13334
0,62.53928,0.333086,-1.235376,0.008819079,0.08259131,0.08004405,0.002547252,0.8356121,12.32748,0.5377874,0.1556117,0.1440707,230.7663,3.727968
0,40.980843,0.55437927,-1.3520924,0.018700239,0.14813801,0.10671353,0.041424479,0.83075862,19.051597,1.1933055,0.32863574,0.14407067,1606.4078,4.2115113
0,15.932,0.337658,-0.654445,0.02007,5.82072e-05,2.31995e-05,3.50077e-05,0.889417,13.621,0.000158009,3.92849e-05,0.144071,0.13763,2.72076
1,0.39263,0.62815,-1.9311,0.023655,,,,,,,,,,
0,43.65124,0.4390235,-1.2603,0.02137191,0.04803462,0.0444288,0.003605818,0.8818589,16.86025,0.3934391,0.088442,0.1440707,411.9118,3.817838
0,0.5916105,0.3329058772345279,-1.853768099635939,0.01470661326512473,0,0,0,-1.241876492835223e-61,13.4300190455418,0,0,0.1440706666666666,-4.763959020962257e+66,-9.250835381370016e+62
0,6.84086,0.291336,-0.537401,0.0185136,4.12722e-05,5.59287e-06,3.56793e-05,0.874064,11.7525,3.28666e-05,9.47027e-06,0.144071,0.0268706,2.51976
0,6.35325,0.709173,-0.604106,0.020327,5.11214e-05,1.19987e-05,3.91226e-05,0.944097,28.6078,0.000171638,2.03182e-05,0.144071,0.142648,2.67226
0,7.40632,0.687395,-0.760886,0.0229603,0.00011651,7.95615e-05,3.69482e-05,0.942387,27.7275,0.00110315,0.000134763,0.144071,1.03769,2.93118
2,12.827689,0.49712452,-1.5070575,0.021032925,0.90880568,-0.082968515,0.9917742,0.29458508,1.8288923,-0.83196235,0,0.14407067,3183.0321,4.7077683
0,45.247,0.8032634,-1.253626,0.01879025,0.05474233,0.04510728,0.009635046,0.9141772,30.63115,0.7308526,0.09232912,0.1440707,662.585,3.884265
0,6.77419,0.934293,-0.677517,0.0215819,6.75893e-05,2.9014e-05,3.85753e-05,0.95697,37.6885,0.000546785,4.91348e-05,0.144071,0.476022,2.80766
0,24.4067,0.219705,-1.1053,0.0160129,0.0094604,0.00929466,0.000165742,0.833909,8.77945,0.0411907,0.0161205,0.144071,30.9766,3.45591
0,11.1528,0.702446,-0.722536,0.0121845,0.00015949,9.16185e-05,6.78714e-05,0.943522,28.3334,0.00129814,0.00015517,0.144071,0.647141,2.86849
0,0.9001173,0.7681461579,-1.675309975,0.01266116466,0.04031634697,0.001785295497,0.03853105147,-0.590051456,29.73905239,0.02766171756,0,0.1440706667,-224330.363,-42.0072711
0,6.47261,0.603675,-0.708653,0.0148998,0.000116493,6.26873e-05,5.38055e-05,0.934926,24.3505,0.000763322,0.000106167,0.144071,0.46961,2.83809
0,40.93662,0.9646832,-1.356805,0.01090952,0.05069509,0.03993616,0.01075893,4.577398,36.94414,0.7770987,0,0.1440707,600.6395,3.970372
1,0.28833,0.31802,-1.9455,0.013783,,,,,,,,,,
0,47.80938,0.295962,-1.269017,0.02119606,0.05138541,0.04937532,0.002010093,0.8436071,11.32611,0.2947617,0.09974078,0.1440707,323.5236,3.796981
0,33.807903,0.77113465,-1.3767183,0.022113194,0.040987218,0.027571998,0.01341522,1.7891272,29.833883,0.42886799,0,0.14407067,1602.6626,4.23529
0,62.266839,0.24424976,-1.4316966,0.016944179,0.301514,0.21045284,0.091061155,0.65457989,6.8825127,1.0368457,1.0083448,0.14407067,2047.6291,4.3892631
1,0.56758,0.38034,-1.9375,0.011999,,,,,,,,,,
0,8.58301,0.472698,-0.997827,0.019263,0.00206866,0.00197779,9.08726e-05,0.917144,19.03,0.0188577,0.00336965,0.144071,15.3514,3.30933
0,5.99029,0.727012,-0.590217,0.011937,8.37282e-05,1.70936e-05,6.66346e-05,0.945372,29.3265,0.000250668,2.8946e-05,0.144071,0.122174,2.65041
0,41.47212,0.2853789,-1.311292,0.01050848,0.1623634,0.1500394,0.01232406,0.7673024,9.643454,0.8636786,0.3462756,0.1440707,521.2726,3.902166
0,18.42238,0.7395349,-1.137449,0.01081264,0.0215395,0.02041978,0.00111972,0.9322954,29.19155,0.3046036,0.03607896,0.1440707,139.228,3.586302
0,46.8438,0.399491,-1.11051,0.0183723,0.00892582,0.00867299,0.000252825,0.899301,15.9723,0.0698878,0.0150228,0.144071,55.8746,3.49627
0,7.00534,0.323954,-0.776361,0.0159848,0.000184554,0.000139404,4.51506e-05,0.885199,13.0665,0.000910925,0.000236141,0.144071,0.635085,2.92134
0,6.08832,0.936562,-0.610362,0.0133438,8.09223e-05,1.98072e-05,6.11152e-05,0.957061,37.7795,0.000374183,3.35416e-05,0.144071,0.20138,2.69625
0,20.6182,0.869246,-0.985117,0.00857215,0.00404571,0.00377583,0.000269882,0.951315,34.9251,0.0662033,0.00643164,0.144071,23.0707,3.31905
0,8.07562,0.280028,-0.629356,0.0229148,4.33179e-05,1.47216e-05,2.85963e-05,0.869641,11.2963,8.31536e-05,2.49286e-05,0.144071,0.0845763,2.67064
0,41.828929,0.74675944,-1.4294784,0.014798333,0.90696362,0.56044985,0.34651376,0.19293045,2.8027781,8.4419476,0,0.14407067,2749.6693,4.5385171
0,8.07503,0.533194,-0.913901,0.0231925,0.000610029,0.000561215,4.8814e-05,0.926646,21.4969,0.00603588,0.000952324,0.144071,5.84025,3.1739
2,2.7497642,0.396364109,-1.79913493,0.0185966091,-0.00038098947,-0.000526722182,0.000145732711,8.82560217,15.9961297,-0.00421115377,0,0.144070667,39579.6708,12.1969909
2,1.6149038,0.95003621,-1.7066421,0.011168295,-0.46258659,-0.56512214,0.10253555,51.31799,56.055329,-10.829481,0,0.14407067,7270.8046,5.7435756
0,7.66324,0.822166,-0.889629,0.0188252,0.000570332,0.000506471,6.38609e-05,0.951066,33.1487,0.00839922,0.000859004,0.144071,6.42435,3.15464
0,7.9849,0.924659,-0.912486,0.0178304,0.000796069,0.000716808,7.92607e-05,0.956067,37.2727,0.0133693,0.00121641,0.144071,9.63782,3.19896
0,46.658693,0.79377685,-1.3090902,0.018981687,0.096867899,0.071117508,0.025750391,0.88525578,28.920438,1.1386759,0.18635509,0.14407067,1317.1933,4.102149
0,10.9107,0.304847,-0.796946,0.0193507,0.00326039,0.000149464,0.00311093,0.878536,12.258,0.000919064,0.000254103,0.144071,0.781995,2.95265
0,7.72283,0.780516,-0.866798,0.0115902,0.000706901,0.000613701,9.31993e-05,0.948519,31.4652,0.00966194,0.00104059,0.144071,4.56032,3.11384
0,43.944473,0.43298173,-1.3355123,0.017316466,0.12609747,0.099347452,0.026750014,0.82930957,15.264681,0.86766379,0.28682125,0.14407067,1042.027,4.0630976
0,42.4541,0.912461,-1.0271,0.0145135,0.00406236,0.00381357,0.000248791,0.953385,36.6608,0.0701893,0.00651375,0.144071,41.4357,3.39469
0,7.60238,0.256524,-0.765376,0.0192858,0.000134354,0.000100346,3.40089e-05,0.859323,10.3473,0.000519221,0.000169965,0.144071,0.449886,2.89261
0,7.44394,0.585499,-0.76402,0.0169005,0.000161526,0.000112526,4.89999e-05,0.933015,23.6163,0.00132894,0.000190604,0.144071,0.929379,2.92863
0,0.901302,0.833064755,-1.75890069,0.0209360413,0.00989860556,0.00176966973,0.00812893584,-19.2880516,33.2746579,0.0297369316,0,0.144070667,-22468.927,-2.60723468
0,7.74092,0.680957,-0.773767,0.0194823,0.000154715,0.000110629,4.4086e-05,0.94185,27.4668,0.00151955,0.000187399,0.144071,1.21358,2.95214
1,0.29506,0.71207,-1.8493,0.018693,,,,,,,,,,
0,51.80789,0.6171005,-1.238396,0.01544665,0.05292052,0.04777196,0.005148566,0.9016543,23.57749,0.59464,0.09235833,0.1440707,425.2117,3.800149
0,11.8688,0.697015,-0.991704,0.0228886,0.00163279,0.00153994,9.28548e-05,0.942157,28.0729,0.0216506,0.0026214,0.144071,20.3776,3.31874
2,15.8034332,0.9255969072,-1.5301803634,0.019789740381,0.15476659488,-0.0013793120687,0.15614590695,-0.019252158555,31.561215001,-0.025751919227,0,0.14407066667,-1131168.8274,-218.32884646
0,88.718323,0.7886306,-1.3012162,0.011817227,0.13878965,0.10435755,0.034432098,0.8560685,27.399209,1.6600557,0.27054289,0.14407067,1166.3222,4.0587278
0,5.99684,0.623923,-0.627693,0.0102261,0.000109208,3.22891e-05,7.69189e-05,0.936907,25.1674,0.000406361,5.46795e-05,0.144071,0.171205,2.70523
0,6.1391,0.743688,-0.628548,0.0176712,0.0183849,1.85091e-05,0.0183664,0.945489,29.4501,0.000277652,3.19923e-05,0.144071,0.200714,2.71426
0,7.21992,0.446105,-0.825795,0.0185525,0.000271726,0.000226566,4.51592e-05,0.913844,17.9918,0.00203872,0.000383917,0.144071,1.59838,3.01839
0,19.1644,0.498398,-1.03866,0.0165863,0.00402155,0.00386645,0.000155097,0.919773,20.0254,0.0388699,0.00661233,0.144071,27.2171,3.38189
0,19.3445,0.401952,-1.06045,0.0187271,0.004662,0.00451728,0.000144714,0.902523,16.1399,0.0366249,0.00774743,0.144071,29.5738,3.4084
2,14.4789823,0.392566255,-1.73546894,0.0193436679,-0.253576199,-0.254391839,0.000815640014,14.0044759,19.8526675,-2.01437958,0,0.144070667,13664.5812,7.04638937
0,6.63643,0.366059,-0.700919,0.0176246,8.89613e-05,4.79863e-05,4.0975e-05,0.897093,14.7662,0.000354318,8.12652e-05,0.144071,0.268715,2.80164
0,6.84796,0.724893,-0.867194,0.0211288,0.000388473,0.000338417,5.00557e-05,0.945024,29.2321,0.00494824,0.000573726,0.144071,4.274,3.11085
0,0.8802478,0.8595190737,-1.951387453,0.008783991628,0.05617900568,0.05617885275,1.529332977e-07,16.21996669,32.72655704,0.9739878856,0,0.1440706667,311447.2,65.24750374
0,8.05726,0.728734,-0.848612,0.013288,0.000499264,0.000423915,7.53495e-05,0.945226,29.3838,0.00623122,0.000718558,0.144071,3.38324,3.08008
2,8.5364983,0.63755432,-1.4749025,0.011475683,0.43842969,-0.016032597,0.45446229,3.7069811,14.443635,-0.20617986,0,0.14407067,1321.7357,4.2690203
0,36.38586,0.3470945,-1.552722,0.00940328,0.3091707,0.2457386,0.06343213,-10.24685,9.673278,1.720467,0,0.1440707,-870.1327,1.547779
0,6.15326,0.493477,-0.617439,0.0160838,6.51157e-05,1.79969e-05,4.71188e-05,0.921582,19.9065,0.000179139,3.04755e-05,0.144071,0.12068,2.677
2,17.3864561,0.6264507759036491,-1.563058630886242,0.01694708865195285,-32.03493260540511,-60.10249552133243,28.06756291592732,-1.732029678834431e-07,834.8636317422596,-759.4595134651879,0,0.1440706666666666,-5073679045527.574,-985226140.5759845
0,39.295125,0.98275451,-1.3364442,0.020171209,0.12943221,0.087394454,0.042037753,0.87139588,34.514597,1.7324236,0.2491938,0.14407067,2269.3099,4.3423393
0,7.30513,0.336814,-0.908188,0.0146917,0.000885778,0.000823283,6.24945e-05,0.888655,13.5756,0.00559325,0.00139699,0.144071,3.57378,3.14251
0,34.2820863,0.8628046094,-1.689889532,0.01868362215,0.5978408273,0.3570948235,0.2407460039,0.6405194335,13.99798751,6.214714492,0,0.1440706667,117304.6906,27.23650813
2,27.8857719,0.31881752,-1.67738874,0.0148908336,-10.0643371,-10.2418962,0.17755909,-8.88528832,142.305847,-65.8639418,0,0.144070667,-73214.7026,-12.603449
0,54.2049,0.946392,-1.02434,0.012329,0.0046263,0.00433371,0.000292586,0.954525,38.0025,0.0827287,0.00740126,0.144071,41.4091,3.39189
1,0.34947,0.62975,-1.9218,0.013772,,,,,,,,,,
0,6.99105,0.449599,-0.928753,0.0201652,0.000836582,0.000780802,5.57794e-05,0.914097,18.1225,0.00708095,0.00132551,0.144071,6.04018,3.19052
2,22.0923817,0.5895515070240995,-1.704860002904799,0.02401433598536204,-304572.1537026789,-326644.7926775723,22072.63897489349,-4.400135436435239e-07,7243834.847185785,-3884388.533730383,0,0.1440706666666666,-1.071017440340928e+17,-20797420774557.5
0,38.0178,0.293663,-1.13275,0.00845906,0.0252412,0.0247044,0.00053685,0.859277,11.5478,0.146335,0.0434167,0.144071,56.258,3.51893
0,45.9449301,0.8989169673,-1.774839111,0.009821051612,0.7066527588,0.1235607187,0.5830920401,0.609102435,10.63792079,2.240397989,0,0.1440706667,279148.389,58.79342473
0,18.7539,0.960158,-1.08398,0.0153644,0.0078895,0.00740515,0.000484343,0.952973,38.4289,0.143417,0.0127764,0.144071,90.2276,3.50103
0,6.42947,0.280082,-0.580381,0.022797,3.652e-05,7.88872e-06,2.86313e-05,0.869667,11.2986,4.45673e-05,1.33578e-05,0.144071,0.0450943,2.58934
2,1.1680127,0.2882325286337,-1.954230029206,0.009122530910237,0.06372637086275,-0.005063713085878,0.06879008394862,-0.00559457850676,10.88681766327,-0.02943996250106,0,0.1440706666667,-311547880.9545,-60496.08190919
0,6.97397,0.539954,-0.886485,0.0208953,0.000487363,0.000438289,4.90741e-05,0.927572,21.7721,0.00477356,0.000743273,0.144071,4.15515,3.12867
0,6.72776,0.531939,-0.924276,0.0198248,0.000809709,0.000749917,5.9792e-05,0.926359,21.442,0.00804637,0.00127292,0.144071,6.65786,3.19117
2,19.1878753,0.805201341,-1.61227641,0.018308115,-3.22874708,-3.52473648,0.295989401,-3.24153016,137.363506,-57.247472,0,0.144070667,-83934.941,-14.7572789
0,7.43687,0.885842,-0.942479,0.0114583,0.00178327,0.00163748,0.000145799,0.95361,35.6727,0.0292588,0.00278248,0.144071,13.5943,3.2474
0,5.337333,0.7179175,-1.431556,0.008823626,0.4510317,0.04134657,0.4096851,3.636915,15.89926,0.5987413,0,0.1440707,849.8224,4.111342
0,15.7061,0.242647,-1.10066,0.0178152,0.00805032,0.00789599,0.000154321,0.847644,9.71,0.0386462,0.013652,0.144071,31.7563,3.4527
2,11.754186,0.82794472,-1.4381416,0.018090802,0.55885001,-0.015988112,0.57483812,2.0552889,14.73475,-0.26700764,0,0.14407067,1516.6652,4.2771801
2,26.409997,0.4930107,-1.4581898,0.014039176,-0.32841488,-0.90051769,0.57210281,2.742068,26.420756,-8.9551685,0,0.14407067,2637.0873,4.5432189
0,6.69519,0.404426,-0.735917,0.0215961,9.61453e-05,6.13848e-05,3.47605e-05,0.905928,16.3137,0.000500755,0.000103965,0.144071,0.460848,2.86439
0,32.4717,0.558034,-1.08975,0.0158669,0.00802869,0.00772229,0.000306401,0.924907,22.3313,0.0869224,0.0133237,0.144071,58.1796,3.47803
0,5.5553,0.773063,-0.538036,0.0237844,3.79005e-05,4.38896e-06,3.35116e-05,0.948485,31.1856,6.84387e-05,7.43185e-06,0.144071,0.0662446,2.56676
0,26.1245454,0.9399414094,-1.682339885,0.01980117742,0.9308524992,0.7700438811,0.160808618,0.1264936699,2.621998491,14.59961582,0,0.1440706667,100978.8537,24.05104551
2,14.9753525,0.9061996005359,-1.440235576542,0.01500954434603,0.701182834712,-0.2700253800875,0.9712082147995,-1.218884870033e-05,10.92407250764,-4.935755327403,0,0.1440706666667,-194770380.5293,-37820.27610836
0,7.21479,0.411866,-0.941043,0.00916422,0.00213461,0.00200988,0.000124729,0.906182,16.5799,0.0166975,0.00341548,0.144071,6.52759,3.20689
0,5.56498,0.406896,-0.54444,0.00975661,8.633e-05,1.16164e-05,7.47136e-05,0.906451,16.4135,9.53412e-05,1.96705e-05,0.144071,0.0396104,2.54674
0,45.24929,0.887541,-1.192904,0.01273876,0.03765128,0.03403957,0.003611715,0.930016,34.45689,0.6093932,0.06243248,0.1440707,335.8618,3.725187
0,27.6161069,0.2514110888,-1.809611285,0.01600427812,0.995131898,0.7556548266,0.2394770714,0.008117719224,0.04937410867,3.832066703,0,0.1440706667,151952.7768,34.09762351
0,55.12845,0.6595333,-1.271977,0.02264843,0.05466959,0.04521562,0.009453967,0.9043382,25.15217,0.6015204,0.09696252,0.1440707,696.1837,3.911682
2,22.5678506,0.3806533534,-1.69851537,0.01334362562,0.03918851375,-0.1144368296,0.1536253434,-0.6010626813,14.75444958,-0.8786595794,0,0.1440706667,-147198.7448,-26.98470774
2,14.1008829,0.26750696286,-1.6822229242,0.023607760159,0.025850240654,-0.7468974288,0.77274766945,-0.0099150840023,10.51274147,-4.0301501378,0,0.14407066667,-5157436.8178,-1000.0906711
0,60.43685,0.2507658,-1.250183,0.01488361,0.05820346,0.05682499,0.001378475,0.8207194,9.527535,0.2874305,0.1115218,0.1440707,219.6298,3.738071
0,7.50498,0.300549,-0.903342,0.0197306,0.000619777,0.000576169,4.3608e-05,0.877093,12.1172,0.00349293,0.000977446,0.144071,3.03686,3.1292
1,0.55363,0.89893,-1.8244,0.0091541,,,,,,,,,,
1,0.34717,0.47869,-1.9344,0.015047,,,,,,,,,,
0,8.24454,0.801471,-0.941491,0.0158811,0.0012662,0.00116688,9.93157e-05,0.949423,32.2918,0.0188643,0.00198226,0.144071,12.2043,3.2406
0,7.89933,0.251521,-0.889891,0.0151024,0.000683917,0.000633431,5.04859e-05,0.856591,10.1399,0.00321365,0.00107436,0.144071,2.18922,3.09876
0,7.38054,0.668578,-0.738155,0.0126508,0.000173349,0.000107839,6.55102e-05,0.940826,26.9669,0.00145429,0.000182652,0.144071,0.754925,2.89204
0,7.45876,0.786545,-0.672855,0.0186849,7.53464e-05,3.15649e-05,4.37815e-05,0.949299,31.7283,0.000500787,5.34543e-05,0.144071,0.380499,2.79147
0,36.3003045,0.9547679234,-1.805179084,0.009801617149,0.9983926361,0.7401811097,0.2582115264,0.003576196904,0.06191091164,14.25479538,0,0.1440706667,408568.0286,83.97453101
2,7.5396092,0.9342478667,-1.619766829,0.01793540707,-0.0259886696,-0.02819094604,0.002202276446,-0.3311953345,38.66872439,-0.5312475445,0,0.1440706667,-254613.8492,-47.94988233
0,1.2983894,0.468176943,-1.81469625,0.021073153,0.0105227985,0.00756510157,0.0029576969,16.2389784,18.6883509,0.0714413998,0,0.144070667,30691.7662,10.4735978
0,20.6145021,0.8329356104,-1.754943018,0.01703964997,0.1743833964,0.1215520738,0.0528313226,2.026856966,27.74246292,2.042203298,0,0.1440706667,169434.3057,37.44317982
0,16.43747,0.6893099,-1.153898,0.0208707,0.01373496,0.01302991,0.0007050518,0.9337165,27.42605,0.1811679,0.0230893,0.1440707,161.3368,3.614618
0,69.3806,0.211591,-0.707911,0.018766,0.685785,1.52027e-05,0.685769,0.60761,2.68213,6.48847e-05,8.3495e-05,0.144071,0.0788362,2.74558
0,44.252,0.602116,-1.05697,0.0137143,0.00616092,0.00590007,0.000260843,0.930882,24.1408,0.0716576,0.0101174,0.144071,41.0145,3.42395
0,6.75609,0.364119,-0.683328,0.0100046,0.00013919,6.7438e-05,7.17523e-05,0.89657,14.6872,0.000495306,0.000114208,0.144071,0.213348,2.77218
0,59.06621,0.6738995,-1.189999,0.01852214,0.02418324,0.02267675,0.001506487,0.9256649,26.52886,0.3082487,0.04136584,0.1440707,250.2852,3.690553
0,23.0098911,0.468565883,-1.66624196,0.0152924571,0.373067997,0.302718155,0.0703498414,1.21514335,11.8507618,2.86110834,0,0.144070667,38635.2872,11.8794731
0,92.9397413,0.310954158,-1.75245776,0.0120965099,0.892208238,0.665469232,0.226739006,0.181443373,1.35218809,4.17397188,0,0.144070667,89353.4991,21.8574235
0,57.6592093,0.684485647,-1.64424954,0.00915166639,0.934761129,0.65692998,0.277831149,0.103376037,1.80146549,9.0700274,28.6315161,0.144070667,52046.0676,14.4769467
0,58.26653,0.5064384,-1.212635,0.02376631,0.02449309,0.02326237,0.001230724,0.9077388,19.93022,0.2376324,0.04311674,0.1440707,256.4462,3.715635
2,0.9025352,0.74739363838,-1.9387508264,0.023571645578,0.52617509968,-0.047433743718,0.57360884339,-0.34610882194,14.286388071,-0.71509208356,0,0.14407066667,-5416903.5732,-1050.2208989
0,8.31017,0.279563,-1.02877,0.00918448,0.00631586,0.00614405,0.000171807,0.865587,11.2068,0.0346465,0.0105163,0.144071,14.2537,3.33625
0,7.73794,0.599299,-0.740144,0.0164622,0.000134802,8.50179e-05,4.97838e-05,0.934471,24.1735,0.00102773,0.000143997,0.144071,0.698961,2.89006
0,7.67158,0.830082,-0.900199,0.0117612,0.00103585,0.000928172,0.000107678,0.951205,33.4523,0.0155408,0.00157488,0.144071,7.4249,3.17284
0,15.1816,0.738651,-1.01958,0.0182011,0.00292016,0.00276377,0.000156394,0.944351,29.7115,0.0411781,0.00471603,0.144071,30.7824,3.36983
0,35.964418,0.8059519,-1.33514,0.022143267,0.10992262,0.07663049,0.033292126,0.8770509,28.939569,1.2457643,0.22322969,0.14407067,1859.0807,4.2511299
0,18.5339172,0.632387632,-1.59628011,0.0155392571,0.055789431,0.0432545562,0.0125348748,2.21044496,24.0883688,0.551747531,0,0.144070667,17575.7842,7.67962645
0,6.87351,0.4326,-0.781476,0.021574,0.000146805,0.0001103,3.6505e-05,0.911477,17.4493,0.000962472,0.000186844,0.144071,0.879591,2.94324
2,11.140223,0.569409911,-1.60706961,0.0132707939,0.202317483,-0.382014309,0.584331791,3.01130283,18.3235772,-4.38762824,0,0.144070667,11272.7919,6.44365661
0,6.56373,0.460864,-0.680676,0.0199023,7.08221e-05,3.27664e-05,3.80557e-05,0.916495,18.5908,0.000304597,5.54883e-05,0.144071,0.255334,2.77877
0,7.50952,0.6526,-0.898271,0.0125781,0.000937774,0.000846718,9.1056e-05,0.938976,26.3024,0.0111458,0.00143657,0.144071,5.76925,3.15763
0,7.95922,0.515105,-0.953532,0.0196173,0.00117166,0.00110228,6.93861e-05,0.923919,20.7559,0.0114528,0.00187315,0.144071,9.40934,3.23873
0,7.70339,0.973563,-0.804414,0.0231834,0.000179265,0.00013779,4.14752e-05,0.958559,39.2682,0.00270587,0.000233448,0.144071,2.52712,3.02073
0,32.1855006,0.2035386031,-1.797473075,0.009637189828,0.9890276204,0.7440181852,0.2450094352,0.01824584015,0.09009543377,3.054608182,0,0.1440706667,105552.8499,25.05665081
0,49.74961,0.4385928,-1.272873,0.01240743,0.09286497,0.08463499,0.00822999,0.8524247,16.0505,0.7487496,0.1790435,0.1440707,476.7716,3.85052
0,7.92518,0.840827,-0.92072,0.016658,0.000937852,0.000852614,8.52382e-05,0.951854,33.8887,0.0144605,0.00144727,0.144071,9.78349,3.208
0,75.32006,0.7416508,-1.269364,0.01298432,0.09179088,0.07472229,0.01706858,0.8855138,27.17318,1.117828,0.1635476,0.1440707,742.7558,3.921439
1,0.28703,0.87127,-1.9084,0.0089915,,,,,,,,,,
0,7.3292,0.686467,-0.775274,0.0129889,0.000235499,0.000169169,6.63302e-05,0.942237,27.6868,0.00234242,0.000286574,0.144071,1.24669,2.95503
0,16.514137,0.42561591,-1.6487166,0.017599525,0.036629396,0.036562721,6.6674444e-05,6.281998,16.541177,0.31389293,0,0.14407067,8328.5548,5.8980269
0,48.19338,0.63546495,-1.381967,0.015275505,0.20367431,0.20367195,2.3571379e-06,0.8004442,20.414441,2.6106461,0.59050017,0.14407067,2622.1611,4.463806
0,39.115934,0.86962562,-1.3397966,0.020258467,0.13247023,0.090568537,0.041901696,0.86495783,30.4349,1.5886742,0.25903801,0.14407067,2104.6716,4.3098516
1,0.28242,0.53568,-1.998,0.010147,,,,,,,,,,
0,35.5231308,0.599965305,-1.72461156,0.0104474615,0.838347816,0.721665524,0.116682292,0.345812804,3.91257683,8.73347869,0,0.144070667,94863.4294,22.902591
2,15.4998507,0.7303280439024684,-1.537723490977681,0.009571157852520443,0.7206922701872891,-0.05460627153424188,0.775298541721531,-5.20156748128344e-09,8.229171219511596,-0.8044252094557831,0,0.1440706666666666,-1202690648129.32,-233543007.4450832
2,9.5964901,0.201646757,-1.70044743,0.0185914457,-1.11691121,-1.18175568,0.0648444729,5.28385227,17.2206306,-4.80666784,0,0.144070667,20034.4364,8.26795165
0,37.1040939,0.593766753,-1.69325927,0.0196066358,0.527527186,0.309914216,0.21761297,0.747661643,11.3174313,3.71178272,0,0.144070667,84844.3207,20.9199551
0,5.90791,0.81848,-0.510228,0.016099,5.41566e-05,4.53659e-06,4.962e-05,0.951193,33.0172,7.48967e-05,7.68194e-06,0.144071,0.0489302,2.52339
1,0.33587,0.71155,-1.9938,0.014097,,,,,,,,,,
1,0.29394,0.34392,-1.9961,0.014192,,,,,,,,,,
0,28.8722,0.323295,-1.09617,0.02238,0.00609264,0.0059448,0.000147842,0.881311,12.9628,0.038767,0.010258,0.144071,38.4885,3.4594
0,27.6837,0.527744,-1.05364,0.0211845,0.00381213,0.00366495,0.000147188,0.923901,21.209,0.0390136,0.00627573,0.144071,34.7868,3.41096
0,5.2346551,0.88908760524925,-1.6346192365991,0.018680754149615,0.04096514633481,0.00014643778117754,0.040818708553632,-1.6345029537441e-05,34.398072912854,0.002626170182914,0,0.14407066666667,-5554028980.8059,-1078501.3105217
0,7.30088,0.662977,-0.760524,0.0138897,0.000191612,0.000130904,6.07082e-05,0.940346,26.7406,0.00175056,0.000221736,0.144071,0.998271,2.92882
2,10.431892,0.69095032,-1.4875245,0.010692186,0.076335946,-0.001725289,0.078061235,3.6004275,25.746372,-0.024045502,0,0.14407067,2852.7372,4.6184682
0,6.09394,0.5441,-0.546942,0.0220447,4.01486e-05,5.30925e-06,3.48393e-05,0.928368,21.9491,5.82689e-05,8.99022e-06,0.144071,0.0534083,2.5646
0,7.44218,0.482724,-0.904715,0.0189209,0.000666926,0.000611471,5.54548e-05,0.919593,19.4609,0.00595388,0.00103741,0.144071,4.73478,3.15372
0,11.4221449,0.7342327061,-1.523964316,0.009697381202,0.6404068212,0.0612757304,0.5791310908,-0.0402668257,10.65124408,0.9075015871,0,0.1440706667,-168511.7559,-31.30484775
2,5.4279724,0.95772586117,-1.4576936481,0.015186329234,0.21181275514,-0.038957630291,0.25077038543,-0.0045587511512,30.452698539,-0.75259082076,0,0.14407066667,-1816643.997,-351.53382994
0,37.412617,0.37659986,-1.3611692,0.014728956,0.19051606,0.14538236,0.045133707,0.77379765,12.298257,1.1043762,0.46883927,0.14407067,1250.9773,4.1387197
0,45.02282,0.6658864,-1.237147,0.01547071,0.05239685,0.0467139,0.00568295,0.9063019,25.45551,0.6274389,0.09074779,0.1440707,449.4616,3.80646
0,53.81793,0.6036065,-1.273795,0.01618975,0.07631447,0.06438759,0.01192688,0.8848877,22.49227,0.7839371,0.1388498,0.1440707,651.28,3.901355
0,22.2832795,0.789915308,-1.61812053,0.0224542456,0.0874179283,0.025978187,0.0614397414,1.71765062,29.0808857,0.413918216,0,0.144070667,36148.9252,11.3451227
2,39.0412048,0.384932186,-1.5147177,0.00847183781,-3.15554573,-8.73215296,5.57660723,-0.615182812,64.5308608,-67.800162,0,0.144070667,-59341.5339,-10.061381
2,15.4677972,0.456290506,-1.75964926,0.0225400842,-0.524935326,-0.531797105,0.00686177886,4.29098216,28.0703627,-4.89454777,0,0.144070667,86024.9137,21.2163071
2,27.3233082,0.487260828,-1.634594562,0.0115073441,-83.15406691,-84.89469151,1.740624605,-9.403787031,1654.214312,-834.3863753,0,0.1440706667,-464099.479,-88.64461214
0,42.7645,0.555891,-1.07705,0.0120192,0.00902693,0.00867924,0.000347687,0.924016,22.2232,0.0973187,0.0149413,0.144071,49.2297,3.45501
0,6.16687,0.983165,-0.535952,0.0198388,4.59399e-05,5.1228e-06,4.08171e-05,0.959033,39.6608,0.000101592,8.6746e-06,0.144071,0.0811204,2.57509
0,28.69975,0.8703809,-1.151165,0.02161407,0.01305412,0.0121772,0.0008769159,0.9454818,34.65436,0.2137873,0.02152596,0.1440707,194.3753,3.627872
0,29.99045,0.3393969,-1.179507,0.01703118,0.02237696,0.02181163,0.000565333,0.8759289,13.38549,0.1493211,0.03931524,0.1440707,116.6296,3.614872
0,5.86205,0.365582,-0.555621,0.00867763,9.66269e-05,1.5078e-05,8.15488e-05,0.896967,14.7468,0.000111187,2.55323e-05,0.144071,0.0415193,2.56034
0,6.94517,0.590101,-0.777689,0.0177937,0.000174662,0.000127383,4.72787e-05,0.933493,23.8016,0.00151623,0.000215783,0.144071,1.11587,2.95173
0,16.6194409,0.6175639885,-1.799169466,0.009802447944,0.4521486911,0.3498676433,0.1022810479,2.813399074,13.64896855,4.358237703,0,0.1440706667,105989.4823,25.14334624
0,22.9777674,0.2475584279,-1.879460549,0.02360550523,0.9013115323,0.7524767895,0.1488347428,0.1942109122,0.9855968075,3.757474095,0,0.1440706667,310970.6418,65.0829583
0,6.52417,0.412165,-0.669657,0.0194615,6.70027e-05,2.90862e-05,3.79166e-05,0.907548,16.6263,0.000241815,4.92556e-05,0.144071,0.200169,2.75523
0,19.7984469,0.90916462,-1.74228746,0.0106994049,0.542563407,0.342659191,0.199904215,6.10534101,16.7775521,6.28391183,0,0.144070667,28913.4413,10.0528002
2,0.8623409,0.856914873,-1.72950259,0.021019376,0.0196521728,0.0196521728,-4.51028104e-17,-9.77326884,33.8901146,0.339682697,0,0.144070667,-30959.5453,-4.30184363
0,7.34177,0.86851,-0.898955,0.0148715,0.000808692,0.000722494,8.61974e-05,0.953382,35.0089,0.0126571,0.00122575,0.144071,7.62969,3.17304
0,7.49671,0.486805,-0.896626,0.0199077,0.000575295,0.000523918,5.1377e-05,0.920269,19.6273,0.0051445,0.000888686,0.144071,4.30083,3.14061
0,32.8420715,0.3524246974,-1.769009534,0.01180817339,0.9942770401,0.6886799299,0.3055971101,0.01039674879,0.08136585795,4.895633891,0,0.1440706667,116062.8917,27.07394409
0,6.54796,0.313337,-0.682442,0.0164083,8.27192e-05,4.06549e-05,4.20643e-05,0.881835,12.6395,0.000256951,6.88475e-05,0.144071,0.184558,2.76384
0,0.5489092,0.35917350236,-1.9832052005,0.021675260868,0,0,0,-0.76401040674,14.489702067,0,0,0.14407066667,-4405425.1732,-853.75313219
0,10.5824081,0.911233749547,-1.36063119376,0.0168365098671,0.587355771949,0.0547841257882,0.53257164616,-6.6271339602e-05,15.1691322354,1.00695416534,0,0.144070666667,-17892345.5593,-3473.38881022
0,43.59422,0.8551015,-1.160509,0.0226844,0.01395259,0.01298417,0.0009684132,0.9441097,34.01501,0.2239532,0.02312572,0.1440707,215.431,3.646589
0,51.96578,0.4944074,-1.240641,0.02277052,0.03597906,0.03351982,0.002459237,0.8985461,19.22767,0.3342811,0.06448589,0.1440707,358.1468,3.780553
0,29.7544,0.26386,-1.1527,0.0197542,0.0139173,0.013647,0.000270292,0.854223,10.4965,0.0726336,0.0240218,0.144071,66.4621,3.54943
0,7.12512,0.276027,-0.711271,0.0181568,8.98242e-05,5.3204e-05,3.66202e-05,0.867973,11.1344,0.000296224,9.01023e-05,0.144071,0.239207,2.80601
0,56.55545,0.3199046,-1.240705,0.02182312,0.03628693,0.03512302,0.001163903,0.8612665,12.43722,0.2266405,0.06734037,0.1440707,241.8887,3.737875
0,13.7898,0.424981,-1.156164,0.01634022,0.01767438,0.01713721,0.0005371729,0.8989082,16.84148,0.1469044,0.03036197,0.1440707,105.9473,3.584519
0,18.1627,0.476744,-1.04123,0.0153774,0.0044736,0.00430769,0.00016591,0.916248,19.1466,0.0414242,0.00737149,0.144071,26.9995,3.38401
0,41.0555,0.6445115,-1.242177,0.02430528,0.03569177,0.03166549,0.004026279,0.915572,25.07273,0.4116632,0.06161767,0.1440707,467.4685,3.817005
0,23.9932,0.842011,-1.03179,0.0200297,0.00311215,0.00293419,0.000177958,0.950505,33.8625,0.0498347,0.0050128,0.144071,40.7715,3.39842
0,41.76243,0.2810646,-1.343708,0.01107754,0.1951609,0.1684872,0.02667367,0.7447297,9.125787,0.9552086,0.4981328,0.1440707,770.7212,4.003113
0,5.13052,0.537215,-0.531338,0.0133989,6.41007e-05,7.14856e-06,5.69522e-05,0.927501,21.6708,7.74626e-05,1.21048e-05,0.144071,0.0431945,2.53809
0,0.5395738,0.9915347647591926,-1.966481802695098,0.02338974244310381,0,0,0,-8.623767696719689e-62,40.00028742554036,0,0,0.1440706666666666,-8.691668265338437e+67,-1.687780939305455e+64
0,13.4503953,0.5989916535134,-1.8343531175,0.02266142507656,0.8560252019604,0.7780221973463,0.07800300461414,-0.0007340245967833,3.479063976149,9.400218080831,0,0.1440706666667,-162710721.6238,-31594.40721552
0,7.4119,0.20479,-0.88457,0.013548,0.0044745,0.00065698,0.0038175,0.82896,8.2248,0.0027139,0.0011185,0.14407,1.7138,3.0808
0,47.348941,0.62866964,-1.3648782,0.015879942,0.18331198,0.12758424,0.055727744,0.81450747,20.712563,1.617874,0.45607641,0.14407067,2099.2425,4.3337463
0,13.2784154,0.8488035494,-1.747637533,0.02007382778,0.1807421061,0.1332803512,0.04746175486,1.881537303,28.05323746,2.281909866,0,0.1440706667,168033.6781,37.16346866
2,7.4070873,0.286708704,-1.51524182,0.0127768966,-0.4350359,-0.452481494,0.0174455937,-0.454232549,16.5981166,-2.61677794,0,0.144070667,-20811.33,-2.52507739
0,24.43343,0.4622665,-1.174969,0.01134472,0.03189082,0.03078371,0.001107112,0.8963746,18.05394,0.2870374,0.05567949,0.1440707,145.0136,3.627038
0,36.52863,0.4992939,-1.231595,0.01088546,0.06637282,0.06248958,0.003883239,0.8793554,18.8055,0.6293454,0.1200952,0.1440707,318.6619,3.757837
0,42.11788,0.29389946,-1.3909152,0.022254419,0.17077441,0.1266526,0.044121806,0.76508757,9.8316555,0.75082388,0.45469125,0.14407067,1482.1279,4.2220636
0,31.194389,0.39727168,-1.5337135,0.013234093,0.43053251,0.3420306,0.088501909,0.96486817,9.1266566,2.7408025,0,0.14407067,6829.7751,5.481791
0,5.7516,0.289796,-0.728727,0.0207499,9.08821e-05,5.82538e-05,3.26283e-05,0.873449,11.6898,0.000340519,9.86582e-05,0.144071,0.312289,2.83717
0,0.4537637,0.574224559,-1.931219109,0.02087684464,0,0,0,-5.288194876,23.16524667,0,0,0.1440706667,-521861.8316,-99.57052653
0,0.7481993,0.88503386168,-1.7987844608,0.017792251108,0.0055755038024,0.004530479297,0.0010450245053,-0.080752086089,35.504783387,0.080877777397,0,0.14407066667,-9558278.1069,-1854.5777778
0,5.58749,0.382186,-0.601005,0.0212621,4.47741e-05,1.10233e-05,3.37508e-05,0.901031,15.4174,8.49792e-05,1.86662e-05,0.144071,0.077405,2.63774
0,6.90364,0.812373,-0.970601,0.0156096,0.00184856,0.00172304,0.000125523,0.94968,32.712,0.0282342,0.00293118,0.144071,17.9639,3.29069
2,9.515252,0.749373736,-1.62430234,0.0199711183,0.316672928,-0.0152725954,0.331945524,2.96771778,20.657714,-0.230853511,0,0.144070667,16090.412,7.4146765
1,93.3535,0.338253,-1.31756,0.020478,,,,,,,,,,
0,41.2643,0.546556,-1.08302,0.0204402,0.00573041,0.00551381,0.000216592,0.925022,21.9227,0.0607872,0.00948588,0.144071,52.3773,3.46478
0,48.29005,0.6493746,-1.176821,0.009283461,0.0404901,0.03834859,0.002141511,0.912934,25.13622,0.5023077,0.0696799,0.1440707,203.009,3.657437
0,12.71567,0.7454318,-1.144809,0.02159428,0.01191832,0.01127209,0.0006462342,0.9389662,29.71365,0.1694874,0.0198566,0.1440707,154.6632,3.602062
0,45.728906,0.36718312,-1.4093976,0.021123462,0.20569468,0.14225915,0.063435529,0.76234512,11.765905,1.0536299,0.60739402,0.14407067,2257.0785,4.4126398
0,4.82764,0.495007,-0.697639,0.0161774,9.7838e-05,5.01216e-05,4.77164e-05,0.921785,19.9675,0.00050045,8.48829e-05,0.144071,0.339049,2.81032
0,34.047879,0.77625063,-1.3240504,0.014605353,0.14849696,0.10635827,0.042138697,0.84849212,26.665107,1.6653226,0.29350744,0.14407067,1535.5502,4.167392
0,37.10314,0.2202261,-1.245123,0.02331077,0.0345326,0.03383319,0.0006994102,0.8186085,8.577518,0.1502924,0.06672359,0.1440707,185.7628,3.717829
2,11.9540763,0.353719607,-1.76257477,0.00895493965,0.970210232,-0.434449041,1.40465927,0.0616368739,0.425090524,-3.09972486,0,0.144070667,94165.8748,22.8047212
0,6.61671,0.878739,-0.933648,0.0222614,0.000823528,0.000753037,7.04911e-05,0.953885,35.4207,0.0133475,0.00127862,0.144071,12.0474,3.23206
0,17.9279728,0.96090012665,-1.7799526387,0.015368737074,0.98574727666,0.056246309745,0.92950096691,-0.0021510179619,0.55249871453,1.0901781045,0,0.14407066667,-4384110.395,-849.81715148
0,10.04383,0.545688287,-1.66823785,0.0110395141,0.176662929,0.00898017122,0.167682758,2.68990444,18.1249771,0.0988449348,0,0.144070667,27386.7156,9.67949783
0,5.29007,0.935269,-0.691586,0.0148655,0.000107104,5.04642e-05,5.66398e-05,0.956987,37.7264,0.000952019,8.5464e-05,0.144071,0.570874,2.83108
2,18.586037,0.3220917247,-1.790080853,0.008747221277,-0.5527206723,-1.594630521,1.041909849,2.856245011,20.17567475,-10.36012057,0,0.1440706667,137317.7101,31.23099698
2,14.9462434,0.918180082,-1.65815722,0.0134350521,-0.66275852,-0.988327945,0.325569425,3.72731764,61.5902853,-18.3043417,0,0.144070667,59003.9279,15.8484052
2,22.2841674,0.73150510627,-1.6933257238,0.018550398666,-156.45133139,-156.58702201,0.13569062107,-3.7615814228,4646.4242955,-2310.4591654,0,0.14407066667,-6929455.2525,-1344.1919696
0,18.8224974,0.2892000438,-1.886977448,0.01045213418,0.8372546687,0.6056475341,0.2316071346,0.31874745,1.898724959,3.532998704,0,0.1440706667,402014.4685,82.78290347
0,16.7220599,0.713711023,-1.6464347,0.0109777449,0.16492363,0.0342948973,0.130628732,1.99671515,24.0438365,0.493715863,0,0.144070667,36987.8701,11.5375252
0,6.38352,0.327108,-0.931443,0.0173793,0.000994314,0.00093764,5.66746e-05,0.885674,13.183,0.0061866,0.00159206,0.144071,4.69429,3.18
2,0.8168574,0.4803806638,-1.960710233,0.01202836422,0.09027921858,-0.04540305459,0.1356822732,-4.916957925,17.62985741,-0.43994234,0,0.1440706667,-623868.4127,-119.3582319
0,26.9753,0.47377,-1.08587,0.0213725,0.0056537,0.00546437,0.000189336,0.91503,19.0047,0.0522195,0.00940986,0.144071,47.6102,3.46179
0,18.3864426,0.400791173,-1.79387597,0.024600496,0.383177061,0.257442598,0.125734463,-2.93931654,9.97318398,2.08124749,0,0.144070667,-69255.1786,-11.7152297
1,0.24003,0.44324,-1.9153,0.024879,,,,,,,,,,
0,6.14841,0.33052,-0.8176,0.0196227,0.000231321,0.000192826,3.8495e-05,0.887191,13.3307,0.00128555,0.000326713,0.144071,1.09799,2.9908
0,38.4605,0.244367,-1.17573,0.0169822,0.0214396,0.021049,0.000390578,0.840324,9.64685,0.103753,0.0375614,0.144071,83.4664,3.58746
0,142.8182,0.7058271,-1.290349,0.01805773,0.08313502,0.06512511,0.01800991,0.8890394,26.10712,0.9271969,0.1539813,0.1440707,930.6923,3.990509
0,25.6094631,0.220862282,-1.66976179,0.0120501158,0.5892568,0.471762933,0.117493867,0.724386096,3.65971362,2.10169911,0,0.144070667,20940.043,8.41539177
0,10.22,0.566749,-1.02046,0.0246887,0.00215762,0.00206113,9.64889e-05,0.929675,22.8144,0.0235625,0.0035161,0.144071,24.2814,3.35726
2,29.428553,0.85804171,-1.4096483,0.015484168,0.25250374,-0.021583431,0.27408717,1.5948078,25.874537,-0.37355457,0,0.14407067,2380.3223,4.4395542
0,38.76734,0.5116463,-1.311099,0.01011512,0.1681423,0.1366319,0.0315104,0.8124053,17.17015,1.410091,0.3588472,0.1440707,874.4184,3.997126
0,5.60882,0.87552,-0.782944,0.0169057,0.000197103,0.00014343,5.36734e-05,0.954132,35.3131,0.00253297,0.000242976,0.144071,1.73286,2.97972
0,5.6707,0.40115,-0.791913,0.0144271,0.000242644,0.000188587,5.40568e-05,0.90514,16.1792,0.00152596,0.000319488,0.144071,0.939099,2.95705
0,5.22831,0.310934,-0.710462,0.0213699,7.70062e-05,4.47373e-05,3.2269e-05,0.881034,12.5427,0.000280584,7.57636e-05,0.144071,0.262723,2.81002
0,22.9124795,0.7108443021,-1.702753184,0.02110960652,0.7811210191,0.5669348345,0.2141861847,0.3927225628,6.276733805,8.128919064,0,0.1440706667,101202.0085,24.11490527
0,5.75002,0.890128,-0.892924,0.0213844,0.000523906,0.000465119,5.87875e-05,0.954636,35.8905,0.00835105,0.000788896,0.144071,7.22928,3.16416
2,1.2120263,0.27698142,-1.553229,0.02227529,0.00064976025,-0.0001572669,0.00080702715,5.999609,11.166666,-0.00087864437,0,0.14407067,1726.749,4.439728
1,0.3004,0.78788,-1.9576,0.013959,,,,,,,,,,
0,5.69086,0.95697,-0.830388,0.0145565,0.000376347,0.000306274,7.00731e-05,0.957744,38.5913,0.00591198,0.000519041,0.144071,3.47006,3.06318
0,4.4349,0.713006,-0.609652,0.0159436,6.6365e-05,1.64269e-05,4.99381e-05,0.944371,28.762,0.000236251,2.78169e-05,0.144071,0.153961,2.68173
0,4.39504,0.852954,-0.553519,0.0115701,8.0471e-05,1.10072e-05,6.94638e-05,0.953054,34.4069,0.000189378,1.86393e-05,0.144071,0.0887423,2.59727
0,5.55562,0.41921,-0.757667,0.0183763,0.000137119,9.53835e-05,4.17351e-05,0.908915,16.9094,0.000806548,0.00016156,0.144071,0.629554,2.9022
0,11.1294798,0.620590196,-1.533644675,0.01502258305,0.1408634441,0.1399174696,0.0009459745445,-0.12706808,21.5091018,1.751467259,0,0.1440706667,-122113.7092,-22.26887173
2,9.55592,0.711479,-1.407127,0.01018632,-0.03725259,-0.04160007,0.004347483,-31.65748,29.77157,-0.5970096,0,0.1440707,-133.5763,1.6415
0,32.2257,0.956202,-1.04017,0.0183811,0.00379468,0.00355857,0.000236101,0.955483,38.4285,0.0686358,0.00608315,0.144071,51.2587,3.42059
0,12.6329161,0.4033726174,-1.830581826,0.00919739288,0.4024306182,0.2732428581,0.12918776,1.2857822,9.724111196,2.223209569,0,0.1440706667,247348.3006,52.66789179
