Error,time,CO2share,E_appl,v,X_tot,X_het,X_hom,FE,CO2_out,CO_out,H2_out,delP,CD,Vcell
0,0.8751262,0.898782204,-1.78274544,0.0127492047,0,0,0,-10.3378343,36.2584831,0,0,0.144070667,-62051.7159,-10.3219214
1,0.32961,0.84871,-1.918,0.012932,,,,,,,,,,
0,10.8414,0.413031,-0.712015,0.0215119,8.01225e-05,4.53372e-05,3.47853e-05,0.907716,16.6611,0.000377714,7.67796e-05,0.144071,0.345554,2.82567
0,6.9458,0.853557,-0.934854,0.0140623,0.00132123,0.00121038,0.000110848,0.95228,34.3885,0.0208392,0.00205573,0.144071,11.899,3.2326
0,5.4889,0.249842,-0.68748,0.00859582,0.000156579,8.27915e-05,7.37872e-05,0.85609,10.0775,0.00041723,0.000140207,0.144071,0.161707,2.76208
1,83.1099,0.679606,-1.28798,0.00848112,,,,,,,,,,
0,5.00908,0.728945,-0.577987,0.0200862,4.82601e-05,8.68188e-06,3.95783e-05,0.945532,29.4055,0.000127654,1.47014e-05,0.144071,0.104676,2.63023
0,6.63664,0.675687,-0.926252,0.0226372,0.000732256,0.000673605,5.86511e-05,0.941051,27.2385,0.00918071,0.00114343,0.144071,8.53964,3.2063
2,25.1232139,0.290283599,-1.68131672,0.0105307148,-0.418512944,-0.621133859,0.202620915,3.35402708,16.611581,-3.63691268,0,0.144070667,23812.4194,8.99132051
2,16.6873295,0.838220252,-1.58192965,0.0236897638,0.285848458,-1.26716608,1.55301453,1.69687066,24.1492526,-21.424804,0,0.144070667,19089.2411,7.96340908
0,7.11294,0.372084,-0.989055,0.0165304,0.00214622,0.00206007,8.61534e-05,0.897297,14.9783,0.0154614,0.00350826,0.144071,11.0342,3.28275
2,9.3589141,0.8723404973,-1.886497734,0.02158831887,-0.1956006601,-0.21299469,0.0173940299,8.709874839,42.07531217,-3.747830848,0,0.1440706667,324015.4507,67.62519713
0,7.1387,0.571283,-0.982528,0.0168413,0.00196379,0.00186024,0.000103549,0.930309,23.0013,0.0214361,0.00316657,0.144071,15.0289,3.29288
0,12.90332,0.84244969,-1.5696863,0.011222017,0.56297208,0.19483965,0.36813243,2.0147042,14.8528,3.3109033,0,0.14407067,8449.5223,5.8432276
0,5.41167,0.296778,-0.697367,0.0223453,6.64312e-05,3.61617e-05,3.02695e-05,0.876071,11.9717,0.000216474,6.12389e-05,0.144071,0.213142,2.78617
2,40.4733591,0.2032634272,-1.74745983,0.02153348223,-15.79833439,-18.34985781,2.551523418,-2.191036344,137.7465189,-75.23451362,0,0.1440706667,-706912.9289,-135.703801
1,0.24239,0.55128,-1.9163,0.024956,,,,,,,,,,
0,32.940301,0.88468811,-1.3069235,0.013620738,0.13042346,0.094615881,0.035807581,0.86687696,31.035102,1.6884158,0.25257427,0.14407067,1403.8568,4.1200851
0,25.4899,0.321893,-1.094,0.01027,0.0128754,0.0125637,0.000311716,0.876633,12.8185,0.0815743,0.0217387,0.144071,37.2101,3.45524
0,12.214424,0.9772027,-1.4051985,0.02438525,0.76215928,0.2947131,0.46744619,0.83155295,9.3761821,5.8091055,0,0.14407067,1562.3721,4.2546381
0,84.020629,0.87213548,-1.4709871,0.011558168,0.50916179,0.34333642,0.16582536,0.57175609,17.26941,6.0398897,2.4486158,0.14407067,9743.4703,6.0031134
0,33.8773161,0.9147420392,-1.762215789,0.01183399068,0.9953898576,0.6879628349,0.3074270227,0.009189790106,0.1701250027,12.69371626,0,0.1440706667,251601.2204,53.42624974
0,6.61402,0.622114,-0.833087,0.0109717,0.000505036,0.000420648,8.4388e-05,0.936481,25.0845,0.00527854,0.000712924,0.144071,2.38814,3.04647
0,5.61918,0.841399,-0.703082,0.0108378,0.000157294,8.023e-05,7.70639e-05,0.952391,33.9382,0.00136165,0.00013588,0.144071,0.598143,2.84498
0,17.1884405,0.724551207,-1.66653856,0.0118679402,0.711866975,0.653905103,0.0579618724,0.636696055,8.42203979,9.55672263,0,0.144070667,52602.3421,14.6078015
0,49.08672,0.678518,-1.261775,0.01516619,0.07227908,0.06100129,0.01127779,0.8940987,25.39416,0.8348829,0.1270152,0.1440707,623.6167,3.881733
0,5.30312,0.551855,-0.557351,0.0117165,7.69586e-05,1.14182e-05,6.55404e-05,0.92928,22.2611,0.000127101,1.9335e-05,0.144071,0.0618556,2.58256
0,7.3739,0.412416,-1.00069,0.0221593,0.00185774,0.00178361,7.41294e-05,0.906468,16.6067,0.0148375,0.0030391,0.144071,14.0628,3.30744
0,6.46121,0.778416,-0.79384,0.0244923,0.000150781,0.000113872,3.69092e-05,0.948748,31.398,0.00178795,0.00019291,0.144071,1.78226,2.99207
0,30.85256,0.3067301,-1.259657,0.01538427,0.06372668,0.06144017,0.002286509,0.8395053,11.58548,0.3801316,0.121854,0.1440707,294.8796,3.777296
0,51.3279,0.4662495,-1.219123,0.0182688,0.03413778,0.03254458,0.001593198,0.8955332,18.16723,0.306071,0.06096629,0.1440707,257.5397,3.722554
0,37.39364,0.9556616,-1.138635,0.01145061,0.02102277,0.01955249,0.001470277,0.9441512,37.74261,0.3769045,0.03459194,0.1440707,180.4809,3.608834
0,6.50708,0.913359,-0.823686,0.0190888,0.000266276,0.000214314,5.19616e-05,0.955898,36.8367,0.00394836,0.000363158,0.144071,3.04495,3.04968
0,6.44949,0.285701,-0.913101,0.0240831,0.000570924,0.000534988,3.59354e-05,0.871572,11.5191,0.00308305,0.000907736,0.144071,3.29325,3.14317
0,28.821348,0.9305732,-1.4366608,0.015569365,0.43381634,0.15904591,0.27477044,1.3548694,21.255094,2.9853703,0,0.14407067,3256.3026,4.6527689
0,15.79878,0.3464515,-1.189488,0.0224019,0.01928177,0.01876896,0.0005128023,0.8798606,13.70698,0.131162,0.03397775,0.1440707,135.1589,3.636027
0,15.6421644,0.6085592092,-1.80612,0.0088740273,0.7337445159,0.5083464115,0.2253981044,0.5878528691,6.536670095,6.240045717,0,0.1440706667,265616.6999,56.19451801
0,11.5046,0.205911,-1.0859,0.0190195,0.00631004,0.00613824,0.000171803,0.826943,8.2544,0.0254946,0.0105781,0.144071,22.8906,3.41939
0,13.4614371,0.506217737,-1.62730622,0.0145494651,0.186334729,0.180891689,0.00544303973,2.35429861,16.6164522,1.84706059,0,0.144070667,16956.6949,7.5885929
0,19.82772,0.8248397,-1.155366,0.02379022,0.01243627,0.01163651,0.0007997592,0.9434808,32.86169,0.1936053,0.02064122,0.1440707,194.9522,3.632337
0,13.5013568,0.466099452,-1.67052307,0.0193213202,0.124168597,0.0971250397,0.0270435573,2.91768817,16.4685086,0.913134963,0,0.144070667,23624.5049,8.9436298
0,6.70634,0.550292,-0.889107,0.011248,0.000934392,0.000841855,9.25371e-05,0.928545,22.179,0.00934449,0.00142806,0.144071,4.3732,3.13396
0,33.749,0.8716,-1.02263,0.00890014,0.00624222,0.00586943,0.000372791,0.950003,34.9424,0.10319,0.01003,0.144071,37.4251,3.38421
0,5.87185,0.848129,-0.655547,0.0153991,8.39253e-05,3.06655e-05,5.32598e-05,0.952798,34.2122,0.000524611,5.19308e-05,0.144071,0.327293,2.76641
1,0.25741,0.56484,-1.9198,0.020362,,,,,,,,,,
0,6.68503,0.505528,-0.833892,0.0147093,0.000376814,0.000317043,5.97717e-05,0.923109,20.3862,0.00323287,0.000537297,0.144071,1.98943,3.03781
0,4.77908,0.980787,-0.579041,0.0220469,4.49161e-05,8.01754e-06,3.68986e-05,0.958938,39.5649,0.000158614,1.35765e-05,0.144071,0.140765,2.64651
0,50.538948,0.71093056,-1.3626731,0.023502654,0.12938919,0.088297978,0.041091209,0.85811336,24.969302,1.2662023,0.29954941,0.14407067,2334.9869,4.3827875
0,6.42682,0.500976,-0.875221,0.0119844,0.000741823,0.000661269,8.05532e-05,0.922234,20.1953,0.00668221,0.00112137,0.144071,3.35436,3.10625
0,6.41754,0.991158,-0.879152,0.0105945,0.000902412,0.000786629,0.000115783,0.958792,39.949,0.0157267,0.00133416,0.144071,6.71285,3.14648
0,6.47287,0.894542,-0.734826,0.0110248,0.000196531,0.000118562,7.79684e-05,0.955061,36.0803,0.00213931,0.000200818,0.144071,0.953344,2.90074
2,30.517703,0.55100865,-1.4959922,0.017568991,-3.7590494,-6.114657,2.3556076,8.0847364,105.78736,-67.960363,0,0.14407067,5819.7516,5.2397166
1,0.20748,0.84056,-1.9238,0.010345,,,,,,,,,,
0,6.05605,0.795075,-0.777382,0.0151559,0.00020741,0.00014896,5.84493e-05,0.94973,32.0681,0.00238893,0.00025234,0.144071,1.47191,2.96572
0,0.5322915,0.9130471369754563,-1.896106646842157,0.01384662445135698,0,0,0,-1.245447032191125e-09,36.83395601459809,0,0,0.1440706666666666,-2244275607751292,-435801905649.256
0,17.1827115,0.459060867,-1.61295321,0.00899400332,0.151276668,0.13384773,0.0174289374,1.77903619,15.7177936,1.23938562,0,0.144070667,17652.4015,7.71140088
0,54.49077,0.7347431,-1.178391,0.008681068,0.04453687,0.04173751,0.002799361,0.9168075,28.32074,0.6185677,0.07603349,0.1440707,232.4031,3.671664
1,0.33526,0.60798,-1.923,0.024034,,,,,,,,,,
0,5.85759,0.502716,-0.732702,0.0247554,8.31432e-05,5.13846e-05,3.17586e-05,0.9229,20.2788,0.000521052,8.70271e-05,0.144071,0.539572,2.86929
0,4.86702,0.760664,-0.586251,0.0178681,5.55656e-05,1.08526e-05,4.47131e-05,0.947678,30.6849,0.000166514,1.83773e-05,0.144071,0.121188,2.64602
0,0.4962755,0.6213319991036,-1.857804184427,0.01508447692083,0,0,0,-0.006631276424165,25.06564513335,0,0,0.1440706666667,-175374574.5081,-34053.5023521
0,29.062407,0.58512526,-1.5429849,0.02376868,0.039459947,0.01941632,0.020043628,1.9054765,22.673548,0.22916112,0,0.14407067,9678.2809,6.0621075
0,31.042501,0.2767411556,-1.839339946,0.02204854905,0.9989005684,0.6625189703,0.3363815981,0.001784917547,0.01227431079,3.698258284,0,0.1440706667,251687.7506,53.52019431
0,0.4548207,0.851047949,-1.8008488,0.0108415688,0,0,0,-36.4199836,34.3327978,0,0,0.144070667,-21044.1703,-2.28525589
0,6.38625,0.897721,-0.890765,0.00836145,0.00130578,0.0011566,0.000149183,0.954492,36.1684,0.0209435,0.00196241,0.144071,7.08707,3.16095
0,6.05935,0.496623,-0.78633,0.020054,0.000167062,0.00012629,4.07721e-05,0.921975,20.0313,0.00126509,0.000213938,0.144071,1.06247,2.95784
0,28.2798,0.589679,-1.0998,0.00980765,0.0147133,0.0141302,0.000583085,0.924089,23.4387,0.168069,0.0245238,0.144071,69.536,3.49945
0,6.49009,0.530395,-0.854426,0.0194912,0.000359148,0.000311417,4.77317e-05,0.92645,21.3894,0.0033317,0.000527857,0.144071,2.7075,3.07432
0,6.35731,0.989518,-0.872147,0.0153213,0.000574887,0.000497263,7.76238e-05,0.95894,39.896,0.00992511,0.000843177,0.144071,6.12616,3.13466
0,16.1133,0.43154,-1.04881,0.0244527,0.00309053,0.00298604,0.000104491,0.909415,17.3553,0.0259921,0.00510972,0.144071,27.1788,3.39196
2,1.1329251,0.2493469867,-1.889042302,0.02154111076,-0.2056826084,-0.5672562283,0.3615736199,6.637234552,12.12808653,-2.853044646,0,0.1440706667,126633.9472,29.25118323
2,6.7865492,0.56592280368465,-1.5557921853527,0.01901448194305,0.39787862576163,-0.01777682355992,0.41565544932155,-2.1965039703981e-06,13.746635091985,-0.20292545409299,0,0.14407066666667,-6000559088.5782,-1165210.2945039
0,0.361804,0.666469,-1.92256,0.0105925,0,0,0,0,26.8865,0,0,0.144071,-Inf,-Inf
0,5.1171,0.511795,-0.582851,0.0213987,4.41844e-05,8.67481e-06,3.55096e-05,0.924188,20.6458,8.95533e-05,1.46893e-05,0.144071,0.0800383,2.6213
0,22.8443141,0.3325482952,-1.826678138,0.01228700696,0.9986408972,0.8115076727,0.1871332245,0.002620532458,0.01823317135,5.443428548,0,0.1440706667,216432.5544,46.65379133
1,0.25995,0.98393,-1.9851,0.02316,,,,,,,,,,
0,20.83151,0.5649449,-1.155662,0.009596675,0.02994141,0.02872147,0.001219937,0.911539,22.1085,0.3272939,0.05136488,0.1440707,136.2725,3.602839
0,31.0583,0.960335,-1.0531,0.0114533,0.00715926,0.00671888,0.000440382,0.953459,38.4643,0.13015,0.0115265,0.144071,60.7045,3.44405
1,0.33363,0.94751,-1.7982,0.024858,,,,,,,,,,
0,53.810405,0.76022437,-1.3576595,0.0091510947,0.29067499,0.20136735,0.089307641,0.74865532,21.754155,3.0878486,0.72134705,0.14407067,2186.3261,4.3455263
0,12.7904386,0.94730071639,-1.7721495669,0.024472409463,0.15962933893,0.10597279205,0.053656546884,-0.092169389495,32.115442763,2.0249178697,0,0.14407066667,-5380125.8709,-1043.2455171
0,6.28936,0.567947,-0.659114,0.0226618,5.63071e-05,2.18152e-05,3.44918e-05,0.931157,22.9107,0.000249915,3.69425e-05,0.144071,0.234786,2.75289
2,14.8953579,0.399758385,-1.75444283,0.0170105452,-0.729308166,-0.803108301,0.0738001352,-5.15858455,27.888499,-6.47585129,0,0.144070667,-66494.2011,-11.2164354
0,6.7155765,0.84728707718,-1.5801693114,0.0212063281,0.89599775561,0.1410745863,0.75492316932,-0.0013512816995,3.5549087736,2.4110406824,0,0.14407066667,-3449819.2935,-668.58044887
0,41.699133,0.94517167,-1.4983604,0.011146555,0.18442572,0.071151715,0.11327401,1.6110729,31.09778,1.3565045,0,0.14407067,8850.3732,5.8521219
0,4.628421,0.84095784,-1.5310863,0.016983106,0.68382256,0.0056405706,0.67818199,3.5013738,10.726555,0.095680279,0,0.14407067,2138.5946,4.5085502
0,16.2009,0.870146,-0.992258,0.0117323,0.0032345,0.00302403,0.000210464,0.951888,34.9897,0.0530767,0.00515064,0.144071,25.3185,3.33141
0,0.9501232,0.27601577,-1.5175097,0.020558613,0.02226317,0.02226317,2.8291848e-11,5.5327157,10.887071,0.12394987,0,0.14407067,1153.834,4.2720431
0,6.1894,0.20718,-0.79742,0.019158,0.00018477,0.00015339,3.1376e-05,0.83145,8.3565,0.00064102,0.00025823,0.14407,0.56675,2.9365
0,5.14206,0.345313,-0.685866,0.0122513,0.000114709,5.6896e-05,5.78132e-05,0.891567,13.9289,0.000396296,9.63538e-05,0.144071,0.21021,2.77396
0,17.843,0.54933,-1.12583,0.0145562,0.0137239,0.0132081,0.000515855,0.920219,21.8568,0.146352,0.0230848,0.144071,90.9722,3.54345
2,12.9112045,0.9692916461510022,-1.56825263633375,0.01532814719637023,-13690.37719108839,-13690.43110120699,0.05391011860047001,-1.531358208766032e-06,535373.3774128313,-267668.1912489258,0,0.1440706666666666,-393384492548392.8,-76388885087.36734
0,7.2692836,0.986340057,-1.599511258,0.01926547317,0.004108381141,0.000537143185,0.003571237956,-0.2911844827,39.62724815,0.01068665801,0,0.1440706667,-228790.2276,-42.95011465
0,8.62209,0.85247,-0.97898,0.0198541,0.00161765,0.00150851,0.000109146,0.952031,34.3345,0.0259389,0.0025664,0.144071,20.9455,3.30754
0,0.4613983,0.3465634487437846,-1.977526500783858,0.01982631499197403,0,0,0,-1.275593865209e-39,13.98098992959126,0,0,0.1440706666666666,-2.366872317086917e+45,-4.596081972525085e+41
0,6.60067,0.997939,-0.912608,0.0113805,0.00125305,0.00112454,0.000128511,0.958828,40.2082,0.0226362,0.0019088,0.144071,10.3832,3.20306
2,9.99261,0.3906686,-1.495546,0.0116399,0.3923492,-0.6669726,1.059322,8.157225,9.576741,-5.255834,0,0.1440707,519.1845,4.085807
0,6.11577,0.644391,-0.649459,0.0222407,5.53221e-05,1.96358e-05,3.56863e-05,0.938821,25.9945,0.000255225,3.32516e-05,0.144071,0.233397,2.74293
0,6.40576,0.996657,-0.782056,0.0163243,0.000203559,0.000146852,5.67065e-05,0.959462,40.1988,0.00295224,0.000248775,0.144071,1.93939,2.98465
0,39.6369664,0.257560566,-1.60045118,0.0138511683,0.372942072,0.229667477,0.143274596,0.944474901,6.51541676,1.19317471,0,0.144070667,11738.3454,6.5295205
2,21.7306461,0.30718119,-1.62813908,0.0220819831,-0.380594498,-0.398980261,0.0183857629,2.37536362,17.1086571,-2.4721294,0,0.144070667,17490.2643,7.6946282
0,37.6369505,0.284645248,-1.7392714,0.0226267474,0.751349689,0.604600781,0.146748908,0.411826064,2.85527611,3.47134527,0,0.144070667,70176.2969,18.1079222
0,47.89834,0.4148833,-1.303724,0.0110834,0.1423785,0.1234112,0.01896727,0.8151848,14.35413,1.032775,0.2978974,0.1440707,662.6708,3.934386
0,4.83917,0.891626,-0.517415,0.0137367,6.43713e-05,5.83092e-06,5.85404e-05,0.955007,35.9675,0.000104869,9.87371e-06,0.144071,0.058224,2.53951
0,14.529548,0.66984706,-1.4955715,0.022540382,0.00039822216,3.3469914e-05,0.00036475225,-1.6509588,27.012069,0.00045222589,0,0.14407067,-7237.8741,0.1452658
0,7.7999,0.650697,-0.993689,0.0164885,0.0023165,0.00219136,0.000125147,0.937922,26.1895,0.0287619,0.0037329,0.144071,19.5896,3.31854
0,21.5229756,0.483385599,-1.65679019,0.0168883989,0.179581791,0.0910164497,0.0885653417,2.48867679,15.9986805,0.887439529,0,0.144070667,22555.6257,8.71995892
0,0.4787965,0.7778120704622609,-1.889106955343909,0.0139331180413858,0,0,0,-1.508172646913354e-16,31.37833133778342,0,0,0.1440706666666666,-1.443060274212236e+22,-2.802188890246928e+18
0,4.81628,0.735494,-0.594288,0.00872826,0.000115978,2.46319e-05,9.13466e-05,0.945947,29.6677,0.000365428,4.1712e-05,0.144071,0.13015,2.65773
0,7.4231,0.298503,-1.03835,0.0187035,0.00350977,0.00341414,9.5631e-05,0.874568,11.9999,0.0205568,0.00584058,0.144071,17.0844,3.35569
0,6.32247,0.257617,-0.919365,0.0229642,0.000644451,0.000607951,3.65002e-05,0.859524,10.386,0.00315914,0.00103172,0.144071,3.26321,3.14896
0,6.33812,0.596788,-0.847721,0.00985287,0.000661235,0.000565174,9.60615e-05,0.933876,24.0596,0.00680342,0.000958059,0.144071,2.77199,3.06884
0,5.75145,0.354832,-0.595964,0.00846904,0.00010906,2.59388e-05,8.31208e-05,0.89417,14.313,0.000185652,4.39243e-05,0.144071,0.0678714,2.62594
1,0.26035,0.96965,-1.9194,0.016679,,,,,,,,,,
0,6.50171,0.663014,-0.663862,0.0112086,0.000118227,4.6878e-05,7.13485e-05,0.940396,26.744,0.000626927,7.93875e-05,0.144071,0.288441,2.76822
0,18.0451,0.221507,-1.09993,0.013778,0.0102843,0.0101007,0.000183615,0.834502,8.84407,0.0451297,0.0174854,0.144071,29.1021,3.44696
0,16.2881,0.976947,-0.989846,0.0126599,0.00292428,0.00271784,0.00020644,0.956907,39.2965,0.0535574,0.00462761,0.144071,27.4227,3.3335
0,33.5678477,0.664209652,-1.66264489,0.0122980658,0.809319171,0.564235229,0.245083942,0.314542379,5.10937031,7.55945613,0,0.144070667,61445.1429,16.3290203
2,7.0778205,0.88107725,-1.5573459,0.012920449,0.76906405,-0.025839113,0.79490316,1.1576,8.2084415,-0.45921574,0,0.14407067,6935.8056,5.5268044
2,8.3606796,0.898564451,-1.60074603,0.0100394481,0.0132971726,-0.00533690281,0.0186340754,-0.78906806,35.76768,-0.096730559,0,0.144070667,-77424.1084,-13.5003624
0,37.47817,0.3183967,-1.209545,0.008333398,0.06490586,0.06326643,0.001639435,0.8425881,12.011,0.4063189,0.1181807,0.1440707,160.0184,3.669587
0,18.31934,0.4135634,-1.169794,0.01445661,0.02351712,0.02280312,0.0007140048,0.8929522,16.29153,0.1902223,0.04088401,0.1440707,122.9111,3.609074
0,5.06867,0.598456,-0.537717,0.023893,3.67934e-05,4.35119e-06,3.24422e-05,0.934448,24.1419,5.2525e-05,7.36792e-06,0.144071,0.0518405,2.55384
0,24.6838868,0.9866535905,-1.69933554,0.01893309688,0.6651385942,0.5552921279,0.1098464663,0.661754541,13.32861314,11.0512496,0,0.1440706667,122057.4131,28.17089647
0,14.39047,0.7943171,-1.115213,0.009889753,0.0179067,0.01695654,0.0009501669,0.9381609,31.47037,0.2716791,0.02964558,0.1440707,112.1004,3.547663
0,0.4868852,0.226516247330767,-1.99933211624338,0.01504772777653056,0,0,0,-1.193549855609258e-63,9.13807091976849,0,0,0.1440706666666666,-2.1877854667236e+69,-4.248324369155847e+65
0,20.3219,0.894194,-1.08543,0.0095417,0.0128492,0.0121117,0.000737547,0.946792,35.6099,0.218455,0.0209582,0.144071,85.7301,3.49898
2,25.1584857,0.386275374,-1.69849942,0.00990067682,-2.71818841,-3.185099,0.466910588,7.4036723,57.940679,-24.8167627,0,0.144070667,46918.9487,13.5302646
1,300.6965,0.9578425,-1.263939,0.01525054,,,,,,,,,,
1,0.42967,0.33443,-1.754,0.021256,,,,,,,,,,
0,39.52383,0.21391,-1.249907,0.02443865,0.03576439,0.03506317,0.0007012197,0.8143495,8.320883,0.151289,0.06767807,0.1440707,192.6287,3.725811
1,0.24159,0.31953,-1.9088,0.0098001,,,,,,,,,,
0,6.71609,0.876074,-0.728098,0.0135617,0.000151592,8.84076e-05,6.31847e-05,0.954189,35.337,0.00156227,0.000149737,0.144071,0.857188,2.88853
0,35.217049,0.97633222,-1.3163618,0.010354904,0.198595,0.139066,0.059528995,0.82214531,31.56493,2.7386956,0.37505454,0.14407067,1699.5505,4.1967636
0,23.4666,0.963305,-1.02169,0.0189396,0.00291596,0.00272825,0.000187701,0.956353,38.7481,0.0530119,0.00465643,0.144071,40.728,3.38826
0,50.29809,0.5255985,-1.30678,0.01212353,0.1366709,0.1110163,0.02565454,0.8357749,18.30567,1.176972,0.2832419,0.1440707,857.2755,3.988461
0,49.20344,0.6722128,-1.19624,0.01703255,0.02838174,0.02652274,0.001859004,0.9227754,26.3486,0.3596254,0.04873777,0.1440707,270.1745,3.704585
0,4.75199,0.886785,-0.557495,0.0122706,7.66492e-05,1.09226e-05,6.57266e-05,0.954765,35.7717,0.000195375,1.84959e-05,0.144071,0.0969224,2.60578
0,9.11386,0.662509,-1.00459,0.0183243,0.00239178,0.00226651,0.000125264,0.938888,26.6629,0.0302883,0.00386382,0.144071,22.9178,3.33815
2,9.2513453,0.511687039,-1.65316543,0.0128015518,0.872542002,-0.136982331,1.00952433,0.484798017,2.6310353,-1.41382006,0,0.144070667,18175.4216,7.8546754
0,18.741998,0.8965863925,-1.706572718,0.01699035331,0.3003457385,0.2487329811,0.05161275731,1.599454754,25.30642476,4.498323542,0,0.1440706667,105222.1495,24.90137256
0,16.4843,0.726855,-1.0171,0.0141285,0.00364351,0.00344902,0.000194492,0.943059,29.2158,0.0505671,0.00588493,0.144071,29.3598,3.36464
0,6.72815,0.391028,-0.910813,0.00934321,0.00144404,0.00133848,0.000105557,0.90217,15.752,0.0105571,0.00227202,0.144071,4.22467,3.15386
0,7.88875,0.847001,-0.67251,0.0123096,0.000114678,4.77e-05,6.69781e-05,0.952718,34.1656,0.000814944,8.07799e-05,0.144071,0.406453,2.79452
0,6.47022,0.393907,-0.923527,0.0199565,0.000789891,0.000737842,5.20483e-05,0.903222,15.8784,0.0058625,0.00125242,0.144071,5.00822,3.17547
0,5.99821,0.278018,-0.782769,0.0177774,0.000174666,0.000136098,3.85671e-05,0.868742,11.2138,0.000763224,0.000230544,0.144071,0.603005,2.92508
0,7.11223,0.2883,-1.00303,0.0162949,0.00258032,0.00249806,8.22637e-05,0.87134,11.6005,0.0145269,0.00425867,0.144071,10.5306,3.29423
0,6.46319,0.772424,-0.800312,0.0194658,0.000202591,0.000155686,4.6905e-05,0.948338,31.1547,0.00242566,0.000263762,0.144071,1.92257,3.00246
0,7.2151,0.906404,-0.959794,0.0204813,0.00123769,0.00114383,9.38572e-05,0.954944,36.5207,0.0209127,0.00194441,0.144071,17.3598,3.27801
0,0.320904,0.6811454876042182,-1.467870298040855,0.02357470253255255,0,0,0,-2.300971738425079e-11,27.47862833573528,0,0,0.1440706666666666,-370120880559870.6,-71871469132.89966
0,4.84287,0.96325,-0.538079,0.0209685,4.35686e-05,4.98106e-06,3.85875e-05,0.958223,38.8575,9.67801e-05,8.43457e-06,0.144071,0.0817479,2.57761
0,0.4665562,0.7657470896406036,-1.815546809899685,0.02350789995008937,0,0,0,-2.238044897594735e-57,30.89160841307878,0,0,0.1440706666666666,-3.721569448641694e+62,-7.226683978227493e+58
0,6.39279,0.669169,-0.824468,0.024737,0.000204483,0.000167055,3.74275e-05,0.940855,26.9899,0.00225487,0.000283068,0.144071,2.28957,3.03566
0,5.12301,0.606103,-0.613154,0.0166326,6.35182e-05,1.64708e-05,4.70474e-05,0.935204,24.4497,0.000201367,2.78914e-05,0.144071,0.138241,2.67969
0,19.9759,0.301829,-1.08434,0.0136289,0.00860092,0.00839827,0.000202644,0.872598,12.0716,0.0511301,0.0144698,0.144071,31.0966,3.43517
0,0.347245,0.2713213,-1.308469,0.02086371,0,0,0,-2.510419,10.94559,0,0,0.1440707,-174.3978,1.521214
0,6.86333,0.751239,-0.953541,0.0220348,0.00105653,0.000981494,7.50326e-05,0.94641,30.2743,0.0148727,0.00166785,0.144071,13.3998,3.25768
0,44.42311,0.2874882,-1.227657,0.01226727,0.05480598,0.05345706,0.001348921,0.8383858,10.96216,0.3099918,0.1013112,0.1440707,185.2229,3.700109
0,6.6188,0.255923,-0.874362,0.0157363,0.000545411,0.000498149,4.72616e-05,0.858788,10.3188,0.00257154,0.00084463,0.144071,1.82031,3.07368
0,28.5793657,0.326485074,-1.75269162,0.0182006371,0.829389115,0.560641537,0.268747579,0.283914789,2.24711465,3.69210269,0,0.144070667,95182.5481,22.9928113
0,6.51782,0.601489,-0.910139,0.0190625,0.000711968,0.000650632,6.13357e-05,0.934323,24.2479,0.00789383,0.001104,0.144071,6.22533,3.17349
0,5.66067,0.331447,-0.550815,0.0207583,3.91093e-05,5.92592e-06,3.31834e-05,0.887591,13.3707,3.96182e-05,1.00343e-05,0.144071,0.0357648,2.54787
0,16.157918,0.38833501,-1.5012041,0.020642522,0.90754602,0.89485841,0.012687604,0.21045606,1.4483961,7.0094838,0,0.14407067,3272.9294,4.7208026
2,8.432578,0.783233,-1.422998,0.01484775,0.01149619,-0.005891043,0.01738723,-15.16937,31.23378,-0.09306971,0,0.1440707,-358.59,1.562937
0,6.9024,0.392819,-0.988907,0.0201214,0.00176265,0.00168966,7.29926e-05,0.902368,15.8191,0.013388,0.0028767,0.144071,11.5661,3.28513
0,4.86713,0.85808,-0.585638,0.0175169,5.70486e-05,1.09832e-05,4.60654e-05,0.953336,34.6145,0.0001901,1.85986e-05,0.144071,0.13483,2.65089
1,0.45704,0.73242,-1.8117,0.022787,,,,,,,,,,
0,18.1788469,0.2011000154,-1.87971626,0.008826239629,0.7899591043,0.5431680304,0.2467910739,0.3677927909,1.704006048,2.203289044,0,0.1440706667,284831.567,60.00291842
0,27.5368494,0.3712939127,-1.774770394,0.01543820521,0.8636462248,0.603723516,0.2599227089,0.2422640478,2.04239699,4.521484978,0,0.1440706667,134628.3644,30.69244293
0,31.2497,0.442538,-1.11715,0.0214826,0.00831575,0.00805963,0.000256118,0.908106,17.7043,0.0719433,0.0139914,0.144071,66.7927,3.5142
0,51.499512,0.48846402,-1.3742068,0.018621325,0.17681585,0.12518187,0.051633976,0.8035856,16.221266,1.2333865,0.43844502,0.14407067,1878.5192,4.2945058
0,14.6165,0.973709,-1.08923,0.00933956,0.0138318,0.0129703,0.000861502,0.949637,38.7378,0.254745,0.0224829,0.144071,97.6326,3.51177
0,27.423,0.715355,-1.0862,0.00985917,0.0124364,0.0118507,0.000585637,0.93653,28.4998,0.170998,0.0204871,0.144071,70.0613,3.48634
0,8.28755,0.446368,-0.658238,0.0207446,5.9704e-05,2.3565e-05,3.6139e-05,0.914025,18.0062,0.000212171,3.99049e-05,0.144071,0.18588,2.74
0,21.6456105,0.2100447356,-1.803884362,0.01547149399,0.9936821048,0.7713976325,0.2222844723,0.01040913773,0.05353519442,3.268250025,0,0.1440706667,119377.0105,27.75381366
1,112.5991,0.9943128,-1.248749,0.02108614,,,,,,,,,,
2,9.7201691,0.93477636,-1.4266399,0.01216345,0.71418947,-0.0083112919,0.72250076,1.4012621,10.778073,-0.1567117,0,0.14407067,1403.7178,4.2397694
2,45.724352,0.7606787,-1.485866,0.01406227,0.48445899,-0.11329711,0.59775609,0.90173803,15.820479,-1.7383821,0,0.14407067,6851.5208,5.4383294
1,0.51788,0.76295,-1.9552,0.017761,,,,,,,,,,
0,4.96571,0.723053,-0.607212,0.0113742,9.2397e-05,2.23155e-05,7.00815e-05,0.945084,29.1666,0.000325464,3.77892e-05,0.144071,0.151196,2.67836
0,5.40849,0.61899,-0.639953,0.0217279,5.41875e-05,1.7789e-05,3.63985e-05,0.936472,24.9698,0.000222106,3.01239e-05,0.144071,0.198924,2.72521
0,30.93905,0.5196957,-1.247525,0.01659695,0.05391838,0.04946541,0.004452967,0.8902092,19.83503,0.5185325,0.09665135,0.1440707,407.3938,3.803619
0,4.98482,0.643845,-0.52227,0.0150037,5.77337e-05,5.68203e-06,5.20517e-05,0.938771,25.9724,7.37922e-05,9.62154e-06,0.144071,0.045523,2.53172
0,0.30604,0.282111,-1.32066,0.0206143,0,0,0,6.24753,11.3808,0,0,0.144071,85.2114,3.73379
2,9.9281208,0.90912145457,-1.4950394448,0.013767173118,-0.099582239406,-0.1095163943,0.0099341548909,-0.0021862603491,40.32782404,-2.0082890212,0,0.14407066667,-8104464.8874,-1572.5661086
0,33.27132,0.442534,-1.274115,0.01078682,0.1085112,0.09865503,0.009856213,0.8426515,15.9154,0.880625,0.209254,0.1440707,485.9309,3.854518
0,5.93032,0.767347,-0.725336,0.024516,8.13422e-05,4.72024e-05,3.41397e-05,0.948093,30.9537,0.000730603,7.99435e-05,0.144071,0.729341,2.87745
0,29.950166,0.69037787,-1.3242727,0.0084437561,0.23391118,0.17325767,0.060653509,0.78199707,21.3364,2.4127065,0.5091378,0.14407067,1336.9783,4.1219395
0,4.94578,0.870394,-0.519895,0.0187109,4.73177e-05,4.41935e-06,4.28984e-05,0.953972,35.1116,7.75889e-05,7.4834e-06,0.144071,0.0587416,2.54244
0,4.87876,0.544961,-0.576491,0.0163714,5.72905e-05,1.04491e-05,4.68414e-05,0.928462,21.9834,0.000114861,1.7694e-05,0.144071,0.0781771,2.61373
0,16.7475648,0.944013762,-1.55840222,0.0202936585,0.332559375,0.222732963,0.109826411,1.58023404,25.4182782,4.24119256,0,0.144070667,15948.2114,7.32070721
2,48.992024,0.95717168,-1.4702084,0.01827136,0.05720878,-0.14642434,0.20363312,1.7523122,36.404958,-2.8270162,0,0.14407067,6635.1645,5.3790102
0,4.9527,0.683633,-0.602646,0.00869059,0.000118633,2.75425e-05,9.10909e-05,0.942087,27.5757,0.000379797,4.6641e-05,0.144071,0.135235,2.66806
0,1.1223121,0.5647810051,-1.907157164,0.01943555519,0.2225002611,0.1104770199,0.1120232412,12.90725113,17.71476926,1.258569501,0,0.1440706667,120032.6901,27.98469025
2,50.5447451,0.276601088,-1.60807834,0.0117672888,-0.291953239,-0.961017751,0.669064512,1.98914484,14.4163675,-5.36179821,0,0.144070667,13601.6695,6.90654523
0,6.15376,0.536717,-0.851162,0.0234313,0.000287969,0.000248434,3.95348e-05,0.927296,21.6459,0.00268957,0.000421071,0.144071,2.6251,3.06945
2,13.8051216,0.844035302,-1.59445723,0.0179020323,0.0872446953,-0.0301216673,0.117366363,2.53030607,31.0792223,-0.512819806,0,0.144070667,19351.5283,8.02756977
0,8.0191698,0.740852755,-1.61573753,0.0212118772,0.0376638082,0.0218222816,0.0158415265,3.97444891,28.7616559,0.326104827,0,0.144070667,14985.3232,7.1878654
0,30.280877,0.97775405,-1.3101989,0.012445904,0.14731236,0.10455201,0.042760354,0.85885719,33.633709,2.061993,0.28829321,0.14407067,1601.5924,4.1685284
0,5.83198,0.407465,-0.612732,0.0167067,5.99621e-05,1.63094e-05,4.36527e-05,0.906586,16.4369,0.000134046,2.76177e-05,0.144071,0.095351,2.66018
2,22.0357731,0.361993077,-1.72060465,0.0156950385,-0.0148566024,-0.251053648,0.236197045,2.15710456,14.8204064,-1.83312454,0,0.144070667,54715.9089,15.0743121
0,47.104829,0.648761092,-1.58403708,0.0106446605,0.773318414,0.602568734,0.17074968,0.305449702,5.93275216,7.88526985,11.3584953,0.144070667,26767.4159,9.47386387
0,5.90601,0.513151,-0.788266,0.0226475,0.000151126,0.000114643,3.64828e-05,0.924305,20.6983,0.00118664,0.000194207,0.144071,1.12265,2.96262
0,52.82417,0.7654786,-1.194829,0.0227436,0.02130792,0.01961623,0.001691681,0.9341097,30.22277,0.3028823,0.03584388,0.1440707,300.6409,3.71458
0,10.009633,0.699279983807,-1.44869222612,0.0247532459232,0.501802193718,0.192471808062,0.309330385657,-0.000140297764313,14.0542629315,2.71483471353,0,0.144070666667,-24267962.2094,-4711.35770744
0,19.6673943,0.645412808,-1.69905538,0.0189458376,0.305186206,0.0618650289,0.243321178,1.40062547,18.0909418,0.805393222,0,0.144070667,77992.4223,19.5908969
0,6.38883,0.444527,-0.883576,0.0192837,0.000506735,0.000457522,4.9213e-05,0.913416,17.9239,0.00410237,0.000775852,0.144071,3.34635,3.11448
0,0.425683,0.911408256,-1.69368959,0.0232577792,0,0,0,-15.5149824,36.7678406,0,0,0.144070667,-13356.6444,-0.876263333
0,4.67424,0.910396,-0.596182,0.0144834,7.1285e-05,1.52099e-05,5.6075e-05,0.955889,36.7244,0.000279308,2.57563e-05,0.144071,0.163357,2.67131
1,0.34676,0.66147,-1.9919,0.010896,,,,,,,,,,
0,33.149483,0.44241205,-1.4394813,0.013844652,0.68818241,0.20328192,0.4849005,0.50553579,5.5652249,1.8140568,0,0.14407067,2369.3219,4.4670131
0,12.7117,0.629062,-1.02658,0.0178132,0.00323898,0.00308676,0.000152216,0.935376,25.2953,0.0391672,0.0052721,0.144071,28.9478,3.37332
0,7.19817,0.342562,-1.01126,0.0175815,0.00266175,0.00257175,9.00051e-05,0.8892,13.7828,0.0177702,0.00438706,0.144071,13.6271,3.31631
0,33.473156,0.71173465,-1.3255041,0.022481789,0.10001758,0.072183704,0.027833879,0.87775518,25.84088,1.0362927,0.19427166,0.14407067,1465.5868,4.1528638
1,0.38972,0.39785,-1.9761,0.010818,,,,,,,,,,
0,9.6227288,0.371523911,-1.831358089,0.02333026821,0.6803869564,0.6527599169,0.02762703955,-0.7030578257,4.790341012,4.891763124,0,0.1440706667,-225077.5351,-41.99648252
0,13.0875075,0.6091251526,-1.738830162,0.01849942693,0.1166251915,0.05926524908,0.0573599424,1.952356287,21.70734505,0.7281683825,0,0.1440706667,111903.1661,26.23413813
0,51.3121,0.35083278,-1.4645428,0.017459366,0.31218387,0.31218212,1.7489789e-06,0.68235393,9.7348145,2.2091915,1.4922171,0.14407067,4236.5837,4.8845277
0,44.626199,0.58251848,-1.3693769,0.017485411,0.17658227,0.122962,0.05362027,0.8145681,19.350183,1.4447936,0.43884064,0.14407067,2077.6754,4.3335265
0,6.85148,0.823201,-0.951711,0.0177295,0.00128811,0.00119142,9.66936e-05,0.950658,33.1666,0.0197832,0.00202468,0.144071,14.2747,3.25927
1,0.24388,0.67384,-1.8689,0.01724,,,,,,,,,,
0,6.33782,0.890659,-0.754072,0.0217163,0.000117408,7.70706e-05,4.03369e-05,0.954926,35.9266,0.0013846,0.000130542,0.144071,1.21568,2.93253
0,6.40563,0.801962,-0.744978,0.023565,0.000110285,6.31926e-05,4.70919e-05,0.950208,32.349,0.00102222,0.000107038,0.144071,0.978782,2.91225
0,5.21481,0.505192,-0.585861,0.0192736,4.93717e-05,1.00109e-05,3.93609e-05,0.92327,20.3793,0.000102013,1.69518e-05,0.144071,0.0822013,2.62568
2,0.7877524,0.9114091647,-1.7343652995,0.023299049323,0.00040754903333,0.00040754903333,-4.4506499181e-17,-0.10202085577,36.752892568,0.0074923564217,0,0.14407066667,-3423657.4731,-663.34566073
0,4.9758,0.77154,-0.515953,0.0148444,5.8969e-05,5.2954e-06,5.36736e-05,0.948375,31.1235,8.24106e-05,8.96688e-06,0.144071,0.0497907,2.53001
0,6.49997,0.500987,-0.840834,0.0157954,0.000379014,0.000322759,5.62547e-05,0.922466,20.203,0.00326159,0.000547019,0.144071,2.15694,3.04894
0,6.85237,0.27798,-0.989922,0.0124444,0.00286304,0.00276621,9.68258e-05,0.867071,11.1821,0.0155104,0.00471237,0.144071,8.62024,3.27047
0,8.248064,0.4109767,-1.163163,0.02445067,0.01290667,0.01252109,0.000385587,0.8991777,16.36555,0.1037969,0.02219917,0.1440707,112.603,3.59594
2,3.9489353,0.5996150595,-1.492292255,0.01157399292,0.1356821779,-0.08542487167,0.2211070496,-0.02281401847,20.90745477,-1.033194385,0,0.1440706667,-388683.1939,-74.13318377
0,7.21506,0.565533,-0.993011,0.0107203,0.00351439,0.00333942,0.000174971,0.928668,22.7344,0.0380937,0.00569165,0.144071,17.0258,3.31016
2,32.805114,0.59470433,-1.5155935,0.011950068,0.44184591,-2.7719127,3.2137586,1.2428469,13.390919,-33.251085,0,0.14407067,6164.1581,5.3291502
0,38.16917,0.2795433,-1.343829,0.01336792,0.1643775,0.1411491,0.02322841,0.7645041,9.423548,0.7958887,0.4134297,0.1440707,776.493,4.004739
0,6.31913,0.609813,-0.846928,0.0181313,0.00035648,0.000304058,5.24221e-05,0.935384,24.5922,0.00374006,0.000515345,0.144071,2.80009,3.06857
0,8.2879679,0.70191856897,-1.4176260075,0.021348642332,0.0016730801844,0.0015182257479,0.00015485443648,-0.00055608563311,28.269275597,0.021495534796,0,0.14407066667,-8263190.6673,-1603.4664894
0,27.895882,0.39566013,-1.4858791,0.01949327,0.19007941,0.089759666,0.10031974,1.4365807,12.927659,0.71635565,0,0.14407067,3514.8841,4.7561259
2,18.753221,0.43590975,-1.4837985,0.0083896624,-0.45681198,-0.45834592,0.0015339434,3.1738152,25.618592,-4.0300935,0,0.14407067,3069.6445,4.6606275
1,0.37261,0.4509,-1.9271,0.020584,,,,,,,,,,
0,6.34475,0.974914,-0.862889,0.0135101,0.000585153,0.000500758,8.43945e-05,0.95835,39.3068,0.00984735,0.000849003,0.144071,5.36227,3.11841
2,43.3954317,0.390643114,-1.57008091,0.0199386231,0.775847964,-0.279562286,1.05541025,0.35332231,3.5324663,-2.20284493,0,0.144070667,11517.0997,6.4552102
0,26.49839,0.3470013,-1.205775,0.01463165,0.03564522,0.03464216,0.001003061,0.8696499,13.49967,0.2424718,0.06412782,0.1440707,166.0181,3.668873
0,16.9962788,0.628286081,-1.61926048,0.019078017,0.289507343,0.269112182,0.0203951614,1.78517703,18.0082785,3.41048361,0,0.144070667,21856.0985,8.5449736
0,0.9058504,0.26629830637,-1.800141473,0.015024438353,0.0053241263028,0.0053240964258,2.987695907e-08,-0.043431459224,10.685753573,0.028598251909,0,0.14407066667,-5442736.354,-1055.3760596
0,6.7589538,0.63143314,-1.5369377,0.01129828,0.57509954,0.037528547,0.53757099,1.9491844,10.82355,0.47798503,0,0.14407067,4178.9344,4.945024
0,50.422737,0.30825931,-1.4757504,0.015225766,0.37184967,0.37184781,1.8603946e-06,0.62731044,7.8115094,2.3120999,1.9760699,0.14407067,4270.4262,4.9027158
0,15.3495,0.652454,-1.01259,0.0122093,0.00396746,0.00376745,0.000200002,0.93701,26.2168,0.0495819,0.00642673,0.144071,25.0237,3.35108
2,11.385444,0.76351864,-1.4998917,0.010119346,0.061497568,-0.036939572,0.098437139,3.2193941,28.907479,-0.56890097,0,0.14407067,4198.802,4.9120797
1,0.34927,0.44928,-1.9302,0.01498,,,,,,,,,,
0,53.84806,0.9681372,-1.170018,0.01958167,0.01848519,0.01686236,0.001622824,0.9463142,38.33442,0.3292915,0.03027062,0.1440707,273.6919,3.679711
0,8.1776,0.580547,-1.0035,0.0108125,0.00397737,0.00378514,0.000192231,0.930034,23.3272,0.0443245,0.00645671,0.144071,19.9589,3.32938
0,4.84354,0.953735,-0.610471,0.022328,4.84171e-05,1.1854e-05,3.65631e-05,0.957821,38.4735,0.000228044,2.00733e-05,0.144071,0.205203,2.69732
0,7.4347628,0.580457407,-1.78449053,0.0235986931,0.336956063,0.0571419322,0.279814131,5.18236395,15.5262949,0.669037482,0,0.144070667,54206.1453,15.0387293
0,30.3330471,0.366816983,-1.74263973,0.0112584072,0.996580591,0.724439293,0.272141299,0.00600679757,0.0506005969,5.3601458,0,0.144070667,89034.6123,21.7854992
0,21.8268,0.585968,-1.03513,0.0115039,0.00557092,0.0053278,0.000243119,0.929591,23.5073,0.0629719,0.00911051,0.144071,30.2091,3.3843
0,6.93288,0.729903,-0.955664,0.0216872,0.00110085,0.00102468,7.6163e-05,0.944919,29.4132,0.0150862,0.00174143,0.144071,13.3996,3.2598
0,31.5799996,0.714076599,-1.69011773,0.0104543026,0.87350647,0.612941496,0.260564974,-0.366823995,3.64391535,8.82854216,0,0.144070667,-53476.828,-8.74180337
0,20.2067717,0.244810395,-1.72341951,0.0203987186,0.232981795,0.114045316,0.118936479,1.24133616,7.57514052,0.563160878,0,0.144070667,50388.1655,14.2325156
0,5.66948,0.851475,-0.650732,0.0199908,6.31039e-05,2.22056e-05,4.08984e-05,0.952988,34.3479,0.000381381,3.76037e-05,0.144071,0.308823,2.75861
0,4.89855,0.845709,-0.559465,0.0116086,8.10676e-05,1.18414e-05,6.92262e-05,0.952671,34.1146,0.000201999,2.00519e-05,0.144071,0.0950099,2.60673
0,62.873328,0.54304459,-1.3717874,0.013639146,0.22354979,0.15725858,0.066291209,0.77697905,17.009998,1.7225626,0.58028598,0.14407067,1974.9747,4.3133893
0,5.15173,0.86242,-0.6248,0.0172647,6.5505e-05,1.84282e-05,4.70768e-05,0.953555,34.7893,0.000320573,3.12064e-05,0.144071,0.224047,2.71617
0,6.25956,0.298855,-0.827678,0.014324,0.000352169,0.000300624,5.15448e-05,0.87665,12.0521,0.00181222,0.000509428,0.144071,1.14346,3.00298
0,5.97551,0.383362,-0.762815,0.0185066,0.000141821,0.000101185,4.06367e-05,0.901243,15.4633,0.000782438,0.000171389,0.144071,0.620309,2.90659
0,56.126773,0.81203807,-1.2969344,0.013140337,0.12091373,0.091029046,0.029884679,0.86978624,28.798048,1.4910134,0.23028168,0.14407067,1141.9675,4.0486324
0,0.468288,0.8389165064958732,-1.787960179045166,0.022315973869014,0,0,0,-7.298775212482861e-27,33.84339367466845,0,0,0.1440706666666666,-8.771781266804886e+31,-1.703337584213872e+28
0,0.4697891,0.382309339837,-1.92060535962,0.016785539928,0,0,0,-0.0269657249153,15.4230431675,0,0,0.144070666667,-59453277.6405,-11543.3491469
0,5.61151,0.346559,-0.519129,0.019013,4.09461e-05,4.30665e-06,3.66395e-05,0.89196,13.9802,3.01052e-05,7.29238e-06,0.144071,0.02477,2.4973
0,6.39351,0.587463,-0.926018,0.0246525,0.000667317,0.000616717,5.05993e-05,0.932899,23.6835,0.00730789,0.00104681,0.144071,7.46757,3.19896
0,23.75025,0.375981,-1.19279,0.01557835,0.02875568,0.02791099,0.0008446939,0.8814149,14.73159,0.2116734,0.0509778,0.1440707,151.2895,3.648254
0,6.48139,0.348444,-0.941348,0.0167175,0.00116994,0.00110664,6.33008e-05,0.891776,14.0404,0.00777796,0.00187963,0.144071,5.63906,3.19951
0,5.50966,0.333678,-0.678601,0.0122668,0.000108783,5.17623e-05,5.70206e-05,0.888215,13.4597,0.000348391,8.76583e-05,0.144071,0.185729,2.76032
0,5.84152,0.65033,-0.656575,0.0226888,5.61565e-05,2.10899e-05,3.50666e-05,0.939345,26.234,0.000276652,3.57143e-05,0.144071,0.257947,2.75519
0,6.74541,0.657774,-0.947024,0.0238242,0.000897251,0.000835159,6.20923e-05,0.939448,26.512,0.0110808,0.00141871,0.144071,10.8722,3.23993
0,27.6253,0.962084,-1.06384,0.0110811,0.00847046,0.00795257,0.000517891,0.952675,38.4834,0.154328,0.0136757,0.144071,69.7751,3.4637
0,28.0729,0.986508,-1.01214,0.016381,0.00299296,0.00279291,0.000200055,0.957244,39.6784,0.0555754,0.00476251,0.144071,36.8592,3.37283
0,30.650377,0.51212627,-1.3486758,0.015136969,0.16478027,0.12205103,0.042729234,0.81437456,17.255715,1.2607927,0.38856471,0.14407067,1420.5233,4.1656801
0,35.21981,0.88421623,-1.3417822,0.017497466,0.1448557,0.099072212,0.045783491,0.8565111,30.503737,1.7669958,0.30766055,0.14407067,2185.2662,4.3294183
0,5.90149,0.495704,-0.727462,0.0217374,9.06762e-05,5.47102e-05,3.5966e-05,0.92189,19.9958,0.000547036,9.26585e-05,0.144071,0.497954,2.85992
0,24.8724198,0.288706532,-1.75613348,0.0176005241,0.845324657,0.669097468,0.176227188,0.259998664,1.80149419,3.89646848,0,0.144070667,87092.7659,21.4207848
0,4.81609,0.939429,-0.610918,0.0161693,6.69242e-05,1.64631e-05,5.04611e-05,0.957195,37.8957,0.000311962,2.78786e-05,0.144071,0.203418,2.69732
2,26.2799394,0.9879416116,-1.693728734,0.01608494813,-24.45668191,-32.1230577,7.666375792,39.38380064,1014.584539,-640.1375839,0,0.1440706667,145267.8415,32.68132329
2,34.777344,0.67234,-1.5100536,0.0095827211,-1.3512659,-2.3641786,1.0129127,6.8222721,63.774324,-32.062281,0,0.14407067,4980.7413,5.0828566
2,8.5539973,0.95006829,-1.4929801,0.014039362,0.10091058,-0.016532017,0.1174426,3.9832238,34.45981,-0.31681507,0,0.14407067,3701.7879,4.8021827
0,6.56525,0.484626,-0.902075,0.0215906,0.000566244,0.000518049,4.81959e-05,0.919946,19.5396,0.0050641,0.000878822,0.144071,4.59364,3.1495
0,6.39456,0.607663,-0.845716,0.0202575,0.000314672,0.000267952,4.67197e-05,0.935198,24.5065,0.00328432,0.000454134,0.144071,2.7478,3.06637
0,6.08894,0.47485,-0.787777,0.0216393,0.000156699,0.000119233,3.74655e-05,0.918699,19.1533,0.00114204,0.000201984,0.144071,1.03865,2.95811
0,4.91134,0.692464,-0.531614,0.0135084,6.54105e-05,7.11572e-06,5.82948e-05,0.942817,27.9334,9.93897e-05,1.20493e-05,0.144071,0.0549666,2.55075
0,36.177078,0.75074894,-1.3508934,0.015911493,0.19211053,0.13181488,0.060295651,0.81542514,24.46819,1.9961094,0.3803317,0.14407067,2069.8007,4.3133187
2,1.1141204,0.80583741583,-1.8295458726,0.018115262705,0.98255916104,-0.014780792703,0.99733995374,-0.0074994771762,0.56698290722,-0.24025383288,0,0.14407066667,-2439980.7097,-472.21901038
2,3.5677963,0.881346964233,-1.8440534811,0.0109071102124,-0.0227021598845,-0.0227058890286,3.72914402678e-06,-0.133529181624,36.362292187,-0.403655239819,0,0.144070666667,-10588937.5482,-2054.67510966
0,11.584492,0.45505075,-1.5563345,0.020538066,0.5714647,0.036947786,0.53451691,1.2584387,7.8668634,0.33913564,0,0.14407067,6035.6238,5.3438492
2,14.0859071,0.444656752919,-1.47849806968,0.0180721024336,0.0425313305166,-0.0382831199458,0.0808144504623,-0.000338263052663,17.1753118085,-0.343366077152,0,0.144070666667,-18038330.3279,-3501.61923409
2,28.6123211,0.925290924,-1.50262633,0.0168909951,-0.374438653,-0.482812735,0.108374082,-1.19125401,51.304898,-9.01119089,0,0.144070667,-20859.2618,-2.54711864
0,6.61294,0.506381,-0.91946,0.0134971,0.00111951,0.00103539,8.41251e-05,0.922754,20.4055,0.0105756,0.00175754,0.144071,5.97921,3.1807
0,23.91887,0.3090022,-1.222189,0.02244759,0.02840328,0.02764841,0.0007548755,0.8627746,12.11164,0.1723284,0.05160981,0.1440707,185.3722,3.694711
2,22.997188,0.4036584,-1.4620963,0.015453086,-0.012572995,-0.037806769,0.025233774,4.6360836,16.489045,-0.30782843,0,0.14407067,1023.5147,4.1851657
0,12.104152,0.50591729,-1.5863661,0.009565366,0.079145595,0.0098854806,0.069260115,2.7935794,18.794278,0.1008794,0,0.14407067,9553.1571,6.0805231
0,6.65218,0.941146,-0.924234,0.0193318,0.000847589,0.000768541,7.90483e-05,0.956761,37.9353,0.0145898,0.00130468,0.144071,11.3987,3.21967
0,0.4623191,0.753073255,-1.83318702,0.0102106897,0,0,0,25.4876479,30.3803232,0,0,0.144070667,40310.8516,12.373967
0,37.0852,0.885009,-1.05449,0.00838575,0.00989919,0.00933013,0.00056906,0.948278,35.3494,0.166556,0.0160279,0.144071,57.1086,3.44161
0,2.089965,0.533513795,-1.85263025,0.0175743196,0.00264428035,0.00263748649,6.79386133e-06,17.1065289,21.465989,0.0283831811,0,0.144070667,54476.7729,15.1596763
0,35.84723,0.4541318,-1.188787,0.01478145,0.02903886,0.02798816,0.001050699,0.8968584,17.78848,0.2563784,0.05103364,0.1440707,170.5399,3.654144
0,26.97932,0.3799861,-1.165674,0.01337309,0.02413149,0.02346624,0.0006652476,0.8852983,14.9594,0.1798608,0.04191861,0.1440707,107.9694,3.595393
0,5.84346,0.534159,-0.727424,0.0225348,8.80255e-05,5.27485e-05,3.5277e-05,0.927102,21.547,0.000568337,8.93364e-05,0.144071,0.53331,2.86341
0,5.00214,0.789112,-0.618455,0.0168922,6.5048e-05,1.73605e-05,4.76875e-05,0.949462,31.8321,0.000276329,2.93982e-05,0.144071,0.189772,2.70129
0,5.7983714,0.509865,-1.7517336,0.022514743,0.041752396,0.04152321,0.00022918521,-35.131254,19.710067,0.42704269,0,0.14407067,-6664.5414,0.51700023
0,42.27141,0.9587369,-1.230572,0.02101791,0.03824885,0.03176457,0.006484287,0.932716,37.19781,0.6142817,0.06138745,0.1440707,586.5085,3.840172
1,0.2492,0.87295,-1.9627,0.016747,,,,,,,,,,
0,32.7578506,0.536433071,-1.71587705,0.0153074185,0.935269926,0.67938594,0.255883986,0.109230302,1.4008022,7.3511836,0,0.144070667,96113.796,23.1373302
0,6.37105,0.777536,-0.846002,0.0189068,0.000341651,0.000288141,5.351e-05,0.94857,31.3565,0.00451909,0.000488365,0.144071,3.47903,3.07893
0,47.510534,0.72608324,-1.3632035,0.015036549,0.19920772,0.13648899,0.062718732,0.81188358,23.456405,1.9989835,0.47140725,0.14407067,2334.2613,4.3831611
2,12.8304425,0.8747712099,-1.545737946,0.008812295026,0.02064452525,-0.169940365,0.1905848902,-0.03498249588,34.56129467,-2.998583855,0,0.1440706667,-832490.8865,-160.2991263
0,30.901803,0.94836204,-1.3217956,0.0085501932,0.25229005,0.1764915,0.075798547,0.78154748,28.606353,3.3761609,0.48705342,0.14407067,1737.3886,4.2106763
0,45.23816,0.527133,-1.193971,0.01849772,0.02498446,0.02384894,0.001135517,0.9101933,20.73418,0.2535797,0.04358866,0.1440707,209.3546,3.677402
2,16.1829293,0.771008415,-1.57281509,0.0240626499,-20.2945248,-21.6337967,1.33927194,22.8482337,662.341912,-336.447289,0,0.144070667,34587.4281,10.9943309
0,2.6613879,0.80641443,-1.609134,0.0087437282,0.014352551,0.0032813051,0.011071246,-6.6635144,32.065281,0.05337404,0,0.14407067,-9154.2606,-0.1253722
0,38.781508,0.21370509,-1.4509699,0.022727258,0.24394239,0.16462272,0.079319668,0.6801326,6.5181585,0.70962646,0.96293594,0.14407067,2390.634,4.4831003
0,5.60684,0.264762,-0.510633,0.00967066,7.34554e-05,7.59169e-06,6.58638e-05,0.863137,10.6802,4.05434e-05,1.28549e-05,0.144071,0.0175332,2.47105
0,35.863455,0.76289184,-1.3218396,0.02473257,0.086205835,0.061962904,0.024242932,0.89065624,28.123315,0.95349825,0.16847239,0.14407067,1499.6562,4.1569957
2,10.518366,0.31820706,-1.4842826,0.010376867,-0.007572224,-0.038894571,0.031322347,3.0144761,12.934247,-0.24964562,0,0.14407067,1641.8915,4.3517145
0,8.745964,0.5023712,-1.142615,0.01738397,0.01413401,0.01363617,0.0004978411,0.9138662,19.9801,0.138179,0.02398017,0.1440707,103.8852,3.569559
2,0.7709548,0.73835251,-1.7865871,0.0177219152,-0.00013127582,-0.000131283151,7.33066511e-09,25.0182322,29.7903723,-0.0019552303,0,0.144070667,22132.1476,8.76654941
2,14.2408967,0.71018743735816,-1.4354765753405,0.0094014181471083,0.017088373031179,-0.01054526117595,0.027633634207129,-4.1904234962462e-06,28.160646717081,-0.15106209264767,0,0.14407066666667,-1373845522.3529,-266777.64119001
0,6.41559,0.489462,-0.812898,0.00967175,0.000455357,0.000368254,8.71033e-05,0.920742,19.7368,0.00363573,0.000624011,0.144071,1.4746,3.00133
0,0.4777069,0.2126909,-1.08107,0.0166753,0,0,0,-0.1190045,8.580334,0,0,0.1440707,-155.4017,1.303429
2,21.9825203,0.47020925963,-1.82368663281,0.0102959165997,-126.76478559,-127.021454847,0.256669257022,-4.97123443934,2423.58085909,-1204.74027816,0,0.144070666667,-14593357.8388,-2832.30539935
1,0.2702,0.28072,-1.9962,0.018812,,,,,,,,,,
0,12.09,0.97923,-0.989228,0.017305,0.0021231,0.00197281,0.000150297,0.957521,39.42,0.0389667,0.00335868,0.144071,27.2738,3.33258
0,5.50184,0.756127,-0.71724,0.0215818,8.68433e-05,4.83252e-05,3.85181e-05,0.947361,30.5009,0.000737044,8.18436e-05,0.144071,0.648197,2.86328
0,10.4214536,0.9636774055422721,-1.557617130708058,0.01758402430676442,0.1302426875626312,0.1177297905587793,0.01251289700385187,-1.642876194959229e-08,33.81309553008781,2.288459434589631,0,0.1440706666666666,-2020169260259.663,-392284088.8787121
0,16.7858262,0.612003491,-1.7058316,0.0237359714,0.194725628,0.143912319,0.0508133096,1.82315979,19.8816738,1.77654838,0,0.144070667,71836.0194,18.3979747
0,5.83921,0.38333,-0.713432,0.0158545,0.000109174,6.26428e-05,4.65311e-05,0.901256,15.4625,0.00048436,0.000106091,0.144071,0.328926,2.82455
0,6.48457,0.270088,-0.937537,0.0218293,0.000849197,0.0008072,4.19965e-05,0.864995,10.8866,0.00439756,0.00137071,0.144071,4.2924,3.18141
0,11.97738,0.98325636,-1.5121086,0.015448583,0.11290147,0.0012490133,0.11165246,2.7737564,35.187936,0.024771882,0,0.14407067,6940.1111,5.482435
0,26.681605,0.66165986,-1.4339456,0.010067595,0.64614053,0.63027696,0.01586357,0.730985,9.4454092,8.4118475,0,0.14407067,2590.1513,4.5089377
0,10.117634,0.401464,-1.5481152,0.013661227,0.18354275,0.024465027,0.15907772,2.4386317,13.223159,0.19811505,0,0.14407067,4710.7575,5.0656282
2,14.177862,0.73330646,-1.422955,0.010275471,0.6136618,-0.027307657,0.64096946,1.4973803,11.429003,-0.40391978,0,0.14407067,1328.5511,4.2186605
2,14.1046358,0.504946264,-1.61906739,0.0150346351,-0.272971716,-0.283709837,0.0107381215,3.84980186,25.9309892,-2.88964658,0,0.144070667,14557.451,7.10662096
0,4.93563,0.611297,-0.513484,0.00864099,9.88246e-05,8.81285e-06,9.00117e-05,0.935696,24.6584,0.000108666,1.49233e-05,0.144071,0.0387343,2.51463
0,6.1027,0.312316,-0.746595,0.0109097,0.000203569,0.000139367,6.42018e-05,0.88142,12.5968,0.000877968,0.000236055,0.144071,0.419509,2.87023
0,15.0815,0.366741,-1.15669,0.0183109,0.0158245,0.0154084,0.000416138,0.887366,14.5609,0.113984,0.0272765,0.144071,93.4159,3.57614
0,24.6013,0.603065,-1.05502,0.0193229,0.00426864,0.00408704,0.000181593,0.932196,24.2249,0.0497163,0.00700319,0.144071,40.0831,3.42064
0,6.36245,0.463545,-0.806923,0.0110408,0.000373409,0.000298783,7.46265e-05,0.916746,18.6932,0.00279365,0.000506249,0.144071,1.29908,2.98881
0,100.9871,0.5732098,-1.293432,0.01853814,0.08146352,0.06641827,0.01504525,0.8784193,21.24052,0.7679383,0.1560496,0.1440707,797.3142,3.959744
2,20.5721958,0.7269291126,-1.647058642,0.01854836983,-1.103073196,-1.776609675,0.6735364785,-0.3935698268,61.67392902,-26.05009164,0,0.1440706667,-485212.6446,-92.73426814
0,10.0625,0.653344,-0.666661,0.0118584,0.000113548,4.59317e-05,6.76163e-05,0.939571,26.3541,0.000605312,7.77846e-05,0.144071,0.294899,2.77216
0,6.5908,0.326888,-0.966577,0.0230562,0.00115869,0.00110844,5.02584e-05,0.885504,13.172,0.0073086,0.00188449,0.144071,7.36681,3.2388
0,6.12971,0.837601,-0.791993,0.0248862,0.000146146,0.000109443,3.67031e-05,0.952193,33.7854,0.00184906,0.000185405,0.144071,1.86604,2.9926
0,72.987556,0.70069913,-1.3000809,0.023289515,0.071324513,0.054658449,0.016666064,0.89646917,26.251295,0.77252769,0.13528756,0.14407067,1051.6495,4.030007
2,0.8054207,0.367985993756,-1.89399700885,0.0230088742081,-0.0425529899231,-0.0425529899231,2.77555756156e-17,-0.111481802801,15.4769219763,-0.315854115456,0,0.144070666667,-10253336.1342,-1989.4551624
0,5.8794,0.398383,-0.716542,0.0102405,0.000173347,0.000100933,7.24139e-05,0.904589,16.0687,0.00081107,0.000170945,0.144071,0.354441,2.8315
0,6.08834,0.349303,-0.811721,0.0240858,0.000177472,0.000145677,3.1795e-05,0.892633,14.089,0.00102641,0.000246812,0.144071,1.06948,2.98357
0,29.6575131,0.8939021128,-1.68771604,0.01636018235,0.7051344667,0.205180239,0.4999542276,-0.3629196887,10.6333263,3.699565031,0,0.1440706667,-152938.2058,-28.11198267
0,42.877441,0.31503034,-1.4293613,0.019503681,0.24798391,0.16759138,0.080392526,0.71604451,9.5572881,1.06495,0.85013028,0.14407067,2522.5168,4.4898604
0,26.7103,0.367621,-1.0948,0.0204467,0.00656932,0.00639239,0.000176937,0.893414,14.7331,0.0474011,0.0110315,0.144071,42.3971,3.46375
0,34.408159,0.9616371448,-1.804895971,0.01492418272,0.9757617706,0.6588661724,0.3168955981,0.04926732559,0.9403018461,12.78008115,0,0.1440706667,448794.5532,91.79041139
0,17.7882748,0.616059073,-1.65842457,0.0244240184,0.903517007,0.873634897,0.0298821099,0.213989852,2.39788468,10.8561917,0,0.144070667,40150.5614,12.1678741
2,10.4149645,0.7426336385341206,-1.595215578927158,0.01411589090453988,-8351.135106683469,-8351.251697348254,0.11659066478569,-2.00381719573191e-17,250223.0390190599,-125098.2864041185,0,0.1440706666666666,-1.986633546846729e+25,-3.857719981242451e+21
2,14.8213006,0.9481848402556363,-1.569666083335217,0.01706313062529404,-178.0089464969602,-178.0612532353457,0.0523067383855107,-1.961877186562147e-09,6847.356038952174,-3405.552687460628,0,0.1440706666666666,-3999200575079886,-776579857516.4989
0,6.21292,0.707722,-0.760767,0.0203221,0.000131781,8.97518e-05,4.20293e-05,0.943937,28.547,0.00128124,0.000152025,0.144071,1.06497,2.9324
2,14.29414,0.94274034,-1.5347686,0.024422523,0.0080840178,-0.00065706058,0.0087410784,3.2066883,37.724383,-0.012494609,0,0.14407067,8610.2054,5.8404798
2,1.1357541,0.37886045802,-1.9014759421,0.0087145294454,-283.29169168,-283.29169168,8.1541884356e-10,88.878553008,4345.0883738,-2164.9022323,0,0.14407066667,3974724.643,776.67747295
0,6.52392,0.449128,-0.893514,0.00890094,0.00123589,0.00112556,0.000110329,0.913762,18.0962,0.0101968,0.00190972,0.144071,3.83704,3.13154
0,6.16875,0.689534,-0.796627,0.0178914,0.000211154,0.000161557,4.95969e-05,0.942494,27.8112,0.00224702,0.000273704,0.144071,1.64704,2.99077
2,16.4498075,0.374243164,-1.65628089,0.0236843917,-0.170805587,-0.266998185,0.0961925971,-3.15372503,17.6764003,-2.01552113,0,0.144070667,-19537.4599,-2.13342789
0,41.15035,0.6074119,-1.16471,0.01082336,0.02983034,0.0284615,0.001368845,0.9160696,23.77312,0.3487115,0.051156,0.1440707,163.7773,3.626674
2,36.2197959,0.307440766464,-1.66144761209,0.0171083885428,-2.1430241108,-2.39293384467,0.249909733871,-0.00866895904197,38.9820193672,-14.8394333274,0,0.144070666667,-16750113.6937,-3251.28171066
0,0.33679,0.21021,-0.78054,0.011892,0,0,0,4.8731,8.4804,0,0,0.14407,0.079007,2.8183
0,4.81623,0.998067,-0.510165,0.0207063,4.25895e-05,3.52431e-06,3.90652e-05,0.959622,40.2621,7.0951e-05,5.96778e-06,0.144071,0.0590948,2.53302
0,4.92793,0.646416,-0.541776,0.0216376,4.12351e-05,5.06182e-06,3.61733e-05,0.93901,26.0765,6.6e-05,8.57128e-06,0.144071,0.0587045,2.56429
0,5.08866,0.58361,-0.57736,0.0104017,9.14139e-05,1.66302e-05,7.47837e-05,0.932858,23.5417,0.00019577,2.81612e-05,0.144071,0.084259,2.61845
0,6.28093,0.259102,-0.781743,0.0174726,0.00017495,0.00013681,3.81404e-05,0.860502,10.4508,0.000715011,0.000231496,0.144071,0.559931,2.92024
0,6.41213,0.858762,-0.824005,0.0172045,0.000295647,0.000238761,5.68855e-05,0.953217,34.6338,0.00413582,0.00040459,0.144071,2.88272,3.04715
0,5.18479,0.756122,-0.574038,0.0230473,4.17663e-05,7.1922e-06,3.45741e-05,0.94739,30.502,0.000109693,1.21788e-05,0.144071,0.103006,2.62545
0,6.38075,0.489854,-0.892957,0.0174298,0.000628954,0.000570874,5.80804e-05,0.920689,19.7491,0.00564068,0.000968291,0.144071,4.12638,3.13478
0,35.29241,0.6743711,-1.160619,0.0132014,0.02346351,0.02226004,0.001203471,0.9261907,26.567,0.302796,0.03979424,0.1440707,171.759,3.626579
0,6.36571,0.975071,-0.827345,0.0181953,0.000291501,0.000235649,5.58519e-05,0.958547,39.3247,0.00463476,0.000399328,0.144071,3.39765,3.05904
0,6.50243,0.328307,-0.964554,0.0239517,0.00108773,0.00103975,4.79864e-05,0.885984,13.2301,0.00688546,0.00176752,0.144071,7.20566,3.23561
0,6.10736,0.420918,-0.761481,0.0239077,0.000109196,7.69955e-05,3.2201e-05,0.909269,16.9787,0.000653715,0.000130415,0.144071,0.663616,2.90873
0,62.2678578,0.534445512,-1.56584084,0.00992100867,0.405526654,0.219327528,0.186199125,-0.497312991,12.8171359,2.36440435,0,0.144070667,-28115.4068,-3.90826843
0,9.00278,0.569503,-1.13063,0.0119088,0.0177975,0.0171021,0.000695334,0.919917,22.5659,0.196459,0.0300106,0.144071,99.9272,3.55481
0,5.80537,0.465717,-0.631234,0.0222159,4.93748e-05,1.55551e-05,3.38197e-05,0.917307,18.7869,0.000146124,2.63407e-05,0.144071,0.136606,2.69716
1,0.32315,0.49564,-1.8678,0.013248,,,,,,,,,,
0,11.645168,0.60919545,-1.6462434,0.011277709,0.48375087,0.086021096,0.39772977,4.2754804,12.687357,1.0570287,0,0.14407067,9092.6527,6.0484393
0,5.8399,0.499058,-0.64517,0.00968932,0.000121726,4.26548e-05,7.90715e-05,0.922355,20.1304,0.000429382,7.22341e-05,0.144071,0.174112,2.72357
0,6.33733,0.677122,-0.810433,0.0229203,0.000190013,0.000150571,3.94421e-05,0.941517,27.3111,0.00205652,0.000255109,0.144071,1.93328,3.01287
0,7.33804,0.394833,-1.01502,0.0216465,0.00227424,0.00219182,8.24212e-05,0.902491,15.892,0.0174559,0.0037396,0.144071,16.2475,3.32961
0,17.8714143,0.902759128,-1.5567863,0.0169141944,0.242088953,0.130812065,0.111276888,1.73383384,27.6023013,2.38201702,0,0.144070667,15460.0435,7.22269962
0,5.9636,0.23608,-0.69998,0.019617,7.3985e-05,4.2596e-05,3.139e-05,0.84902,9.5233,0.00020284,7.2134e-05,0.14407,0.18092,2.7804
0,5.16279,0.919835,-0.632285,0.0212497,5.50067e-05,1.64832e-05,3.85235e-05,0.956332,37.1058,0.000305828,2.79128e-05,0.144071,0.262317,2.73176
0,0.301352,0.211861,-0.862824,0.00947357,0,0,0,-15.11,8.54684,0,0,0.144071,-0.073889,1.50848
0,5.01716,0.928745,-0.507131,0.0170778,5.12742e-05,4.10979e-06,4.71644e-05,0.956734,37.4653,7.69912e-05,6.9592e-06,0.144071,0.0530476,2.52444
0,34.2297861,0.8046038594,-1.747734334,0.0103168627,0.9494522903,0.6598774755,0.2895748148,0.1007376494,1.6407362,10.7095343,0,0.1440706667,183786.2968,40.22707274
0,4.98247,0.541858,-0.50533,0.0195873,4.24657e-05,3.50132e-06,3.89644e-05,0.928092,21.8586,3.82687e-05,5.9288e-06,0.144071,0.0311752,2.49532
0,11.1257526,0.493356511,-1.67452737,0.0174859056,0.0425403204,0.0109080887,0.0316322317,2.89259938,19.0562097,0.108551216,0,0.144070667,29029.0829,10.0077009
0,32.58601,0.4521324,-1.25813,0.01277673,0.07749286,0.07180321,0.00568964,0.8647711,16.82638,0.6548393,0.1438724,0.1440707,407.6843,3.814317
0,33.257024,0.68794835,-1.4015942,0.012226659,0.55027988,0.33650115,0.21377874,0.8294023,12.481113,4.6694697,0,0.14407067,1990.8129,4.3466821
2,9.0019423,0.708896249329,-1.6262007846,0.0192850209359,0.0237954515824,-0.00742321492231,0.0312186665047,-0.0027846931419,27.9176379975,-0.106145083689,0,0.144070666667,-23746476.9627,-4609.91510983
2,14.7095425,0.8594658480564,-1.715241544641,0.01076980770149,-0.6647765126238,-1.443315829939,0.7785393173148,-0.000498349308935,57.72178200687,-25.02160532391,0,0.1440706666667,-861019098.7846,-167194.7674831
2,15.6289386,0.748298896,-1.57022769,0.010160864,0.0226009652,-0.277543123,0.300144088,2.53066882,29.5054455,-4.18919663,0,0.144070667,13456.1817,6.83989065
0,37.5962332,0.5728464129,-1.822618189,0.02256071193,0.9798059484,0.6895392038,0.2902667446,0.03789825585,0.466677461,7.967504758,0,0.1440706667,363579.4361,75.24992115
2,18.1297789,0.50448160768249,-1.8312760258448,0.01927122901644,-1687.9095208467,-1688.0468361484,0.13731530170662,-0.33728088020002,34372.164967868,-17177.303937659,0,0.14407066666667,-3362901486.5193,-653019.68364735
2,22.5657546,0.841185041,-1.65579206,0.0197678359,0.177459963,-0.129716173,0.307176136,1.48850582,27.9128225,-2.20095336,0,0.144070667,64956.7673,17.0069236
0,16.4428599,0.252658894,-1.73003283,0.0224205134,0.229401781,0.156296119,0.0731056622,1.47519254,7.85448577,0.796540671,0,0.144070667,47861.7233,13.7458917
0,0.4492532,0.751633577489107,-1.790369502071143,0.009798848299627131,0,0,0,-9.052399533103377e-127,30.3222440673104,0,0,0.1440706666666666,-6.535845534880596e+131,-1.269155147120264e+128
0,42.18727,0.2155849,-1.200127,0.01362617,0.03577449,0.03518321,0.0005912793,0.8153669,8.385946,0.1529956,0.06404106,0.1440707,102.2983,3.625972
0,5.39521,0.367045,-0.512443,0.0190003,4.11629e-05,3.95487e-06,3.7208e-05,0.89737,14.8066,2.92804e-05,6.69672e-06,0.144071,0.0239301,2.48884
0,7.09954,0.456371,-1.00173,0.0231165,0.00180881,0.0017326,7.62085e-05,0.91464,18.3775,0.0159493,0.00295224,0.144071,15.6296,3.31421
0,41.38599,0.5104498,-1.19637,0.009099436,0.05165243,0.04941895,0.002233486,0.8906471,19.52881,0.5088288,0.09138114,0.1440707,207.8158,3.679122
2,34.6777266,0.5055765894,-1.782127716,0.016562847,-45.54367247,-66.39494906,20.85127659,-19.14914519,949.2984457,-677.0911984,0,0.1440706667,-870124.0587,-167.3727597
0,6.99751,0.982827,-0.946172,0.0249237,0.0008625,0.00078963,7.28696e-05,0.958487,39.6148,0.015654,0.00134135,0.144071,15.7494,3.25907
0,58.70943,0.75375943,-1.3009291,0.022322752,0.075636859,0.057025331,0.018611528,0.89727777,28.108039,0.86701327,0.14269282,0.14407067,1137.3413,4.0515201
1,0.35918,0.86388,-1.8661,0.017272,,,,,,,,,,
0,7.29895,0.278305,-1.03602,0.0143793,0.00442463,0.0043086,0.000116024,0.866242,11.1776,0.024187,0.00737259,0.144071,15.5922,3.34837
0,5.82818,0.435799,-0.745021,0.0237673,9.50147e-05,6.26943e-05,3.23204e-05,0.912102,17.5793,0.000551112,0.000106185,0.144071,0.554421,2.88301
2,30.021211,0.36140328,-1.5442819,0.0099494582,0.028077286,-0.61469209,0.64276938,2.565629,14.170298,-4.4809994,0,0.14407067,4567.7575,5.0324427
2,5.7483714,0.496052821546,-1.8639820371,0.0185723202336,-0.0108120116836,-0.010823033009,1.10213253472e-05,-0.0718041161453,20.2280251289,-0.108293422093,0,0.144070666667,-14149849.9805,-2746.14148878
0,10.9275,0.278201,-1.05689,0.023575,0.00351614,0.00343118,8.4965e-05,0.866759,11.1837,0.0192543,0.00587937,0.144071,20.3847,3.38394
0,6.60605,0.939527,-0.910134,0.00985373,0.0014006,0.00125813,0.00014247,0.956331,37.8491,0.0238429,0.00213559,0.144071,9.493,3.1958
0,22.0681431,0.2390289607,-1.880018958,0.01680561995,0.9823337118,0.840986847,0.1413468648,0.03224424651,0.1703534766,4.054757606,0,0.1440706667,326067.5311,68.01752347
1,0.24079,0.51389,-1.8687,0.012287,,,,,,,,,,
1,0.20036,0.7122,-1.8553,0.020697,,,,,,,,,,
0,6.57308,0.371077,-0.891849,0.0144083,0.000743955,0.000680817,6.3138e-05,0.897931,14.9588,0.00509588,0.0011548,0.144071,3.15943,3.11976
0,1.1023597,0.781583445,-1.91606718,0.0150177146,0.28518427,0.0109014503,0.27428282,124.877094,22.5384797,0.171863955,0,0.144070667,17698.7946,8.02365851
0,19.3084,0.346644,-1.13392,0.0221613,0.00988377,0.00963938,0.000244389,0.885821,13.846,0.0673996,0.0168221,0.144071,66.4189,3.5306
0,40.29377,0.6401218,-1.234882,0.0241386,0.03307303,0.02974363,0.003329408,0.9168674,24.96959,0.3840447,0.05649362,0.1440707,423.3054,3.796035
0,47.655708,0.61359547,-1.3803505,0.018688481,0.18610048,0.12666891,0.059431569,0.81162654,20.146894,1.5677519,0.47274163,0.14407067,2499.6951,4.4359509
1,0.11597,0.54715,-1.8664,0.016969,,,,,,,,,,
2,15.2234227,0.5479024039,-1.85489651,0.01602321225,-1.342381289,-1.598877387,0.2564960978,-4.981025296,51.77450582,-17.67028429,0,0.1440706667,-464581.368,-88.51793853
0,4.79542,0.98371,-0.527958,0.01411,6.3901e-05,6.49986e-06,5.74012e-05,0.959043,39.6821,0.000128972,1.10065e-05,0.144071,0.0732434,2.56185
0,6.14582,0.572185,-0.787771,0.01897,0.000180508,0.000135997,4.45113e-05,0.931553,23.0788,0.00156961,0.000230385,0.144071,1.23414,2.96701
0,28.29012,0.5126201,-1.246755,0.009080334,0.09515776,0.0880399,0.007117854,0.8619212,18.71215,0.9103331,0.1749212,0.1440707,393.041,3.79822
0,5.85256,0.289308,-0.660752,0.0170709,6.85739e-05,2.9576e-05,3.89979e-05,0.873277,11.6704,0.000172594,5.0084e-05,0.144071,0.130235,2.72423
0,6.2125,0.20623,-0.74554,0.01196,0.00017422,0.00012565,4.8569e-05,0.83081,8.3181,0.00052269,0.00021241,0.14407,0.28992,2.8502
2,15.822704,0.31303048,-1.5461555,0.016353245,-0.0033709301,-0.017590528,0.014219598,2.0462037,12.670779,-0.11106844,0,0.14407067,5245.9509,5.1731235
0,17.9133986,0.787722787,-1.69281563,0.0141908415,0.878444339,0.799276118,0.0791682213,0.262120472,3.86281371,12.6997571,0,0.144070667,82131.1607,20.3909898
1,57.0522,0.418452,-1.31657,0.0181248,,,,,,,,,,
0,31.703397,0.559958009,-1.63842967,0.0226543427,0.285907804,0.250132296,0.0357755082,1.38260001,16.1311345,2.82520783,0,0.144070667,32335.8565,10.6192681
0,6.58369,0.710854,-0.923116,0.00850724,0.00187768,0.00172084,0.000156832,0.943042,28.6233,0.0246744,0.00292248,0.144071,8.60134,3.20354
0,30.524764,0.54364666,-1.3264424,0.017628122,0.11593857,0.088816718,0.027121848,0.85192731,19.388952,0.97394989,0.2507658,0.14407067,1146.7361,4.0792804
0,25.5058,0.562439,-1.06484,0.0240235,0.00387824,0.00372459,0.000153649,0.928081,22.6018,0.0422551,0.00638972,0.144071,42.6102,3.43409
0,35.11189,0.5128251,-1.188563,0.02300195,0.01883345,0.01803271,0.0008007436,0.9122799,20.29865,0.1865329,0.03270063,0.1440707,190.7644,3.663605
0,54.160079,0.22034836,-1.5102505,0.01535617,0.46752353,0.46752177,1.7545319e-06,0.52370642,4.7333151,2.0779583,3.0517957,0.14407067,4827.8437,5.0517612
2,0.7882726,0.9513417013425858,-1.885589563624181,0.01132059943629739,-242170019.3494715,-242170019.3494715,0,-3.068157513121342e-25,9294201387.000563,-4647100674.310867,0,0.1440706666666666,-2.008253508281724e+39,-3.899702438124775e+35
0,0.5005418,0.5168068350170784,-1.990666074088411,0.01054168311219673,0,0,0,-1.051207190039048e-280,20.84891289634965,0,0,0.1440706666666666,-5.070406972100644e+286,-9.845907575833755e+282
0,5.15449,0.530923,-0.708832,0.0213173,8.07694e-05,4.39174e-05,3.6852e-05,0.926695,21.4167,0.00047032,7.43767e-05,0.144071,0.417659,2.83224
2,9.3737356,0.5977249,-1.4275381,0.019165809,0.1284588,-0.015533482,0.14399228,3.3795419,21.015728,-0.1872817,0,0.14407067,1148.0362,4.1806869
0,54.52571,0.5035663,-1.309267,0.02496873,0.07046554,0.05689269,0.01357285,0.8773166,18.88328,0.5778809,0.1419919,0.1440707,869.7979,3.994125
0,4.94815,0.703723,-0.578926,0.0170539,5.68417e-05,1.03496e-05,4.64921e-05,0.943685,28.3878,0.000146909,1.75255e-05,0.144071,0.102479,2.63008
0,36.609842,0.27291406,-1.4071347,0.018391942,0.22246042,0.16159219,0.06086824,0.72246615,8.5605877,0.88955219,0.67761754,0.14407067,1683.1996,4.2838647
0,27.4518,0.263385,-1.18458,0.023103,0.017574,0.0172256,0.000348405,0.851756,10.4387,0.0915149,0.0309328,0.144071,99.8286,3.60869
0,48.56956,0.5522995,-1.19897,0.02100915,0.02354455,0.02235433,0.001190221,0.9142053,21.75616,0.2490357,0.04092316,0.1440707,233.2134,3.692579
0,35.602396,0.72917915,-1.3378436,0.019009726,0.12595516,0.089137578,0.036817578,0.8612278,25.711246,1.311053,0.26921544,0.14407067,1741.4789,4.2276395
0,5.95264,0.360915,-0.771532,0.0162549,0.000174614,0.000128843,4.5771e-05,0.895726,14.5574,0.000937973,0.000218247,0.144071,0.657175,2.91828
0,39.44605,0.9946404,-1.152298,0.02387291,0.01212281,0.01115508,0.0009677365,0.9515709,39.63914,0.2238019,0.01977481,0.1440707,224.1497,3.64211
0,6.16226,0.746705,-0.662128,0.0229403,5.7714e-05,2.24009e-05,3.53131e-05,0.946752,30.1217,0.000337396,3.79344e-05,0.144071,0.315583,2.77112
0,44.16349,0.6311372,-1.266484,0.0229017,0.05050415,0.04273587,0.007768275,0.9045749,24.17531,0.5440534,0.08935758,0.1440707,623.3959,3.88638
0,6.39492,0.417649,-0.9124,0.0114847,0.00120015,0.00111143,8.87253e-05,0.907935,16.8285,0.00936308,0.00188645,0.144071,4.57711,3.15963
0,28.0649904,0.5434083801,-1.854524173,0.01605693137,0.9941767525,0.676270581,0.3179061716,0.01319287631,0.1276576205,7.412624441,0,0.1440706667,430422.299,88.27029824
2,16.6278667,0.218227709,-1.64783811,0.0166799037,0.253559185,-0.0709388623,0.324498047,1.2279798,6.57143836,-0.312262105,0,0.144070667,16736.6955,7.56573347
0,18.3457672,0.28942776,-1.812489732,0.0211802542,0.863961603,0.7999741302,0.06398747278,0.2609498079,1.588388944,4.670262556,0,0.1440706667,157797.6512,35.2374211
0,0.32384,0.2015,-0.77373,0.013384,0,0,0,4.708,8.1288,0,0,0.14407,0.071821,2.8066
0,6.70068,0.927512,-0.943377,0.0235566,0.000879245,0.00080607,7.31747e-05,0.956141,37.3846,0.0150806,0.00136916,0.144071,14.3739,3.25131
0,6.33579,0.566024,-0.830483,0.0125341,0.000427892,0.000356126,7.17666e-05,0.930702,22.8247,0.00406596,0.000603532,0.144071,2.11458,3.03756
0,0.4477007,0.2149163461480226,-1.781584593316944,0.01693076237967426,0,0,0,-7.552321725290269e-12,8.670110140268916,0,0,0.1440706666666666,-2.000977240360123e+16,-3885573106524.938
0,47.620917,0.34595512,-1.454447,0.013987527,0.35645906,0.356457,2.0575617e-06,0.64837606,8.9815462,2.4874369,1.6360641,0.14407067,3613.2891,4.7452212
0,5.6455,0.23406,-0.54947,0.016176,4.5018e-05,7.4749e-06,3.7543e-05,0.84794,9.4421,3.5291e-05,1.2657e-05,0.14407,0.025986,2.5301
0,63.596594,0.38942339,-1.3587798,0.01724539,0.1490675,0.11396926,0.035098243,0.8055497,13.368181,0.89523063,0.38832391,0.14407067,1266.7312,4.1400326
0,6.2605,0.21376,-0.86569,0.020913,0.00036728,0.00033553,3.1746e-05,0.83568,8.6204,0.0014467,0.0005686,0.14407,1.3981,3.0514
0,47.12164,0.306339,-1.261482,0.02017714,0.04969824,0.04784724,0.001851003,0.8483588,11.74408,0.2956544,0.09511288,0.1440707,302.8138,3.782026
2,8.8852409,0.931283246869456,-1.58203023318073,0.0222935650716321,-0.667655741221365,-0.66784230024489,0.000186559023525823,-8.29769954179651e-06,62.6532147241048,-12.5452951723832,0,0.144070666666667,-10140993101.752,-1969215.39465802
0,4.78086,0.888188,-0.554264,0.0239717,3.89926e-05,5.36387e-06,3.36287e-05,0.954857,35.8297,9.60967e-05,9.08281e-06,0.144071,0.0931241,2.6005
0,5.32909,0.494761,-0.608484,0.0086255,0.000118095,2.99113e-05,8.81839e-05,0.921736,19.9572,0.000298508,5.06521e-05,0.144071,0.107823,2.66225
1,0.34966,0.90704,-1.9748,0.022809,,,,,,,,,,
0,13.3726,0.917104,-0.98392,0.0125567,0.00272894,0.00253999,0.000188953,0.954467,36.8966,0.0469868,0.00432371,0.144071,23.9218,3.31988
0,17.6385109,0.68529585551,-1.71552969145,0.0201519841034,0.205787133288,0.128429273081,0.0773578602069,-0.0114710999802,21.9568578421,1.77528179787,0,0.144070666667,-14281685.0473,-2771.89064834
0,0.7605003,0.8713969368,-1.880899656,0.023434936,0.008636330096,0.008636263947,6.614911411e-08,-6.393246249,34.85011331,0.1517983694,0,0.1440706667,-340254.9672,-64.33376313
0,15.7585051,0.583805666,-1.8047857,0.0146503096,0.334491866,0.235529047,0.0989628198,5.78646911,15.6738916,2.77356246,0,0.144070667,63604.4236,16.892233
0,16.1882,0.797461,-1.00994,0.013861,0.00340657,0.0032088,0.000197762,0.947797,32.0614,0.0516152,0.00547129,0.144071,29.2407,3.35725
0,36.2437,0.2835934,-1.204079,0.01700805,0.03002758,0.02935992,0.0006676564,0.8524714,11.09713,0.1679485,0.05397883,0.1440707,136.2217,3.651227
0,53.31789,0.8477468,-1.189984,0.01745342,0.02638063,0.02407021,0.002310426,0.9355178,33.29742,0.411596,0.04389037,0.1440707,310.7745,3.713407
0,5.56579,0.291449,-0.517669,0.0243081,3.04618e-05,3.30597e-06,2.71558e-05,0.874114,11.7572,1.94351e-05,5.59786e-06,0.144071,0.0208616,2.48702
1,0.24244,0.55454,-1.9029,0.01153,,,,,,,,,,
0,32.806399,0.3064136261,-1.813275339,0.01581521585,0.999102658,0.7682588267,0.2308438314,0.001574160774,0.01109229006,4.748329011,0,0.1440706667,184525.0188,40.4362677
0,5.56122,0.465818,-0.713074,0.0161332,0.000108865,6.12778e-05,4.75875e-05,0.917285,18.7899,0.000575764,0.000103779,0.144071,0.390921,2.83308
0,17.9808,0.22335,-1.09466,0.0179688,0.00739301,0.00725824,0.000134777,0.837355,8.94371,0.0326995,0.0125304,0.144071,27.4113,3.43829
0,43.14682,0.6362956,-1.178234,0.01671319,0.02304645,0.02183239,0.001214055,0.9232007,25.07772,0.2802111,0.03941305,0.1440707,203.9524,3.659272
0,27.967603,0.52847163,-1.4724129,0.0093108629,0.24680288,0.1334039,0.11339898,1.4589206,16.05778,1.4220517,0,0.14407067,3616.215,4.7637969
0,11.2004033,0.20384069,-1.78921884,0.0108725362,0.503888862,0.399419329,0.104469533,0.866919138,4.0796699,1.64227215,0,0.144070667,90475.6402,22.1127275
0,50.50762,0.2305781,-1.333002,0.009670821,0.2029981,0.1882647,0.01473349,0.7177966,7.413659,0.8756127,0.4972824,0.1440707,566.1545,3.936834
0,5.3119,0.23916,-0.5473,0.016479,4.4336e-05,7.1353e-06,3.7201e-05,0.8507,9.6478,3.4421e-05,1.2082e-05,0.14407,0.025737,2.5274
0,28.894984,0.9189591,-1.31969,0.015753172,0.13468255,0.0943649,0.040317655,0.86533061,32.079442,1.7491693,0.2572995,0.14407067,1712.7305,4.2030481
2,10.277859,0.34460316,-1.5013321,0.023161113,-0.029800717,-0.030399553,0.0005988357,-4.4903112,14.316195,-0.2113059,0,0.14407067,-1518.7143,1.3418263
0,5.05548,0.830629,-0.629529,0.0170992,6.72123e-05,1.97716e-05,4.74407e-05,0.951863,33.5068,0.000331264,3.34814e-05,0.144071,0.229707,2.72218
0,5.55234,0.846771,-0.698067,0.0139978,0.000118017,5.82443e-05,5.97731e-05,0.952704,34.1562,0.00099482,9.86411e-05,0.144071,0.564244,2.83696
2,6.670487,0.8297647,-1.459907,0.01577268,-4.265381e-05,-4.546025e-05,2.806438e-06,11.99248,33.47562,-0.0007608725,0,0.1440707,781.0141,4.121993
0,6.43378,0.506342,-0.774528,0.00962922,0.000310344,0.000226011,8.43329e-05,0.923265,20.4204,0.00230834,0.000382876,0.144071,0.929447,2.93914
0,34.227,0.946547,-1.03547,0.0118719,0.00552741,0.00518439,0.000343019,0.953943,37.9743,0.0989841,0.0088671,0.144071,47.7647,3.41159
0,48.30966,0.36808316,-1.4573754,0.022259391,0.24529545,0.24529405,1.4025099e-06,0.73445853,11.206709,1.8212021,1.067491,0.14407067,4132.6216,4.8558959
1,237.5695,0.3103761,-1.369585,0.0189293,,,,,,,,,,
2,21.0854096,0.552381639,-1.67577359,0.020054024,-5.52013265,-7.58938525,2.0692526,31.9074146,145.295054,-84.561174,0,0.144070667,20389.0181,8.31303327
0,6.29678,0.498788,-0.648451,0.0220659,5.42778e-05,1.95368e-05,3.47411e-05,0.922359,20.1209,0.000196559,3.30836e-05,0.144071,0.181519,2.72899
0,0.4879044,0.4088361935,-1.940203523,0.01967759949,0,0,0,8.977594399,16.49318393,0,0,0.1440706667,245634.6579,52.44439465
1,0.11821,0.70072,-1.9158,0.01527,,,,,,,,,,
1,0.31727,0.71884,-1.7505,0.0094896,,,,,,,,,,
1,0.28646,0.62739,-1.9764,0.015565,,,,,,,,,,
0,33.346803,0.87215899,-1.3938402,0.011455723,0.98284712,0.9581855,0.024661619,0.036583571,0.6035148,16.856617,0,0.14407067,1975.5527,4.3355694
0,4.88852,0.945363,-0.537531,0.0174832,5.21678e-05,5.93216e-06,4.62356e-05,0.957462,38.1356,0.000113119,1.00451e-05,0.144071,0.0797304,2.57578
0,38.041947,0.243302278,-1.64751324,0.00909908333,0.931267287,0.623356257,0.30791103,0.0983626111,0.674628726,3.05919857,0,0.144070667,21361.0716,8.47592301
2,16.9574235,0.504065143,-1.68625584,0.0222080426,-1.32758102,-1.35504867,0.027467649,8.80546366,47.3311045,-13.777383,0,0.144070667,27536.337,9.72684982
0,6.49478,0.760508,-0.813616,0.00979375,0.00046229,0.000367026,9.52633e-05,0.947405,30.6661,0.00563023,0.000621946,0.144071,2.2473,3.02385
0,4.84193,0.74005,-0.579951,0.0217819,4.48954e-05,8.2106e-06,3.66848e-05,0.946307,29.8536,0.000122563,1.39034e-05,0.144071,0.108897,2.63423
0,31.7070881,0.299295948,-1.7262378,0.0139519658,0.8699689,0.606787735,0.263181165,0.202799784,1.57001298,3.66321831,0,0.144070667,66280.3299,17.3354202
0,5.43855,0.776943,-0.716262,0.0242498,7.68506e-05,4.24718e-05,3.43788e-05,0.948704,31.3409,0.000665603,7.19301e-05,0.144071,0.656805,2.86298
0,12.6206,0.381466,-1.04003,0.0197271,0.00341857,0.00330919,0.000109374,0.898741,15.3364,0.0254626,0.00565836,0.144071,21.7111,3.37058
0,5.87318,0.418122,-0.627452,0.0217189,4.90072e-05,1.51568e-05,3.38505e-05,0.908756,16.867,0.000127831,2.56659e-05,0.144071,0.11793,2.68582
0,15.237886,0.2392901923,-1.821857673,0.01751547188,0.9863644357,0.8448720064,0.1414924293,0.02462872752,0.1316294844,4.077941486,0,0.1440706667,156268.1309,34.94928055
2,17.5107217,0.741291496059,-1.68262985973,0.0127403472641,-115.995451953,-141.404106638,25.4086546847,-0.693617961118,3498.75203119,-2114.34674194,0,0.144070666667,-24664779.1417,-4788.18001239
0,30.5177745,0.435382909,-1.70314183,0.0137464871,0.396365944,0.149451649,0.246914295,1.16395922,10.6023046,1.31249379,0,0.144070667,57965.7987,15.6908899
0,8.6449911,0.62097341842,-1.3970384414,0.019515081346,0.51985795612,0.021487662931,0.49837029319,-0.00074841688615,12.028124453,0.26914564892,0,0.14407066667,-2005314.4473,-388.23630219
0,44.439237,0.50738089,-1.4147745,0.017232431,0.23357129,0.23356925,2.0340915e-06,0.76597357,15.687764,2.390424,0.79778162,0.14407067,3209.3357,4.6210159
0,54.55009,0.3894263,-1.237094,0.01411866,0.05379124,0.05156479,0.002226446,0.8683962,14.86509,0.4050454,0.09937064,0.1440707,273.7401,3.746806
2,10.8091215,0.984484392,-1.66984256,0.0132718549,0.718557797,-0.878285834,1.59684363,1.12656454,11.1777199,-17.4409398,0,0.144070667,41166.9137,12.3779357
0,7.01891,0.349861,-0.981951,0.0114795,0.00282252,0.00270815,0.000114375,0.891131,14.0742,0.0191114,0.0046113,0.144071,9.52938,3.26782
2,0.8151068,0.3342415465,-1.956679702,0.01521214447,-0.04258689895,-0.2230880524,0.1805011534,7.450744025,14.05813992,-1.504048755,0,0.1440706667,311734.4575,65.3086241
0,6.53948,0.545384,-0.910693,0.0183595,0.000741712,0.000680349,6.13631e-05,0.928076,21.9855,0.00748444,0.00115445,0.144071,5.72303,3.16963
0,84.051013,0.87670634,-1.4499407,0.010752005,0.48826555,0.32704054,0.16122501,0.5898515,18.098975,5.783369,2.0086948,0.14407067,7553.5661,5.5437423
0,13.4238336,0.853028411,-1.60502588,0.0211760657,0.169258186,0.156919501,0.0123386855,-0.934164714,28.5880631,2.70001132,0,0.144070667,-55225.0413,-9.16802276
0,15.21139,0.8561358,-1.144637,0.02345643,0.01105454,0.01035095,0.0007035894,0.9460662,34.15625,0.1787508,0.01823993,0.1440707,176.0642,3.612705
0,63.004195,0.21444474,-1.4536997,0.016826899,0.3540537,0.23852268,0.11553101,0.6034185,5.5881361,1.03174,1.3470021,0.14407067,2392.5335,4.4862397
2,33.351369,0.75595131,-1.4679005,0.019166585,-0.72356509,-0.76352885,0.039963758,2.9132803,52.562581,-11.642452,0,0.14407067,5594.0028,5.1657553
0,27.6750085,0.6437835051,-1.712883771,0.02132432338,0.4328495175,0.1080707795,0.324778738,0.961536015,14.72968017,1.40337359,0,0.1440706667,110479.5664,25.93109392
0,5.01781,0.439958,-0.680969,0.0131951,0.000106493,4.9606e-05,5.6887e-05,0.912852,17.7468,0.00044022,8.40081e-05,0.144071,0.245636,2.77707
0,25.1215,0.556847,-1.10869,0.0148579,0.0108651,0.010455,0.000410124,0.922946,22.2201,0.117432,0.0181459,0.144071,73.985,3.51238
2,17.4767582,0.4228857713,-1.696201172,0.01257961795,-1.280258792,-1.357402956,0.07714416429,-0.4565502039,38.90114441,-11.57862621,0,0.1440706667,-495981.031,-94.77729939
0,5.61121,0.312683,-0.539479,0.01341,5.8356e-05,7.93007e-06,5.04259e-05,0.881633,12.6135,5.00157e-05,1.34281e-05,0.144071,0.0293648,2.5264
0,6.44399,0.849835,-0.768645,0.008528,0.000340395,0.000236621,0.000103774,0.952722,34.2722,0.00405614,0.000400851,0.144071,1.40166,2.95445
0,6.4864,0.500505,-0.875736,0.0110767,0.000807404,0.000720183,8.72205e-05,0.922125,20.175,0.00727071,0.00122131,0.144071,3.37362,3.10706
0,6.65154,0.956402,-0.894563,0.0095104,0.00120454,0.00106768,0.000136853,0.957181,38.5365,0.0205972,0.00181158,0.144071,7.90628,3.17053
0,53.32706,0.5661543,-1.22584,0.02445697,0.02841904,0.02640924,0.002009797,0.9125841,22.1906,0.3015893,0.04964431,0.1440707,336.5159,3.75835
0,6.29656,0.892335,-0.897676,0.0149673,0.000792192,0.000706198,8.59945e-05,0.954568,35.9699,0.012711,0.00119807,0.144071,7.70185,3.17225
0,6.00012,0.382296,-0.744772,0.0100914,0.000220818,0.00014718,7.36384e-05,0.900946,15.4191,0.00113494,0.000249292,0.144071,0.490745,2.87648
0,5.00079,0.798475,-0.596587,0.0144992,7.06764e-05,1.52728e-05,5.54036e-05,0.950021,32.2096,0.000245983,2.58626e-05,0.144071,0.144913,2.66555
0,5.71179,0.293285,-0.555987,0.0174022,4.56232e-05,7.55435e-06,3.80688e-05,0.874794,11.8311,4.46902e-05,1.27917e-05,0.144071,0.0343153,2.55091
0,6.23222,0.907763,-0.783261,0.0192053,0.000174327,0.000126772,4.75553e-05,0.955699,36.6144,0.00232125,0.000214756,0.144071,1.80108,2.98203
1,0.46191,0.6543,-1.9335,0.019077,,,,,,,,,,
0,6.38108,0.731752,-0.758889,0.0237997,0.000110754,7.4812e-05,3.59415e-05,0.945689,29.5169,0.00110423,0.000126717,0.144071,1.07292,2.9309
0,6.70138,0.665673,-0.938859,0.0240047,0.00080562,0.000746611,5.90087e-05,0.940177,26.8328,0.0100249,0.00126784,0.144071,9.90047,3.22677
2,6.5307464,0.5773788931,-1.484080473,0.0199906893,-0.01372573609,-0.01378228826,5.655216712e-05,-0.036851816,23.61220484,-0.1605119619,0,0.1440706667,-244548.5281,-46.12897418
0,0.4986188,0.476441278819969,-1.96650782655466,0.01015402065884664,0,0,0,-1.062440042026488e-69,19.22049409817639,0,0,0.1440706666666666,-3.391113842014807e+75,-6.584992812475477e+71
0,18.9436061,0.722359924,-1.68141598,0.0134254051,0.745168152,0.67051677,0.0746513817,0.534711714,7.42612942,9.76986266,0,0.144070667,66858.3492,17.4032865
1,0.28537,0.57254,-1.8633,0.013195,,,,,,,,,,
0,6.39621,0.6038,-0.858904,0.023106,0.000320545,0.000278243,4.23027e-05,0.934808,24.3506,0.00338877,0.000471644,0.144071,3.23566,3.08806
0,24.8876,0.410287,-1.10794,0.00875668,0.0180504,0.0175287,0.000521776,0.895767,16.2529,0.145065,0.030494,0.144071,55.2239,3.49296
2,33.917991,0.73430235,-1.3778404,0.0088558629,0.31645959,-0.47580124,0.79226083,1.2681859,20.248566,-7.047347,0,0.14407067,1556.8416,4.2260239
0,15.0297097,0.2777313764312,-1.729482182036,0.01694204195885,0.05046394499955,0.008381477050265,0.04208246794929,-0.0001291699938362,10.63877374216,0.0469537925881,0,0.1440706666667,-735152558.1377,-142753.5053376
0,14.092601,0.54363639,-1.4148129,0.019341208,0.00071677906,0.00027570355,0.00044107551,2.4634509,21.915545,0.0030232638,0,0.14407067,1394.731,4.2258673
0,6.489,0.21328,-0.76021,0.018301,0.0013117,9.8857e-05,0.0012129,0.83534,8.5929,0.0004253,0.0001676,0.14407,0.35964,2.8759
0,6.11504,0.328005,-0.727973,0.0122004,0.000156154,9.81171e-05,5.80367e-05,0.886472,13.2302,0.000649158,0.000166177,0.144071,0.344892,2.84153
2,16.766478,0.52463621,-1.4669149,0.012805498,-2.5001418,-2.5426664,0.042524653,-6.7016039,74.079674,-26.907467,0,0.14407067,-3384.1553,0.90400099
0,0.802819,0.904939292037,-1.85729193869,0.0227636323986,0.0032061932607,0.00320582307343,3.70187266915e-07,-0.0621946915637,36.3898229515,0.058517284752,0,0.144070666667,-26968324.4476,-5235.32105735
0,5.18533,0.877127,-0.692655,0.00914891,0.000174256,8.31265e-05,9.11294e-05,0.954227,35.3787,0.00147071,0.000140784,0.144071,0.544316,2.8297
0,6.44254,0.774955,-0.811496,0.0140893,0.000314417,0.000248293,6.61235e-05,0.948426,31.2532,0.0038812,0.000420709,0.144071,2.22639,3.02124
2,0.757288,0.8278881562,-1.7840235,0.01411387624,0.1083701519,-0.002297644137,0.1106677961,-3.325742725,29.77909082,-0.0383689227,0,0.1440706667,-161037.1627,-29.59101261
0,17.98119,0.9115383,-1.142251,0.01962399,0.01286291,0.01199258,0.0008703357,0.9475825,36.30008,0.220502,0.0211439,0.1440707,181.1758,3.612782
0,35.072821,0.63760859,-1.3473257,0.017999576,0.15758863,0.11153516,0.046053478,0.83215794,21.668734,1.4344688,0.32115044,0.14407067,1715.6785,4.2313445
0,5.75151,0.321318,-0.557575,0.0122214,6.68155e-05,1.09782e-05,5.58373e-05,0.88444,12.9617,7.1153e-05,1.85896e-05,0.144071,0.0379508,2.55767
0,21.4745886,0.8618015778,-1.709246527,0.01533555156,0.6767408992,0.5178635652,0.1588773339,0.6303020555,11.23862581,9.002182483,0,0.1440706667,122723.7227,28.3104737
0,0.4378086,0.8403586283521327,-1.815806618789808,0.02251508358688595,0,0,0,-7.08768606263583e-241,33.90157145199232,0,0,0.1440706666666666,-1.293954746622686e+246,-2.51265015069987e+242
0,41.22183,0.53692061,-1.4008115,0.0178201,0.24173488,0.16882362,0.072911265,0.76255866,16.424279,1.8283883,0.64480535,0.14407067,2820.9095,4.5249983
2,6.7994586,0.7926197913608133,-1.582705000508311,0.01573840976048583,-5.118185457125465,-5.136804023089738,0.0186185659642728,-2.423012296195562e-10,195.6332707188495,-82.12645555786574,0,0.1440706666666666,-1093820563100073,-212402204163.7411
0,29.996598,0.76724682,-1.3305126,0.022704094,0.10555786,0.074555656,0.031002202,0.87766218,27.684872,1.1538274,0.20515213,0.14407067,1674.6833,4.2053282
0,13.503886,0.30140162,-1.5262527,0.015592083,0.21361012,0.18566881,0.027941311,1.6891692,9.561778,1.128781,0,0.14407067,3713.7145,4.8379365
0,16.7674,0.537993,-1.04517,0.0148872,0.00487424,0.00467944,0.000194801,0.924521,21.5978,0.0507804,0.00800925,0.144071,31.7494,3.3972
2,0.8071854,0.979087719,-1.85206559,0.0172050883,0.929240261,-0.0853187316,1.01455899,2.64700983,2.7948789,-1.68496609,0,0.144070667,45507.175,13.4081174
1,0.58985,0.91682,-1.8314,0.011107,,,,,,,,,,
0,32.5696,0.756884,-1.06681,0.0129241,0.00746332,0.00708926,0.000374056,0.942629,30.3062,0.108232,0.0121825,0.144071,57.6985,3.45457
0,6.42857,0.946693,-0.822164,0.0131743,0.00038008,0.000304504,7.55762e-05,0.957305,38.1768,0.0058147,0.000516008,0.144071,3.09008,3.04892
2,11.9439231,0.469589755,-1.67329746,0.012658135,0.1389219,-0.0104315262,0.149353426,2.68425968,16.3123422,-0.0988078924,0,0.144070667,26358.2092,9.48287136
0,25.021541,0.6593528,-1.5141303,0.015767492,0.73848327,0.39150381,0.34697946,0.52351353,6.9562072,5.2068974,0,0.14407067,7460.4225,5.5892074
0,6.22438,0.815372,-0.674091,0.0150499,9.4364e-05,3.98152e-05,5.45488e-05,0.95099,32.8905,0.000654833,6.74272e-05,0.144071,0.400036,2.79528
0,48.01195,0.396387,-1.304305,0.01788307,0.09113201,0.07899759,0.01213442,0.8455505,14.53367,0.6316237,0.1860127,0.1440707,651.7151,3.931984
2,49.8139905,0.5981232329,-1.822191049,0.02030243548,-1.811862208,-5.674059465,3.862197258,4.581002068,67.84844097,-68.4557173,0,0.1440706667,434908.9215,89.10972722
0,6.34687,0.596861,-0.879956,0.0229514,0.000412185,0.000366975,4.52105e-05,0.934043,24.0685,0.0044181,0.00062225,0.144071,4.19463,3.12263
0,32.9654,0.329375,-1.14267,0.0135934,0.0178821,0.0174596,0.000422474,0.875803,13.05,0.115998,0.0306897,0.144071,70.8533,3.54354
0,6.30035,0.340124,-0.811746,0.016146,0.000264289,0.000217376,4.69132e-05,0.890002,13.7176,0.00149133,0.000368301,0.144071,1.0447,2.98238
0,7.621945,0.9145772,-1.394824,0.02064874,0.000291062,0.000251673,3.938891e-05,5.148995,36.88494,0.004642824,0,0.1440707,868.7659,4.079421
0,6.38666,0.653538,-0.874108,0.0181747,0.000487572,0.000429902,5.76695e-05,0.939347,26.352,0.00566717,0.000728926,0.144071,4.2362,3.1173
2,5.4706739,0.916295552481,-1.38584411704,0.0208629695117,-3.8577954377,-3.86336125144,0.00556581374076,-0.00085455339374,179.568422497,-71.4045799535,0,0.144070666667,-22707638.9174,-4408.42767662
0,6.66023,0.583194,-0.937482,0.0104454,0.00181122,0.00168494,0.00012628,0.93171,23.4845,0.0198208,0.00286256,0.144071,8.59047,3.21784
1,0.40098,0.86956,-1.9845,0.023059,,,,,,,,,,
0,33.09064,0.2405595,-1.307385,0.01031969,0.1514544,0.1446324,0.006822008,0.7562016,8.234796,0.7017997,0.3353503,0.1440707,429.5542,3.870504
0,6.20423,0.738693,-0.723705,0.022673,8.66709e-05,4.99814e-05,3.66895e-05,0.946187,29.7976,0.000744728,8.46498e-05,0.144071,0.688934,2.87288
0,28.1543,0.39982,-1.09875,0.0213741,0.00662,0.0064301,0.000189903,0.90083,16.0227,0.0518569,0.0111017,0.144071,48.1069,3.4753
0,12.5186061,0.359526395675,-1.79588618099,0.0211916280008,0.213318890676,0.0998044264201,0.113514464256,-0.0121427786053,11.4099743616,0.723778627155,0,0.144070666667,-19680912.9456,-3820.2692145
0,5.7456,0.22674,-0.57012,0.010307,7.3345e-05,1.5293e-05,5.8053e-05,0.84378,9.1465,6.9942e-05,2.5895e-05,0.14407,0.032978,2.563
0,16.5905276,0.89222762,-1.68365655,0.0195003818,0.360227233,0.0657595184,0.294467714,1.43985652,23.028019,1.18347601,0,0.144070667,79240.843,19.8187371
0,4.6693,0.724674,-0.510664,0.0173797,4.96949e-05,4.22587e-06,4.5469e-05,0.945228,29.2332,6.17709e-05,7.15576e-06,0.144071,0.0438404,2.51818
0,22.9357521,0.802344659,-1.67047123,0.01106177,0.550883156,0.380838651,0.170044505,0.851468735,14.5370229,6.16349652,0,0.144070667,71410.9709,18.2797719
0,0.5225296,0.8117856473202767,-1.929767174644044,0.01711154660160731,0,0,0,-6.935768823903348e-215,32.74888624669209,0,0,0.1440706666666666,-5.521135959909664e+220,-1.072115013133974e+217
2,30.063134,0.92938165,-1.5069527,0.015431857,-3.7911753,-3.812773,0.021597696,-14.882422,179.63515,-71.475995,0,0.14407067,-6180.1159,0.37016444
0,5.22402,0.763468,-0.640983,0.0231621,5.17481e-05,1.69096e-05,3.48385e-05,0.947863,30.7981,0.000260405,2.86349e-05,0.144071,0.245635,2.73708
0,4.87694,0.992352,-0.592641,0.0125619,8.1698e-05,1.67567e-05,6.49413e-05,0.959373,40.03,0.000335413,2.83757e-05,0.144071,0.169526,2.66967
0,52.53093,0.2936345,-1.26434,0.0185792,0.05544364,0.05346406,0.001979574,0.8402209,11.18897,0.3166608,0.1071551,0.1440707,302.1855,3.784655
0,6.16685,0.360768,-0.844078,0.024858,0.000246362,0.000213826,3.25364e-05,0.895643,14.5505,0.00155601,0.00036238,0.144071,1.66805,3.03888
2,18.955889,0.37180843,-1.4658661,0.018112597,0.27565405,-0.066697837,0.34235189,1.4950309,10.864767,-0.50021435,0,0.14407067,2195.0779,4.4556377
0,9.6227095,0.56764499,-1.54568,0.018058389,0.013760923,0.0094106836,0.0043502392,5.0907689,22.584693,0.10775146,0,0.14407067,3735.4936,4.8618934
0,4.9323,0.786333,-0.53468,0.0213543,4.20533e-05,4.68214e-06,3.73711e-05,0.949307,31.7207,7.42636e-05,7.92839e-06,0.144071,0.0644829,2.56202
0,5.52989,0.657846,-0.684881,0.0126488,0.000117954,5.44148e-05,6.35395e-05,0.939957,26.5356,0.000722049,9.21536e-05,0.144071,0.375077,2.80276
0,29.454278,0.83249116,-1.510287,0.012538009,0.49727204,0.42994412,0.067327918,0.98351571,16.883708,7.2196611,0,0.14407067,9174.1422,5.9287653
0,73.265568,0.76050909,-1.3900744,0.021902527,0.19470821,0.12993181,0.0647764,0.81497007,24.706592,1.9931733,0.45703355,0.14407067,3459.002,4.6486463
0,80.35416,0.4751457,-1.296744,0.02182893,0.07108663,0.05997681,0.01110982,0.8727994,17.80562,0.5748246,0.1382846,0.1440707,701.9181,3.937985
0,6.40912,0.743407,-0.838932,0.0192238,0.000309867,0.000258811,5.10563e-05,0.946365,29.9811,0.00388091,0.000438616,0.144071,3.04473,3.06492
0,6.5196,0.24149,-0.89071,0.019794,0.00052626,0.00048847,3.7788e-05,0.85163,9.7368,0.0023793,0.00082841,0.14407,2.1369,3.0983
1,98.3892,0.721999,-1.26584,0.0148208,,,,,,,,,,
0,31.0345955,0.588238834,-1.70469045,0.00878689568,0.972127065,0.686259291,0.285867774,0.0529019263,0.661441681,8.14267497,0,0.144070667,81164.8999,20.2146244
0,71.18677,0.4892313,-1.309668,0.02129,0.08222814,0.06686827,0.01535988,0.8675568,18.11357,0.6598716,0.1673889,0.1440707,848.0976,3.989015
2,0.8206694,0.2425060092521114,-1.92032412199148,0.01027117917571615,-0.05952928750429469,-0.05952928750429468,-6.938893903907228e-18,-1.146811658046505e-06,10.36550909255135,-0.2911912762469857,0,0.1440706666666666,-936154429911.9991,-181785998.4974386
0,37.9932,0.253577,-1.11269,0.00894929,0.0185674,0.0182088,0.000358544,0.846617,10.0398,0.0931356,0.0317147,0.144071,38.364,3.47572
0,6.18007,0.412219,-0.739031,0.0201463,0.000106022,6.84864e-05,3.75355e-05,0.907534,16.6279,0.000569452,0.000115994,0.144071,0.488025,2.87045
0,83.93448,0.6445755,-1.279966,0.01307163,0.1008777,0.08287367,0.01800399,0.8722052,23.38018,1.077496,0.1861556,0.1440707,743.4852,3.932233
0,5.57104,0.693838,-0.637588,0.0217277,5.39898e-05,1.7257e-05,3.67328e-05,0.942931,27.9891,0.000241517,2.92231e-05,0.144071,0.214826,2.7268
1,0.24417,0.58713,-1.9122,0.01947,,,,,,,,,,
0,6.45543,0.350841,-0.913053,0.0211321,0.000654229,0.000609274,4.49545e-05,0.892755,14.1443,0.0043117,0.00103386,0.144071,3.94541,3.15253
0,13.5347113,0.6992459963,-1.730346848,0.02413939531,0.1784765625,0.1502513359,0.02822522657,1.894577029,23.17421931,2.119207591,0,0.1440706667,110398.6791,25.93281236
0,22.93493,0.2688821,-1.19698,0.02445692,0.01925319,0.01885436,0.0003988355,0.853136,10.63834,0.1022584,0.03426687,0.1440707,119.1158,3.633911
0,50.2344,0.7802516,-1.205789,0.01531895,0.036438,0.03308836,0.003349649,0.9250128,30.32979,0.5207568,0.06126118,0.1440707,350.7305,3.743185
0,6.59907,0.860184,-0.902587,0.0152196,0.000825033,0.000739633,8.54002e-05,0.952947,34.6728,0.0128331,0.00125492,0.144071,7.92095,3.17865
0,7.8742088,0.32964188,-1.5084853,0.024132656,0.66023675,0.0056797376,0.65455702,1.1061001,4.5182884,0.037765552,0,0.14407067,2133.0829,4.4847463
0,25.4704631,0.8732636198,-1.698409038,0.02400075948,0.4885159377,0.3503003735,0.1382155642,0.9144247196,18.01908109,6.170369032,0,0.1440706667,118002.8151,27.38089698
2,15.0495866,0.569839965,-1.59507495,0.00964273938,-4.48859856,-4.49321696,0.00461839981,-16.4221416,126.173903,-51.6458542,0,0.144070667,-12201.2362,-0.745867544
0,6.51136,0.281012,-0.976147,0.0231962,0.00129358,0.00124523,4.83437e-05,0.869269,11.3219,0.00705833,0.00211815,0.144071,7.29415,3.24785
0,49.16301,0.5768219,-1.193345,0.009267168,0.04928832,0.04681425,0.00247407,0.9001578,22.12309,0.5446845,0.08630765,0.1440707,224.0581,3.683118
0,6.05742,0.490948,-0.646946,0.0223734,5.30575e-05,1.88995e-05,3.41579e-05,0.921218,19.8047,0.000187159,3.20045e-05,0.144071,0.175463,2.72575
0,24.8168,0.34969,-1.08619,0.0200943,0.00599411,0.00583646,0.00015765,0.889097,14.0226,0.0411678,0.01005,0.144071,36.3038,3.44599
0,5.99301,0.629933,-0.639038,0.0229687,5.09823e-05,1.66313e-05,3.4351e-05,0.937508,25.4113,0.000211323,2.81635e-05,0.144071,0.199855,2.72453
2,15.8466172,0.6057807341,-1.73611657,0.02243913889,-43.58267595,-43.67696419,0.09428823678,-29.08668824,1089.523885,-533.6949241,0,0.1440706667,-364082.3204,-69.1089094
0,24.00162,0.45639141,-1.73253954,0.0216867374,0.637922561,0.478193618,0.159728943,0.643786521,6.6664418,4.40216593,0,0.144070667,96129.1385,23.1569802
0,6.77872,0.629254,-0.958863,0.020208,0.00122281,0.00114565,7.71624e-05,0.936692,25.3542,0.0145412,0.00194728,0.144071,12.1407,3.25769
0,40.876789,0.25979853,-1.4028479,0.013627574,0.28589433,0.21323136,0.072662977,0.67326011,7.4843543,1.117411,0.86552583,0.14407067,1494.5394,4.2368348
0,53.802202,0.41995681,-1.3605174,0.023611134,0.12284725,0.091455333,0.031391912,0.82917238,14.860555,0.77470943,0.29003009,0.14407067,1398.9025,4.1725352
0,35.293988,0.80950405,-1.3745756,0.024561764,0.68735884,0.15667616,0.53068268,0.55686698,10.209873,2.5582744,0,0.14407067,1714.3099,4.2582877
0,5.2308,0.22828,-0.67931,0.011607,0.0001072,5.5209e-05,5.1996e-05,0.84465,9.2083,0.00025422,9.3492e-05,0.14407,0.13484,2.7446
0,53.66233,0.7211419,-1.188477,0.01551728,0.02855313,0.02661951,0.00193362,0.9263787,28.26148,0.3872095,0.04842011,0.1440707,261.2674,3.69337
0,32.29999,0.9006104,-1.204712,0.009801884,0.05660822,0.05033234,0.006275881,0.917889,34.27553,0.9143431,0.09442735,0.1440707,393.9479,3.756471
0,30.3104,0.642122,-1.08293,0.00883915,0.0132518,0.0126818,0.000570006,0.930099,25.5611,0.164257,0.0219089,0.144071,60.6623,3.47383
0,5.36012,0.34596,-0.544826,0.0205688,3.95927e-05,5.53772e-06,3.4055e-05,0.891795,13.9561,3.8644e-05,9.37695e-06,0.144071,0.0344039,2.53988
0,30.1821,0.209254,-1.1681,0.0207086,0.0160118,0.0157492,0.000262587,0.823318,8.30653,0.0664751,0.0279273,0.144071,66.5072,3.56487
0,0.332434,0.205786,-0.832,0.0132835,0,0,0,24.0797,8.30179,0,0,0.144071,0.0303118,2.82055
2,0.8057878,0.3468082704,-1.929392422,0.01022114671,-0.001263360621,-0.001263508601,1.479807311e-07,-2.748632895,14.00854198,-0.008838790065,0,0.1440706667,-593078.4943,-113.4080465
0,36.922455,0.34508331,-1.38312,0.0087259537,0.34471188,0.25944449,0.085267391,0.65575203,9.1224485,1.8058995,1.0491423,0.14407067,1451.6315,4.2072781
0,5.76422,0.34606,-0.61815,0.0216221,4.60687e-05,1.35102e-05,3.25585e-05,0.891818,13.96,9.43056e-05,2.28774e-05,0.144071,0.0882576,2.66162
0,29.3246302,0.678401226,-1.66535205,0.0226669238,0.440239968,0.305503594,0.134736375,0.881415748,15.3194677,4.18049894,0,0.144070667,68071.2821,17.6236783
0,1.421225,0.2450052724,-1.867292537,0.01521476299,0.02858245795,0.02858186689,5.910560241e-07,4.892500613,9.601443669,0.1412508901,0,0.1440706667,102853.905,24.60104806
0,83.282456,0.89150149,-1.4702682,0.0097831478,0.56792215,0.38015909,0.18776307,0.51894172,15.539579,6.8361663,2.8662933,0.14407067,9570.9978,5.9679855
0,22.786,0.640253,-1.105,0.00926519,0.0166624,0.0159515,0.000710867,0.927722,25.3986,0.206006,0.0277541,0.144071,80.2435,3.51409
2,26.333291,0.94780063568031,-1.6585346206943,0.02306196037598,-10.701956425661,-124.98882343003,114.28686700437,-0.0006141644600068,447.43570593534,-2389.5347244161,0,0.14407066666667,-2614064924.12,-507607.93423682
1,0.24632,0.65751,-1.9089,0.023439,,,,,,,,,,
2,15.3076651,0.766126979,-1.55179574,0.0185098036,0.308118474,-0.303776835,0.611895309,1.56801801,21.3839366,-4.69440527,0,0.144070667,12421.3836,6.61640612
2,0.7928951,0.231450827,-1.95447821,0.0170535701,0.00332444265,0.00332444265,-9.32413868e-17,16.297585,9.30609992,0.0155203944,0,0.144070667,91710.7272,22.5185174
0,5.725,0.22396,-0.51531,0.020207,3.3071e-05,3.8586e-06,2.9213e-05,0.84217,9.0348,1.7432e-05,6.5328e-06,0.14407,0.016142,2.4715
0,46.92979,0.9024873,-1.227486,0.01833797,0.04117345,0.03497954,0.006193916,0.928332,34.90891,0.6367667,0.06762425,0.1440707,531.5256,3.821351
0,30.1682128,0.6098008211,-1.861347139,0.01449806414,0.9930556008,0.4963905376,0.4966650632,0.01361834063,0.1708353917,6.105716981,0,0.1440706667,609119.7918,122.9951171
0,46.670012,0.25023936,-1.4775625,0.024280772,0.26893783,0.26893682,1.0129862e-06,0.68167155,7.3801486,1.3574726,1.2683166,0.14407067,3800.296,4.8072433
1,0.6769,0.81389,-1.9353,0.016499,,,,,,,,,,
1,0.13724,0.55996,-1.857,0.020523,,,,,,,,,,
0,12.33084,0.7294723,-1.127407,0.02425809,0.008522739,0.008094497,0.0004282422,0.9400778,29.17741,0.1191033,0.01413545,0.1440707,121.3072,3.5657
0,5.31364,0.583167,-0.682975,0.0097667,0.000149603,6.87666e-05,8.08362e-05,0.932773,23.5225,0.000808901,0.000116461,0.144071,0.326943,2.79378
2,13.4378686,0.73685565,-1.55929057,0.0245479164,0.0541849618,-0.0956832673,0.149868229,2.66433659,28.1153697,-1.42214404,0,0.144070667,10582.7261,6.25863222
1,0.3141,0.38111,-1.9405,0.011001,,,,,,,,,,
0,39.38453,0.687207,-1.173294,0.02151682,0.01697017,0.01600796,0.0009622083,0.9314413,27.25269,0.2218957,0.02873201,0.1440707,206.1746,3.65532
0,92.7525183,0.750394733,-1.51842655,0.0246924672,0.365544554,0.236608024,0.128936531,0.685259419,19.2064046,3.58133062,2.10806177,0.144070667,16629.3857,7.41515359
0,17.9563,0.894296,-1.08601,0.0242051,0.00512658,0.00483073,0.000295843,0.95184,35.8926,0.0871405,0.0083239,0.144071,86.5989,3.50025
0,14.4310793,0.4413055177,-1.480096271,0.01849870978,0.02095410238,0.01161185803,0.009342244356,-0.01578169009,17.43000757,0.1033632712,0,0.1440706667,-400503.0349,-76.44214033
0,24.9354,0.480581,-1.07129,0.021252,0.00473217,0.0045682,0.000163975,0.916676,19.2958,0.044283,0.00784699,0.144071,40.0117,3.4368
0,4.9949,0.588904,-0.540188,0.0191889,4.59346e-05,5.59255e-06,4.0342e-05,0.93345,23.7563,6.64324e-05,9.46998e-06,0.144071,0.0527139,2.55717
0,20.7908957,0.660293173,-1.6782445,0.0187697724,0.265731095,0.204528776,0.0612023185,1.4496309,19.5590209,2.7240583,0,0.144070667,62360.643,16.5231551
0,17.541809,0.76102898,-1.686779,0.012107672,0.35869452,0.25299971,0.10569481,11.252041,19.688894,3.8837063,0,0.14407067,9024.4425,6.0753428
2,15.5066451,0.457402904,-1.62046327,0.0112911415,-1.14550396,-1.14554051,3.65453043e-05,6.92538616,39.5898088,-10.5690156,0,0.144070667,12578.5577,6.7162404
0,34.20214,0.252133,-1.367271,0.01287078,0.2038586,0.1683967,0.03546196,0.7267953,8.09795,0.8564231,0.5802713,0.1440707,948.4978,4.071862
0,40.593565,0.25357132,-1.4007451,0.019384612,0.19560925,0.14584904,0.049760208,0.732348,8.2285322,0.7459829,0.59225798,0.14407067,1470.3145,4.2291882
0,0.7788933,0.904672886203,-1.99435479441,0.0162699974517,0.718149223745,0.0780462739314,0.640102949814,-0.267643233303,10.2864608084,1.4241932357,0,0.144070666667,-10302313.4967,-1998.86565853
0,14.2701791,0.45004435411,-1.5665318014,0.014263408014,0.10121088811,0.016831887468,0.084379000637,-0.014872371199,16.318051017,0.15279646514,0,0.14407066667,-1207607.3319,-233.13897211
2,17.4729059,0.3974870356,-1.831561799,0.01171871198,-1.175387603,-1.526204322,0.3508167189,10.34230949,34.88307677,-12.23660153,0,0.1440706667,111709.5768,26.2891889
0,47.61428,0.877119,-1.227329,0.01890541,0.03977038,0.03401043,0.005759948,0.9280711,33.97729,0.601722,0.06546211,0.1440707,516.4412,3.816786
0,54.37152,0.2265726,-1.277399,0.0149904,0.07884119,0.07656789,0.0022733,0.7952911,8.41971,0.3499285,0.1570626,0.1440707,284.1151,3.791036
0,50.63112,0.5715968,-1.217197,0.02045806,0.03039429,0.02845237,0.001941917,0.9119188,22.35837,0.328045,0.05311149,0.1440707,303.6506,3.738044
0,73.513362,0.56013042,-1.4203328,0.022175291,0.23033094,0.15399574,0.076335206,0.77361104,17.391953,1.7398949,0.66583645,0.14407067,3783.5538,4.7465355
0,14.7861921,0.4023752092,-1.778565816,0.01446963893,0.2055036419,0.1223233158,0.0831803261,1.644494588,12.89669094,0.9928088295,0,0.1440706667,131493.3449,30.08625776
0,22.1714613,0.4230411628,-1.857685056,0.01171253115,0.9253940911,0.6588542448,0.2665398463,0.1562437367,1.273242184,5.622081617,0,0.1440706667,377510.2303,77.99205417
0,4.818518,0.6570044,-1.410132,0.01249271,0.0001795953,0.000176094,3.501353e-06,5.749811,26.49997,0.002333662,0,0.1440707,680.3923,4.045591
0,6.63549,0.574726,-0.9374,0.0139071,0.0013587,0.00126449,9.42053e-05,0.931079,23.154,0.0146589,0.00214776,0.144071,8.4664,3.21699
0,45.40242,0.6740882,-1.2575,0.02117251,0.04957811,0.04218612,0.007391986,0.9088507,25.8457,0.5736032,0.08612166,0.1440707,591.0414,3.868376
0,14.53784,0.7815694,-1.142809,0.01975852,0.01272424,0.01200245,0.0007217902,0.9407685,31.12872,0.1892181,0.02115096,0.1440707,157.6159,3.601607
0,6.54258,0.32117,-0.880446,0.0143295,0.00064957,0.000591433,5.81362e-05,0.88403,12.9482,0.00383148,0.00100295,0.144071,2.39932,3.09407
2,36.5069225,0.365808223,-1.6156996,0.00984006508,0.00580272605,-0.0448141332,0.0506168593,2.15113257,14.6717257,-0.330669117,0,0.144070667,14116.6478,7.01607641
0,25.1259101,0.5844739815,-1.76404434,0.01713829612,0.5908503085,0.3502831927,0.2405671158,0.7448107319,9.647228764,4.129615838,0,0.1440706667,180221.7963,39.55020824
0,5.39643,0.583498,-0.709103,0.0179962,9.65427e-05,5.2203e-05,4.43397e-05,0.932842,23.5371,0.000614412,8.84099e-05,0.144071,0.457575,2.83721
0,22.6874,0.439292,-1.06701,0.0167708,0.00566676,0.0054819,0.000184863,0.909206,17.6214,0.0485747,0.00941199,0.144071,34.8699,3.42446
0,6.45915,0.545878,-0.933147,0.0206067,0.000869039,0.000808311,6.07286e-05,0.928054,22.0025,0.00890018,0.00137242,0.144071,7.64245,3.20732
2,17.5282036,0.94757224,-1.52991913,0.0128196921,0.197274054,-0.742328651,0.939602705,1.68891321,30.6856125,-14.1884098,0,0.144070667,12494.6287,6.60905462
0,7.10073,0.635123,-0.969787,0.0188254,0.00150402,0.00141425,8.97712e-05,0.937052,25.5835,0.0181179,0.00240519,0.144071,14.0905,3.27664
0,15.5076156,0.2150667442126,-1.814540526088,0.02123377532213,0.4983678541484,0.3951756729175,0.1031921812309,-0.0001644750855464,4.352249520777,1.714307134522,0,0.1440706666667,-704294937.985,-136761.3689622
0,39.12984,0.64714944,-1.3554317,0.016651682,0.1715194,0.12017757,0.051341827,0.82492059,21.629281,1.568748,0.38524058,0.14407067,1917.1559,4.2842795
0,48.931286,0.22712229,-1.4743027,0.01082554,0.49883476,0.49883272,2.0408234e-06,0.50227591,4.5919365,2.2852824,2.7280709,0.14407067,3077.4858,4.6527854
0,33.7918,0.239012,-1.18149,0.023649,0.0165364,0.0162389,0.000297465,0.840561,9.48273,0.0782892,0.0290453,0.144071,88.3262,3.59708
0,4.80521,0.99634,-0.515084,0.022293,3.97902e-05,3.48699e-06,3.63032e-05,0.959556,40.1925,7.00783e-05,5.90458e-06,0.144071,0.0628448,2.5411
1,0.32008,0.92438,-1.7984,0.021838,,,,,,,,,,
0,4.80377,0.959532,-0.561794,0.0135664,7.01906e-05,1.04403e-05,5.97503e-05,0.958051,38.7065,0.000202068,1.76792e-05,0.144071,0.110448,2.6168
0,13.3759313,0.59981822450441,-1.6131532660759,0.024601881543863,0.078643591310892,0.074367018008017,0.0042765733028748,-1.7450769945848e-05,22.294743702583,0.89975691859193,0,0.14407066666667,-2559180253.9453,-496950.2661816
0,1.7667969,0.485190011,-1.83468483,0.0155591225,0.0214782799,0.0191062219,0.00237205804,14.7618012,19.1530299,0.186987183,0,0.144070667,44731.4495,13.2392199
0,6.14678,0.64315,-0.769546,0.0227955,0.000126695,8.95624e-05,3.71326e-05,0.938665,25.9426,0.00116189,0.000151708,0.144071,1.08943,2.94235
0,51.96153,0.5656271,-1.210301,0.01355189,0.04172376,0.03933445,0.002389307,0.9038666,21.86634,0.4487748,0.07338161,0.1440707,274.2182,3.720195
2,9.9169811,0.51615745,-1.4175755,0.016103608,0.4537303,-0.003434999,0.4571653,1.7550451,11.374819,-0.035763003,0,0.14407067,1052.8084,4.1477833
2,18.9664404,0.286970628,-1.7350233,0.015841255,0.39915608,-0.910238777,1.30939486,1.04217446,6.9559153,-5.26887568,0,0.144070667,63969.3923,16.8936356
0,35.501,0.484517,-1.09709,0.0109913,0.0126371,0.0122121,0.000425017,0.912225,19.2993,0.119351,0.0211358,0.144071,56.0202,3.48301
0,4.90201,0.594894,-0.553587,0.0178136,5.06515e-05,7.15577e-06,4.34957e-05,0.934072,23.9979,8.58659e-05,1.2117e-05,0.144071,0.0632083,2.5799
0,40.72049,0.4023491,-1.202325,0.01901578,0.02653754,0.02564921,0.0008883264,0.8887132,15.80074,0.2081623,0.04720426,0.1440707,181.9065,3.673205
0,6.33557,0.795943,-0.89457,0.0136662,0.000832032,0.000743219,8.88124e-05,0.949377,32.0831,0.0119323,0.00126081,0.144071,6.63699,3.1613
0,21.4711,0.44789,-1.05491,0.0117253,0.00695622,0.00671914,0.000237086,0.909913,17.943,0.0607029,0.0115251,0.144071,30.3739,3.4044
0,18.481822,0.50725391,-1.7836445,0.019428985,0.29485956,0.13980051,0.15505905,141.66776,14.429663,1.4304061,0,0.14407067,1822.9488,4.6916097
2,29.185443,0.335843024261,-1.54199126504,0.0139060372595,-2.56542661778,-2.69754506263,0.132118444849,-0.00167924295269,48.3062139587,-18.2738565293,0,0.144070666667,-23100909.8392,-4484.63924323
0,24.9524,0.435415,-1.07499,0.0236423,0.00444827,0.00430644,0.000141839,0.909272,17.4873,0.0378222,0.00739765,0.144071,38.3397,3.43799
1,0.28871,0.88364,-1.8195,0.018884,,,,,,,,,,
0,0.4400139,0.8475951956,-1.805621555,0.02076908742,0,0,0,-2.637174622,34.19350753,0,0,0.1440706667,-307745.4714,-58.09106473
0,46.30538,0.6021598,-1.273921,0.02103389,0.05921829,0.04985184,0.009366442,0.8961036,22.85366,0.6055056,0.1070447,0.1440707,654.515,3.902363
0,4.94451,0.87658,-0.607193,0.0102736,0.000103634,2.46999e-05,7.89346e-05,0.954245,35.3591,0.000436728,4.18271e-05,0.144071,0.181493,2.68773
0,4.78769,0.856119,-0.507896,0.0192228,4.53941e-05,3.68726e-06,4.17069e-05,0.953242,34.5358,6.3674e-05,6.2437e-06,0.144071,0.0495634,2.52171
0,17.6256056,0.228496018,-1.75616773,0.0194278964,0.591867743,0.490618539,0.101249204,0.690173567,3.76213801,2.26124574,0,0.144070667,68546.8987,17.8072087
0,6.75694,0.686822,-0.945307,0.00901552,0.00232305,0.0021574,0.000165657,0.940918,27.6433,0.0298882,0.00366724,0.144071,11.0714,3.23919
0,10.2044,0.54473,-1.01498,0.0166372,0.00298299,0.00285035,0.00013264,0.926562,21.9098,0.0313188,0.00486289,0.144071,21.8061,3.34577
0,6.99167,0.638972,-0.968038,0.0122012,0.00226999,0.0021328,0.00013719,0.936909,25.7188,0.0274889,0.00362855,0.144071,13.8524,3.27397
0,5.99074,0.350453,-0.59567,0.0162904,5.64991e-05,1.34346e-05,4.30644e-05,0.893023,14.1371,9.49688e-05,2.27493e-05,0.144071,0.0668707,2.62488
0,5.17072,0.81309,-0.618381,0.0170458,6.45639e-05,1.71877e-05,4.73762e-05,0.950878,32.7994,0.000281891,2.91055e-05,0.144071,0.195061,2.70262
0,5.46405,0.387371,-0.691701,0.0195143,7.5943e-05,3.85004e-05,3.74426e-05,0.902206,15.626,0.000300827,6.52002e-05,0.144071,0.251179,2.78895
2,3.557009,0.5888138,-1.398843,0.01554916,0.8433803,-0.01067874,0.854059,1.159631,3.720314,-0.1268304,0,0.1440707,409.6903,3.955672
0,51.35513,0.7195022,-1.25816,0.02327345,0.04567893,0.03819806,0.00748087,0.9148357,27.70013,0.5543686,0.07901416,0.1440707,634.6608,3.881164
0,26.306,0.420814,-1.0847,0.0195465,0.00607043,0.00588535,0.000185082,0.905476,16.8734,0.049956,0.0101354,0.144071,42.0794,3.4532
1,0.34742,0.7826,-1.7893,0.019216,,,,,,,,,,
0,5.83025,0.296023,-0.741129,0.024317,8.64917e-05,5.82914e-05,2.82004e-05,0.875782,11.9411,0.00034806,9.87248e-05,0.144071,0.373095,2.85873
0,6.53255,0.362047,-0.883914,0.0225967,0.000431161,0.000392156,3.90052e-05,0.895857,14.5993,0.00286384,0.000664981,0.144071,2.79117,3.10539
0,6.63614,0.373441,-0.962978,0.0121111,0.00211481,0.00201417,0.000100635,0.897648,15.0334,0.015172,0.00342552,0.144071,7.91951,3.23903
0,4.69562,0.786708,-0.502921,0.014619,5.9006e-05,4.54833e-06,5.44576e-05,0.949319,31.7353,7.21756e-05,7.70173e-06,0.144071,0.0429015,2.50932
0,11.9067,0.865002,-0.981373,0.0224347,0.00147643,0.00137675,9.96874e-05,0.95277,34.8442,0.0240213,0.0023421,0.144071,21.9031,3.31241
0,31.97174,0.3273537,-1.277033,0.01594062,0.07519892,0.07113765,0.00406127,0.8385419,12.21296,0.4697231,0.1470074,0.1440707,389.0252,3.827189
0,177.5414,0.7821548,-1.271169,0.01524546,0.0805648,0.06438515,0.01617965,0.8955974,29.01142,1.015789,0.1425591,0.1440707,802.47,3.938814
0,16.1997701,0.558896598,-1.6954536,0.00960915996,0.541732825,0.318050473,0.223682353,2.43773344,10.3324993,3.5855244,0,0.144070667,24436.5633,9.12798544
0,0.4737829,0.5302175567412533,-1.98929085908433,0.02158753502743523,0,0,0,-4.957432771002992e-51,21.38992541816599,0,0,0.1440706666666666,-1.083748729577267e+57,-2.104464175273941e+53
0,43.46269,0.2772517,-1.198331,0.01801834,0.02648815,0.02592174,0.0005664122,0.8521525,10.88857,0.1449651,0.04732598,0.1440707,124.1953,3.638395
0,37.45911,0.6098706,-1.239726,0.009875938,0.08274711,0.07498173,0.007765388,0.881032,22.56742,0.9223979,0.1469444,0.1440707,423.7004,3.801003
0,6.33276,0.751042,-0.856356,0.0175095,0.000414334,0.000355346,5.8988e-05,0.946812,30.2858,0.0053832,0.000602351,0.144071,3.84535,3.0945
0,43.46405,0.320767,-1.239792,0.01008381,0.07640242,0.07406776,0.002334658,0.8359195,11.95164,0.4792301,0.1440372,0.1440707,236.7009,3.734841
0,6.12958,0.647976,-0.779777,0.0118806,0.000268116,0.000195959,7.21571e-05,0.939002,26.1335,0.00256123,0.000331967,0.144071,1.25113,2.95972
0,12.6253,0.644173,-1.12048,0.0174221,0.0108035,0.0103316,0.000471884,0.931865,25.7064,0.134244,0.0180052,0.144071,98.6336,3.54373
2,16.4434567,0.329997834,-1.681938686,0.01651872989,-0.06938100103,-0.1591946738,0.08981367281,-0.6372619247,14.23635206,-1.059655736,0,0.1440706667,-108270.3323,-19.42623616
0,33.3009,0.378131,-1.12513,0.0246229,0.0079916,0.00777758,0.000214025,0.895075,15.1326,0.0593214,0.0135253,0.144071,64.1767,3.51962
0,5.30379,0.290461,-0.68224,0.0195665,6.82177e-05,3.4005e-05,3.42127e-05,0.873716,11.7169,0.000199231,5.75855e-05,0.144071,0.172229,2.76008
0,33.905831,0.6905377,-1.4457885,0.0095702059,0.95032424,0.71377446,0.23654978,0.08870438,1.3838439,9.9419956,0,0.14407067,3640.9926,4.7423348
0,7.37436,0.76688,-0.97245,0.0133704,0.0022033,0.00205945,0.000143851,0.94669,30.8692,0.031857,0.00350429,0.144071,17.4141,3.29083
0,11.333302,0.89902669,-1.5171683,0.014991184,0.014570113,0.014569971,1.4251257e-07,5.0690764,35.739912,0.26421437,0,0.14407067,4116.1457,4.9122842
0,25.1119906,0.8259726964,-1.698370181,0.01989999402,0.7402156895,0.589466138,0.1507495515,0.4654950975,8.656329436,9.82086461,0,0.1440706667,111303.6975,26.07699508
0,5.3117,0.679184,-0.678659,0.00875421,0.000164585,7.25817e-05,9.20029e-05,0.941701,27.395,0.000994352,0.000122922,0.144071,0.356815,2.79396
2,10.9090708,0.832630082884,-1.53216962418,0.0152940778882,-94.3434556777,-94.3515267731,0.00807109534688,-0.0859513270095,3202.56647221,-1584.62389525,0,0.144070666667,-26375195.9063,-5120.46909883
0,6.2602,0.972575,-0.834825,0.019824,0.000290407,0.000238087,5.23204e-05,0.958446,39.224,0.00467072,0.000403481,0.144071,3.7311,3.07139
2,13.6736224,0.415470562766,-1.616557912565,0.0203673677716,-0.6217382290041,-0.6462926306994,0.02455440169534,-0.0004339094104782,27.18167270308,-5.416199249639,0,0.1440706666667,-131093974.6113,-25455.15467735
0,4.97401,0.858202,-0.590925,0.0190194,5.3291e-05,1.08264e-05,4.24646e-05,0.953345,34.6195,0.000187413,1.8333e-05,0.144071,0.144324,2.65968
0,6.49306,0.599388,-0.91424,0.0173628,0.000821345,0.000752869,6.84759e-05,0.934039,24.1605,0.00910234,0.00127764,0.144071,6.54043,3.18019
0,6.24991,0.36511,-0.809991,0.0160717,0.000261653,0.000213513,4.81392e-05,0.896745,14.7253,0.00157244,0.000361755,0.144071,1.0882,2.98273
0,35.1833245,0.6942274497,-1.815569894,0.01796013594,0.9977802761,0.704568479,0.2932117971,0.004344825302,0.06216642786,9.866205612,0,0.1440706667,385892.8853,79.57884306
0,39.78614,0.2046389,-1.373355,0.01625548,0.1722697,0.1457968,0.02647292,0.7228956,6.833326,0.6018126,0.4967904,0.1440707,870.0956,4.058289
0,4.89867,0.691387,-0.547235,0.00888921,0.000101911,1.32157e-05,8.86949e-05,0.942709,27.8889,0.000184305,2.23791e-05,0.144071,0.0670806,2.57661
0,6.7646,0.24534,-0.63022,0.022481,4.2794e-05,1.5172e-05,2.7622e-05,0.85391,9.8969,7.5083e-05,2.5694e-05,0.14407,0.07631,2.6662
0,38.619211,0.58729685,-1.3134755,0.016030044,0.11414386,0.08860683,0.02553703,0.85791887,20.988241,1.0496634,0.23345592,0.14407067,1043.5344,4.0414278
0,0.4335308,0.5722069543852293,-1.767622980451272,0.02253161737198322,0,0,0,-5.80714367232583e-30,23.08385288725706,0,0,0.1440706666666666,-5.791081047235444e+34,-1.124533968752025e+31
1,0.48984,0.22006,-1.9153,0.01099,,,,,,,,,,
0,4.72611,0.78813,-0.501294,0.0167325,5.14667e-05,3.89161e-06,4.75751e-05,0.949411,31.7929,6.1866e-05,6.58972e-06,0.144071,0.0420863,2.50671
0,6.29908,0.493178,-0.887822,0.0111067,0.000928452,0.000838648,8.98046e-05,0.920989,19.8772,0.00834274,0.00142255,0.144071,3.88679,3.12652
0,49.76094,0.668083,-1.195223,0.009918713,0.04776978,0.04475162,0.003018155,0.9096652,25.66419,0.6030654,0.08260705,0.1440707,263.4849,3.700981
2,4.7029034,0.61359257,-1.4802217,0.015236281,-0.012788933,-0.012881268,9.2334849e-05,5.936841,25.069993,-0.15942774,0,0.14407067,1533.7695,4.3231578
0,14.5292,0.906632,-1.0061,0.0177588,0.00254815,0.00238511,0.000163043,0.954102,36.482,0.0436178,0.00406502,0.144071,31.4627,3.35761
1,0.36351,0.81206,-1.8983,0.013625,,,,,,,,,,
0,25.4544,0.272051,-1.17481,0.0199054,0.0181179,0.0177524,0.000365558,0.855185,10.7762,0.0974163,0.0316694,0.144071,90.5425,3.5921
0,12.14007,0.708541,-1.115596,0.01589453,0.01117814,0.01064609,0.0005320555,0.9368441,28.2643,0.1521529,0.01853661,0.1440707,101.3179,3.540756
0,6.61326,0.785975,-0.872554,0.021918,0.00039987,0.000349456,5.0414e-05,0.949054,31.695,0.00554021,0.00059249,0.144071,4.94331,3.12381
0,6.4674,0.818755,-0.81522,0.023745,0.00019455,0.000154552,3.99981e-05,0.951117,33.0236,0.00255242,0.000261864,0.144071,2.4608,3.03015
0,20.5352,0.258702,-1.12042,0.0227204,0.00809288,0.00793509,0.000157787,0.855464,10.352,0.0414073,0.0137963,0.144071,43.2355,3.49054
2,21.1219299,0.3770525195,-1.679877451,0.01837045716,-0.102884979,-0.2837002585,0.1808152795,-0.3456495092,16.77595432,-2.157678574,0,0.1440706667,-229077.0217,-42.92550358
0,51.964725,0.21235636,-1.5085337,0.022305091,0.34853406,0.34853291,1.1499816e-06,0.607727,5.5810017,1.4929121,2.0552145,0.14407067,4798.4623,5.0440254
2,15.719968,0.45166071,-1.4860201,0.014182589,-0.3273323,-1.1437806,0.81644827,7.3248318,24.185058,-10.420299,0,0.14407067,1291.9842,4.2731908
0,37.027009,0.65634362,-1.3363549,0.017731762,0.1338608,0.096601326,0.037259477,0.85037201,22.9337,1.2789087,0.28315166,0.14407067,1543.3823,4.1814787
0,31.7680646,0.3312240458,-1.7866026,0.01694742532,0.3358038528,0.2444033652,0.09140048769,1.559368265,8.875102467,1.632879774,0,0.1440706667,105807.2387,25.09530221
0,5.63186,0.357984,-0.566264,0.0212982,4.01011e-05,7.0434e-06,3.30577e-05,0.895046,14.4411,5.08594e-05,1.19266e-05,0.144071,0.0467145,2.57704
0,1.3658652,0.975053779587526,-1.804162927375033,0.01848344581816139,3.527475761582571e-05,3.521891363398424e-05,5.584398184147783e-08,-2.579571251171854e-07,39.33402743273153,0.0006926752914680823,0,0.1440706666666666,-3551983322001.873,-689737523.0356398
0,17.899,0.561057,-1.03123,0.0116685,0.00522261,0.00499887,0.000223744,0.92706,22.5158,0.0565723,0.00854378,0.144071,27.5983,3.37525
0,5.9013,0.20242,-0.58623,0.011887,6.3431e-05,1.6315e-05,4.7116e-05,0.82824,8.1655,6.6616e-05,2.7618e-05,0.14407,0.036891,2.5849
0,1.7081464,0.8732436333,-1.380556264,0.02488057865,0.03833098569,0.03829730943,3.367626318e-05,-0.004446428902,33.87787935,0.6745728567,0,0.1440706667,-769286.4434,-148.1869736
0,35.684125,0.21065232,-1.4205086,0.014777587,0.28000142,0.20542182,0.074579592,0.65280784,6.118614,0.87284675,1.0014159,0.14407067,1580.9678,4.2741672
0,31.1359725,0.715129757,-1.67473482,0.0171951356,0.628790615,0.438679701,0.190110914,0.612877372,10.7092477,6.32787016,0,0.144070667,77201.8562,19.4125378
0,41.58788,0.5093839,-1.281825,0.02384992,0.05596259,0.04807498,0.00788761,0.8875781,19.39946,0.4939574,0.1044942,0.1440707,620.868,3.901022
0,44.129151,0.76824102,-1.3595958,0.022835942,0.13088559,0.088900807,0.041984781,0.86113731,26.935783,1.3776166,0.29634663,0.14407067,2412.7563,4.3964953
0,5.56912,0.587722,-0.629507,0.0211761,5.28101e-05,1.59609e-05,3.68492e-05,0.93332,23.7085,0.000189214,2.70279e-05,0.144071,0.165717,2.70537
0,5.48438,0.398286,-0.573745,0.0200866,4.42584e-05,8.2215e-06,3.60369e-05,0.904649,16.0669,6.60498e-05,1.39216e-05,0.144071,0.0566088,2.59439
0,6.23894,0.282719,-0.908351,0.0219183,0.000591802,0.000553084,3.87183e-05,0.870384,11.3986,0.00315407,0.000938361,0.144071,3.07012,3.13477
0,13.4872176,0.319355993,-1.61064728,0.0161309024,0.000662135138,0.000607117555,5.50175833e-05,2.14240891,12.8748619,0.00391086686,0,0.144070667,11656.6478,6.52349339
0,51.171195,0.59449187,-1.3740138,0.01887885,0.17508605,0.12078723,0.054298822,0.81823228,19.783801,1.448412,0.43139345,0.14407067,2244.4996,4.3745263
0,6.33781,0.584412,-0.839843,0.0163285,0.000364904,0.00030828,5.66245e-05,0.932768,23.5676,0.00363404,0.000522471,0.144071,2.4569,3.0547
0,5.31939,0.380421,-0.569076,0.0155415,5.60385e-05,1.00072e-05,4.60313e-05,0.90061,15.346,7.679e-05,1.69455e-05,0.144071,0.0511496,2.58451
2,32.6151133,0.426190319,-1.61573805,0.0113122092,-2.06903833,-4.62312687,2.55408854,7.76510198,52.7668367,-39.7433584,0,0.144070667,14071.6798,7.00721886
0,6.49434,0.520626,-0.895268,0.0142397,0.000792985,0.000719731,7.32549e-05,0.9249,20.9863,0.00755825,0.00122093,0.144071,4.49645,3.14157
2,9.7443931,0.746981227,-1.54508701,0.0249959881,0.261871054,-0.0543125563,0.31618361,-0.503665866,22.243191,-0.818342492,0,0.144070667,-36903.1648,-5.64943726
0,86.5574508,0.938239849,-1.48274686,0.0186733989,0.382452025,0.248762583,0.133689443,0.680289811,23.3743607,4.70786609,1.76273574,0.144070667,12891.2102,6.64049757
0,34.75411,0.5279073,-1.237086,0.01012748,0.07656382,0.07126059,0.00530323,0.8763327,19.66617,0.7588086,0.1385179,0.1440707,358.8355,3.77723
0,18.5176,0.41292,-1.13553,0.012852,0.0173631,0.0168615,0.000501551,0.896744,16.3687,0.140439,0.029613,0.144071,79.1838,3.54372
2,34.8846116,0.644973152998,-1.83867864414,0.0175493782222,-0.901567869388,-1.19326381994,0.291695950555,-0.0961864706759,49.4776010221,-15.5239873758,0,0.144070666667,-18667610.4596,-3623.45680584
0,32.664511,0.46612911,-1.3487917,0.023439968,0.11824164,0.088013265,0.030228371,0.83962863,16.58101,0.82752197,0.25129979,0.14407067,1325.8983,4.1438794
0,5.88921,0.660998,-0.726437,0.0223732,8.91509e-05,5.24599e-05,3.6691e-05,0.940244,26.6635,0.000699443,8.8848e-05,0.144071,0.642525,2.87202
0,5.31832,0.392117,-0.52643,0.0203679,3.97122e-05,4.41541e-06,3.52968e-05,0.903297,15.8181,3.4923e-05,7.47657e-06,0.144071,0.0303955,2.51512
0,6.80897,0.822332,-0.93376,0.0135714,0.00134865,0.00123665,0.000111994,0.95057,33.1296,0.0205126,0.00210036,0.144071,11.3237,3.22885
2,1.3819769,0.84250647,-1.73758371,0.0221653299,0.0598518017,-0.0259772539,0.0858290556,14.9886401,31.9539631,-0.4414603,0,0.144070667,21115.627,8.5177383
0,38.055309,0.52152201,-1.359021,0.021609446,0.13179917,0.094778236,0.037020932,0.83824678,18.266191,0.99702589,0.31086279,0.14407067,1668.4985,4.2324455
2,11.344573,0.97789672,-1.4957413,0.012350682,0.073812703,-0.0013859619,0.075198665,3.1535379,36.538185,-0.027338171,0,0.14407067,5136.7161,5.1004165
0,34.597672,0.64968266,-1.4814585,0.010995936,0.15964816,0.01113166,0.1485165,1.6972549,22.025085,0.14587685,0,0.14407067,4788.8489,5.0149803
0,7.29116,0.709385,-0.979353,0.0195012,0.00164227,0.00154284,9.94315e-05,0.943085,28.5709,0.0220764,0.00262538,0.144071,17.6792,3.29856
1,0.24149,0.47058,-1.8496,0.011954,,,,,,,,,,
0,6.35071,0.520249,-0.770061,0.0182441,0.000157326,0.000112647,4.46791e-05,0.925255,20.9845,0.0011821,0.000190813,0.144071,0.899918,2.933
2,18.6746099,0.874843658,-1.62541143,0.0192345631,-33.3361486,-82.9842307,49.6480821,63.9204349,1211.81743,-1464.37124,0,0.144070667,44452.0688,12.9753734
0,26.3574,0.368917,-1.1386,0.0123853,0.0186842,0.0181962,0.000488054,0.886094,14.6047,0.135405,0.0319654,0.144071,74.3767,3.54264
2,44.9571148,0.296787062,-1.62641236,0.0217432738,0.602501234,-0.0218712895,0.624372524,0.667177435,4.75922147,-0.130931614,0,0.144070667,16942.3125,7.58486262
0,6.32403,0.555843,-0.790328,0.0212373,0.000165182,0.000125534,3.96482e-05,0.929695,22.42,0.00140747,0.000212661,0.144071,1.24143,2.96987
0,25.59901,0.765316,-1.446395,0.01670075,0.9574815,0.09658984,0.8608917,0.4681847,1.312724,1.491068,0,0.1440707,659.5069,4.076198
0,7.09319,0.857084,-0.965791,0.0148974,0.00182833,0.00169757,0.000130762,0.952134,34.5131,0.0293478,0.00288728,0.144071,17.7715,3.28529
0,0.788133,0.2208469514,-1.918179765,0.01107311248,0.04919446786,0.04919433934,1.28519581e-07,5.057808293,8.47107008,0.2191450733,0,0.1440706667,168757.3467,37.47475641
0,5.08116,0.559929,-0.521148,0.0145262,5.86441e-05,5.78484e-06,5.28593e-05,0.930239,22.5872,6.53356e-05,9.7956e-06,0.144071,0.0393811,2.52315
1,0.26406,0.64453,-1.9016,0.0089712,,,,,,,,,,
0,6.29075,0.290131,-0.812468,0.0213578,0.00019944,0.000165868,3.35715e-05,0.87351,11.7021,0.000970694,0.000281022,0.144071,0.916493,2.97635
0,14.30389,0.8103949,-1.11389,0.01294971,0.01349814,0.01276704,0.0007310976,0.941981,32.25149,0.2086951,0.02225874,0.1440707,112.4878,3.546592
0,61.073865,0.52906557,-1.3985322,0.0087235071,0.46803925,0.30021621,0.16782304,0.58559297,11.353879,3.2038252,1.2791822,0.14407067,2466.0918,4.446912
0,6.80522,0.940862,-0.946566,0.0101254,0.00212772,0.00195233,0.000175392,0.955916,37.8753,0.0370514,0.00331852,0.144071,15.175,3.25744
0,18.9466,0.224341,-1.07984,0.0122106,0.00900971,0.00883848,0.000171224,0.836962,8.96877,0.0399955,0.0152435,0.144071,22.7345,3.41296
0,4.94098,0.96141,-0.504582,0.0200824,4.35716e-05,3.38233e-06,4.01893e-05,0.958147,38.7833,6.55918e-05,5.72736e-06,0.144071,0.0530664,2.52191
0,6.51644,0.328873,-0.918213,0.0147411,0.000996724,0.000932989,6.37347e-05,0.886214,13.2541,0.00618913,0.00158364,0.144071,3.97956,3.15814
0,47.782948,0.88978017,-1.3028895,0.020838573,0.083278612,0.060661612,0.022617,0.89957234,32.906012,1.0887341,0.15675387,0.14407067,1361.9549,4.1063574
0,6.31831,0.978805,-0.869931,0.0130042,0.000659705,0.000569417,9.02874e-05,0.958458,39.4607,0.0112422,0.000965535,0.144071,5.89222,3.1304
0,50.44407,0.8436953,-1.182807,0.02261568,0.01855633,0.01704899,0.001507344,0.9404753,33.40459,0.2901412,0.03088896,0.1440707,282.8193,3.695958
0,89.7668481,0.810389234,-1.49767651,0.0213832224,0.38092474,0.248811173,0.132113566,0.67626355,20.2391504,4.06713616,1.86475448,0.144070667,13602.1775,6.79624396
0,24.245,0.449302,-1.06174,0.00981872,0.00904758,0.00874405,0.000303533,0.908828,17.9617,0.0792459,0.0150233,0.144071,33.2293,3.41639
0,6.19462,0.451256,-0.728431,0.0175601,0.000112264,6.85729e-05,4.36914e-05,0.914843,18.2024,0.000624166,0.000116138,0.144071,0.462511,2.85709
0,4.74414,0.760421,-0.527736,0.0218478,4.0556e-05,4.1859e-06,3.63701e-05,0.947672,30.6755,6.42048e-05,7.08806e-06,0.144071,0.0571355,2.54886
0,11.491232,0.76443482,-1.581046,0.011328598,0.0022597487,0.0022593235,4.2524216e-07,4.5174577,30.768982,0.034837265,0,0.14407067,9032.818,5.9712837
1,0.30146,0.92818,-1.8287,0.013605,,,,,,,,,,
0,5.16525,0.483866,-0.605925,0.0154585,6.51648e-05,1.61505e-05,4.90143e-05,0.92015,19.5188,0.000157629,2.73487e-05,0.144071,0.10222,2.65695
0,15.531184,0.82107316,-1.4284949,0.020504174,0.10290534,0.10266205,0.00024328502,2.5675435,29.71497,1.7002664,0,0.14407067,2163.0369,4.4112891
0,15.2618,0.290932,-1.08077,0.0149191,0.00750879,0.00733513,0.000173664,0.869293,11.6486,0.0430452,0.0126252,0.144071,28.769,3.42715
0,6.65614,0.833265,-0.919111,0.0104965,0.00145861,0.00132515,0.000133457,0.951105,33.5664,0.0222727,0.00224986,0.144071,9.49974,3.20482
0,35.846594,0.70769008,-1.350093,0.022362477,0.12851214,0.089028734,0.039483411,0.85809142,24.880529,1.2708622,0.267848,0.14407067,1979.5738,4.2927075
0,8.044895,0.70289571,-1.4707823,0.01283582,0.080385184,0.080103898,0.00028128604,4.5136569,26.076663,1.1357159,0,0.14407067,1858.7786,4.3867052
0,6.640912,0.7501624230712,-1.652784686072,0.02487675637835,0.03586210553135,0.02182859055034,0.01403351498101,-0.0001948627754634,29.17760392799,0.3302981726152,0,0.1440706666667,-499017130.6873,-96899.89383526
0,5.13401,0.759811,-0.600711,0.0118974,8.68809e-05,1.96249e-05,6.72559e-05,0.947603,30.6495,0.000300773,3.32328e-05,0.144071,0.145765,2.66998
0,50.09016,0.8708074,-1.180351,0.02467537,0.01658119,0.01520037,0.00138082,0.9431688,34.54743,0.266994,0.02743138,0.1440707,282.6019,3.69342
0,0.4709516,0.9275129259652553,-1.80035700251224,0.02017010862523814,0,0,0,-1.887422283205641e-65,37.4175318386588,0,0,0.1440706666666666,-4.397693350920326e+70,-8.539606883287613e+66
0,23.2642987,0.2301187757,-1.794745214,0.01708070641,0.9456659485,0.6564352726,0.2892306759,0.08594556827,0.5044049161,3.046976709,0,0.1440706667,121135.0013,28.08679896
0,6.93732,0.776573,-0.950039,0.0182363,0.00122387,0.0011338,9.00724e-05,0.947938,31.29,0.0177601,0.0019266,0.144071,13.2188,3.25344
0,25.893233,0.40951829,-1.4980858,0.0092379296,0.79121936,0.68547866,0.1057407,0.29697338,3.4492026,5.662294,0,0.14407067,5306.6048,5.1374225
0,5.49185,0.361829,-0.527827,0.0095858,8.31136e-05,9.55152e-06,7.35621e-05,0.896019,14.5956,6.97109e-05,1.61738e-05,0.144071,0.0287861,2.51372
0,6.5909382,0.47250294051,-1.4368791571,0.020591936957,0.70535529008,0.35153811195,0.35381717813,-0.00037463682578,5.6164038692,3.3504419825,0,0.14407066667,-3120507.8956,-604.7716542
0,34.108645,0.75336301,-1.3338256,0.01161252,0.18828173,0.134224,0.054057727,0.81906901,24.669752,2.0396687,0.41853786,0.14407067,1668.5638,4.2072648
2,27.536025,0.50644074,-1.4665869,0.0090236169,0.22983845,-0.30089283,0.53073128,1.6938867,15.73496,-3.0737295,0,0.14407067,2831.9236,4.5931126
1,0.25066,0.87157,-1.9066,0.016218,,,,,,,,,,
1,0.2787,0.38012,-1.933,0.016826,,,,,,,,,,
0,5.39256,0.285206,-0.692413,0.0131914,0.000107976,5.74779e-05,5.04983e-05,0.871664,11.5045,0.000330663,9.73388e-05,0.144071,0.193167,2.77616
0,43.84563,0.3995808,-1.222208,0.0148573,0.04309254,0.04146874,0.0016238,0.877487,15.42516,0.334234,0.07799517,0.1440707,232.1849,3.71539
0,5.20634,0.75201,-0.609291,0.00880747,0.000120501,2.95973e-05,9.09038e-05,0.947067,30.3338,0.000448953,5.01228e-05,0.144071,0.161165,2.68372
0,17.2200615,0.917919765,-1.69044723,0.00893807734,0.297348942,0.20280438,0.094544562,1.66845955,26.0195387,3.75497649,0,0.144070667,84309.6067,20.8129854
0,5.00699,0.530297,-0.524858,0.0244052,3.48115e-05,3.6113e-06,3.12002e-05,0.926644,21.3924,3.86285e-05,6.11502e-06,0.144071,0.0392702,2.52671
0,50.109554,0.61845132,-1.3782374,0.012128892,0.26539778,0.1821044,0.083293382,0.75477388,18.327909,2.2717008,0.70890706,0.14407067,2379.8185,4.4080347
0,4.8504481,0.3680332358677821,-1.837030529317957,0.01478299744678342,0.06241782152293912,0.06154113322327259,0.0008766882996665282,-2.4929121753158e-08,13.92039471685841,0.4568542819266498,0,0.1440706666666666,-19840140227027.27,-3852633289.643747
0,4.84001,0.796122,-0.520985,0.0177963,4.95226e-05,4.71196e-06,4.48106e-05,0.949894,32.1154,7.5667e-05,7.9789e-06,0.144071,0.0547202,2.53989
0,26.9461,0.801669,-1.04305,0.020603,0.00348102,0.00329296,0.000188065,0.947998,32.2282,0.0532484,0.00563216,0.144071,44.9647,3.41553
0,28.447,0.994198,-1.053,0.0176017,0.00466703,0.00437146,0.000295571,0.956453,39.9206,0.0876648,0.00749074,0.144071,62.7264,3.44603
1,0.45926,0.64389,-1.9923,0.020462,,,,,,,,,,
0,50.481,0.6406152,-1.18865,0.01141585,0.03817569,0.03601562,0.00216007,0.9136798,24.85697,0.465386,0.06596295,0.1440707,233.5069,3.682381
1,0.50571,0.89541,-1.8143,0.010033,,,,,,,,,,
0,4.3022507,0.49966643148026,-1.8658548036031,0.0230896385803,0.66041967057031,0.63020883844663,0.030210832123686,-0.00011786255871156,6.8450695497313,6.3516978990912,0,0.14407066666667,-2988111632.4782,-580241.5349763
0,7.01689,0.823574,-0.946531,0.00859846,0.00248967,0.00229754,0.000192135,0.949899,33.1417,0.0381672,0.00390607,0.144071,13.3566,3.2505
0,4.80698,0.672286,-0.557113,0.0131309,7.00834e-05,1.01572e-05,5.99262e-05,0.9412,27.1193,0.000137737,1.71996e-05,0.144071,0.0741732,2.59165
0,8.844604,0.73437247,-1.5521675,0.01124322,0.0033345289,0.00025410236,0.0030804265,3.7209063,29.527112,0.0037640056,0,0.14407067,7262.391,5.5874078
2,38.20499,0.60653288,-1.5752156,0.0093974445,-3.7798114,-6.4775373,2.6977259,25.263015,116.9554,-79.248206,0,0.14407067,5696.5916,5.2939253
2,8.8899664,0.22850899242,-1.7096642234,0.022204743154,0.44804756571,-0.08991028326,0.53795784897,-0.011792982123,5.088152444,-0.4144172569,0,0.14407066667,-2985593.0066,-578.29831596
0,6.08279,0.314425,-0.612591,0.0205219,4.65814e-05,1.32537e-05,3.33278e-05,0.882218,12.6839,8.4058e-05,2.24429e-05,0.144071,0.0754761,2.64802
2,11.2060876,0.56106361,-1.6988033,0.0227402279,-0.276683113,-0.276683269,1.56218566e-07,6.22004147,28.8968419,-3.1312675,0,0.144070667,27961.7395,9.82279129
2,3.36399,0.932348,-1.42584,0.015589,0.291019,-0.0112863,0.302305,71.1095,26.6666,-0.212254,0,0.144071,67.738,3.82379
0,6.12747,0.629061,-0.739562,0.0187941,0.000117618,7.3915e-05,4.37032e-05,0.937384,25.3745,0.000937888,0.00012519,0.144071,0.725956,2.89143
0,6.45011,0.583612,-0.906773,0.0231593,0.000562079,0.000512942,4.91372e-05,0.932556,23.5307,0.00603835,0.000870256,0.144071,5.79656,3.16638
0,5.02997,0.584084,-0.546911,0.0097143,9.1761e-05,1.20431e-05,7.97179e-05,0.932908,23.5608,0.000141886,2.03933e-05,0.144071,0.057028,2.56794
0,36.847818,0.55698679,-1.3501123,0.023934727,0.11792383,0.08481858,0.033105247,0.85178973,19.820114,0.95293014,0.25031517,0.14407067,1589.0104,4.2055933
2,0.7964046,0.9692756558,-1.719331544,0.008576818766,0.003239566079,0.003239566079,-7.41594286e-17,-1.688246796,38.97564059,0.06333726683,0,0.1440706667,-180875.6411,-33.51398449
0,23.417232,0.61799519,-1.5454557,0.012079983,0.020870875,0.015469284,0.0054015904,2.2615976,24.4107,0.19283261,0,0.14407067,9062.1348,5.9415528
0,29.421113,0.37805805,-1.3539558,0.010043688,0.24317,0.19110264,0.052067358,0.7375497,11.542822,1.4573046,0.62670537,0.14407067,1122.8317,4.1010696
0,5.47426,0.950192,-0.678093,0.0227133,6.45205e-05,2.77734e-05,3.67471e-05,0.95766,38.33,0.000532311,4.7034e-05,0.144071,0.487367,2.80944
0,12.54601,0.9744093,-1.104296,0.02050327,0.0076581,0.007166798,0.0004913015,0.9537075,39.00838,0.1408613,0.01242861,0.1440707,118.8025,3.541032
0,40.39018,0.4696983,-1.24993,0.0200253,0.04563648,0.04236855,0.003267938,0.8885236,18.08373,0.4014096,0.08261856,0.1440707,383.8071,3.79838
0,32.605521,0.46296929,-1.4988938,0.018165081,0.58954813,0.54429755,0.045250587,0.69541709,7.6660136,5.0829253,0,0.14407067,5089.1688,5.0938582
0,1.7078915,0.47486453,-1.5449603,0.013873741,0.022798635,0.021227973,0.0015706618,8.89812,18.720134,0.20333093,0,0.14407067,1755.145,4.4378115
0,19.5737192,0.220429174,-1.69550567,0.0223709419,0.18057896,0.115486084,0.0650928754,1.29570967,7.28670772,0.513480434,0,0.144070667,32444.0492,10.697525
0,13.0313,0.490738,-1.04418,0.0204031,0.00350349,0.00337203,0.000131455,0.918989,19.7279,0.0333785,0.00576992,0.144071,28.8055,3.39063
0,8.55092,0.579362,-1.00428,0.0202146,0.00215071,0.00204708,0.00010363,0.931078,23.3222,0.0239227,0.00348863,0.144071,20.1345,3.33065
0,31.3590085,0.458053057,-1.769856768,0.02490528728,0.8296323473,0.5827021387,0.2469302086,0.2851711275,3.14816939,5.383783269,0,0.1440706667,165511.2494,36.69509601
2,14.7596078,0.943429759,-1.62686416,0.0249147688,0.223618232,-0.0598387596,0.283456991,1.7749959,29.5488148,-1.13872098,0,0.144070667,39768.6781,12.0616671
0,6.39494,0.411287,-0.883104,0.0206051,0.00047037,0.0004256,4.47698e-05,0.907115,16.5843,0.00353079,0.000721702,0.144071,3.09887,3.11001
0,62.6347488,0.2654597702,-1.776584771,0.01427059313,0.8677399708,0.5906875533,0.2770524175,0.2111257658,1.416388834,3.162872639,0,0.1440706667,109659.9481,25.83525573
0,6.67421,0.506729,-0.948349,0.0204255,0.00105493,0.00099074,6.41941e-05,0.922844,20.4208,0.0101265,0.00168317,0.144071,8.67125,3.22921
0,54.399972,0.21334942,-1.5071729,0.016102256,0.44574407,0.44574248,1.5920941e-06,0.53703711,4.7704239,1.9182299,2.7975828,0.14407067,4560.9959,4.9939445
2,1.0855854,0.54521488,-1.80147,0.0091247684,-0.019420314,-0.019420329,1.4997402e-08,364.03819,22.422093,-0.21357453,0,0.14407067,1385.9806,4.6105019
0,33.05807,0.5715567,-1.167014,0.0133807,0.02482699,0.02375261,0.001074384,0.9155906,22.48517,0.2738393,0.04262199,0.1440707,159.6411,3.626861
2,43.2756162,0.5888227426737145,-1.630964687366907,0.02005353677565888,-735.7951902142618,-738.021683860348,2.226493646086283,-1.52031136287889e-05,17501.95343785929,-8765.543884249626,0,0.1440706666666666,-2898858496228.946,-562911280.1487477
0,6.06162,0.776022,-0.72721,0.0241186,8.41271e-05,4.91492e-05,3.49779e-05,0.948642,31.3035,0.000769336,8.32412e-05,0.144071,0.755125,2.88111
0,0.4445818,0.5321305451741498,-1.93960399714207,0.0126348282703679,0,0,0,-2.114865835028206e-16,21.46709879612231,0,0,0.1440706666666666,-1.346763170379118e+22,-2.615195540526021e+18
0,16.3200539,0.302022736,-1.75697272,0.0186065386,0.935658811,0.895372575,0.0402862357,0.12843949,0.78394192,5.45467144,0,0.144070667,77550.9889,19.5628034
0,4.90876,0.649294,-0.546336,0.0148323,6.06502e-05,7.82963e-06,5.28206e-05,0.939252,26.1921,0.000102543,1.32582e-05,0.144071,0.0625054,2.57208
0,48.367215,0.7355538651,-1.741288552,0.02270443939,0.9076918797,0.6170344124,0.2906574673,0.1412809658,2.739110518,9.154803732,40.13845231,0.1440706667,201388.4847,43.64338577
0,25.2698664,0.225379051,-1.7310983,0.00910596944,0.996593972,0.733653984,0.262939989,0.00559036142,0.0309682656,3.33526232,0,0.144070667,50482.3956,14.2585884
2,15.7420463,0.6488072193,-1.510265934,0.01093964772,-2.288288733,-2.829660637,0.5413719046,-0.2276172829,86.06781627,-37.031832,0,0.1440706667,-202021.2837,-37.83487179
0,5.11132,0.526348,-0.515251,0.0167554,5.0013e-05,4.64937e-06,4.53637e-05,0.926125,21.2328,4.9362e-05,7.87284e-06,0.144071,0.0344715,2.51041
0,15.4129154,0.2248884149,-1.690210735,0.02141415236,0.045940834,0.02106074389,0.02488009011,-0.2057674554,8.655607566,0.09553575953,0,0.1440706667,-226722.5782,-42.45744473
2,19.0104923,0.486212899,-1.66655501,0.0102141082,-0.121945257,-0.205179938,0.0832346805,-7.82713678,22.0066182,-2.01227133,0,0.144070667,-11183.0974,-0.472204308
0,5.00183,0.704262,-0.573437,0.0118655,8.06455e-05,1.38624e-05,6.6783e-05,0.94371,28.4089,0.000196924,2.34742e-05,0.144071,0.0955719,2.621
0,6.25072,0.703737,-0.744591,0.0216093,0.0001074,6.85745e-05,3.88255e-05,0.943654,28.387,0.000973415,0.000116147,0.144071,0.860582,2.90523
1,0.29634,0.59098,-1.9588,0.020705,,,,,,,,,,
0,6.31746,0.811244,-0.835563,0.0185254,0.000310859,0.000257197,5.36616e-05,0.950612,32.7169,0.00420865,0.000435874,0.144071,3.16762,3.06361
0,29.4075411,0.4607037165,-1.766631001,0.01251915334,0.6944442182,0.22028682,0.4741573982,0.5437950175,5.678941407,2.047082756,0,0.1440706667,150214.6805,33.71654203
0,10.644053,0.81164745,-1.5106728,0.0101205,0.0029858472,0.0029623097,2.3537494e-05,3.4104787,32.645545,0.048497914,0,0.14407067,5140.9057,5.1162034
0,5.2472,0.410392,-0.505977,0.0220969,3.60423e-05,3.12962e-06,3.29127e-05,0.907205,16.5553,2.59069e-05,5.29934e-06,0.144071,0.024357,2.48329
0,2.4079828,0.2446091898,-1.891985494,0.01030875726,0.1361630332,0.1189541478,0.01720888541,5.11042311,8.524319526,0.5869181361,0,0.1440706667,120051.1487,27.97311084
0,5.67182,0.275688,-0.531503,0.0169899,4.37603e-05,5.6498e-06,3.81105e-05,0.86786,11.1212,3.14178e-05,9.56661e-06,0.144071,0.0237406,2.5075
0,36.56854,0.2712087,-1.264332,0.01671107,0.06162768,0.05972919,0.001898488,0.8275969,10.26677,0.3267499,0.1191214,0.1440707,281.4794,3.776978
0,5.08412,0.46573,-0.555774,0.0108772,8.06847e-05,1.20526e-05,6.86321e-05,0.917289,18.7869,0.000113224,2.04092e-05,0.144071,0.0518238,2.57188
0,41.24408,0.701636,-1.166652,0.01538764,0.0217905,0.02057708,0.00121342,0.9294072,27.68847,0.2912197,0.0368911,0.1440707,192.763,3.642618
0,49.80696,0.8321957,-1.234719,0.02402729,0.03419472,0.0291086,0.005086117,0.92948,32.42427,0.4886208,0.05663627,0.1440707,541.0868,3.831356
0,45.4063744,0.766088928,-1.733842316,0.01817113202,0.8380780721,0.5447517793,0.2933262928,0.2648613506,5.004261755,8.417885489,45.57755225,0.1440706667,178357.6485,39.15748473
0,45.49708,0.9615645,-1.241335,0.02262869,0.04035145,0.032717,0.007634451,0.9314397,37.22595,0.6345663,0.06547056,0.1440707,674.8915,3.875309
0,6.44702,0.509266,-0.842975,0.0222616,0.000275692,0.000235406,4.02867e-05,0.923693,20.539,0.00241817,0.000398954,0.144071,2.25097,3.05329
0,6.37635,0.470417,-0.870188,0.0111097,0.000752653,0.000668711,8.39419e-05,0.917618,18.9632,0.00634523,0.00113391,0.144071,2.96736,3.09484
0,0.8016315,0.99422623868,-1.8444850933,0.014635260333,0.19189895686,0.14197420149,0.049924755369,-0.92126012113,32.412016697,2.8472121329,0,0.14407066667,-1375652.7761,-265.49941174
2,11.14733,0.5789896,-1.434773,0.01081634,-0.002726077,-0.006989924,0.004263848,4.937437,23.42115,-0.08163349,0,0.1440707,961.0253,4.142471
0,8.9501189,0.49833382,-1.4789354,0.016224177,0.039849199,0.039489345,0.0003598544,3.3828937,19.302563,0.39694054,0,0.14407067,2038.5093,4.4345017
0,0.4955483,0.3317436226339,-1.962536358372,0.01792515440769,0,0,0,-0.002438844200816,13.38313161432,0,0,0.1440706666667,-977465243.1306,-189806.4783915
0,5.84322,0.313047,-0.711319,0.0164657,0.000100723,5.87031e-05,4.20194e-05,0.881728,12.6276,0.000370678,9.94167e-05,0.144071,0.267218,2.81175
1,0.33278,0.80024,-1.8173,0.024248,,,,,,,,,,
0,41.7144141,0.296247196,-1.61661258,0.00981384803,0.408355579,0.105183365,0.303172214,0.907055471,7.07082663,0.628530677,0,0.144070667,16324.764,7.45323706
0,54.985909,0.20254305,-1.4511476,0.022965185,0.26642279,0.18051508,0.085907709,0.65839875,5.9940223,0.73748978,0.95513717,0.14407067,2276.1578,4.4585272
0,6.28326,0.734344,-0.895196,0.0155595,0.000733989,0.000658073,7.59161e-05,0.945467,29.603,0.00974763,0.00111633,0.144071,6.19893,3.15833
0,4.53849,0.966761,-0.567412,0.0157725,6.11211e-05,9.65197e-06,5.14691e-05,0.958357,38.9985,0.000188218,1.63442e-05,0.144071,0.11957,2.62649
0,52.44912,0.9522573,-1.184347,0.02206592,0.01973974,0.017798,0.001941737,0.9448081,37.65745,0.3418619,0.03229079,0.1440707,323.702,3.712374
0,46.039503,0.3817794,-1.3902494,0.01206488,0.29180698,0.21029194,0.081515038,0.70345157,10.907351,1.6194229,0.83156355,0.14407067,1773.1312,4.2871171
0,20.5560185,0.319618271,-1.74527632,0.0162101302,0.487789905,0.332419038,0.155370867,1.83555552,6.60442325,2.14310109,0,0.144070667,39338.8485,12.096055
0,14.5207,0.954207,-0.983626,0.0183884,0.00186067,0.00172853,0.000132146,0.956661,38.4228,0.0332693,0.00294137,0.144071,24.7607,3.32152
0,6.13109,0.534284,-0.765229,0.0229085,0.000119843,8.43149e-05,3.55285e-05,0.927097,21.5514,0.000908662,0.000142816,0.144071,0.866884,2.92624
0,4.90208,0.565939,-0.504546,0.0170742,4.89434e-05,3.97645e-06,4.4967e-05,0.930935,22.8299,4.53931e-05,6.73336e-06,0.144071,0.0321361,2.4961
0,6.39384,0.625917,-0.872222,0.0148071,0.000584426,0.000515036,6.93905e-05,0.93679,25.2359,0.00650249,0.000873291,0.144071,3.97047,3.11203
0,47.326186,0.26237504,-1.3951655,0.024474489,0.15567752,0.11642562,0.0392519,0.76288556,8.9368823,0.6161639,0.43664558,0.14407067,1426.9431,4.2136482
0,18.2228,0.296672,-1.08117,0.0217152,0.00518897,0.00506726,0.000121705,0.872862,11.9062,0.0303233,0.00871892,0.144071,29.4368,3.42886
0,6.11427,0.532645,-0.807192,0.0206219,0.000201905,0.000160531,4.13737e-05,0.926837,21.4835,0.00172474,0.000271979,0.144071,1.48184,2.99587
0,5.43687,0.968018,-0.689388,0.0161124,9.76199e-05,4.5263e-05,5.23569e-05,0.958385,39.0478,0.000883796,7.66549e-05,0.144071,0.57358,2.82913
0,6.9936,0.43335,-0.98623,0.00877927,0.00391143,0.00373794,0.000173495,0.909232,17.4137,0.0326735,0.00637032,0.144071,12.2088,3.28536
0,0.3139089,0.7095444190339126,-1.977962076619941,0.01525821608552386,0,0,0,-4.28371267040129e-279,28.62429206850604,0,0,0.1440706666666666,-1.451087453455863e+285,-2.817776369785016e+281
0,22.8859,0.378687,-1.0754,0.0204446,0.00515179,0.00500434,0.000147451,0.896996,15.1982,0.0382255,0.00859936,0.144071,33.9535,3.4313
0,5.45564,0.698821,-0.640965,0.0204049,5.83634e-05,1.91901e-05,3.91733e-05,0.943312,28.19,0.0002705,3.24967e-05,0.144071,0.225867,2.73275
0,41.2528,0.2196575,-1.349813,0.01815082,0.1288353,0.1144154,0.01441987,0.7601118,7.719717,0.506939,0.3288123,0.1440707,690.8844,3.988096
0,35.466254,0.68594354,-1.3190628,0.011625098,0.16339945,0.12201289,0.041386555,0.83233275,23.15057,1.688182,0.3458688,0.14407067,1274.706,4.1021866
1,0.26211,0.62686,-1.8692,0.018756,,,,,,,,,,
0,11.1149,0.674772,-1.00604,0.0176475,0.00253096,0.00239755,0.000133416,0.939816,27.1526,0.0326324,0.00408722,0.144071,23.7529,3.3416
0,37.436919,0.57794772,-1.318768,0.011718308,0.15811794,0.12252858,0.03558936,0.82684577,19.628855,1.4284042,0.34182069,0.14407067,1083.8546,4.0564977
0,49.1476,0.61565,-1.262386,0.01466367,0.07337383,0.06326368,0.01011015,0.8879964,23.01408,0.7856217,0.1324022,0.1440707,573.532,3.868316
0,6.39018,0.586989,-0.854881,0.012439,0.00056787,0.000490777,7.70932e-05,0.932912,23.6667,0.00581084,0.00083197,0.144071,2.99247,3.07997
0,17.8905953,0.8115125542,-1.736095831,0.01673992348,0.779169944,0.272082865,0.507087079,0.5368594867,7.229505486,4.45370662,0,0.1440706667,130854.7172,29.91952648
0,56.430947,0.52580082,-1.3888542,0.010541872,0.35636321,0.24953201,0.10683121,0.67463171,13.65266,2.6465048,0.93479837,0.14407067,2273.1261,4.3955767
2,1.1121965,0.3549832467,-1.760405136,0.01494837482,0.733364005,-0.06713322036,0.8004972254,-0.1281817831,3.818403336,-0.4806960001,0,0.1440706667,-395553.3403,-75.20004211
0,53.35786,0.7395662,-1.183178,0.0140615,0.02947414,0.02750224,0.001971895,0.9270586,28.95605,0.4102706,0.04991692,0.1440707,249.89,3.683573
2,14.3310378,0.280869558,-1.52669252,0.0216264113,-1.42486189,-1.50432446,0.0794625763,-0.482979901,27.4755784,-8.52258535,0,0.144070667,-37533.0803,-5.79102079
2,27.380019,0.64933605,-1.4940403,0.023906936,0.5736349,-0.11615394,0.68978884,0.85099217,11.168795,-1.5213483,0,0.14407067,5692.8315,5.2119858
0,6.04235,0.336407,-0.788145,0.0218683,0.000152281,0.000118545,3.37359e-05,0.888993,13.5692,0.000804399,0.000200815,0.144071,0.764018,2.94265
0,6.13001,0.254156,-0.810628,0.0178663,0.000231464,0.000193652,3.78127e-05,0.85814,10.2507,0.000992765,0.000328093,0.144071,0.798116,2.96738
0,6.49334,0.252505,-0.944858,0.0222714,0.000909801,0.000868958,4.08425e-05,0.856931,10.1772,0.00442583,0.00147598,0.144071,4.44987,3.19062
0,68.2071424,0.54707023,-1.53994533,0.0245469871,0.584786627,0.472088492,0.112698135,0.494271011,9.16367297,5.20944751,0,0.144070667,14502.1006,7.01655499
0,44.50336,0.4418571,-1.241233,0.02368853,0.03431174,0.03239373,0.001918007,0.891289,17.21369,0.2887141,0.06245997,0.1440707,325.7111,3.769968
1,0.53029,0.56959,-1.9758,0.014097,,,,,,,,,,
0,40.721551,0.20846908,-1.5875183,0.0083792474,0.49314263,0.34878321,0.14435942,0.72480141,4.2626785,1.4666362,0,0.14407067,8475.6574,5.8662932
0,0.7994059,0.8385901792,-1.889850804,0.02064791099,2.591987745e-05,2.408301859e-05,1.836858863e-06,-2.803416436,33.82935217,0.0004073670174,0,0.1440706667,-845008.8744,-162.3865704
0,7.5009,0.20575,-1.012,0.010663,0.0048508,0.0042755,0.00057528,0.82789,8.2602,0.017744,0.0073039,0.14407,8.857,3.294
0,0.7309022,0.445822993483,-1.80394066581,0.0091172795418,0.00217262500659,0.0021726103888,1.46177861486e-08,-0.0305750651354,17.9462223483,0.0195375222663,0,0.144070666667,-13633765.1571,-2645.98432275
0,34.73447,0.4231442,-1.156236,0.009609553,0.02983784,0.02894021,0.0008976296,0.8907878,16.56105,0.2470104,0.05167535,0.1440707,105.2295,3.584102
0,6.40245,0.730271,-0.773785,0.0175119,0.000172748,0.000123104,4.96438e-05,0.945545,29.4554,0.00181335,0.000208532,0.144071,1.29666,2.95557
1,0.25566,0.79014,-1.8711,0.013392,,,,,,,,,,
0,12.7320975,0.473560456,-1.55151665,0.0108355807,0.0128459349,0.0108260524,0.0020198825,-0.94650346,18.8588643,0.10341195,0,0.144070667,-18082.971,-1.95177889
2,14.5313028,0.544684272,-1.60306673,0.01260386,-0.0634474211,-1.35582766,1.29238023,2.56666661,23.367703,-14.8961657,0,0.144070667,16021.1016,7.37976011
0,11.105056,0.76159577,-1.5374043,0.012021463,0.83806019,0.15650029,0.6815599,0.535762,4.975461,2.4041681,0,0.14407067,7030.9362,5.5260356
0,5.90583,0.461409,-0.619753,0.0219667,0.000351861,1.35674e-05,0.000338294,0.916575,18.6075,0.000126272,2.2987e-05,0.144071,0.116843,2.67765
0,45.51406,0.4211965,-1.245524,0.02448468,0.03498669,0.03307758,0.001909117,0.8870378,16.39733,0.2810241,0.06385328,0.1440707,329.417,3.77556
0,6.3527,0.606279,-0.889043,0.0150609,0.00069975,0.000628281,7.1469e-05,0.934813,24.4412,0.00768336,0.00106565,0.144071,4.78302,3.13858
1,0.24996,0.99013,-1.9125,0.014344,,,,,,,,,,
0,6.07663,0.30605,-0.791827,0.0239244,0.000143547,0.000113604,2.99428e-05,0.879324,12.3448,0.000701314,0.000192447,0.144071,0.73676,2.94446
0,33.96362,0.2925976,-1.359304,0.02105544,0.1266756,0.1021107,0.02456486,0.7938693,10.30864,0.6026527,0.3202059,0.1440707,997.8918,4.076096
1,0.25891,0.49323,-1.8562,0.010219,,,,,,,,,,
2,26.1282987,0.3945798842427051,-1.913273707731841,0.02464027228543815,-4801.495653058309,-11284.96586374401,6483.470210685698,-0.0002060377142856468,76446.40864917662,-89817.37562452599,0,0.1440706666666666,-35101766217122.92,-6816193409.765443
0,7.31047,0.281951,-1.03951,0.0124221,0.00535143,0.005212,0.000139427,0.867142,11.3135,0.0296417,0.00892561,0.144071,16.4884,3.35491
0,37.018722,0.66725697,-1.3170849,0.015231288,0.1238427,0.093075095,0.030767608,0.85837841,23.584701,1.2527136,0.25735809,0.14407067,1227.6184,4.089131
0,6.09002,0.360778,-0.767609,0.0147119,0.000185789,0.000135362,5.04273e-05,0.895683,14.5517,0.00098506,0.000229288,0.144071,0.624666,2.91174
0,56.217008,0.29597978,-1.4160452,0.013799385,0.32255234,0.22833425,0.094218089,0.65902042,8.088965,1.3631959,1.0126503,0.14407067,1955.0175,4.3532499
0,4.90067,0.853163,-0.544154,0.0129538,7.07468e-05,8.71722e-06,6.20296e-05,0.953072,34.4157,0.000150015,1.47613e-05,0.144071,0.0787027,2.58174
0,53.98361,0.9855978,-1.228064,0.01980394,0.03913107,0.03251259,0.006618471,0.9332322,38.2049,0.646363,0.06308489,0.1440707,582.9665,3.836665
0,4.78327,0.82955,-0.564887,0.00904363,0.000105135,1.62959e-05,8.88386e-05,0.951779,33.462,0.000272676,2.75954e-05,0.144071,0.100008,2.61479
0,53.417963,0.82053518,-1.3594014,0.014830341,0.18649661,0.12667727,0.059819346,0.82587812,26.928474,2.0966264,0.45518047,0.14407067,2508.8105,4.416959
0,17.7590975,0.587734888,-1.73807362,0.0155327527,0.689539853,0.596875279,0.0926645737,1.03114975,7.36109625,7.07603926,0,0.144070667,71153.3159,18.2971561
0,26.2274,0.997976,-1.06377,0.0242005,0.00389351,0.00364728,0.000246234,0.957105,40.1034,0.07342,0.00625639,0.144071,72.3114,3.46596
0,6.28989,0.989988,-0.845559,0.0134194,0.000483893,0.000403631,8.02616e-05,0.959018,39.9185,0.00806009,0.000684158,0.144071,4.35588,3.0902
0,6.2241,0.22758,-0.60046,0.012944,6.4122e-05,1.7982e-05,4.614e-05,0.84427,9.1803,8.2546e-05,3.0449e-05,0.14407,0.048848,2.6135
0,0.8533214,0.669576017,-1.86927013,0.0239006629,0.0290695389,0.0256332224,0.00343631651,15.0827227,26.2266718,0.346200958,0,0.144070667,93478.2312,22.7775107
0,38.064069,0.78747276,-1.400656,0.022971975,0.077821471,0.051230763,0.026590709,1.6207807,29.295824,0.813751,0,0.14407067,2362.5972,4.4267359
0,6.46168,0.572584,-0.720955,0.00897845,0.000211361,0.000121831,8.95301e-05,0.931577,23.0942,0.00140709,0.000206346,0.144071,0.523503,2.85599
0,5.04678,0.604963,-0.586534,0.0134367,7.2447e-05,1.44842e-05,5.79628e-05,0.935084,24.4035,0.000176745,2.45271e-05,0.144071,0.0980338,2.63541
0,41.159071,0.33584897,-1.5430169,0.023825113,0.12823964,0.060463872,0.067775767,1.4131577,11.811262,0.4096049,0,0.14407067,6800.9022,5.48527
0,43.39565,0.2510825,-1.226442,0.01401866,0.04733544,0.04634743,0.0009880152,0.8276051,9.64965,0.2347293,0.08728136,0.1440707,162.6124,3.687814
0,6.36819,0.431833,-0.749352,0.0119009,0.00019693,0.000132363,6.45668e-05,0.911302,17.4175,0.00115295,0.000224197,0.144071,0.58126,2.88977
0,18.1307896,0.872650051,-1.60308695,0.0192356886,0.157354151,0.152388023,0.00496612776,1.85268587,29.664728,2.68235419,0,0.144070667,28183.6468,9.77057189
0,5.10146,0.528699,-0.574031,0.0109454,8.48672e-05,1.51427e-05,6.97245e-05,0.926407,21.3268,0.000161487,2.56422e-05,0.144071,0.0736458,2.6082
0,19.3186177,0.243469275,-1.826053903,0.01079949767,0.8688779988,0.6664036778,0.202474321,0.2387484223,1.287878513,3.272703932,0,0.1440706667,166456.9901,36.93523339
0,8.659034,0.377178,-1.165663,0.02174744,0.01491083,0.01450172,0.0004091059,0.8904798,14.98915,0.1103294,0.02577302,0.1440707,107.5385,3.595092
0,9.3566027,0.63077907,-1.5790144,0.018208333,0.05874224,0.058727087,1.5153413e-05,4.0424691,23.951957,0.74720695,0,0.14407067,7655.3609,5.6932707
0,6.82458,0.585053,-0.974335,0.0232377,0.00128619,0.00121445,7.17326e-05,0.932246,23.5717,0.0143318,0.00206571,0.144071,13.8345,3.2802
0,17.2653,0.631484,-1.0301,0.0131313,0.00459313,0.00437881,0.000214323,0.934728,25.3582,0.0557755,0.00748235,0.144071,30.382,3.3796
0,21.6447,0.725375,-1.09633,0.0129686,0.010758,0.010244,0.000514091,0.93834,28.9481,0.149884,0.0177382,0.144071,80.8909,3.50595
2,16.209136,0.73392341,-1.5883838,0.021785574,-0.11549512,-0.12312742,0.007632308,-6.2292656,33.027338,-1.8227651,0,0.14407067,-7726.3532,0.13986763
0,0.4606871,0.8007523114087352,-1.820328090250284,0.0119611156858613,0,0,0,-2.202936789648662e-10,32.30378172448063,0,0,0.1440706666666666,-4204146546682921,-816377039587.5538
0,6.3117,0.23911,-0.90304,0.023283,0.00051935,0.00048639,3.2966e-05,0.85038,9.6411,0.0023459,0.00082507,0.14407,2.4824,3.1184
0,43.661757,0.41361204,-1.4345538,0.022176794,0.21317158,0.21317017,1.40662e-06,0.76626883,13.128901,1.7784628,0.79922559,0.14407067,3461.4071,4.6936285
0,6.10655,0.485851,-0.737988,0.0198013,0.000108329,6.87521e-05,3.95768e-05,0.920422,19.598,0.000673774,0.000116444,0.144071,0.559595,2.87645
0,5.00278,0.855277,-0.620191,0.0195628,5.68025e-05,1.53286e-05,4.14739e-05,0.953191,34.5014,0.000264444,2.59572e-05,0.144071,0.2095,2.70811
0,47.6494636,0.8653002767,-1.710356358,0.0152371432,0.947681014,0.6612481792,0.2864328348,0.08762812011,1.826338721,11.54134709,40.1989112,0.1440706667,145510.0531,32.74507007
0,1.3873327,0.831861534,-1.76772734,0.0190012688,0.146968146,0.0540278727,0.0929402735,12.5870335,28.6267113,0.90655484,0,0.144070667,33177.5363,10.9133267
1,0.25875,0.95692,-1.977,0.011034,,,,,,,,,,
0,7.07476,0.405506,-1.00115,0.0131691,0.00314049,0.00301677,0.00012373,0.904234,16.3075,0.0246754,0.00514365,0.144071,13.9242,3.30736
0,41.0024891,0.90984350256477,-1.4289750715957,0.024046848268712,0.28525405798135,0.10434734974284,0.18090670823851,-3.0337529516757e-06,26.234546576239,1.9150199014801,0,0.14407066666667,-1626216109.271,-315783.92917328
0,17.7080778,0.726019979,-1.70001967,0.0108486908,0.220389841,0.0731848949,0.147204946,1.75027613,22.8339596,1.0717542,0,0.144070667,79756.6967,19.9356041
0,13.5746014,0.555568651,-1.61091644,0.0247729403,0.649836328,0.0395695607,0.610266767,0.94145416,7.8480902,0.44342904,0,0.144070667,16225.5639,7.42796469
0,6.59724,0.669523,-0.871788,0.0215535,0.000400528,0.000351893,4.86351e-05,0.940759,26.9989,0.00475227,0.000596612,0.144071,4.20645,3.11461
0,37.03167,0.2336275,-1.267324,0.009717082,0.107557,0.104766,0.002791019,0.7809705,8.41123,0.4937073,0.2128882,0.1440707,253.9508,3.769337
0,15.2537299,0.284928093,-1.63934744,0.0191046611,0.354555421,0.213066529,0.141488892,1.39819082,7.41906873,1.2245476,0,0.144070667,14880.54,7.19076754
2,1.1272344,0.23137267082126,-1.9716455678397,0.017036807228767,-3.0313201663482,-11.763050527515,8.7317303611665,-0.0014060274531441,37.628292997403,-54.898084687916,0,0.14407066666667,-5358751030.0541,-1040581.1623534
0,47.93584,0.22779591,-1.4767874,0.017532484,0.34756566,0.3475644,1.2574637e-06,0.61611745,5.9956724,1.5970054,1.7390933,0.14407067,3382.0346,4.7192573
0,6.99306,0.567003,-0.973047,0.016943,0.00173383,0.00163808,9.57516e-05,0.929976,22.8343,0.0187346,0.00278668,0.144071,13.2139,3.27643
0,5.20195,0.462308,-0.521836,0.0174649,4.74411e-05,4.85426e-06,4.25869e-05,0.916749,18.6494,4.52667e-05,8.21971e-06,0.144071,0.033287,2.5152
2,10.1628272,0.7970829323973,-1.5620763720028,0.014784504034452,-0.69118891266093,-0.69174342113789,0.00055450847695504,-5.662656938067e-06,54.381451947889,-11.121765089416,0,0.14407066666667,-9981914530.6356,-1938324.9366223
0,6.576,0.23057,-0.87842,0.012403,0.00072296,0.0006657,5.7252e-05,0.84558,9.2951,0.0030961,0.0011289,0.14407,1.7544,3.0758
0,5.2481,0.524327,-0.70721,0.0189903,8.95157e-05,4.82822e-05,4.12334e-05,0.925836,21.1504,0.00051064,8.17689e-05,0.144071,0.404336,2.82895
0,13.6733296,0.976693418,-1.63326076,0.0222084364,0.297193719,0.0754150931,0.221778626,2.38400173,27.6916645,1.48573619,0,0.144070667,30124.7907,10.1811067
0,5.54257,0.258662,-0.663874,0.011175,0.000104089,4.70287e-05,5.706e-05,0.860342,10.4338,0.00024537,7.96385e-05,0.144071,0.123021,2.72442
0,52.26568,0.6619731,-1.247361,0.01498096,0.06083627,0.05330954,0.007526734,0.9004036,25.08054,0.7118203,0.1068527,0.1440707,508.2322,3.834401
0,0.5145521,0.71316970879,-1.9479131686,0.019026022306,0,0,0,-1.1937076124,28.770542747,0,0,0.14407066667,-3557976.3092,-689.2166286
0,12.38929,0.7804459,-1.120011,0.02248916,0.008403659,0.007958551,0.0004451076,0.9435155,31.22,0.1252858,0.01386548,0.1440707,117.606,3.555994
0,10.40315,0.6099261,-1.146132,0.01590963,0.01623037,0.01552544,0.0007049257,0.9251545,24.20615,0.1910057,0.02741349,0.1440707,130.0688,3.58971
0,39.838887,0.61551549,-1.3822993,0.014141841,0.21998776,0.21998527,2.4854319e-06,0.78706688,19.368482,2.7312268,0.64056566,0.14407067,2540.9192,4.4467453
0,20.1434849,0.236155058,-1.67719634,0.0139655301,0.195995577,0.139474753,0.0565208232,-0.544436106,7.65968405,0.664382255,0,0.144070667,-64156.0714,-10.8378158
0,19.519631,0.2202005063,-1.837574378,0.02391743089,0.5359772271,0.2447438352,0.2912333919,0.758284649,4.122045433,1.087064329,0,0.1440706667,194497.717,42.39980743
0,5.35178,0.812026,-0.63066,0.0135908,8.48119e-05,2.52394e-05,5.95725e-05,0.950804,32.7558,0.000413404,4.27411e-05,0.144071,0.228101,2.72295
0,5.40653,0.35576,-0.680765,0.0200143,6.82304e-05,3.262e-05,3.56105e-05,0.894442,14.351,0.000234081,5.52407e-05,0.144071,0.202194,2.76686
1,0.32942,0.89958,-1.8645,0.0097438,,,,,,,,,,
0,6.20413,0.328876,-0.621413,0.0216585,4.59461e-05,1.40649e-05,3.18813e-05,0.886807,13.2669,9.33027e-05,2.38166e-05,0.144071,0.0879599,2.66471
0,5.23997,0.879777,-0.688109,0.0149434,0.000103714,4.80086e-05,5.57052e-05,0.954404,35.4881,0.000851955,8.13047e-05,0.144071,0.514938,2.82229
0,4.84897,0.940333,-0.59001,0.012665,8.02376e-05,1.60681e-05,6.41695e-05,0.957226,37.9317,0.00030477,2.72096e-05,0.144071,0.155651,2.66265
0,24.1848,0.821768,-1.02325,0.0130845,0.00427069,0.00402641,0.000244275,0.948641,33.01,0.066741,0.00687652,0.144071,35.6867,3.38205
0,48.11426,0.9008638,-1.209547,0.02417883,0.02507174,0.02200864,0.003063094,0.938953,35.43129,0.3999241,0.04073285,0.1440707,423.6044,3.770794
1,0.25005,0.39152,-1.9051,0.019295,,,,,,,,,,
0,40.5089058,0.7130844726,-1.694377242,0.02097033582,0.9416171992,0.6916676137,0.2499495854,0.08536283488,1.679504113,9.948637147,0,0.1440706667,111873.8997,26.18398871
1,0.69733,0.40263,-1.9158,0.010585,,,,,,,,,,
0,5.66323,0.347647,-0.686179,0.0177128,8.0358e-05,3.95119e-05,4.08462e-05,0.892238,14.0236,0.000277071,6.69132e-05,0.144071,0.212331,2.77478
0,0.7509512,0.208166042031245,-1.98895171973793,0.0149803162827818,0.590257219319137,0.0209723355433248,0.569284883775812,-1.18231078771725e-05,3.44093414905556,0.0880606431143991,0,0.144070666666667,-72782840887.9098,-14133245.4533464
0,5.93253,0.346739,-0.747273,0.0177916,0.000126914,8.62093e-05,4.0705e-05,0.891957,13.9863,0.00060295,0.000146014,0.144071,0.464309,2.87613
0,16.6135624,0.5986742833,-1.748627758,0.01327079407,0.4173983955,0.3553177536,0.0620806419,1.309904373,14.07075643,4.290744765,0,0.1440706667,122610.5803,28.32783713
0,44.14309,0.57057548,-1.3992928,0.011307743,0.30305367,0.30305043,3.2381492e-06,0.72191864,16.042336,3.4878129,0.99653097,0.14407067,2854.1934,4.5305455
0,34.972,0.89924,-1.03385,0.00909687,0.00704322,0.00662215,0.000421065,0.950825,36.0215,0.120116,0.0113335,0.144071,44.5198,3.40573
2,15.168408,0.74618083,-1.4455184,0.017993301,-0.49669854,-0.53897879,0.042280248,-6.2657534,45.054024,-8.1122427,0,0.14407067,-1672.365,1.2512241
0,40.641928,0.44772663,-1.4159743,0.022540613,0.1873392,0.18733782,1.3787214e-06,0.79016412,14.678356,1.6918566,0.61938049,0.14407067,2956.1105,4.5688203
0,6.16839,0.801313,-0.825586,0.0169852,0.000303764,0.000246802,5.69623e-05,0.950038,32.3166,0.00398911,0.00041822,0.144071,2.7542,3.04637
0,6.25437,0.462718,-0.820474,0.0245026,0.000194488,0.000160228,3.42603e-05,0.916723,18.6632,0.00149547,0.000271485,0.144071,1.54364,3.01127
0,5.40524,0.522733,-0.690304,0.0181174,8.36482e-05,4.0731e-05,4.29172e-05,0.925631,21.0862,0.000429467,6.89786e-05,0.144071,0.324495,2.80072
0,6.64703,0.858242,-0.754944,0.0103262,0.000248441,0.000163899,8.45421e-05,0.953221,34.6144,0.00283733,0.000277629,0.144071,1.1866,2.93215
0,16.9277272,0.553387892,-1.67582173,0.0199080015,0.654990105,0.219501914,0.43548819,0.814170297,7.702228,2.45015261,0,0.144070667,42384.4685,12.6218419
0,5.04419,0.651135,-0.567344,0.013772,6.79974e-05,1.10444e-05,5.6953e-05,0.939408,26.2662,0.000145057,1.8702e-05,0.144071,0.0820855,2.60709
1,0.24788,0.95696,-1.9945,0.012993,,,,,,,,,,
0,94.076673,0.24268407,-1.3878667,0.020515475,0.16212098,0.12617664,0.035944345,0.74967242,8.2030952,0.61765419,0.47429135,0.14407067,1213.5853,4.1565971
0,7.43303,0.983891,-0.674052,0.00878878,0.000163254,6.81436e-05,9.51106e-05,0.958986,39.6855,0.00135238,0.000115404,0.144071,0.478418,2.80445
0,3.974441,0.3253496,-1.525942,0.01204767,0.4150633,0.00683084,0.4082324,-5.06372,7.677402,0.04482802,0,0.1440707,-990.7236,1.490913
0,52.29034,0.5191322,-1.222022,0.02137836,0.03051037,0.02875444,0.001755926,0.9055459,20.30375,0.3010981,0.05407492,0.1440707,295.4428,3.739868
0,14.608664,0.77090697,-1.5216507,0.0095038833,0.0025094725,0.00014637919,0.0023630933,2.9098358,31.021723,0.0022761794,0,0.14407067,6592.7778,5.4218925
0,34.4672343,0.6187936683,-1.736122085,0.008532176761,0.9952821264,0.6933584808,0.3019236456,0.009338720944,0.1177734322,8.65423858,0,0.1440706667,122587.9583,28.31092914
0,14.7682634,0.929583607,-1.56299539,0.0101218299,0.655290967,0.655144195,0.000146771473,0.894847755,12.9269565,12.2843031,0,0.144070667,15193.4756,7.17625188
0,34.1202,0.858155,-1.05928,0.0225849,0.00391121,0.00369234,0.000218864,0.950835,34.4841,0.0639136,0.00632852,0.144071,59.0841,3.44853
0,5.68752,0.449983,-0.626916,0.00980648,0.000109415,3.33369e-05,7.60784e-05,0.914625,18.1512,0.000302584,5.64534e-05,0.144071,0.125228,2.68837
0,46.371662,0.27117272,-1.4183983,0.015255665,0.29741013,0.21178411,0.08562602,0.66893276,7.6860471,1.158416,0.94409223,0.14407067,1886.2683,4.3404136
0,7.506044,0.3830402,-1.504074,0.02429855,0.03055388,0.01276766,0.01778622,8.637872,14.98039,0.0986463,0,0.1440707,855.7246,4.185361
0,55.40318,0.5215217,-1.311515,0.01951756,0.0914337,0.07303181,0.01840189,0.8657339,19.11543,0.7682624,0.1869726,0.1440707,918.4183,4.00861
0,13.27513,0.7753335,-1.111662,0.01222045,0.01387136,0.01315551,0.000715843,0.939638,30.84447,0.2057413,0.02292159,0.1440707,104.8059,3.539238
0,5.25614,0.520986,-0.557494,0.021581,4.14519e-05,6.21055e-06,3.52413e-05,0.925427,21.0166,6.52652e-05,1.05164e-05,0.144071,0.0587488,2.58005
0,4.74795,0.919818,-0.562013,0.0225606,4.21372e-05,6.29582e-06,3.58414e-05,0.956339,37.1055,0.00011681,1.06609e-05,0.144071,0.106368,2.61508
0,20.7635316,0.5270394832,-1.841809931,0.01084918943,0.9307458955,0.7274821326,0.2032637629,0.1497863085,1.472461118,7.733759337,0,0.1440706667,371392.8305,76.78743983
0,36.54168,0.625486,-1.232528,0.02417585,0.03182421,0.02885803,0.002966178,0.9163721,24.4302,0.3640906,0.05472611,0.1440707,402.0395,3.786902
2,35.0235971,0.487713383,-1.60232899,0.00877339147,-0.686072357,-1.52385862,0.837786264,2.59375856,33.1738631,-14.9911352,0,0.144070667,22294.4545,8.6141841
0,6.15032,0.435651,-0.816529,0.0194908,0.000233617,0.000191476,4.21402e-05,0.911987,17.5708,0.00168259,0.000324429,0.144071,1.38865,3.00186
0,6.32502,0.536856,-0.736511,0.0103205,0.00020677,0.000129426,7.73435e-05,0.927365,21.6532,0.00140154,0.000219217,0.144071,0.602124,2.87875
2,20.6080841,0.933826621,-1.69302144,0.0238125625,-2.3833835,-4.5410745,2.157691,10.137806,127.459627,-85.5362187,0,0.144070667,70255.7598,18.0771608
0,14.8333631,0.8616501968,-1.743865461,0.0101809113,0.2881632197,0.1898041072,0.09835911257,1.687916747,24.74381054,3.298843919,0,0.1440706667,157398.0835,35.09107699
0,61.11475,0.260408,-1.4971878,0.0091725496,0.71096881,0.45218685,0.25878196,0.32724643,3.0363666,2.3751849,4.3199472,0.14407067,4190.6861,4.9077004
0,6.29717,0.929207,-0.746171,0.0174453,0.000136722,8.66821e-05,5.00396e-05,0.956699,37.4807,0.00162468,0.00014682,0.144071,1.14375,2.92148
0,30.29822,0.2479926,-1.297283,0.01432291,0.1026984,0.09826452,0.004433875,0.7910692,8.977024,0.4915421,0.2122168,0.1440707,393.157,3.848785
2,18.5654857,0.209716385,-1.61943729,0.0132098213,0.225119165,-0.14640185,0.371521015,1.35302146,6.55575097,-0.619304304,0,0.144070667,10521.6986,6.30663122
0,6.2522085,0.84648456,-1.5184565,0.024595654,0.51452218,0.068081993,0.44644019,2.6567206,16.578438,1.1624559,0,0.14407067,3703.8207,4.828082
2,5.133598,0.95146677,-1.4646368,0.019976358,0.039567425,-0.002829021,0.042396446,-3.7333246,36.865122,-0.054294392,0,0.14407067,-2935.9036,0.996067
0,12.18149,0.5841418,-1.162516,0.0219437,0.01441931,0.01378695,0.0006323602,0.9236903,23.22553,0.162447,0.02453059,0.1440707,154.2746,3.619564
0,0.4713459,0.4462735434,-1.957141549,0.02421911864,0,0,0,-8.479312369,18.00347365,0,0,0.1440706667,-352881.3088,-66.71122411
2,17.149072,0.41797726,-1.5403566,0.0085747192,-3.3861851,-5.6744469,2.2882618,10.857069,73.959637,-47.841122,0,0.14407067,5356.7677,5.1899175
0,39.09289,0.5439967,-1.31549,0.01000207,0.1762416,0.1399472,0.03629442,0.8106689,18.07804,1.535626,0.3839619,0.1440707,976.1651,4.026931
0,18.6311789,0.802453902,-1.69298241,0.0102278917,0.88416577,0.10706473,0.77710104,0.264760577,3.74983516,1.73297257,0,0.144070667,79103.2674,19.8012588
2,13.0476444,0.250538896955289,-1.7598382617724,0.0224415237080904,-0.0314746920994269,-0.0744186181713722,0.0429439260719453,-9.44836045933013e-06,10.4253082282562,-0.376081467776177,0,0.144070666666667,-14545201268.9027,-2824440.99530855
0,6.76607,0.915038,-0.931026,0.00913274,0.00194609,0.00177388,0.000172209,0.954883,36.8424,0.0327408,0.00301345,0.144071,12.1032,3.22968
2,15.108099,0.28738682,-1.5765563,0.011090959,-12.253179,-12.59737,0.3441914,35.664311,153.65337,-73.025059,0,0.14407067,5393.4548,5.233592
0,16.08198,0.9025686,-1.115745,0.009640359,0.01861757,0.01749096,0.001126606,0.9434021,35.73335,0.3184337,0.03062079,0.1440707,127.4453,3.557766
0,23.5708,0.743715,-1.03432,0.0195896,0.00326855,0.00309884,0.000169706,0.944471,29.9047,0.046487,0.00529498,0.144071,37.435,3.39592
0,32.3980834,0.2230066989,-1.816250143,0.009143192985,0.9390952036,0.6950584012,0.2440368024,0.1078522887,0.5479293588,3.126542788,0,0.1440706667,138220.7069,31.43285039
0,32.216945,0.36485828,-1.3573235,0.020979177,0.13222219,0.10180745,0.030414735,0.81091002,12.772853,0.74925381,0.31329596,0.14407067,1180.0376,4.1180991
0,23.136143,0.39034596,-1.4511766,0.018685178,0.95463903,0.70980432,0.24483472,0.10500906,0.7143107,5.5887347,0,0.14407067,1701.3565,4.3319836
0,4.84578,0.953951,-0.527842,0.0116961,7.6908e-05,7.82951e-06,6.90785e-05,0.957812,38.4811,0.000150656,1.32581e-05,0.144071,0.0710116,2.56014
0,47.65673,0.4244959,-1.324204,0.018532,0.1049087,0.08538821,0.01952051,0.8420313,15.32837,0.7311332,0.2317745,0.1440707,891.2365,4.014476
0,5.7548,0.23922,-0.5416,0.015373,4.6845e-05,7.1085e-06,3.9736e-05,0.85073,9.6501,3.4301e-05,1.2037e-05,0.14407,0.023925,2.518
0,14.87747,0.3974851,-1.182807,0.01870682,0.02132803,0.02068236,0.0006456718,0.8910069,15.69326,0.1658235,0.0373435,0.1440707,140.244,3.632232
0,2.0788083,0.97211563,-1.7531358,0.0207612333,0.0168564888,0.0148641544,0.00199233442,-24.5428225,38.5558258,0.291462915,0,0.144070667,-19000.4319,-1.93085873
0,41.34396,0.5508169,-1.254816,0.009706897,0.09915344,0.08939819,0.009755248,0.8638616,20.01766,0.9932559,0.1814815,0.1440707,465.2853,3.82898
0,32.89376,0.4604074,-1.3551619,0.022080417,0.12343013,0.091278893,0.032151239,0.83527316,16.28111,0.84769151,0.28951943,0.14407067,1420.2925,4.1721131
0,34.36231,0.6550211,-1.17586,0.02437557,0.01543989,0.01460252,0.0008373646,0.9297936,26.01673,0.1929338,0.02621222,0.1440707,203.7802,3.656821
0,6.1245,0.21522,-0.78832,0.018515,0.00017327,0.00014033,3.2931e-05,0.83672,8.6809,0.00060922,0.00023773,0.14407,0.52049,2.9231
0,6.20749,0.593886,-0.750665,0.0201633,0.000120135,7.94544e-05,4.06804e-05,0.933923,23.9556,0.000951801,0.000134577,0.144071,0.793349,2.90711
0,15.1898862,0.930731721,-1.57950346,0.0225237232,0.519812529,0.474663169,0.0451493596,1.22143262,18.0297833,8.9111801,0,0.144070667,19192.0062,7.98121409
0,4.79545,0.916468,-0.534681,0.0232341,3.90376e-05,4.30341e-06,3.47342e-05,0.956189,36.9705,7.95527e-05,7.28705e-06,0.144071,0.0746152,2.56952
0,32.857733,0.54622373,-1.4481237,0.017287526,0.34172895,0.20971024,0.13201871,0.80878048,14.505426,2.31055,0,0.14407067,4313.2495,4.8839174
0,5.17584,0.612699,-0.577128,0.0153031,6.22434e-05,1.12704e-05,5.0973e-05,0.935857,24.7158,0.000139287,1.90848e-05,0.144071,0.0879163,2.6204
0,6.54218,0.922179,-0.897087,0.0117636,0.00100216,0.000891677,0.000110483,0.955822,37.1651,0.0165862,0.00151286,0.144071,7.88738,3.17292
0,34.558,0.52976,-1.09172,0.0106548,0.0122149,0.0117701,0.000444817,0.918772,21.1104,0.125772,0.0203481,0.144071,56.78,3.47847
0,5.34796,0.395729,-0.531288,0.0248499,3.28515e-05,3.85209e-06,2.89994e-05,0.9041,15.9639,3.07482e-05,6.52269e-06,0.144071,0.032622,2.52361
2,46.5360577,0.229604781805,-1.61352743739,0.0104856470414,-39.3527655263,-77.821325877,38.4685603507,-0.0623911323803,373.774267106,-360.416549714,0,0.144070666667,-12058320.1495,-2340.24257042
0,5.54902,0.278722,-0.526281,0.0203374,6.73534e-05,4.41332e-06,6.29401e-05,0.869111,11.2434,2.4812e-05,7.47343e-06,0.144071,0.0224117,2.49931
0,32.0169,0.632662,-1.08194,0.0101962,0.0113505,0.0108674,0.000483057,0.930473,25.233,0.138683,0.0187531,0.144071,59.1038,3.47121
0,6.46656,0.397025,-0.857192,0.0156333,0.000457041,0.000402283,5.47574e-05,0.904116,16.0094,0.00322163,0.000681925,0.144071,2.15167,3.06517
0,5.74976,0.309983,-0.557814,0.0208856,3.87592e-05,6.44385e-06,3.23154e-05,0.880737,12.5048,4.02911e-05,1.09113e-05,0.144071,0.0368798,2.55644
0,44.1332557,0.202964092,-1.6064794,0.0199615763,0.62442644,0.441913715,0.182512725,0.38721686,3.07517182,1.80918034,8.08073753,0.144070667,14601.5275,7.10274723
0,15.9768,0.60114,-1.0261,0.0177215,0.0032316,0.00308412,0.00014748,0.932669,24.1727,0.0373966,0.00526636,0.144071,27.5705,3.37006
0,24.1361338,0.2705406765,-1.673977692,0.02140299149,0.2647026975,0.2295774311,0.03512526638,-0.2351571655,8.025104761,1.25281497,0,0.1440706667,-149317.684,-27.42144341
0,0.4478574,0.80028717558,-1.7871230413,0.018600704534,0,0,0,-0.090755157074,32.285017312,0,0,0.14407066667,-6657691.3808,-1291.3239825
0,20.3653,0.906209,-1.08352,0.0133116,0.00901607,0.00849157,0.000524494,0.949863,36.2285,0.155218,0.0146585,0.144071,84.8296,3.49635
0,18.1976,0.997122,-1.07037,0.0231712,0.0044194,0.00414014,0.000279261,0.956728,40.0479,0.08327,0.00711303,0.144071,78.6379,3.47811
1,0.45012,0.78114,-1.9043,0.0098087,,,,,,,,,,
0,6.24865,0.93995,-0.833914,0.0242161,0.000235011,0.000192643,4.23672e-05,0.957108,37.9104,0.00365245,0.000326458,0.144071,3.56916,3.06817
0,24.2706,0.288971,-1.09889,0.0187153,0.00752092,0.00735482,0.000166099,0.868541,11.5699,0.0428697,0.0127022,0.144071,36.0953,3.45835
1,0.32478,0.94178,-1.92,0.0083856,,,,,,,,,,
1,0.30728,0.59048,-1.9269,0.0099685,,,,,,,,,,
0,54.50015,0.738116,-1.19662,0.01554582,0.03169105,0.02928561,0.002405445,0.9254731,28.83326,0.4360176,0.05366029,0.1440707,296.2332,3.714756
2,11.419179,0.94889735931,-1.3748314043,0.019522476766,0.83035370543,-0.0042353655857,0.83458907102,-0.00017730370147,6.4940971664,-0.081065359307,0,0.14407066667,-3435962.1792,-666.09475322
0,118.0791,0.6780413,-1.290942,0.009658946,0.1483233,0.1182335,0.03008979,0.84231,23.29625,1.617044,0.290072,0.1440707,883.2569,3.979202
1,0.2572,0.7452,-1.9221,0.014732,,,,,,,,,,
0,7.1596476,0.53120819047,-1.6830175788,0.018303330222,0.053307046228,0.053306409803,6.3642452264e-07,-0.059674346156,20.287525254,0.57117523203,0,0.14407066667,-1670662.2991,-322.95692475
0,6.37579,0.603856,-0.899642,0.0143004,0.000836299,0.000758002,7.8297e-05,0.934482,24.3402,0.0092327,0.00128601,0.144071,5.45988,3.15611
0,6.30205,0.727927,-0.727746,0.0137456,0.000147416,8.6832e-05,6.05839e-05,0.945396,29.3615,0.00127495,0.000147067,0.144071,0.71562,2.87888
0,4.69228,0.934888,-0.590572,0.0241363,4.21697e-05,8.49264e-06,3.3677e-05,0.957012,37.7134,0.00016015,1.43811e-05,0.144071,0.155911,2.6633
0,28.5876,0.858738,-1.06111,0.0168319,0.00536692,0.00506715,0.000299772,0.949918,34.4571,0.0877706,0.00869409,0.144071,60.5045,3.45186
0,6.17158,0.398405,-0.817705,0.0207913,0.000220811,0.000182232,3.85783e-05,0.904564,16.0688,0.00146445,0.000308766,0.144071,1.29985,2.99962
0,36.2573419,0.5746963781,-1.761678181,0.02378446873,0.8183502697,0.5696663722,0.2486838975,0.3100340688,4.211418335,6.603652538,0,0.1440706667,183345.4495,40.15528781
2,14.5498056,0.7198952564727,-1.653716905748,0.01391058794038,-0.220082850751,-0.5901293656234,0.3700465148724,-0.0004735525426733,35.43347946445,-8.569228206639,0,0.1440706666667,-252371715.0288,-49005.32041468
2,31.5509653,0.435751414,-1.8146519,0.0129610444,0.96518196,-0.371860984,1.33704294,0.276413705,0.612066047,-3.26847066,0,0.144070667,59020.2342,16.0080805
1,0.11107,0.73328,-1.9074,0.024381,,,,,,,,,,
0,40.29265,0.5221373,-1.317758,0.00883172,0.1999364,0.1599747,0.03996169,0.7915479,16.8525,1.684849,0.4476954,0.1440707,959.5165,4.025082
0,46.62274,0.9097674,-1.22497,0.01615751,0.04527708,0.03862254,0.006654538,0.92593,35.0399,0.7087554,0.07430901,0.1440707,517.8905,3.814852
0,45.11865,0.4369169,-1.29845,0.02473974,0.06439016,0.05510236,0.009287801,0.8709555,16.49107,0.4856174,0.1247164,0.1440707,665.8998,3.929989
0,26.8089977,0.5540170684,-1.823662615,0.0216255579,0.7678343636,0.5278853808,0.2399489828,0.4339552567,5.188911335,5.899129774,0,0.1440706667,357815.6062,74.13090226
0,5.35248,0.776885,-0.712568,0.0233826,7.75743e-05,4.20058e-05,3.55685e-05,0.9487,31.3385,0.000658251,7.11404e-05,0.144071,0.626319,2.85684
0,0.4356133,0.7173413386,-1.9380564634,0.012479005728,0,0,0,-1.8564342869,28.938833762,0,0,0.14407066667,-2027539.4304,-392.01158159
0,4.85088,0.83816,-0.612759,0.015297,7.06957e-05,1.78183e-05,5.28774e-05,0.952272,33.8105,0.000301245,3.01735e-05,0.144071,0.186792,2.69478
2,26.7124821,0.5715293802598,-1.489734514958,0.01740469795701,0.1849298612767,-1.711037962901,1.895967824177,-4.538506802659e-05,18.79267959702,-19.72528908095,0,0.1440706666667,-169943238.1069,-32999.19140932
0,56.56363,0.2900719,-1.264481,0.009279424,0.109364,0.1058039,0.003560097,0.8042741,10.42224,0.6190596,0.2149343,0.1440707,294.5921,3.782014
0,64.55609,0.36000724,-1.3693608,0.024804516,0.12000925,0.090347905,0.029661349,0.81818257,12.780402,0.65607652,0.3092871,0.14407067,1365.9165,4.1737472
0,34.4749,0.379971,-1.1039,0.0126997,0.0118453,0.011522,0.0003233,0.893076,15.1471,0.0883084,0.0199636,0.144071,49.0129,3.48159
0,30.7922666,0.545663116,-1.67869014,0.0156598767,0.687108086,0.476735418,0.210372669,0.533733848,6.88769812,5.24719479,0,0.144070667,59986.8749,16.0606594
0,5.33873,0.620666,-0.630465,0.0197811,5.7059e-05,1.72979e-05,3.97611e-05,0.936631,25.0374,0.000216559,2.92922e-05,0.144071,0.176546,2.70958
0,44.1583,0.8443731,-1.210712,0.01116454,0.05352413,0.04768456,0.005839566,0.9171975,32.2403,0.8121521,0.08954473,0.1440707,400.5479,3.764607
0,55.548467,0.65366513,-1.306429,0.015304206,0.11185602,0.086292521,0.025563495,0.86551379,23.420376,1.1377678,0.22336754,0.14407067,1054.3579,4.0370132
0,5.31061,0.912626,-0.645648,0.00916528,0.000134958,4.53702e-05,8.95874e-05,0.95595,36.812,0.000835197,7.68341e-05,0.144071,0.309094,2.75357
0,6.88288,0.256536,-0.973458,0.0179185,0.00161345,0.001555,5.84498e-05,0.858423,10.3324,0.00804642,0.00264893,0.144071,6.51193,3.23918
0,6.1051,0.20058,-0.78006,0.013152,0.00022192,0.0001777,4.422e-05,0.82685,8.0901,0.00071897,0.00030098,0.14407,0.44147,2.9063
0,33.2374069,0.78740099965,-1.4790443606,0.022885286229,0.20157076921,0.16235568898,0.039215080225,-0.0026809991491,25.362236981,2.5786276983,0,0.14407066667,-3384422.7331,-655.98163957
0,5.51577,0.510606,-0.7109,0.0225607,7.72082e-05,4.26138e-05,3.45944e-05,0.924004,20.5972,0.000438895,7.2169e-05,0.144071,0.413689,2.83382
2,15.9359364,0.60153726553,-1.5080225859,0.013387866573,-189.08231662,-189.08570363,0.0033870094994,-0.63465082871,4612.7447125,-2294.2799076,0,0.14407066667,-3772869.2188,-731.38824846
0,5.945,0.80036,-0.654081,0.0149038,8.56896e-05,3.10938e-05,5.45958e-05,0.950123,32.2852,0.000501978,5.2656e-05,0.144071,0.303953,2.76114
0,54.132593,0.24038885,-1.4753535,0.021746734,0.36264179,0.22358717,0.13905462,0.60879004,6.1809194,1.0841425,1.3764905,0.14407067,3464.0976,4.7349906
0,0.5320087,0.6783151158554257,-1.967372661315417,0.02345079159103721,0,0,0,-4.800378228503689e-42,27.36444607254421,0,0,0.1440706666666666,-1.080482879775388e+48,-2.098122424901084e+44
0,6.6886,0.324215,-0.927888,0.00842509,0.00196184,0.00184712,0.000114716,0.884174,13.0537,0.0120796,0.00313751,0.144071,4.44829,3.17363
2,1.1038415,0.437221149,-1.70903147,0.0243739654,0.11259519,0.11259519,-5.55111512e-17,8.37008917,15.6522979,0.992992959,0,0.144070667,12835.488,6.85573926
0,6.74205,0.508533,-0.889347,0.022685,0.000463516,0.000418814,4.47013e-05,0.923472,20.5056,0.00429601,0.000710272,0.144071,4.07802,3.13055
0,23.893,0.331857,-1.12447,0.0121087,0.016012,0.0156295,0.00038246,0.877722,13.1733,0.104621,0.0272692,0.144071,56.4866,3.5109
0,5.97828,0.282544,-0.569847,0.0204299,3.97107e-05,7.68865e-06,3.2022e-05,0.870654,11.3979,4.38189e-05,1.30191e-05,0.144071,0.0396882,2.57225
0,11.61616,0.4940504,-1.5726555,0.012181795,0.049906979,0.044843768,0.0050632113,2.8017076,18.936188,0.44688782,0,0.14407067,8047.6305,5.7656518
2,0.8140059,0.30499561319,-1.9325378792,0.016537871108,0.0021483068545,-0.0042165370192,0.0063648438737,-0.6256783557,12.277636114,-0.025940281276,0,0.14407066667,-2377641.4735,-460.00942042
0,5.4937,0.567033,-0.611594,0.0247785,4.21024e-05,1.08369e-05,3.12655e-05,0.931063,22.8742,0.000123948,1.83507e-05,0.144071,0.12733,2.67391
0,47.33595,0.589845,-1.1949,0.01172539,0.04004138,0.03792052,0.002120864,0.9075865,22.8426,0.451167,0.06959001,0.1440707,234.0826,3.688869
2,1.1290876,0.785767760548695,-1.881984998582287,0.01538255036594261,-12.24308123507732,-12.31944232393413,0.0763610888568067,-3.137379114864443e-05,419.7961152086957,-195.2587142419253,0,0.1440706666666666,-846930261456.9391,-164460112.8379648
0,40.1476,0.425203,-1.10002,0.0222353,0.00647892,0.00628345,0.00019547,0.906067,17.0423,0.0538914,0.0108485,0.144071,51.7151,3.481
0,47.34992,0.5197664,-1.258365,0.01966783,0.05167329,0.04654815,0.005125133,0.8917902,19.88481,0.488018,0.09374615,0.1440707,468.6039,3.833538
2,37.378591,0.54105402,-1.5120669,0.017352268,-0.55794781,-0.97840195,0.42045414,2.5898006,34.005464,-10.677833,0,0.14407067,7179.4375,5.5306086
0,43.44559,0.5096284,-1.201377,0.01315657,0.03828174,0.03654613,0.001735612,0.8992486,19.77228,0.3756819,0.06740027,0.1440707,222.2381,3.690378
0,7.17992,0.553469,-0.980574,0.0211602,0.00152421,0.00144437,7.98408e-05,0.928545,22.2939,0.0161249,0.00245779,0.144071,14.2327,3.28797
0,46.91481,0.5831063,-1.270999,0.01170632,0.09987992,0.08590414,0.01397578,0.8669695,21.17402,1.010385,0.1852533,0.1440707,603.7026,3.885422
2,18.2494405,0.4175599602,-1.755642421,0.02495126807,0.03673134227,-0.0562591729,0.09299051517,1.969454154,16.22637256,-0.4738461551,0,0.1440706667,102909.7645,24.50027284
2,23.6713371,0.5537155538907901,-1.740936325151561,0.02358896437757078,-19.00665235323759,-113.0959432169155,94.08929086367792,-1.753772774277275e-05,446.9061332177662,-1263.161616778645,0,0.1440706666666666,-263503778209.4506,-51168157.00786483
0,19.86367,0.7520926,-1.155435,0.01965864,0.01493799,0.01408144,0.0008565589,0.937441,29.88753,0.2136208,0.02500163,0.1440707,178.6097,3.624735
0,4.79244,0.781569,-0.500573,0.019686,4.36955e-05,3.27724e-06,4.04182e-05,0.949013,31.5285,5.16656e-05,5.54941e-06,0.144071,0.0413689,2.5051
0,5.31934,0.789754,-0.696768,0.0167687,9.70758e-05,4.78159e-05,4.92599e-05,0.94948,31.857,0.000761709,8.09789e-05,0.144071,0.51931,2.83139
0,5.95438,0.273293,-0.603965,0.0163812,5.45989e-05,1.48624e-05,3.97365e-05,0.86685,11.0245,8.19299e-05,2.51667e-05,0.144071,0.0597619,2.6274
0,6.4212,0.23554,-0.82418,0.020132,0.00023732,0.00020451,3.2807e-05,0.84863,9.4998,0.00097163,0.00034652,0.14407,0.89014,2.9866
0,5.52303,0.606478,-0.629871,0.0168889,6.65194e-05,2.01062e-05,4.64131e-05,0.935239,24.4648,0.000245964,3.40479e-05,0.144071,0.171453,2.70748
2,23.4832048,0.2899306156537,-1.692086756132,0.0214445350944,-504.3888483848,-504.5136219953,0.1247736104453,-0.2391085119855,5911.189725653,-2950.476398838,0,0.1440706666667,-136495723.2182,-26504.01314973
2,35.4737746,0.3352903800796,-1.652257961946,0.008523926487159,-4.246599691931,-94.63114542928,90.38454573735,-0.0004599813253861,70.96663103948,-640.0005695928,0,0.1440706666667,-510705341.8265,-99169.55649276
0,20.0953,0.518817,-1.12375,0.0156859,0.0123977,0.0119567,0.000441022,0.91723,20.6705,0.125127,0.0208574,0.144071,84.0387,3.53595
0,59.83554,0.6392082,-1.278205,0.01067801,0.1196932,0.09923456,0.02045862,0.8589476,22.7003,1.279471,0.2227907,0.1440707,716.6214,3.923366
0,6.94697,0.522366,-0.982754,0.019666,0.00168234,0.00159797,8.43648e-05,0.924562,21.0377,0.0168372,0.00271962,0.144071,13.8716,3.28876
0,12.07702,0.8220055,-1.121522,0.02177115,0.008875646,0.00837777,0.000497876,0.9456533,32.86685,0.1389083,0.01460353,0.1440707,125.9513,3.562648
0,19.7355,0.267053,-1.11159,0.0189363,0.00869015,0.00851418,0.000175973,0.858855,10.6798,0.0458632,0.0147793,0.144071,39.667,3.4766
0,17.0981297,0.3141207637,-1.870020635,0.00914873743,0.5098167349,0.3644743572,0.1453423777,0.9870654227,6.211697398,2.30934487,0,0.1440706667,341584.406,71.02303924
0,6.14887,0.727237,-0.658761,0.0106007,0.000122528,4.64231e-05,7.61052e-05,0.945363,29.3345,0.000680981,7.86171e-05,0.144071,0.29476,2.76424
0,31.98275,0.5306908,-1.178192,0.008427888,0.04462977,0.04279778,0.001831989,0.8978927,20.45354,0.4581292,0.0781175,0.1440707,170.9419,3.643748
2,30.9874041,0.561675515,-1.40941221,0.0237996913,0.106044949,-0.00435606294,0.110401012,-0.0365206049,20.2561237,-0.0493520058,0,0.144070667,-81128.4066,-14.4134122
0,53.799321,0.65714374,-1.3102679,0.018318339,0.097746266,0.074519816,0.02322645,0.87534852,23.919067,0.98777338,0.19604694,0.14407067,1118.5277,4.0563486
0,39.42064,0.4235064,-1.285326,0.01662056,0.08136591,0.07253941,0.008826501,0.8571994,15.69487,0.6196682,0.1568424,0.1440707,544.0294,3.882814
2,9.9764298,0.69503443,-1.4659339,0.018168651,-0.014128942,-0.014131985,3.0435054e-06,5.4330423,28.435093,-0.19812289,0,0.14407067,1582.2282,4.3198782
0,56.337443,0.27589145,-1.4310413,0.010130578,0.46348288,0.32477923,0.13870365,0.54605994,5.9714113,1.8073891,1.6723991,0.14407067,2111.7774,4.4026494
0,54.46746,0.7027987,-1.266725,0.01771044,0.06577588,0.05436307,0.0114128,0.9002976,26.48727,0.7706552,0.1159086,0.1440707,688.3881,3.904338
0,22.7262,0.861311,-1.0215,0.02052,0.00267143,0.0025127,0.000158728,0.951804,34.654,0.0436542,0.00428741,0.144071,36.5103,3.38163
0,20.7621329,0.962204397,-1.54008197,0.0177249017,0.872603181,0.691156777,0.181446405,0.26769474,4.9451684,13.4143328,0,0.144070667,14475.3806,7.0114083
0,10.8432135,0.6952841183629801,-1.66965570866466,0.02426289103459494,0.363514041116101,0.3625199027367949,0.0009941383793060643,-6.279015062248986e-10,17.85279848670715,5.084161465501572,0,0.1440706666666666,-117685668156932.8,-22852647095.64622
0,5.2893,0.589651,-0.701135,0.0249426,6.60779e-05,3.40013e-05,3.20766e-05,0.933515,23.786,0.000404405,5.75822e-05,0.144071,0.417127,2.82448
0,45.24485,0.4079987,-1.301628,0.02290276,0.07098905,0.06130239,0.009686664,0.8611575,15.29096,0.5045002,0.140333,0.1440707,650.4847,3.92897
0,8.13196,0.275776,-1.046,0.0187597,0.00384852,0.00375222,9.62986e-05,0.865556,11.0825,0.0208723,0.00642441,0.144071,17.5889,3.36493
0,12.684563,0.9109598372,-1.804537811,0.01967234287,0.1777380081,0.1406587005,0.03707930767,2.058806056,30.21792314,2.584586081,0,0.1440706667,343550.4101,71.3396174
0,25.3745495,0.2062282232,-1.841929804,0.0124801969,0.7871808979,0.6510289668,0.1361519311,0.363014835,1.770573144,2.708155409,0,0.1440706667,184552.53,40.47027204
2,38.138411,0.9156724129,-1.6808308121,0.02490778657,-1.1788671343,-1.3622613406,0.1833942063,-0.040683327472,80.487056367,-25.160874562,0,0.14407066667,-9452748.1272,-1834.2029513
0,15.8412476,0.568539485,-1.5818194,0.0091499729,0.106381256,0.0965012564,0.00987999961,2.09542103,20.4959507,1.10667161,0,0.144070667,13101.3328,6.78120329
2,27.7411707,0.5028303081435,-1.70254783513,0.01465934048347,-609.8245339406,-638.7413709604,28.91683701981,-0.1960893124527,12390.62134962,-6478.458238119,0,0.1440706666667,-399056974.8542,-77489.19235533
0,41.31234,0.8715355,-1.145578,0.0109392,0.02383377,0.02228963,0.001544143,0.9384641,34.32132,0.3918439,0.03958638,0.1440707,180.5157,3.615793
0,6.14532,0.331608,-0.70819,0.0115137,0.000141801,8.06452e-05,6.11559e-05,0.887575,13.3758,0.000539422,0.000136576,0.144071,0.270108,2.80917
0,15.7071005,0.677828978,-1.63017081,0.0189865896,0.165754928,0.0706992785,0.09505565,2.04834896,22.8122933,0.966630031,0,0.144070667,27759.3574,9.7144862
0,5.1261,0.870582,-0.615909,0.0142762,7.67481e-05,1.98806e-05,5.68675e-05,0.953963,35.1181,0.000349112,3.36659e-05,0.144071,0.201669,2.70187
0,5.33267,0.544935,-0.699943,0.0155465,0.000104267,5.37216e-05,5.05451e-05,0.928429,21.9814,0.000590499,9.09804e-05,0.144071,0.3817,2.81872
0,16.8899,0.977122,-1.08352,0.0235078,0.00513872,0.00481768,0.000321034,0.955466,39.2163,0.0949538,0.00830125,0.144071,91.2943,3.50138
2,6.1627532,0.57718950999438,-1.60470438225257,0.00862796841361039,-6.43805853500755,-6.44470818132959,0.0066496463220469,-1.87031584802867e-05,173.19413752825,-75.0320577495631,0,0.144070666666667,-16641772407.848,-3231561.25193756
0,37.2885,0.795934,-1.04757,0.0163088,0.00465415,0.00440568,0.000248465,0.946896,31.96,0.070732,0.00754031,0.144071,47.3099,3.42311
0,51.50883,0.9679536,-1.157444,0.01075489,0.02838508,0.02614858,0.002236507,0.9397811,37.94057,0.5105376,0.04689439,0.1440707,232.082,3.650583
2,18.037045,0.9831478396,-1.747220585,0.008790417531,0.5491775634,-1.846587675,2.395765239,1.144758074,17.88049417,-36.61962835,0,0.1440706667,175091.9016,38.53575841
0,5.213498,0.5159636,-1.422108,0.01288356,0.07743511,0.0002926356,0.07714248,8.832528,19.20309,0.00304559,0,0.1440707,374.3385,3.967436
0,15.3846392,0.8783842314,-1.514815618,0.01011319161,0.5146000321,0.1274750619,0.3871249703,-0.01283111928,17.20043539,2.258577163,0,0.1440706667,-759305.6722,-146.1139394
0,6.15015,0.600918,-0.798332,0.0181616,0.000210309,0.000162678,4.76303e-05,0.934587,24.237,0.00197183,0.000275604,0.144071,1.47957,2.98694
0,15.2747403,0.993009018,-1.70420107,0.0200324679,0.135426252,0.0778438494,0.0575824023,2.28138377,34.6346181,1.55920302,0,0.144070667,97933.2705,23.4799303
0,0.4715141,0.80654134995583,-1.784145421258463,0.01639635966510616,0,0,0,-7.46210913107002e-07,32.53732190282987,0,0,0.1440706666666666,-785423089734.7589,-152516418.247071
0,4.91732,0.814338,-0.534531,0.0183565,4.89822e-05,5.43638e-06,4.35458e-05,0.95096,32.8502,8.92976e-05,9.20559e-06,0.144071,0.0665356,2.56348
0,6.51065,0.348245,-0.865347,0.0118942,0.000656904,0.000587023,6.9881e-05,0.892042,14.0396,0.00412349,0.000995274,0.144071,2.12365,3.07264
0,5.6351,0.637901,-0.694177,0.010703,0.000147764,7.24607e-05,7.53031e-05,0.938178,25.7303,0.000932354,0.000122718,0.144071,0.410592,2.81671
0,5.11743,0.943212,-0.645669,0.0248439,4.98801e-05,1.67431e-05,3.3137e-05,0.95737,38.0489,0.000318544,2.8353e-05,0.144071,0.319094,2.75523
0,4.80833,0.799761,-0.554161,0.019303,4.8067e-05,6.65233e-06,4.14147e-05,0.950112,32.2622,0.000107315,1.12646e-05,0.144071,0.0841589,2.59519
0,48.24102,0.6801648,-1.260487,0.01927266,0.05617816,0.04741186,0.008766306,0.9049196,25.89759,0.6504685,0.09831151,0.1440707,618.0629,3.878907
2,18.2990054,0.5253525948,-1.839040276,0.02117062263,-18.09015071,-83.02849698,64.93834627,29.53128906,404.5902426,-879.8390397,0,0.1440706667,499510.28,101.678228
0,5.68978,0.434213,-0.692409,0.0190798,7.92692e-05,3.97367e-05,3.95325e-05,0.911819,17.5155,0.000348032,6.72943e-05,0.144071,0.281128,2.79545
0,0.395916,0.508413,-1.01179,0.0241012,0,0,0,-22.2581,20.5103,0,0,0.144071,-0.81573,1.53391
1,0.24335,0.7792,-1.9018,0.023249,,,,,,,,,,
0,50.36825,0.9028157,-1.184639,0.02438704,0.01780569,0.01617775,0.001627941,0.9439009,35.7727,0.2946065,0.02932736,0.1440707,308.9546,3.707406
2,41.4649111,0.558858244,-1.770343626,0.01621707978,-0.3080071389,-2.085626582,1.777619443,1.233363465,29.4894683,-23.5105823,81.61705273,0.1440706667,360717.1173,74.64142461
0,5.84453,0.467825,-0.636532,0.0233276,4.8271e-05,1.5857e-05,3.2414e-05,0.917649,18.872,0.000149633,2.68519e-05,0.144071,0.146833,2.70617
2,16.4418737,0.675225376,-1.58280262,0.0220684823,-0.21237245,-0.24387281,0.0315003598,2.64538809,33.0247836,-3.32152334,0,0.144070667,16933.7891,7.53957192
2,7.8367,0.21123,-0.71985,0.010299,-0.0020515,-0.0021088,5.7279e-05,0.83447,8.5389,-0.008985,0.00017735,0.14407,0.21303,2.8086
0,6.83715,0.932417,-0.926764,0.0221072,0.000764181,0.000694233,6.99479e-05,0.956433,37.5866,0.0130569,0.00117857,0.144071,11.6709,3.22347
0,4.94096,0.930691,-0.525691,0.0145867,6.14005e-05,6.10699e-06,5.52935e-05,0.956814,37.5434,0.000114646,1.03412e-05,0.144071,0.0674637,2.55536
0,6.54417,0.558028,-0.903312,0.0105183,0.00118493,0.00108004,0.000104883,0.929297,22.4852,0.0121569,0.00183284,0.144071,5.31675,3.15839
0,16.0338515,0.323143555,-1.77487005,0.0156378474,0.260000647,0.176306276,0.0836943712,1.67503932,9.64677178,1.14918101,0,0.144070667,92086.9919,22.4121841
0,28.0193032,0.2595290927,-1.79782694,0.01461139112,0.9988924926,0.7559174174,0.2429750752,0.001880278195,0.01159545609,3.957177866,0,0.1440706667,132425.2467,30.28684197
0,7.11278,0.34037,-1.00203,0.00907286,0.00458718,0.00442496,0.000162223,0.887372,13.6682,0.0303799,0.00755108,0.144071,12.028,3.30035
0,45.4553,0.6373684,-1.2149,0.01513138,0.04025566,0.03728846,0.002967201,0.9119639,24.6775,0.4793913,0.0697209,0.1440707,325.3886,3.743521
0,5.49263,0.363024,-0.572206,0.02448,3.56359e-05,6.61401e-06,2.90218e-05,0.896355,14.6445,4.84312e-05,1.11995e-05,0.144071,0.0510554,2.58755
0,4.78718,0.910949,-0.560922,0.0162909,5.81835e-05,8.59748e-06,4.9586e-05,0.955923,36.7472,0.000157976,1.45586e-05,0.144071,0.103921,2.61279
0,25.7112734,0.3220604272,-1.667969047,0.01953059078,0.273712261,0.1646959484,0.1090163126,-0.05171097289,9.43628922,1.069905575,0,0.1440706667,-739125.8374,-142.0408055
0,14.3703321,0.2658016468,-1.877657149,0.01127735775,0.6416224912,0.4362128328,0.2054096584,0.6892716888,3.8428513,2.338736403,0,0.1440706667,333807.9704,69.51943487
0,47.2226639,0.305745351,-1.70209581,0.0204935815,0.931304113,0.719369099,0.211935014,0.0923607729,0.847316691,4.43646245,0,0.144070667,57601.3057,15.6187411
2,19.2659514,0.74745696,-1.64968641,0.0150537643,-0.0814662938,-0.870731471,0.789265177,2.52405966,32.6102663,-13.1279104,0,0.144070667,41377.6575,12.398965
0,41.02391,0.88603451,-1.3480867,0.020328382,0.13039526,0.088391318,0.04200394,0.86753112,31.083342,1.5797393,0.28715283,0.14407067,2383.943,4.3787738
0,43.2480356,0.34927079,-1.58437108,0.0216813643,0.254330618,0.164562638,0.0897679808,1.09603897,10.5066374,1.15936097,0,0.144070667,13267.5546,6.81668035
1,0.47198,0.80633,-1.9834,0.009302,,,,,,,,,,
0,35.58414,0.9052817,-1.221396,0.02094873,0.03363005,0.02887322,0.004756826,0.9334815,35.29249,0.527235,0.05474238,0.1440707,494.1914,3.80427
0,69.782198,0.37195885,-1.3786596,0.019844857,0.16629692,0.12218759,0.044109329,0.7895254,12.51012,0.91674211,0.43562972,0.14407067,1561.3424,4.2278655
0,6.51966,0.572809,-0.902105,0.0179371,0.00068556,0.000623759,6.18009e-05,0.931298,23.0923,0.00720696,0.00105823,0.144071,5.36473,3.15765
0,31.096173,0.8088753,-1.502687,0.024872988,0.85384418,0.56223719,0.29160699,0.29063307,4.7692805,9.1733151,0,0.14407067,7954.0938,5.6769193
0,6.45202,0.55629,-0.837635,0.0159525,0.000363654,0.000306726,5.69287e-05,0.92962,22.4336,0.00344173,0.000519827,0.144071,2.28097,3.04864
0,5.03404,0.829734,-0.520856,0.0191357,4.61816e-05,4.37489e-06,4.18067e-05,0.951827,33.4714,7.32202e-05,7.40811e-06,0.144071,0.0568206,2.5417
0,6.65927,0.976687,-0.917512,0.0189777,0.000796866,0.000718258,7.86086e-05,0.958283,39.3699,0.0141501,0.00121909,0.144071,10.8339,3.21023
0,6.20674,0.486921,-0.810133,0.0169013,0.000252967,0.000203402,4.95645e-05,0.920491,19.6383,0.00199774,0.000344626,0.144071,1.41641,2.99648
0,10.73333,0.95643156,-1.3981026,0.010659768,0.029831583,0.025076963,0.0047546205,3.4084675,37.433135,0.48378679,0,0.14407067,1389.1892,4.2078763
0,51.4657,0.4278999,-1.228894,0.02285797,0.03058161,0.02919812,0.001383491,0.8911771,16.73434,0.2520126,0.0552418,0.1440707,270.2635,3.737273
0,55.84007,0.8850631,-1.182775,0.01339666,0.03143751,0.02872489,0.002712619,0.9340518,34.58255,0.5128116,0.05212387,0.1440707,294.6841,3.700341
0,52.27305,0.23161474,-1.5002628,0.016371041,0.41647645,0.41647488,1.573689e-06,0.56734482,5.4523001,1.9457193,2.5179439,0.14407067,4515.3596,4.9776559
0,6.26731,0.987969,-0.847257,0.0124273,0.000532561,0.000445453,8.71081e-05,0.958907,39.8352,0.00887708,0.000755076,0.144071,4.44318,3.09294
0,6.05931,0.845053,-0.773492,0.0239029,0.000127093,8.98519e-05,3.72411e-05,0.952606,34.0866,0.00153157,0.000152201,0.144071,1.48381,2.96224
0,51.3795,0.81606,-1.05127,0.0159246,0.00499978,0.00472885,0.000270931,0.947844,32.7567,0.07784,0.00809795,0.144071,50.7978,3.43115
2,11.686838,0.8488083,-1.5643199,0.011635488,-0.52384233,-0.52625986,0.0024175249,49.799035,52.180089,-9.0102124,0,0.14407067,1120.9412,4.31098
0,36.21962,0.217763,-1.366679,0.01354707,0.1921589,0.164362,0.02779692,0.7178603,7.096841,0.7219559,0.5471258,0.1440707,835.2087,4.042736
0,5.7085,0.20304,-0.65711,0.019675,5.3132e-05,2.4489e-05,2.8644e-05,0.82868,8.1904,0.00010029,4.1467e-05,0.14407,0.091913,2.7027
0,34.884925,0.33723466,-1.3553623,0.018442624,0.14198508,0.11226563,0.029719451,0.79749104,11.672993,0.7636673,0.34752012,0.14407067,1069.2922,4.0895692
0,40.71551,0.5017703,-1.270166,0.01034132,0.1108739,0.09887967,0.01199423,0.8497959,17.99797,1.000776,0.2074739,0.1440707,517.9472,3.860064
0,5.6642,0.922144,-0.655555,0.0149442,8.67647e-05,3.1602e-05,5.51627e-05,0.956415,37.1977,0.000587813,5.3517e-05,0.144071,0.354545,2.77053
0,33.5839,0.45149,-1.08352,0.0178448,0.00656389,0.00635174,0.000212156,0.910786,18.0944,0.0578451,0.0109351,0.144071,44.1873,3.45495
2,35.674597,0.243449631,-1.71722334,0.0087714111,-0.12818749,-0.897811698,0.769624208,2.43693201,11.0801481,-4.40879139,0,0.144070667,34670.8413,11.1550604
0,0.5059044,0.5015644783619047,-1.969619540317911,0.01214855242362915,0,0,0,-1.899343206169717e-113,20.2340089424801,0,0,0.1440706666666666,-2.078352789284491e+119,-4.035823866973257e+115
0,7.08654,0.330893,-0.996226,0.0236244,0.00163933,0.0015803,5.90296e-05,0.886426,13.3269,0.0105476,0.00269163,0.144071,10.8969,3.28926
0,85.856508,0.25634272,-1.3832746,0.024735013,0.12923294,0.1006831,0.028549843,0.77823988,9.0048843,0.52059829,0.37084953,0.14407067,1209.7952,4.1511083
2,0.8322518,0.432695232473,-1.94313396877,0.0108397987592,0.384434335225,-0.258802388335,0.64323672356,-0.0339867040233,10.7451297443,-2.25878846071,0,0.144070666667,-43892980.0392,-8521.75372646
1,94.8628,0.611931,-1.28182,0.00896668,,,,,,,,,,
0,38.84904,0.2402671,-1.362571,0.01778728,0.1474164,0.1238527,0.02356366,0.758831,8.263927,0.6002403,0.3952829,0.1440707,872.7629,4.04818
0,34.71521,0.5241678,-1.174603,0.01139626,0.03177319,0.03049672,0.001276467,0.9054265,20.474,0.3224398,0.05516762,0.1440707,162.0442,3.635684
0,43.790623,0.27290132,-1.4406124,0.010113686,0.45894733,0.31638947,0.14255786,0.5510155,5.9566263,1.7416177,1.8943331,0.14407067,2360.6939,4.4662813
1,0.65954,0.32966,-1.9882,0.024172,,,,,,,,,,
0,54.192075,0.37029122,-1.4158963,0.014375907,0.29427747,0.19676761,0.097509862,0.69869529,10.542232,1.469678,0.97018169,0.14407067,2398.6694,4.4497595
2,0.7773645,0.700224166523608,-1.823339355969497,0.01308342444997276,-0.4304417316808735,-0.4304417934675875,6.178671407841563e-08,-4.766294586133743e-07,40.40754201574557,-6.07962368185255,0,0.1440706666666666,-2526424066605.794,-490590557.1295232
0,31.78245,0.56877006,-1.5166255,0.01067289,0.93657616,0.54460485,0.39197131,0.11703152,1.4552728,6.2480343,0,0.14407067,7209.0777,5.5411346
0,6.30283,0.299009,-0.912396,0.0140645,0.000970377,0.000907662,6.27152e-05,0.876323,12.0508,0.00547436,0.00154034,0.144071,3.39572,3.14406
0,40.61299,0.2436399,-1.5130322,0.015902455,0.36502677,0.25627027,0.10875651,0.84034518,6.2410692,1.2594235,0,0.14407067,4111.4458,4.9071768
0,15.6653375,0.508724094,-1.63561291,0.00925410414,0.126027875,0.0499516679,0.0760762074,1.96070471,17.9363907,0.512575061,0,0.144070667,24452.6401,9.07130039
0,14.33384,0.3814965,-1.189772,0.02189867,0.01983478,0.01924625,0.0005885293,0.8883788,15.08499,0.1481023,0.03488596,0.1440707,147.8606,3.643393
2,8.2222988,0.8752223193,-1.500417701,0.01865491249,-0.07674740779,-0.07674759121,1.834221032e-07,-0.15499082,38.01783533,-1.354903324,0,0.1440706667,-115479.5688,-21.01098612
0,50.46003,0.5849629,-1.21257,0.02335804,0.02514031,0.02355602,0.001584291,0.9167955,23.00518,0.2779428,0.04383354,0.1440707,292.842,3.729456
2,1.3819275,0.8400678413255,-1.674816051489,0.01918928421703,-1.654960937446,-2.473282384013,0.8183214465669,-0.000406475880051,89.97620292356,-41.9095728552,0,0.1440706666667,-979012808.3983,-190107.2782561
0,5.02729,0.856482,-0.565549,0.00932646,0.000102221,1.59366e-05,8.62849e-05,0.953224,34.5485,0.000275321,2.69869e-05,0.144071,0.103978,2.61745
0,7.0306,0.603215,-0.968724,0.0227424,0.00122665,0.00115497,7.16878e-05,0.934167,24.3049,0.0140529,0.00196393,0.144071,13.2456,3.27224
0,6.4243,0.22024,-0.86549,0.021076,0.00036402,0.00033197,3.2052e-05,0.83973,8.8816,0.0014748,0.00056274,0.14407,1.4298,3.0523
0,6.087102,0.934006,-1.359187,0.02110618,0.02881718,0.001288545,0.02752863,5.637389,36.59366,0.02427584,0,0.1440707,498.0829,3.943218
1,0.2217,0.93595,-1.9191,0.020679,,,,,,,,,,
0,6.5909,0.25192,-0.897836,0.0106841,0.0010641,0.000991277,7.28225e-05,0.856553,10.1521,0.00503712,0.0016818,0.144071,2.42746,3.11206
0,5.02345,0.587743,-0.562283,0.0167983,5.45837e-05,8.48489e-06,4.60988e-05,0.933321,23.7093,0.000100591,1.43678e-05,0.144071,0.069884,2.59376
0,6.06667,0.60116,-0.772565,0.0247541,0.000119711,8.57369e-05,3.3974e-05,0.93467,24.249,0.00103964,0.000145229,0.144071,1.0631,2.9441
0,5.22727,0.933667,-0.647655,0.0127573,9.7959e-05,3.34474e-05,6.45115e-05,0.956922,37.6621,0.000629912,5.6642e-05,0.144071,0.324163,2.75802
0,6.45896,0.368518,-0.646496,0.0213279,5.32868e-05,1.97119e-05,3.35749e-05,0.897731,14.8659,0.000146525,3.33798e-05,0.144071,0.134373,2.71158
0,9.74725,0.749943,-0.66907,0.0137368,0.00010008,4.08972e-05,5.91826e-05,0.946942,30.251,0.000618653,6.92582e-05,0.144071,0.346426,2.78285
2,46.9701219,0.5300972784,-1.748918931,0.01499507565,0.2432315969,-1.223188223,1.46641982,0.9860065261,16.18354768,-13.07898483,67.03296015,0.1440706667,188047.8314,41.05695604
2,37.575335,0.7565539,-1.3709576,0.01992865,0.43038127,-0.18827353,0.6186548,1.0857448,17.385185,-2.8731236,0,0.14407067,1429.1871,4.1899567
0,10.510861,0.90594282,-1.4042285,0.016267655,0.85026052,0.002132401,0.84812812,0.53303173,5.4725821,0.038966809,0,0.14407067,1405.0008,4.2176541
0,29.114871,0.80314491,-1.3293379,0.020267368,0.11088217,0.07837972,0.03250245,0.87620005,28.807688,1.2697634,0.2263755,0.14407067,1719.3695,4.2141839
0,31.626887,0.60184388,-1.4225441,0.012101311,0.49745136,0.20787487,0.28957649,0.94644247,12.201609,2.5235447,0,0.14407067,2232.1981,4.4203854
1,0.26503,0.57296,-1.9999,0.015194,,,,,,,,,,
2,0.816701,0.5314445823,-1.937726604,0.01197350568,0.2876104041,-0.0449001225,0.3325105266,-2.274044618,15.2732239,-0.481316423,0,0.1440706667,-869880.3018,-167.1698128
0,51.13014,0.4487705,-1.223305,0.0194898,0.03348355,0.03194933,0.001534228,0.8930587,17.49801,0.2892086,0.06030018,0.1440707,262.4654,3.728665
0,6.38154,0.793994,-0.9103,0.0226256,0.000607152,0.000549318,5.78337e-05,0.949406,32.0117,0.00879764,0.000932068,0.144071,8.10477,3.18758
0,4.89294,0.820693,-0.590175,0.0194362,5.18813e-05,1.04927e-05,4.13885e-05,0.951319,33.1065,0.000173698,1.7768e-05,0.144071,0.136985,2.65625
0,5.45546,0.573536,-0.624409,0.0227224,4.81219e-05,1.39319e-05,3.419e-05,0.931787,23.1364,0.000161175,2.35919e-05,0.144071,0.151717,2.69573
0,46.76959,0.5927731,-1.276883,0.01705634,0.07467475,0.06279331,0.01188144,0.8848777,22.12779,0.7508048,0.1371277,0.1440707,666.6584,3.908628
0,6.3769,0.24568,-0.90348,0.02001,0.00060808,0.00056912,3.8952e-05,0.85374,9.9052,0.0028204,0.00096548,0.14407,2.5548,3.1204
0,37.4332721,0.31086739,-1.66576484,0.0161909434,0.744585305,0.559877996,0.184707309,0.353572248,3.20314216,3.51070014,0,0.144070667,35669.8939,11.2990614
2,0.8514327,0.274194333011878,-1.90030754846337,0.0130237752086772,-122.416395354711,-122.416395704231,3.4951963812091e-07,-0.00383079452820543,1365.16925365854,-677.053883638377,0,0.144070666666667,-28542054323.9219,-5542402.62885105
0,17.103863,0.54317963,-1.5618429,0.0089610154,0.00015672362,4.6361749e-05,0.00011036187,3.7895727,21.909404,0.00050795876,0,0.14407067,5991.2996,5.3403718
0,1.1323992,0.845861707,-1.80544617,0.010428906,0.14992884,0.0215244271,0.128404413,14.646964,29.0074674,0.367245206,0,0.144070667,46899.7711,13.6334663
0,6.83911,0.891406,-0.942395,0.0237026,0.000861817,0.000791102,7.07151e-05,0.954478,35.9299,0.0142244,0.00134366,0.144071,13.6651,3.24759
0,6.61314,0.353707,-0.917598,0.0115657,0.0012634,0.00117968,8.3721e-05,0.893147,14.2511,0.0084165,0.00200255,0.144071,4.21231,3.16049
0,12.43685,0.6600855,-1.608091,0.01269276,0.0003258849,0.0002758804,5.000443e-05,135.0119,26.62035,0.003673214,0,0.1440707,370.099,4.152011
0,9.9966812,0.8671336795,-1.531890305,0.01648183173,0.2869246976,0.2798579987,0.007066698836,-0.1710428068,24.9446041,4.894957768,0,0.1440706667,-102864.0839,-18.52384686
0,19.37326,0.730281,-1.152521,0.01623772,0.0173693,0.01642286,0.0009464388,0.9343746,28.94913,0.2419156,0.02915674,0.1440707,167.1921,3.616209
0,54.66981,0.3139095,-1.207703,0.009044142,0.05858892,0.05713725,0.001451671,0.8452059,11.92172,0.3617837,0.1063467,0.1440707,154.6341,3.66494
2,29.7259606,0.901193219,-1.56551624,0.0222633451,0.184796866,-0.0070594495,0.191856316,1.22020196,29.6373195,-0.128325783,0,0.144070667,26386.3686,9.38061311
0,6.03535,0.26776,-0.771971,0.0180437,0.000153901,0.00011673,3.71702e-05,0.864411,10.8003,0.000630457,0.000197725,0.144071,0.508088,2.90547
0,11.64021,0.413675,-1.174691,0.01918497,0.01888323,0.01830022,0.0005830088,0.8959242,16.37326,0.1527006,0.0328078,0.1440707,131.1111,3.618882
0,0.747451,0.398095598,-1.90228106,0.0150262228,0.00498935339,0.00498928722,6.61639648e-08,-14.2799496,15.9797606,0.0400636997,0,0.144070667,-91926.414,-16.0237617
0,0.431453,0.90848484,-1.87322515,0.0234029244,0,0,0,27.6400375,36.6499048,0,0,0.144070667,74997.036,19.181399
0,5.04472,0.904147,-0.630088,0.00848433,0.000136444,4.01335e-05,9.63101e-05,0.955555,36.4699,0.000731932,6.79648e-05,0.144071,0.250852,2.72727
1,0.42154,0.5289,-1.7569,0.022414,,,,,,,,,,
0,6.45684,0.680296,-0.894127,0.0148221,0.000758559,0.000681403,7.71566e-05,0.941407,27.4235,0.00935033,0.0011559,0.144071,5.68868,3.15275
2,1.825595,0.3731614863327,-1.8888420852619,0.02402486132509,-0.54819507452665,-0.55956696840341,0.011371893876766,-0.0011387678023964,23.306532338053,-4.2118612373146,0,0.14407066666667,-1414720366.0287,-274714.42070553
0,5.91634,0.254592,-0.774778,0.00958136,0.000296473,0.00022788,6.85929e-05,0.858308,10.2676,0.00117024,0.000386027,0.144071,0.504324,2.90789
2,5.5724339,0.951064794,-1.74203002,0.017577426,0.821468587,-0.117546093,0.939014681,1.22548157,6.84983188,-2.25498406,0,0.144070667,58616.2619,15.8566609
0,0.4428459,0.9881809530368111,-1.812759964023087,0.01282039247192739,0,0,0,-7.36210106628917e-70,39.86498865676851,0,0,0.1440706666666666,-1.408633467620357e+75,-2.735337618209031e+71
0,23.431,0.807117,-1.08724,0.00837804,0.014885,0.0141063,0.000778776,0.940891,32.0759,0.229654,0.0244326,0.144071,79.5407,3.49574
0,6.20176,0.41451,-0.84428,0.0133233,0.00046348,0.000399942,6.35386e-05,0.907773,16.7143,0.00334393,0.000677872,0.144071,1.89544,3.04569
0,37.89014,0.33925016,-1.3618082,0.010177626,0.26366061,0.20779059,0.055870017,0.71363263,10.077511,1.4219067,0.68409149,0.14407067,1120.667,4.1084025
0,15.1727,0.509846,-1.03563,0.0131417,0.00488853,0.00469512,0.000193412,0.920828,20.4676,0.0482849,0.0080268,0.144071,26.725,3.37783
2,12.740391,0.6536984374,-1.690744933,0.009562408976,-0.01483905464,-0.0321344396,0.01729538495,-0.1750811076,26.76269133,-0.423714521,0,0.1440706667,-829553.4837,-159.5835417
0,6.13105,0.403652,-0.738918,0.0120353,0.000176913,0.000114472,6.2441e-05,0.905713,16.2811,0.000932031,0.000193885,0.144071,0.478117,2.86928
0,6.46134,0.34971,-0.91232,0.0112599,0.00121646,0.00113243,8.40301e-05,0.892095,14.0908,0.00798815,0.00192211,0.144071,3.8965,3.15115
0,70.26032,0.60974755,-1.3943932,0.024194722,0.18100501,0.12161346,0.059391555,0.81372075,20.145891,1.4957426,0.43733437,0.14407067,2985.9508,4.5535498
0,34.7235,0.815471,-1.04152,0.00991835,0.00708654,0.00669805,0.000388491,0.946453,32.6644,0.110175,0.011471,0.144071,44.7561,3.41371
0,6.43574,0.958525,-0.891445,0.0121225,0.000910725,0.000804897,0.000105828,0.957462,38.6334,0.0155621,0.00136544,0.144071,7.6128,3.16541
0,6.55893,0.564242,-0.850469,0.0210216,0.000319081,0.000274453,4.46287e-05,0.930569,22.7553,0.00312362,0.000465174,0.144071,2.72554,3.07071
1,0.29024,0.88742,-1.8606,0.0098305,,,,,,,,,,
0,53.75729,0.6987354,-1.205827,0.01380212,0.03970048,0.03665833,0.003042146,0.9173653,27.06915,0.5166669,0.0680271,0.1440707,315.7893,3.731046
2,20.472884,0.56360122,-1.5275014,0.022375895,-0.37086885,-0.38421905,0.013350202,2.7794258,31.169009,-4.3679333,0,0.14407067,7476.123,5.6057352
0,20.0062,0.251629,-0.694949,0.0203029,6.98052e-05,3.85829e-05,3.12223e-05,0.857019,10.1504,0.00019583,6.53377e-05,0.144071,0.179083,2.7748
0,23.3744,0.414492,-1.06306,0.0084211,0.0106974,0.0103607,0.000336762,0.901291,16.5425,0.0866223,0.0178163,0.144071,31.3877,3.41442
0,52.280021,0.27787568,-1.4875356,0.017828844,0.35948514,0.35948355,1.5845796e-06,0.62728372,7.1801731,2.0149057,1.9633655,0.14407067,4567.0162,4.9755441
0,38.27769,0.2195517,-1.26978,0.0221628,0.04916426,0.04800806,0.001156203,0.8096035,8.421656,0.2126063,0.09632963,0.1440707,253.132,3.771468
0,6.29851,0.827023,-0.762119,0.0182585,0.000149546,0.000101644,4.79017e-05,0.95161,33.3586,0.00169561,0.000172172,0.144071,1.25607,2.94227
0,81.9489916,0.801957229,-1.47448842,0.0241412172,0.288207116,0.193150382,0.0950567333,0.74823876,23.0282012,3.12443827,1.22625895,0.144070667,10384.8085,6.13442763
1,0.65237,0.93461,-1.8323,0.01335,,,,,,,,,,
0,40.07672,0.5789585,-1.235468,0.02330141,0.03379405,0.03093158,0.002862472,0.9104431,22.56692,0.3612224,0.05896522,0.1440707,388.1817,3.785349
0,1.1037296,0.332274733,-1.84015435,0.0151836909,0.0272802309,0.0272619514,1.82795445e-05,-4.97352575,13.0388781,0.182717198,0,0.144070667,-96962.1114,-17.0664794
0,6.27778,0.586995,-0.890455,0.0097537,0.00109731,0.000987682,0.000109627,0.932573,23.6544,0.0116944,0.00167561,0.144071,4.72508,3.13935
2,59.882857,0.24817747,-1.5160544,0.0098780635,0.47025097,-0.13250519,0.60275616,0.56010454,5.3038068,-0.66331593,5.1114392,0.14407067,5449.6793,5.1845409
1,0.25172,0.71492,-1.8568,0.014224,,,,,,,,,,
0,2.031034,0.7270823,-1.379451,0.01407336,0.3270758,0.0008615007,0.3262143,11.50588,19.73808,0.01263468,0,0.1440707,170.7671,3.844921
0,5.55902,0.608503,-0.704668,0.0186687,9.04709e-05,4.75363e-05,4.29346e-05,0.935425,24.5459,0.000583463,8.05057e-05,0.144071,0.449519,2.83186
0,6.7923,0.22762,-0.99871,0.016575,0.0023919,0.0023243,6.7598e-05,0.84289,9.1608,0.010672,0.0039607,0.14407,8.1325,3.2762
1,0.36122,0.75363,-1.9696,0.011586,,,,,,,,,,
0,0.4904512,0.4476873776,-1.909295133,0.01542370649,0,0,0,9.878514316,18.06051025,0,0,0.1440706667,164347.3572,36.60816278
0,7.08685,0.488984,-0.999547,0.0227121,0.00179454,0.00171489,7.96502e-05,0.919818,19.6911,0.0169144,0.00292179,0.144071,16.1924,3.31396
0,15.344806,0.56446225,-1.4039567,0.01942501,0.011084276,0.010179266,0.00090501059,2.3151183,22.519013,0.11589816,0,0.14407067,1326.4695,4.1991774
0,5.07961,0.732104,-0.528566,0.0176018,5.02292e-05,5.25132e-06,4.49778e-05,0.945753,29.5329,7.75473e-05,8.8922e-06,0.144071,0.0557099,2.54839
0,0.5163259,0.3163853200918757,-1.903287651245168,0.0228639780211397,0,0,0,-2.9754224362398e-12,12.76355019581202,0,0,0.1440706666666666,-3.569725218391853e+17,-69318271225174.81
0,22.2068,0.740161,-1.02617,0.0240847,0.00239947,0.00227287,0.000126609,0.944791,29.7878,0.0339332,0.00387884,0.144071,33.5724,3.38142
0,6.10067,0.487588,-0.654691,0.0235686,5.21141e-05,1.98174e-05,3.22966e-05,0.920719,19.6692,0.000194906,3.35591e-05,0.144071,0.192593,2.73828
1,0.24843,0.76953,-1.8688,0.017934,,,,,,,,,,
0,5.37304,0.315064,-0.500583,0.024001,3.09209e-05,2.6885e-06,2.82324e-05,0.882439,12.7099,1.70858e-05,4.55234e-06,0.144071,0.0179373,2.46217
2,6.194863,0.8046708,-1.594767,0.012232,-0.03175696,-0.03175697,7.239755e-09,127.4764,33.49275,-0.5154452,0,0.1440707,415.591,4.153476
0,0.4376139,0.483276148,-1.88654544,0.023101735,0,0,0,87.232813,19.496225,0,0,0.144070667,14999.8556,7.46154506
0,39.44357,0.4470359,-1.323238,0.0112823,0.165603,0.134743,0.03086005,0.8049589,15.0477,1.214993,0.3760098,0.1440707,903.9214,4.016699
0,5.45268,0.334113,-0.514202,0.0106269,7.21004e-05,7.23264e-06,6.48677e-05,0.888367,13.4778,4.87434e-05,1.22471e-05,0.144071,0.0225061,2.48745
2,12.7840804,0.47657999936969,-1.6755804536704,0.014114739148552,-140.64390811015,-140.64390978064,1.6704891834252e-06,-0.0024474356229152,2723.2585725136,-1352.0162571486,0,0.14407066666667,-4969781220.8016,-965049.82931877
0,6.95172,0.552505,-0.967111,0.0226135,0.00120584,0.00113785,6.79954e-05,0.928634,22.2622,0.0126807,0.00193462,0.144071,11.9543,3.2651
0,6.95683,0.65124,-0.982647,0.0211818,0.00157065,0.00148151,8.9131e-05,0.93845,26.2309,0.0194613,0.00252156,0.144071,17.0166,3.29977
0,3.3256139,0.4221099511129456,-1.893635953087367,0.01453799050778145,0.6922522315475405,0.6921057511487956,0.0001464803987448748,-1.937871487644294e-06,5.240535523410557,5.892820593128532,0,0.1440706666666666,-198802184088.6718,-38604157.16122276
0,30.75846,0.95177052,-1.3277621,0.023006634,0.099721489,0.068678027,0.031043462,0.89096784,34.567208,1.3184851,0.19542659,0.14407067,1988.2745,4.2722915
0,27.7683535,0.744924718,-1.6809403,0.0139635027,0.661406002,0.474225503,0.187180499,-1.41941265,10.1752903,7.12561678,0,0.144070667,-34300.2596,-5.00438369
0,4.60745,0.919016,-0.510083,0.0191339,4.59101e-05,3.80992e-06,4.21002e-05,0.9563,37.073,7.06259e-05,6.45142e-06,0.144071,0.0545458,2.52882
0,5.50692,0.263988,-0.692822,0.0117919,0.00011945,6.46382e-05,5.48117e-05,0.862762,10.6485,0.00034419,0.000109465,0.144071,0.18159,2.77339
0,4.74146,0.952698,-0.565243,0.0210349,4.55708e-05,7.03852e-06,3.85323e-05,0.957779,38.4318,0.000135258,1.19186e-05,0.144071,0.114665,2.62217
0,95.7519661,0.496883165,-1.55987355,0.0177833905,0.568423142,0.374582569,0.193840573,0.494974841,8.65102561,3.75428308,4.98474669,0.144070667,17659.543,7.65972876
0,6.88218,0.841795,-0.885939,0.0217133,0.000473767,0.000418823,5.49434e-05,0.952207,33.9434,0.00711151,0.000710275,0.144071,6.26634,3.14964
0,5.17519,0.435063,-0.539554,0.0166232,5.06665e-05,6.40333e-06,4.42632e-05,0.911994,17.5503,5.61932e-05,1.08428e-05,0.144071,0.0395356,2.54176
0,5.31477,0.806208,-0.682539,0.0248645,5.99347e-05,2.68614e-05,3.30734e-05,0.950483,32.5219,0.000436818,4.54897e-05,0.144071,0.441125,2.80876
0,6.2873,0.877833,-0.785629,0.0109406,0.000312732,0.000229394,8.3338e-05,0.954172,35.4023,0.00406181,0.000388631,0.144071,1.79812,2.98431
0,48.816693,0.29630864,-1.462663,0.01621643,0.33814148,0.33792498,0.00021650225,0.64888166,7.9116059,2.0197136,1.5682612,0.14407067,3534.3544,4.7369744
1,0.24795,0.40837,-1.9492,0.014484,,,,,,,,,,
0,16.143,0.909659,-0.986416,0.0110538,0.00319683,0.00297854,0.000218289,0.95382,36.5799,0.0546521,0.00507156,0.144071,24.5057,3.32373
0,6.55036,0.869109,-0.902214,0.0173406,0.000721288,0.000646118,7.51707e-05,0.953469,35.0361,0.0113269,0.00109617,0.144071,7.96139,3.17855
2,0.7974262,0.603691885,-1.891072336,0.0208023359,-0.01842715676,-0.01842719746,4.070234448e-08,-3.156718116,24.80278654,-0.2243880881,0,0.1440706667,-558900.0281,-106.8064132
0,49.6845,0.5327646,-1.204951,0.01854748,0.02849842,0.02706864,0.001429779,0.9086249,20.88017,0.2908888,0.05005594,0.1440707,243.1796,3.702645
0,25.6344,0.838303,-1.07817,0.0237135,0.00472267,0.00446604,0.000256624,0.949257,33.6589,0.0755178,0.00768298,0.144071,73.6341,3.48156
0,5.22314,0.47166,-0.538427,0.015633,5.44915e-05,6.71106e-06,4.77805e-05,0.91826,19.0266,6.38476e-05,1.13639e-05,0.144071,0.041957,2.54368
0,5.6532604,0.66873488,-1.6254621,0.021778635,0.031605639,0.002217591,0.029388048,6.4886475,26.125307,0.029913044,0,0.14407067,9446.7926,6.0983895
0,6.37875,0.657345,-0.810981,0.0207229,0.000211098,0.000167711,4.33872e-05,0.939854,26.5129,0.00222371,0.000284152,0.144071,1.89337,3.01234
0,6.27979,0.261061,-0.806095,0.0137164,0.00028759,0.000237975,4.96151e-05,0.861334,10.5286,0.00125313,0.000403187,0.144071,0.770521,2.96104
0,6.24579,0.355848,-0.866135,0.0243112,0.000324701,0.00029017,3.45312e-05,0.894305,14.3509,0.00208277,0.000491893,0.144071,2.18729,3.07496
0,19.6353621,0.7758494907,-1.80542135,0.01138462952,0.2222867386,0.06095375358,0.161332985,2.005060475,24.34176975,0.9539005623,0,0.1440706667,287405.2829,60.42885958
0,7.07811,0.482347,-0.97096,0.0147677,0.00192866,0.00182958,9.90835e-05,0.918733,19.4212,0.0178007,0.00311258,0.144071,11.0754,3.26486
0,54.22052,0.7647984,-1.183173,0.01379886,0.03015521,0.02803925,0.002115963,0.9282625,29.92295,0.4325522,0.05086418,0.1440707,257.8851,3.68674
0,5.50404,0.865782,-0.648406,0.0244171,5.11518e-05,1.76451e-05,3.35067e-05,0.953736,34.9254,0.000308147,2.98806e-05,0.144071,0.304533,2.75556
0,17.6154,0.512759,-1.03287,0.0108713,0.00570526,0.00547668,0.000228584,0.920704,20.5676,0.0566443,0.00936471,0.144071,25.9225,3.37334
1,0.32115,0.60971,-1.9877,0.023775,,,,,,,,,,
0,30.07174,0.8519418,-1.627568,0.02393416,0.7486346,0.3900378,0.3585968,285.2578,8.639142,6.702578,0,0.1440707,73.00618,4.030391
0,72.493442,0.98758891,-1.2903257,0.019388512,0.080214608,0.0586522,0.021562408,0.90572596,36.645266,1.1683842,0.14336898,0.14407067,1281.9115,4.0751383
0,6.32232,0.271092,-0.63161,0.0111306,8.94134e-05,3.11974e-05,5.8216e-05,0.865893,10.9354,0.000170593,5.28287e-05,0.144071,0.0846435,2.67293
0,7.29913,0.315221,-1.03334,0.0191125,0.00322774,0.00313455,9.31828e-05,0.880504,12.6755,0.0199304,0.00535932,0.144071,16.8074,3.34979
2,38.8869206,0.7350092651,-1.753658063,0.01083234449,-1.562540666,-3.191494836,1.628954171,4.743892567,75.98340401,-47.31644746,0,0.1440706667,195027.2419,42.41885596
0,1.2054354,0.21404540738,-1.95597053487,0.0102820654978,0.568005998118,0.256123733582,0.311882264536,-0.0161710275989,3.73025736805,1.10581100683,0,0.144070666667,-37766063.5889,-7331.98541036
0,48.77088,0.6319655,-1.255998,0.01751512,0.05811394,0.05043643,0.00767751,0.8996292,24.01303,0.6429288,0.1021149,0.1440707,544.1551,3.853522
0,6.82017,0.872395,-0.673275,0.0246031,5.77e-05,2.4102e-05,3.35981e-05,0.954066,35.1919,0.000424122,4.08156e-05,0.144071,0.4222,2.79724
0,5.09075,0.737252,-0.611677,0.0156657,6.8169e-05,1.71589e-05,5.10101e-05,0.946099,29.7401,0.000255171,2.90568e-05,0.144071,0.163094,2.68672
0,0.4567988,0.4435462761,-1.757058151,0.01111070231,0,0,0,-0.3241049519,17.8934508,0,0,0.1440706667,-702242.3666,-134.7869146
0,7.1335,0.449897,-1.00213,0.0143948,0.00291666,0.00279505,0.000121609,0.912829,18.0967,0.0253646,0.00476551,0.144071,15.5012,3.31416
0,13.2935724,0.7587614491,-1.753316531,0.01129991438,0.5637903576,0.4655572324,0.09823312516,1.499661301,13.35228781,7.125305762,0,0.1440706667,107936.5819,25.47652382
0,5.84678,0.368636,-0.717666,0.00998986,0.000177807,0.00010497,7.28367e-05,0.897682,14.8688,0.00078053,0.000177783,0.144071,0.335305,2.82977
0,34.43068,0.2505107,-1.224417,0.02019545,0.03221768,0.03154508,0.0006725976,0.8367165,9.780456,0.1593981,0.05903062,0.1440707,158.836,3.683848
0,56.30041,0.8432388,-1.259246,0.01058862,0.1017863,0.08233045,0.01945581,0.8845339,30.55522,1.400349,0.1761105,0.1440707,734.2311,3.909074
2,2.8873101,0.87585898,-1.596566,0.015782998,0.041953573,-0.0050054955,0.046959069,9.5799845,33.851344,-0.088431386,0,0.14407067,5719.9599,5.3200237
1,0.12376,0.58899,-1.9139,0.012737,,,,,,,,,,
0,5.09284,0.561426,-0.570023,0.0109607,8.48921e-05,1.43628e-05,7.05293e-05,0.930395,22.647,0.000162651,2.43215e-05,0.144071,0.073962,2.60441
1,0.24858,0.92082,-1.9177,0.012179,,,,,,,,,,
0,6.02592,0.679136,-0.645715,0.0240578,5.04487e-05,1.73004e-05,3.31483e-05,0.94177,27.3962,0.000236994,2.92966e-05,0.144071,0.233698,2.73925
0,5.52872,0.311724,-0.677421,0.00882611,0.000148506,7.08583e-05,7.76474e-05,0.881256,12.5736,0.00044554,0.000119998,0.144071,0.172243,2.75527
2,22.783569,0.4142181,-1.5070345,0.022873964,0.25533609,-0.061724154,0.31706024,-2.0228744,12.443557,-0.51571455,0,0.14407067,-3152.9037,0.99266278
0,25.71089,0.6199511,-1.171365,0.0211449,0.01674096,0.01591891,0.0008220457,0.9257867,24.59125,0.1990655,0.02852175,0.1440707,182.5949,3.642572
0,6.31355,0.489718,-0.843475,0.0161366,0.000381856,0.000326835,5.50208e-05,0.920827,19.7486,0.0032285,0.000553934,0.144071,2.18507,3.05225
0,6.22777,0.511886,-0.832441,0.0124749,0.000437454,0.000366921,7.05324e-05,0.92395,20.6414,0.00378853,0.000621837,0.144071,1.97533,3.03599
0,6.26003,0.573096,-0.870649,0.0162833,0.000520082,0.000459,6.10827e-05,0.931436,23.1077,0.00530598,0.000778234,0.144071,3.5834,3.10511
0,19.7151698,0.550131179,-1.63205282,0.0130538032,0.529976411,0.180606752,0.349369659,2.08997861,10.4313635,2.00412781,0,0.144070667,12745.0736,6.76084038
0,14.55885,0.89916293,-1.5408661,0.018549071,0.039034003,0.021760285,0.017273719,4.125845,34.857929,0.39466457,0,0.14407067,6687.3167,5.4601974
2,13.2334928,0.704890596,-1.56601784,0.0153378552,0.316281244,-0.106237255,0.422518499,1.57408665,19.4426016,-1.51051043,0,0.144070667,13505.0537,6.84535723
2,5.581793,0.62695371,-1.4611595,0.018034299,-14.541105,-14.63096,0.089854665,-20.265646,393.0724,-185.0263,0,0.14407067,-5514.8812,0.45940081
0,14.7058831,0.614905068,-1.72159023,0.00943511252,0.152181444,0.0300841953,0.122097249,1.891616,21.0313018,0.373139859,0,0.144070667,89671.7991,21.8885474
0,31.392142,0.67927302,-1.3231168,0.019141486,0.10867239,0.079917923,0.028754471,0.86957668,24.42513,1.094999,0.2212826,0.14407067,1356.0923,4.1252246
0,5.19798,0.673088,-0.591094,0.0227306,4.39573e-05,9.07859e-06,3.48787e-05,0.941282,27.1524,0.000123258,1.53732e-05,0.144071,0.114895,2.64813
0,5.8042,0.615155,-0.682077,0.0121699,0.000120225,5.45551e-05,6.56696e-05,0.936059,24.8135,0.000676932,9.23907e-05,0.144071,0.339733,2.79486
2,14.6200184,0.551407993153,-1.75712775924,0.020866464852,-0.263605154921,-0.561823821292,0.298218666371,-0.0242726919422,28.1086257006,-6.24882521286,0,0.144070666667,-14743091.5214,-2861.44833421
0,25.612197,0.32355584,-1.5220343,0.014311181,0.083415817,0.065097738,0.018318079,2.0966019,11.96401,0.42485458,0,0.14407067,3546.2667,4.7988318
0,20.4300947,0.6370656409,-1.822017228,0.01554903962,0.8351964503,0.7005212937,0.1346751566,0.359286634,4.235511943,9.001827663,0,0.1440706667,345393.4738,71.7152648
2,11.572406,0.3982978,-1.6016482,0.024000037,-0.25728115,-0.28423063,0.026949485,3.706496,20.202052,-2.2835155,0,0.14407067,9418.1243,6.0688525
0,7.21734,0.465171,-1.01069,0.0135904,0.00344239,0.00330177,0.000140623,0.915061,18.7012,0.0309802,0.00563452,0.144071,17.8381,3.3304
0,6.45376,0.491659,-0.844119,0.0144952,0.000428255,0.000366853,6.14022e-05,0.921084,19.8259,0.00363815,0.000621776,0.144071,2.21121,3.05351
0,44.21024,0.4717464,-1.203938,0.02260392,0.02303594,0.02206756,0.0009683883,0.9035743,18.59269,0.2099849,0.04054193,0.1440707,214.9334,3.689803
0,6.0067,0.24319,-0.78041,0.014675,0.00020396,0.00015996,4.3997e-05,0.8527,9.8086,0.00078465,0.00027096,0.14407,0.52135,2.9152
0,33.71982,0.7741398,-1.254744,0.01954977,0.05391963,0.04459555,0.009324086,0.9129438,29.54627,0.6963636,0.09002625,0.1440707,649.2423,3.881747
0,15.9724,0.784492,-1.00733,0.0136659,0.00334044,0.00314716,0.000193283,0.947057,31.5421,0.0498003,0.00536671,0.144071,27.8417,3.35185
0,12.202735,0.42163968,-1.5186081,0.023431691,0.057113072,0.032788707,0.024324365,2.5457781,16.038223,0.27886302,0,0.14407067,3746.5663,4.8371237
0,5.5591,0.24306,-0.66175,0.011782,9.6056e-05,4.3407e-05,5.265e-05,0.8527,9.8044,0.00021281,7.3505e-05,0.14407,0.1135,2.7182
0,21.6118,0.317872,-1.13263,0.0232646,0.00924885,0.00903659,0.000212258,0.877616,12.7049,0.0579405,0.0157615,0.144071,60.5057,3.52337
0,44.097514,0.2497193,-1.5664249,0.017252614,0.32119554,0.26887741,0.052318129,1.0658193,6.83836,1.3543521,0,0.14407067,7051.9612,5.5592923
0,6.73874,0.669313,-0.927276,0.0245199,0.000684365,0.000630112,5.42529e-05,0.940558,26.9828,0.00850691,0.00106962,0.144071,8.57602,3.20755
0,7.94332,0.669391,-0.985854,0.0140009,0.00247558,0.0023347,0.000140875,0.93941,26.9376,0.0315236,0.00397528,0.144071,18.1913,3.30663
0,24.4097863,0.607574412,-1.65506848,0.0166154891,0.416192017,0.286649946,0.129542071,1.18291725,14.309507,3.51298674,0,0.144070667,41514.9994,12.4311869
1,0.51862,0.50114,-1.9889,0.0089506,,,,,,,,,,
0,0.7695464,0.22445657,-1.974231928,0.02133918258,0.004314929843,0.00354192191,0.000773007933,9.767058988,9.015908244,0.01603601576,0,0.1440706667,191080.5161,41.87198923
1,148.3356,0.9890577,-1.274566,0.01507768,,,,,,,,,,
0,13.53036,0.7710169,-1.120024,0.01023556,0.0183525,0.01739859,0.0009539164,0.9364422,30.53336,0.2705846,0.03046995,0.1440707,115.9082,3.55493
1,0.97189,0.67256,-1.9577,0.021786,,,,,,,,,,
2,14.3449759,0.2218039408,-1.610544841,0.01671798136,-0.05554677978,-0.07374406931,0.01819728953,-0.07691747339,9.444998848,-0.3299297876,0,0.1440706667,-237869.5922,-44.70414599
0,6.44926,0.9479,-0.796008,0.0220515,0.000172714,0.000130043,4.26706e-05,0.957492,38.2334,0.00248643,0.000220312,0.144071,2.21116,3.0054
0,5.7324,0.309594,-0.51071,0.0161817,4.6171e-05,4.54155e-06,4.16295e-05,0.8806,12.489,2.8361e-05,7.69008e-06,0.144071,0.020116,2.47819
0,49.721734,0.25465963,-1.4195374,0.023477216,0.19961209,0.14207873,0.057533364,0.73069129,8.2227255,0.72981759,0.62252012,0.14407067,1874.6456,4.3389781
1,0.50224,0.56497,-1.9875,0.021681,,,,,,,,,,
0,0.8195635,0.543917848,-1.86077661,0.0190675358,0.0054715062,0.0054715062,5.46437895e-17,11.6501988,21.8225605,0.0600295898,0,0.144070667,90289.8152,22.1480954
0,5.05339,0.548992,-0.577584,0.021208,4.43867e-05,8.18023e-06,3.62065e-05,0.928958,22.1463,9.0585e-05,1.38518e-05,0.144071,0.0798271,2.6159
0,11.8761243,0.5120776118,-1.787967754,0.01978938568,0.3642918395,0.2821461955,0.08214564407,1.370305896,13.13254027,2.914306049,0,0.1440706667,181316.5094,39.78701835
0,19.4907,0.916198,-1.07999,0.0231376,0.00497436,0.00468191,0.000292448,0.952961,36.7772,0.0865243,0.00806039,0.144071,82.0381,3.49056
0,5.9111,0.2477,-0.70708,0.0083455,0.00018528,0.00010969,7.559e-05,0.85501,9.991,0.00054805,0.00018576,0.14407,0.20648,2.7943
0,34.563749,0.7922298,-1.4724732,0.024184732,0.1155919,0.0104685,0.1051234,1.8652804,28.265655,0.16728647,0,0.14407067,4982.5503,5.0456461
0,32.667658,0.28327487,-1.3637961,0.019104723,0.14317086,0.11512575,0.028045109,0.77960673,9.7916854,0.6578179,0.37386029,0.14407067,1022.514,4.0866209
1,0.22433,0.52772,-1.9985,0.024081,,,,,,,,,,
0,4.75667,0.804408,-0.567847,0.0177771,5.36737e-05,8.61161e-06,4.5062e-05,0.950382,32.4495,0.000139729,1.45825e-05,0.144071,0.100888,2.6182
0,9.5396549,0.61476296,-1.5439035,0.023279214,0.7361173,0.22882416,0.50729313,0.97169551,6.5444594,2.8374927,0,0.14407067,5543.0734,5.2313987
0,0.4498529,0.945429464399,-1.76349376687,0.0178371702922,0,0,0,-0.0288159087559,38.1403170727,0,0,0.144070666667,-18286529.9082,-3549.53127158
0,152.0722,0.92783433,-1.289382,0.017962068,0.084662688,0.062800278,0.02186241,0.9002751,34.261531,1.1753228,0.15288998,0.14407067,1191.2536,4.0528216
1,0.26034,0.92351,-1.9792,0.021114,,,,,,,,,,
0,10.3752,0.462525,-1.02688,0.0192316,0.00298438,0.00287039,0.000113989,0.914919,18.6034,0.0267794,0.00490168,0.144071,21.8478,3.35778
0,37.921148,0.7006649923,-1.776502683,0.01793360579,0.9348465459,0.6414391547,0.2934073912,0.1166772473,1.841632751,9.065485263,0,0.1440706667,257730.4379,54.63196792
2,8.2149445,0.6217690121,-1.79525754,0.02084425538,0.1530009772,-0.04876205954,0.2017630367,3.807735578,21.24550943,-0.611556075,0,0.1440706667,115923.6849,27.07309874
0,26.8713,0.281266,-1.11894,0.0134239,0.0134447,0.0131637,0.000281001,0.861862,11.1942,0.0746831,0.0229124,0.144071,45.5347,3.49218
0,6.4531,0.978401,-0.78269,0.0151944,0.000219872,0.000159062,6.081e-05,0.958729,39.4618,0.00313913,0.000269462,0.144071,1.92088,2.98479
0,49.69504,0.4790509,-1.269929,0.02413454,0.04780912,0.04276648,0.005042644,0.8885912,18.40182,0.4132476,0.08862916,0.1440707,504.9075,3.855985
2,10.998529,0.37013354,-1.5473618,0.022451994,0.52182591,-0.03216273,0.55398864,1.7955154,7.1400236,-0.24012453,0,0.14407067,3421.443,4.7980794
0,78.06139,0.83545854,-1.4250529,0.023785067,0.23333321,0.15000539,0.083327824,0.79118173,25.839656,2.5278828,0.65957408,0.14407067,5840.0392,5.1728956
0,25.1816,0.240354,-1.11016,0.0121267,0.0154816,0.0130271,0.00245452,0.842956,9.54619,0.0631572,0.0226575,0.144071,35.4664,3.4686
2,28.2492057,0.603597453,-1.55666381,0.0182621478,-0.73365639,-0.783020402,0.0493640123,2.509355,42.214883,-9.5333524,0,0.144070667,16311.4694,7.39066484
1,127.6837,0.6737097,-1.284758,0.01667942,,,,,,,,,,
0,46.49417,0.451006,-1.294463,0.01955834,0.07711246,0.06627216,0.0108403,0.8649415,16.79137,0.6028907,0.1498821,0.1440707,648.662,3.921308
0,42.83321,0.8801877,-1.209895,0.02076139,0.02906452,0.02564445,0.003420065,0.9353418,34.47632,0.4552961,0.04765047,0.1440707,415.6344,3.768619
0,4.78094,0.993031,-0.607441,0.0180715,5.93541e-05,1.40868e-05,4.52673e-05,0.959414,40.0583,0.000282162,2.38543e-05,0.144071,0.205156,2.69428
0,10.724774,0.31880471,-1.5486936,0.015996554,0.18977382,0.083555753,0.10621806,2.1781606,10.420443,0.53731165,0,0.14407067,4187.2083,4.9584882
0,17.1551326,0.39580725059,-1.8681054574,0.023621914696,0.36619838918,0.26898685767,0.097211531514,-0.062912877813,10.12027352,2.1475336497,0,0.14407066667,-8519275.5798,-1652.7451128
0,27.187265,0.7791391,-1.5149468,0.011172662,0.16093438,0.12945832,0.031476065,1.6931799,26.373398,2.0345582,0,0.14407067,8837.642,5.8661621
0,25.5952245,0.4189007909,-1.894674404,0.02121788516,0.9881305984,0.7450914297,0.2430391687,0.02350862387,0.2005834848,6.295727453,0,0.1440706667,635669.4847,128.1861561
1,0.2474,0.37315,-1.9682,0.018144,,,,,,,,,,
2,16.1151457,0.294815872,-1.64501181,0.0224257491,-2.4831493,-2.58004124,0.0968919399,11.1254944,41.4264881,-15.3427313,0,0.144070667,11230.3405,6.47316156
0,6.33386,0.568327,-0.812532,0.0141025,0.000313275,0.000251386,6.18888e-05,0.931036,22.9201,0.00288181,0.000425948,0.144071,1.68554,3.00787
0,4.88391,0.662286,-0.544622,0.0117579,7.63808e-05,9.66172e-06,6.6719e-05,0.940361,26.7158,0.00012907,1.63607e-05,0.144071,0.0622932,2.57019
0,10.024,0.760038,-0.984163,0.0224858,0.00151729,0.00142348,9.38175e-05,0.946692,30.6148,0.0218228,0.00242202,0.144071,20.0746,3.31037
1,0.45365,0.69366,-1.9458,0.017511,,,,,,,,,,
0,6.35195,0.525701,-0.894787,0.0182319,0.000616026,0.000558728,5.72977e-05,0.925679,21.1947,0.00592468,0.000947715,0.144071,4.50934,3.14124
0,5.3218,0.435332,-0.579327,0.0153729,5.95138e-05,1.15406e-05,4.79732e-05,0.912038,17.561,0.000101339,1.95422e-05,0.144071,0.0659332,2.60781
0,17.246402,0.31152145,-1.581397,0.0084761929,0.71257313,0.42052585,0.29204729,0.76566186,3.6121891,2.6424441,0,0.14407067,6284.8597,5.4193883
0,6.35547,0.889972,-0.797852,0.0232083,0.000166732,0.000126522,4.02103e-05,0.954861,35.8971,0.00227126,0.000214347,0.144071,2.13165,3.00534
0,0.4901268,0.7644741939691075,-1.974315662855206,0.02486651447688876,0,0,0,-6.785204496430047e-86,30.8402575229918,0,0,0.1440706666666666,-9.418741949143951e+91,-1.82896685063289e+88
0,36.7859,0.221298,-1.16584,0.0180055,0.0363769,0.0360913,0.000285518,0.827139,8.60281,0.161104,0.0312018,0.144071,66.6013,3.56271
0,6.39936,0.453915,-0.874498,0.0145553,0.000603523,0.00053948,6.4043e-05,0.914988,18.3007,0.00493941,0.000914763,0.144071,3.03541,3.10033
0,46.20903,0.482757,-1.224695,0.01142469,0.0582069,0.05522952,0.002977387,0.8823756,18.34169,0.5378052,0.1047224,0.1440707,283.47,3.738091
0,5.98239,0.610541,-0.646998,0.0236028,5.13124e-05,1.79269e-05,3.33855e-05,0.935652,24.629,0.000220772,3.03575e-05,0.144071,0.214981,2.73624
0,6.82527,0.87962,-0.951961,0.0204532,0.0011233,0.00103618,8.71233e-05,0.953733,35.4456,0.0183847,0.00176071,0.144071,15.2554,3.26312
0,36.8273,0.945827,-1.04774,0.0225939,0.00339625,0.00318839,0.000207862,0.955302,38.0268,0.0608287,0.0054547,0.144071,55.9175,3.43354
0,0.7957916,0.963049058106,-1.93756285438,0.0218809944065,0.0864395853959,0.00986879822525,0.0765707871706,-0.36840688255,35.4928480585,0.191706946978,0,0.144070666667,-12451664.4372,-2416.3012623
0,30.354879,0.87180367,-1.4618389,0.014584749,0.44001803,0.038673101,0.40134493,1.2931932,19.694634,0.68006882,0,0.14407067,4368.1608,4.9089455
0,6.63926,0.525165,-0.751874,0.00845875,0.000287734,0.000192346,9.53886e-05,0.925819,21.18,0.00203753,0.000325816,0.144071,0.718646,2.90323
0,48.3499,0.3811164,-1.300357,0.01113342,0.1384045,0.1231467,0.0152578,0.8108739,13.24696,0.9466851,0.2840069,0.1440707,588.7865,3.910598
0,17.2827474,0.3766412686,-1.863707443,0.01012234093,0.4065531173,0.02562381575,0.3809293015,1.265129273,9.017059243,0.1946690356,0,0.1440706667,356735.1483,73.9609843
0,6.30271,0.423056,-0.806667,0.014269,0.000286805,0.000230439,5.63664e-05,0.909573,17.062,0.00196643,0.00039043,0.144071,1.19115,2.98407
1,0.63789,0.59637,-1.797,0.0091425,,,,,,,,,,
0,6.60815,0.470298,-0.925991,0.00933823,0.00174793,0.00162669,0.000121234,0.916967,18.9395,0.0154314,0.00276256,0.144071,6.07336,3.18805
0,46.96911,0.6599896,-1.240931,0.02496423,0.03443312,0.0304627,0.003970426,0.9177307,25.70837,0.4055371,0.05903882,0.1440707,470.6006,3.81671
0,6.47634,0.999775,-0.793706,0.0159822,0.000233373,0.000174196,5.91769e-05,0.959564,40.3233,0.0035129,0.000295118,0.144071,2.25919,3.00421
0,10.16375,0.3383431,-1.176453,0.02472355,0.01494023,0.01456526,0.0003749692,0.8803008,13.44544,0.09940325,0.02604085,0.1440707,112.0849,3.608893
2,4.1598108,0.21260767,-1.6422669,0.018391955,0.0071962841,-0.00042723839,0.0076235225,-3.148451,8.5152516,-0.0018322063,0,0.14407067,-7874.489,0.16400936
1,0.24282,0.97135,-1.9254,0.012041,,,,,,,,,,
0,28.2251,0.660837,-1.08961,0.0122144,0.010459,0.00999894,0.000460058,0.933534,26.3805,0.133283,0.0172753,0.144071,67.9652,3.48777
0,9.3440682,0.97296841,-1.4497599,0.01084276,0.26079962,0.23465422,0.026145396,4.9012379,29.014567,4.6052402,0,0.14407067,1453.9257,4.2744447
0,6.66088,0.931951,-0.920262,0.0112325,0.00138883,0.00125671,0.000132126,0.956006,37.5443,0.0236239,0.00213376,0.144071,10.7286,3.21246
2,0.7684844,0.224737838494,-1.90081120348,0.0100506951868,0.0380616064109,-0.00953021390668,0.0475918203175,-0.00824239740118,8.72124776429,-0.0432020165121,0,0.144070666667,-85294745.0238,-16561.3811281
0,31.439613,0.68911405,-1.3804019,0.024978562,0.98753303,0.31010069,0.67743234,0.024757431,0.34658292,4.3104143,0,0.14407067,1410.6634,4.1951337
2,14.4447532,0.265324475,-1.59018973,0.0249844944,-0.210044663,-0.444283382,0.234238719,-0.988157802,12.9519119,-2.37773009,0,0.144070667,-19548.7818,-2.20174735
0,44.27987,0.2568968,-1.251259,0.01020435,0.08561439,0.08347329,0.002141098,0.8062289,9.476397,0.4325451,0.1649239,0.1440707,225.4713,3.74163
2,30.8587654,0.2506108041,-1.721643043,0.01431279328,-166.8748157,-167.1663049,0.2914891431,-15.44234365,1697.22924,-845.0330661,0,0.1440706667,-887042.8933,-170.719597
0,51.49985,0.5977094,-1.205254,0.02270793,0.0237256,0.02229304,0.001432564,0.9190376,23.54058,0.2687723,0.04104439,0.1440707,272.115,3.714344
2,46.852548,0.72719005,-1.5013298,0.024424865,0.1809132,-0.09123593,0.27214913,1.4058462,24.028852,-1.3382554,0,0.14407067,8141.5535,5.7131607
0,55.562261,0.22960559,-1.4478303,0.017125967,0.32372021,0.2195808,0.10413941,0.63283762,6.2641773,1.0169556,1.2273699,0.14407067,2371.5902,4.4758518
0,27.7805375,0.610839487,-1.710260796,0.01891359338,0.8722692634,0.5956804661,0.2765887972,0.2174715113,3.147586592,7.339485773,0,0.1440706667,100924.6822,24.06841962
0,20.4787446,0.4830873614,-1.868886847,0.01761334722,0.9473613382,0.7402555619,0.2071057763,0.1118781243,1.025854296,7.213275591,0,0.1440706667,490511.7442,99.95977089
0,21.0479106,0.3729166577,-1.829486205,0.01961307167,0.5417997024,0.3921581891,0.1496415133,1.32214108,6.893222806,2.949838517,0,0.1440706667,168135.3679,37.26509492
0,21.5498,0.403234,-1.06258,0.0106949,0.00837611,0.00811721,0.000258899,0.900446,16.1309,0.0660221,0.0139438,0.144071,30.4507,3.41221
2,35.2344821,0.693959491,-1.7207097,0.0206526655,-56.8584637,-57.0931431,0.234679347,139.957768,1619.78057,-799.17749,0,0.144070667,92293.2371,22.3981882
0,9.836561,0.6305877,-1.393079,0.008967452,0.3875778,0.01374702,0.3738308,2.211424,15.57943,0.1748555,0,0.1440707,835.4532,4.069198
0,6.72984,0.952537,-0.936201,0.0196499,0.000965996,0.000881384,8.46125e-05,0.957173,38.3899,0.0169345,0.00149684,0.144071,13.4462,3.24053
0,10.5909,0.459798,-1.02075,0.00936426,0.00566638,0.0054458,0.000220585,0.912762,18.444,0.0505073,0.0093048,0.144071,20.0685,3.34694
0,6.16771,0.93371,-0.863726,0.00961732,0.000828301,0.000710959,0.000117342,0.956449,37.6363,0.01339,0.00120554,0.144071,5.20019,3.11764
0,49.89302,0.9885215,-1.226893,0.0206401,0.03702612,0.03081387,0.006212257,0.9347543,38.40217,0.6144088,0.05962516,0.1440707,576.2846,3.833603
0,26.3525,0.848599,-1.0404,0.02223,0.00312841,0.0029511,0.000177314,0.950845,34.1269,0.050514,0.00504531,0.144071,45.8829,3.4141
0,6.1552,0.21334,-0.81336,0.017439,0.000241,0.00020549,3.551e-05,0.83548,8.6043,0.00088427,0.00034815,0.14407,0.71271,2.9643
0,6.99851,0.959254,-0.956185,0.021848,0.00111234,0.00102392,8.84141e-05,0.957361,38.655,0.0198119,0.00174022,0.144071,17.4978,3.27483
0,16.312178,0.2892160118,-1.880652843,0.008712244085,0.6445626697,0.4603161237,0.1842465461,0.7046883298,4.147062088,2.685367268,0,0.1440706667,366174.7045,75.81228028
0,47.35899,0.9397836,-1.157769,0.01657328,0.01856527,0.0171411,0.001424179,0.9450833,37.20869,0.3249313,0.03055841,0.1440707,227.2746,3.648899
0,6.60312,0.484345,-0.90996,0.0142329,0.000944624,0.000869314,7.53093e-05,0.919663,19.5209,0.00849292,0.00147523,0.144071,5.07997,3.16265
0,6.30261,0.536075,-0.821072,0.0206409,0.000233951,0.000191664,4.22868e-05,0.92725,21.6212,0.00207249,0.00032476,0.144071,1.7816,3.01928
1,0.33696,0.99371,-1.8249,0.016329,,,,,,,,,,
2,16.5071441,0.262595426,-1.79074361,0.0113345476,0.0706832243,-0.0745779052,0.145261129,-3.06356648,9.84478191,-0.395023113,0,0.144070667,-63004.2595,-10.4996744
2,15.7704476,0.7032521294,-1.731382322,0.01356712211,-1.025306561,-2.041904701,1.01659814,-0.7469506522,57.45885821,-28.96487746,0,0.1440706667,-703578.317,-135.072108
2,20.48231,0.6583986,-1.440868,0.01414754,0.8302914,-0.1742254,1.004517,3.796656,4.507627,-2.313798,0,0.1440707,260.1197,3.945312
0,4.62921,0.991056,-0.519354,0.0216461,4.12476e-05,3.79364e-06,3.74539e-05,0.959349,39.9793,7.58366e-05,6.42384e-06,0.144071,0.0660498,2.54793
0,50.84699,0.9157182,-1.181809,0.01469194,0.02836521,0.02581793,0.00254728,0.9375187,35.89385,0.4768792,0.04694246,0.1440707,300.9696,3.70168
2,36.068756,0.88626229,-1.4477168,0.0083700508,-16.596393,-17.270889,0.67449557,108.87444,629.13103,-308.74657,0,0.14407067,1382.4505,4.2559321
2,0.7612536,0.85118365,-1.6447707,0.014820855,3.9914269e-05,3.9914269e-05,-1.6642503e-17,16.587811,34.336901,0.00068529352,0,0.14407067,6223.883,5.4704205
0,0.8557745,0.5918766276900026,-1.893260313629807,0.02042960553915295,0.03198600518402447,0.0156419782121863,0.01634402697183817,-1.510385745177563e-05,23.11362127266194,0.1867445937186245,0,0.1440706666666666,-111957988059.8673,-21740423.46530935
0,1.1243739,0.56503486,-1.8858602,0.013617993,0.10848989,0.039904047,0.068585842,-203.86258,20.321543,0.45479676,0,0.14407067,-6631.5161,0.65779504
0,6.0587,0.468259,-0.774983,0.0127405,0.000234472,0.000171827,6.26453e-05,0.917601,18.886,0.00162294,0.000291073,0.144071,0.869985,2.93618
0,13.83602,0.40052437,-1.5432218,0.024446669,0.0023989319,0.0023986987,2.3320719e-07,2.3060536,16.119109,0.019378931,0,0.14407067,5702.6395,5.2631604
0,6.78204,0.373554,-0.966253,0.0171112,0.00155966,0.00148708,7.25784e-05,0.898024,15.0463,0.011205,0.0025287,0.144071,8.26337,3.24456
0,34.271599,0.91844105,-1.3237252,0.021714146,0.10253084,0.071302991,0.031227849,0.88762061,33.252629,1.3209434,0.19659566,0.14407067,1822.8571,4.23167
2,24.7564546,0.6043979386791098,-1.631664779408432,0.01632115522660969,-12.2456329295413,-13.91369190447646,1.668058974935152,-1.137479129109135e-11,322.9615763052215,-169.6252604008455,0,0.1440706666666666,-7.214161800790978e+16,-14008731590685.36
0,44.18264,0.3963029,-1.269044,0.01962337,0.05714457,0.0530956,0.004048963,0.8676663,15.07396,0.4244348,0.1077718,0.1440707,418.7847,3.828767
0,7.21348,0.274206,-1.03775,0.0166276,0.0039115,0.00381065,0.000100849,0.864862,11.0187,0.0210766,0.00651927,0.144071,15.7416,3.35062
2,16.0489322,0.7644684308,-1.620728424,0.01811763111,-277.6849358,-277.6987713,0.01383552198,-63.03369486,8594.650395,-4282.118529,0,0.1440706667,-301041.2749,-56.97297997
0,4.68118,0.767444,-0.529571,0.01352,6.57538e-05,6.92546e-06,5.88283e-05,0.94811,30.958,0.000107206,1.17272e-05,0.144071,0.0590094,2.55235
0,11.0888,0.301333,-0.65142,0.0116062,9.6981e-05,3.85881e-05,5.8393e-05,0.877696,12.1551,0.000234544,6.53443e-05,0.144071,0.119716,2.71056
0,16.6612084,0.936319167,-1.66787688,0.0233398929,0.587404312,0.0406590777,0.546745234,0.966898931,15.5848909,0.767903429,0,0.144070667,65209.1275,17.0682119
0,5.76046,0.334751,-0.60905,0.0085129,0.00011197,3.05284e-05,8.14418e-05,0.888531,13.5029,0.000206135,5.16964e-05,0.144071,0.0762308,2.64499
0,5.83865,0.290942,-0.585218,0.0245127,3.48041e-05,7.80675e-06,2.69973e-05,0.873919,11.7367,4.58143e-05,1.32191e-05,0.144071,0.0496026,2.59908
0,20.1648008,0.2883596994,-1.85489229,0.01577928935,0.4344236918,0.268556884,0.1658668078,1.07295907,6.579318926,1.56205393,0,0.1440706667,274055.6823,57.88361085
2,10.0096874,0.5664828110904,-1.515086360581,0.01113527347043,0.9290333574115,-0.04763210180888,0.9766654592204,-3.126196911482e-06,1.621795765056,-0.5442665608562,0,0.1440706666667,-294870889.3852,-57258.11707722
0,10.226477,0.41234073,-1.648829,0.017719151,0.00015580335,0.00015579973,3.6163605e-09,5.4951613,16.631972,0.0012958302,0,0.14407067,9587.1914,6.1497776
0,4.97502,0.759855,-0.609055,0.0132328,8.04148e-05,1.96406e-05,6.07742e-05,0.94761,30.6515,0.000301031,3.32594e-05,0.144071,0.162265,2.68383
0,4.80683,0.668329,-0.504119,0.0228647,3.72661e-05,2.95316e-06,3.43129e-05,0.940893,26.9606,3.98109e-05,5.0006e-06,0.144071,0.0373434,2.50339
0,5.23082,0.536716,-0.549599,0.0166693,5.30746e-05,7.26506e-06,4.58096e-05,0.927446,21.6509,7.86518e-05,1.23021e-05,0.144071,0.0545662,2.56836
0,6.9314249,0.31098939,-1.6070306,0.012905166,0.002198928,0.0011875016,0.0010114263,-7.01145,12.518281,0.0074491198,0,0.14407067,-3305.9395,1.0605065
0,6.32614,0.342341,-0.874432,0.0221931,0.000391528,0.000353558,3.797e-05,0.890556,13.8052,0.00244143,0.000599433,0.144071,2.3506,3.08699
0,30.0516029,0.930701317914,-1.439724370341,0.0186395159294,0.7280161865698,0.7134633575454,0.01455282902433,-1.251181211595e-05,10.21194703602,13.39390371711,0,0.1440706666667,-176212871.4822,-34216.70434645
0,52.48783,0.6799978,-1.201571,0.01878509,0.02777319,0.02580474,0.001968447,0.9237731,26.67044,0.3539421,0.0473232,0.1440707,292.5429,3.718347
0,10.311,0.62905,-1.00137,0.0146238,0.0028732,0.00272562,0.000147577,0.93561,25.3041,0.0345841,0.00464543,0.144071,20.942,3.32992
0,23.7391,0.305403,-1.17309,0.0194446,0.0181608,0.0177522,0.000408669,0.867892,12.0967,0.109358,0.0317109,0.144071,97.9599,3.59587
0,24.5567,0.736269,-1.04136,0.024273,0.00288247,0.002736,0.000146461,0.944211,29.6168,0.040633,0.00467747,0.144071,40.592,3.40772
0,6.23021,0.596081,-0.866811,0.0156553,0.000518051,0.000454471,6.358e-05,0.933895,24.0345,0.00546432,0.000770516,0.144071,3.53849,3.10062
0,0.7757531,0.703860868,-1.814974189,0.00869522644,0.08312861503,0.08312860555,9.482342633e-09,-1.861640995,26.0345698,1.180218687,0,0.1440706667,-374295.4422,-71.01469581
0,17.9048246,0.758458348,-1.59069648,0.0246726392,0.340675362,0.280318478,0.0603568842,1.42636476,20.1737301,4.28853177,0,0.144070667,21232.182,8.39376701
0,5.15542,0.553105,-0.69202,0.024649,6.24802e-05,3.06056e-05,3.18746e-05,0.929437,22.3118,0.000341455,5.18307e-05,0.144071,0.349574,2.80627
2,11.286596,0.5439311,-1.53666,0.011485209,0.83381205,-0.0080125779,0.84182462,0.6267764,3.6466879,-0.087910617,0,0.14407067,4363.0005,4.9827037
0,6.16316,0.921563,-0.746463,0.0225045,0.000106225,6.74485e-05,3.87766e-05,0.956376,37.1735,0.00125378,0.000114241,0.144071,1.13903,2.92156
0,6.37063,0.839974,-0.756446,0.022557,0.000115106,7.64951e-05,3.8611e-05,0.952342,33.8822,0.00129606,0.000129568,0.144071,1.18521,2.93359
0,6.20715,0.454534,-0.820783,0.0172794,0.000276468,0.000228098,4.83694e-05,0.915301,18.3316,0.00209129,0.000386501,0.144071,1.52459,3.01094
0,0.3590681,0.9781165766683211,-1.978195242573337,0.01236191094218974,0,0,0,-2.496919058775517e-137,39.45897369712542,0,0,0.1440706666666666,-3.442081824335506e+143,-6.683964363677892e+139
0,6.39482,0.954802,-0.842799,0.0119436,0.000526244,0.000437713,8.85312e-05,0.957555,38.4981,0.00843,0.000741922,0.144071,4.06076,3.08378
0,11.2065,0.717203,-1.119507,0.009694004,0.01917142,0.01824668,0.0009247326,0.9322773,28.37856,0.2639679,0.03195907,0.1440707,107.4929,3.548906
0,7.05107,0.656834,-0.977594,0.0178797,0.00174721,0.00164517,0.000102045,0.93882,26.4516,0.0217967,0.0027995,0.144071,16.0749,3.29161
1,0.47824,0.80106,-1.8613,0.022776,,,,,,,,,,
0,0.8087618,0.4762720787,-1.901071797,0.0158095783,0.01114360143,0.00318132698,0.007962274454,11.8612711,18.9995588,0.03056248061,0,0.1440706667,129557.6888,29.83212875
2,13.8077483,0.997489354,-1.59392046,0.0121608307,-0.0184969819,-0.120058675,0.101561693,3.06563807,40.9848341,-2.41561093,0,0.144070667,20918.2885,8.33527266
1,0.46432,0.50964,-1.7446,0.016861,,,,,,,,,,
0,5.45101,0.297674,-0.536153,0.020202,3.79961e-05,5.04387e-06,3.29522e-05,0.876416,12.0082,3.02851e-05,8.54065e-06,0.144071,0.0269459,2.51865
0,6.40271,0.447431,-0.803192,0.0201192,0.000196711,0.000156307,4.04043e-05,0.914125,18.0466,0.00141069,0.000264813,0.144071,1.19888,2.98093
2,10.994449,0.9938451662,-1.560401225,0.01577844849,0.5218980085,-0.05213045569,0.5740284642,-0.03351714822,19.16877892,-1.045046034,0,0.1440706667,-581789.6252,-111.5839351
0,21.24491,0.3590181,-1.201448,0.01651898,0.03009979,0.029231,0.0008687938,0.8763586,14.04749,0.2116826,0.05372968,0.1440707,162.1629,3.66259
0,50.523,0.675753,-1.05635,0.0139366,0.00604187,0.00576175,0.000280113,0.937628,27.0964,0.0785359,0.00987683,0.144071,45.3413,3.42933
0,29.857498,0.88443207,-1.3263558,0.010703148,0.21886406,0.15295885,0.065905214,0.8035061,27.870597,2.7287531,0.41255338,0.14407067,1745.7663,4.2171105
0,9.74655,0.565744,-1.018,0.0179894,0.00286863,0.00273946,0.000129174,0.929106,22.7577,0.0312615,0.00467569,0.144071,23.4835,3.35293
0,42.34007,0.4289294,-1.261322,0.0217039,0.04794508,0.04444197,0.003503106,0.8800894,16.47415,0.384507,0.08824058,0.1440707,408.62,3.817809
0,6.48996,0.734658,-0.666239,0.0215749,6.26873e-05,2.51097e-05,3.75776e-05,0.945923,29.6356,0.000372093,4.25221e-05,0.144071,0.327611,2.77715
0,34.574571,0.46370507,-1.3423509,0.0098601854,0.22656695,0.1748684,0.051698551,0.76423906,14.468375,1.6356047,0.54996391,0.14407067,1170.165,4.1007777
1,0.2695,0.52896,-1.9547,0.024364,,,,,,,,,,
0,47.31335,0.6738951,-1.185578,0.02196905,0.01936436,0.018196,0.001168353,0.9288108,26.65969,0.2473395,0.03295012,0.1440707,236.8282,3.680679
0,50.18775,0.5340467,-1.216401,0.01523884,0.03988341,0.03765355,0.002229862,0.9013537,20.68514,0.4056116,0.07057654,0.1440707,281.3279,3.72899
0,19.5762624,0.2176112157,-1.896301097,0.01127911181,0.9775957191,0.6843865134,0.2932092057,0.03992494043,0.1966832838,3.00405506,0,0.1440706667,374766.6981,77.49754599
0,5.7051,0.331276,-0.576425,0.0214172,4.01823e-05,7.98083e-06,3.22015e-05,0.887538,13.3637,5.3329e-05,1.35139e-05,0.144071,0.0496733,2.59036
0,14.2211825,0.930507931,-1.57866724,0.00983964408,0.000142646053,0.000140123869,2.52218455e-06,4.25329325,37.533001,0.00263000982,0,0.144070667,11350.6968,6.43073598
0,6.44218,0.361025,-0.820498,0.0138302,0.000340401,0.000283941,5.646e-05,0.89565,14.5594,0.00206771,0.000481133,0.144071,1.23292,2.99968
0,5.62543,0.7676,-0.713069,0.0173817,0.000104712,5.68723e-05,4.78402e-05,0.948095,30.9631,0.000880564,9.63194e-05,0.144071,0.623214,2.85708
0,8.69804,0.345413,-1.04033,0.0156481,0.00431338,0.00418476,0.000128625,0.888969,13.8745,0.0291564,0.00716104,0.144071,19.9345,3.36615
0,5.93813,0.454101,-0.640349,0.00978433,0.000116253,3.97045e-05,7.6548e-05,0.915329,18.3171,0.000363679,6.72374e-05,0.144071,0.150058,2.71111
2,10.918103,0.81962028,-1.5547015,0.01360215,-0.0060928932,-0.012984332,0.0068914391,3.4057783,33.266411,-0.21466315,0,0.14407067,9234.9076,5.9853187
0,5.64472,0.433828,-0.604966,0.012296,8.01269e-05,2.00557e-05,6.00712e-05,0.911747,17.5,0.000175502,3.39618e-05,0.144071,0.0913601,2.65022
1,0.3616,0.67717,-1.9648,0.021164,,,,,,,,,,
0,0.313484,0.803747,-1.93105,0.0102748,0,0,0,0,32.4246,0,0,0.144071,-Inf,-Inf
0,6.17716,0.52941,-0.790718,0.0243351,0.000144362,0.000110105,3.42571e-05,0.92646,21.3543,0.00117578,0.000186523,0.144071,1.19251,2.96818
0,6.27346,0.981158,-0.76378,0.0219649,0.000127208,8.63149e-05,4.08932e-05,0.9589,39.5766,0.00170824,0.000146206,0.144071,1.51076,2.95346
0,6.12638,0.392385,-0.757034,0.0190167,0.000131069,9.1426e-05,3.96429e-05,0.9033,15.8274,0.000723614,0.000154856,0.144071,0.588138,2.89806
1,128.4302,0.8622905,-1.270106,0.01411396,,,,,,,,,,
0,32.014124,0.4734888,-1.3550478,0.020487481,0.14047152,0.10311785,0.037353674,0.82547332,16.418185,0.98484689,0.31157314,0.14407067,1447.1315,4.1781726
0,5.74534,0.295178,-0.53222,0.0136646,5.5658e-05,7.08965e-06,4.85684e-05,0.87549,11.9073,4.22117e-05,1.20048e-05,0.144071,0.0254303,2.51175
0,14.041722,0.7297099,-1.3808208,0.019183979,0.008045774,0.0005348958,0.0075108782,2.5959208,29.200954,0.0078730788,0,0.14407067,1139.6312,4.1319598
0,6.30646,0.718142,-0.805269,0.0229511,0.000180243,0.000140723,3.95193e-05,0.944673,28.9659,0.00203846,0.000238416,0.144071,1.91241,3.00714
0,6.29901,0.65805,-0.802131,0.0100675,0.000396119,0.000308109,8.80101e-05,0.939795,26.5364,0.00408966,0.000522048,0.144071,1.69153,2.99766
0,37.4601,0.811999,-1.06616,0.0241558,0.00397974,0.00376808,0.000211666,0.948274,32.6271,0.0617164,0.00646387,0.144071,61.2344,3.45766
0,8.03588,0.551378,-1.00444,0.0121555,0.00357529,0.00340842,0.000166869,0.926983,22.164,0.0379077,0.00581318,0.144071,19.2576,3.32835
0,30.9084063,0.4897894957,-1.818749243,0.01618268297,0.9829030739,0.7079795002,0.2749235737,0.03315286482,0.3378179073,6.994478184,0,0.1440706667,286273.1443,60.22214172
0,6.29407,0.557708,-0.846518,0.0127831,0.000501465,0.000428979,7.24857e-05,0.929698,22.4877,0.00482579,0.000727121,0.144071,2.56262,3.06356
0,10.375,0.221147,-1.06499,0.0197348,0.00463383,0.00454178,9.20541e-05,0.837704,8.88012,0.0202597,0.00779353,0.144071,18.5838,3.38694
1,81.6689,0.809764,-1.27715,0.0232268,,,,,,,,,,
0,6.8853,0.22932,-0.99866,0.0086676,0.0045668,0.0044371,0.00012963,0.84254,9.2091,0.020525,0.0075692,0.14407,8.1736,3.2764
0,16.7685,0.567012,-1.04142,0.0185217,0.00374469,0.00358766,0.000157025,0.928687,22.7886,0.0410326,0.00613516,0.144071,31.7828,3.39351
0,6.52691,0.750223,-0.901133,0.0226341,0.000542302,0.00048824,5.40622e-05,0.946675,30.2489,0.00738837,0.000828223,0.144071,6.82743,3.16935
0,6.43012,0.839426,-0.809704,0.0248875,0.00017531,0.000137377,3.79337e-05,0.952273,33.858,0.00232606,0.000232754,0.144071,2.34755,3.0222
2,7.9494044,0.8922195505235,-1.809127420032,0.01960721818151,-15.65303323879,-15.6536606975,0.0006274587069548,-0.1209849644764,599.4048468954,-281.7168487924,0,0.1440706666667,-123007907.8893,-23884.77588998
0,6.00283,0.337102,-0.610119,0.0165439,5.81324e-05,1.59264e-05,4.22059e-05,0.889255,13.5985,0.000108294,2.69689e-05,0.144071,0.0777686,2.64709
0,6.2256,0.455246,-0.866998,0.0191356,0.000420576,0.000372732,4.78446e-05,0.91533,18.3577,0.00342269,0.000631898,0.144071,2.76419,3.08797
0,34.68892,0.633629,-1.348004,0.015096505,0.17342539,0.12349373,0.049931665,0.82072089,21.128675,1.5783566,0.38625875,0.14407067,1711.0743,4.2309907
0,12.34859,0.8133751,-1.120096,0.01601212,0.01182007,0.01116808,0.0006519876,0.9432456,32.42516,0.1832292,0.01949546,0.1440707,122.3142,3.55901
1,0.47687,0.34407,-1.9898,0.011749,,,,,,,,,,
0,32.462657,0.96375752,-1.3239514,0.018398847,0.1254394,0.08652067,0.038918729,0.87360057,34.002657,1.681949,0.23269569,0.14407067,1899.399,4.2488729
2,15.9944392,0.7222390798111589,-1.804621941005985,0.0188033579003679,-345501.828501032,-345502.0211613607,0.1926603286410682,-1.193807518604569e-13,10066714.62749089,-5033345.552252617,0,0.1440706666666666,-1.975895899755545e+24,-3.836869212966168e+20
2,17.6611648,0.4466132489,-1.852119597,0.01752455999,0.04611843791,-0.3264020685,0.3725205064,2.078656215,17.18625387,-2.940422079,0,0.1440706667,356592.5507,73.92168576
0,0.515184,0.6951004870113386,-1.949338153067184,0.00848110640308799,0,0,0,-3.333354454155727e-166,28.04159799363087,0,0,0.1440706666666666,-1.264804554749124e+172,-2.456045208220073e+168
1,0.54767,0.93082,-1.796,0.023722,,,,,,,,,,
0,5.56738,0.869545,-0.687305,0.0102036,0.000150986,6.95857e-05,8.14002e-05,0.953862,35.0737,0.0012205,0.000117849,0.144071,0.503982,2.82038
0,22.951,0.584043,-1.04696,0.0248266,0.00300019,0.00287335,0.000126836,0.931037,23.4907,0.0338501,0.00491469,0.144071,35.0896,3.40478
0,5.46771,0.879768,-0.650753,0.0177313,7.13234e-05,2.5042e-05,4.62815e-05,0.954424,35.4889,0.000444387,4.24071e-05,0.144071,0.31869,2.76025
0,0.4932931,0.5036499605384797,-1.96641275938994,0.01257642336061885,0,0,0,-1.250363913751164e-05,20.31814102684943,0,0,0.1440706666666666,-304228197485.4691,-59076178.18682152
0,16.8856,0.395741,-0.65714,0.018399,6.60189e-05,2.61974e-05,3.98215e-05,0.904081,15.9639,0.00020912,4.43622e-05,0.144071,0.164276,2.73255
0,5.14672,0.886963,-0.637868,0.0188599,6.32969e-05,1.99524e-05,4.33445e-05,0.954782,35.7794,0.000356966,3.37878e-05,0.144071,0.272186,2.73925
0,5.41279,0.884225,-0.692495,0.0209274,7.63062e-05,3.62679e-05,4.00383e-05,0.95464,35.6685,0.00064686,6.1421e-05,0.144071,0.547413,2.82983
0,24.8151185,0.460197991,-1.69248626,0.0245651449,0.88076442,0.788363313,0.0924011072,0.205995833,2.21363367,7.31806555,0,0.144070667,59636.9078,16.006197
2,0.8350704,0.949467845,-1.89746711,0.00989599822,-0.000225374619,-0.0012710581,0.00104568348,-181.862728,38.3118651,-0.024342817,0,0.144070667,-16267.9161,-1.24793919
1,0.52965,0.38914,-1.9729,0.011286,,,,,,,,,,
0,28.7139,0.767848,-1.07303,0.00860049,0.012109,0.0114998,0.000609233,0.940317,30.6013,0.178111,0.0198298,0.144071,63.2621,3.4666
0,6.22991,0.55263,-0.80894,0.0175863,0.000241543,0.000192511,4.90323e-05,0.929266,22.2887,0.00214592,0.000326169,0.144071,1.56819,3.00055
0,54.69493,0.8602663,-1.242353,0.01831209,0.04918335,0.04091938,0.008263975,0.9209265,32.99779,0.710047,0.08196836,0.1440707,613.0295,3.859375
2,22.457735,0.32719806,-1.5111204,0.022469672,0.39883903,-0.31060075,0.70943977,1.0943905,7.9351779,-2.049927,0,0.14407067,3916.6287,4.8649403
0,49.2455,0.598642,-1.08358,0.0171058,0.00691549,0.00663382,0.000281676,0.930044,23.9833,0.0801042,0.011417,0.144071,57.4035,3.47102
0,44.0659,0.236938,-1.16638,0.00852287,0.0377689,0.0370996,0.000669295,0.826416,9.19748,0.177308,0.0663743,0.144071,71.7617,3.56808
0,6.80838,0.331651,-0.918355,0.0102671,0.00148123,0.0013417,0.000139531,0.886778,13.3596,0.00897558,0.00227789,0.144071,4.01602,3.15876
0,4.6109,0.893865,-0.53813,0.0145075,6.27194e-05,7.2041e-06,5.55153e-05,0.955116,36.0578,0.00012989,1.2199e-05,0.144071,0.0761552,2.57402
0,9.006251,0.5213032,-1.153748,0.02116279,0.01335855,0.01285717,0.0005013825,0.9169393,20.74937,0.1351951,0.02272677,0.1440707,124.0544,3.593726
0,10.3941,0.360031,-1.04075,0.0202478,0.00335642,0.00325345,0.000102975,0.893502,14.4755,0.023627,0.00556401,0.144071,20.8038,3.36893
0,7.20624,0.379213,-0.985629,0.00948154,0.00358359,0.00343525,0.00014834,0.898107,15.2433,0.0262764,0.00585311,0.144071,10.7363,3.27786
0,44.31965,0.3269274,-1.347429,0.0158824,0.1452895,0.118875,0.02641454,0.7928042,11.27264,0.7839113,0.3644424,0.1440707,938.0842,4.04943
0,21.7310718,0.323518538,-1.65988058,0.0211213593,0.15167336,0.0919182585,0.0597551018,-0.821111272,11.0717799,0.599827163,0,0.144070667,-49225.9602,-7.94233512
0,10.6508,0.645545,-0.997708,0.01423,0.0028223,0.00267282,0.000149486,0.937142,25.9689,0.0348033,0.00455449,0.144071,20.4706,3.32499
0,6.0135,0.532161,-0.740696,0.0216866,0.000101822,6.49969e-05,3.68254e-05,0.92684,21.4662,0.000697688,0.000110085,0.144071,0.630243,2.88529
0,0.5120135,0.562993098752659,-1.959606798417215,0.01546835626491892,0,0,0,-1.300507241402815e-06,22.71214945667714,0,0,0.1440706666666666,-2995923387396.08,-581759706.6354353
0,6.47578,0.90699,-0.827302,0.0166356,0.00031766,0.000257597,6.00627e-05,0.95557,36.578,0.00471269,0.000436525,0.144071,3.16841,3.05536
0,10.3932,0.665844,-1.00195,0.0162534,0.00260941,0.00247094,0.000138469,0.939028,26.7912,0.0331864,0.00421096,0.144071,22.2576,3.33389
0,36.223354,0.45601788,-1.3594577,0.010777577,0.26667384,0.19817049,0.068503346,0.73372132,13.490692,1.8228294,0.62679753,0.14407067,1415.7574,4.1753639
2,14.479599,0.626169665399974,-1.8725715411008,0.021473277108586,-11543.4206997349,-11543.5391673233,0.118467588434214,-0.297235636046474,291621.363042973,-145799.5474122,0,0.144070666666667,-55027810538.6522,-10685506.7685739
0,7.02133,0.406556,-0.971632,0.0120122,0.00237988,0.00226834,0.000111536,0.904933,16.3622,0.0186018,0.00385975,0.144071,9.55532,3.25765
0,48.48655,0.6873527,-1.252645,0.02391502,0.04146493,0.0354966,0.005968324,0.9152873,26.57926,0.4921433,0.0716353,0.1440707,567.0488,3.856732
0,7.1315,0.429723,-1.0006,0.0123019,0.00334282,0.00320621,0.000136612,0.908914,17.2778,0.0277911,0.00546761,0.144071,14.5739,3.30928
0,0.4781943,0.2537488004329,-1.98148948686,0.01314667584425,0,0,0,-0.01525276243976,10.23668086279,0,0,0.1440706666667,-152499103.3012,-29611.32617227
0,6.27195,0.997213,-0.869993,0.0238087,0.000360927,0.000311305,4.96221e-05,0.959381,40.2148,0.0062618,0.000527789,0.144071,6.00384,3.13144
2,18.120236,0.453921624,-1.62736225,0.0241633234,0.0871732298,-0.0822976152,0.169470845,2.35684667,16.7156938,-0.753517414,0,0.144070667,17051.7953,7.60740326
0,14.6709095,0.5535588297,-1.837711229,0.01655040282,0.6875190702,0.5995189128,0.08800015739,0.708950555,6.978184805,6.694094534,0,0.1440706667,352796.2277,73.16954312
0,34.61167,0.2699122,-1.356491,0.01486725,0.1659479,0.1384791,0.02746878,0.7596151,9.081779,0.7539315,0.4373868,0.1440707,886.1577,4.045483
0,59.976408,0.56318391,-1.3635767,0.018024367,0.15678679,0.11129598,0.045490809,0.82701569,19.157675,1.2643138,0.39515385,0.14407067,1880.5835,4.284333
0,0.4619314,0.4208259250577371,-1.899898719741338,0.01966545751376187,0,0,0,-2.610346123190767e-84,16.97687116650574,0,0,0.1440706666666666,-5.181631392043379e+89,-1.00618873512162e+86
0,11.976875,0.9108476,-1.3936222,0.021246609,0.2909829,0.0050308153,0.28595209,2.2573181,26.052991,0.092429216,0,0.14407067,1378.2736,4.2008709
0,6.7132,0.22264,-0.98489,0.016142,0.0020636,0.0020005,6.3097e-05,0.84015,8.963,0.0089838,0.0034056,0.14407,6.6848,3.252
0,10.74606,0.6177859,-1.148118,0.02474331,0.01074386,0.01026581,0.00047805,0.9294653,24.65482,0.1279253,0.01808194,0.1440707,135.2723,3.594722
0,29.0679,0.315389,-1.1161,0.0244974,0.00714994,0.00698462,0.000165321,0.878117,12.6324,0.044434,0.0121051,0.144071,48.6248,3.49331
0,6.39226,0.423334,-0.76248,0.0142377,0.000185132,0.000130955,5.41765e-05,0.909692,17.0749,0.00111823,0.000221821,0.144071,0.675685,2.91066
0,30.2448755,0.403904705,-1.64451343,0.00900353225,0.5055699,0.195170181,0.310399719,0.806044547,8.05636215,1.59007477,0,0.144070667,29952.5549,10.1586194
0,5.36126,0.362354,-0.580228,0.0246537,3.60964e-05,7.28018e-06,2.88162e-05,0.896183,14.6175,5.32109e-05,1.23276e-05,0.144071,0.0565032,2.60078
0,38.81077,0.9105396,-1.219238,0.00903277,0.07430778,0.0643319,0.009975878,0.906276,34.00326,1.181545,0.1234862,0.1440707,477.0205,3.79696
2,12.2167957,0.771780222,-1.603087479,0.01343975889,-0.1547809928,-0.1747727934,0.01999180056,-0.152382566,35.95410133,-2.720775092,0,0.1440706667,-415312.2029,-79.19671489
0,8.0627348,0.23332247,-1.6000332,0.019104557,0.25235166,0.065766294,0.18658537,2.3523593,7.0373492,0.30951742,0,0.14407067,5063.2458,5.1897014
2,17.5883691,0.5106853779,-1.790472929,0.02407175476,-3.975505043,-5.514503353,1.53899831,-7.057243057,102.5051676,-56.80479525,0,0.1440706667,-283786.5436,-53.44961378
0,6.50096,0.63019,-0.928539,0.0225094,0.0007555,0.000697587,5.7913e-05,0.937079,25.4038,0.00886738,0.00118422,0.144071,8.23672,3.20667
0,45.99781,0.7446267,-1.237398,0.02341319,0.03561485,0.03092263,0.004692217,0.9232736,28.96972,0.4644513,0.06015651,0.1440707,503.7262,3.823104
0,8.5108757,0.848266580151895,-1.43413731655099,0.0157574509843872,0.0881845998353303,0.000259638400590559,0.0879249614347398,-2.70353593919792e-07,31.202863138642,0.00444248993694339,0,0.144070666666667,-23192336894.267,-4503574.76822656
0,35.777651,0.48592019,-1.3275368,0.014786064,0.13657245,0.10731647,0.029255979,0.83057341,16.925676,1.0518565,0.3031985,0.14407067,1041.3218,4.0549503
0,5.29223,0.622807,-0.624528,0.0153995,7.16883e-05,2.0588e-05,5.11003e-05,0.936826,25.1233,0.000258638,3.48638e-05,0.144071,0.16411,2.69989
0,6.20084,0.801446,-0.872292,0.016126,0.000542241,0.000473335,6.89058e-05,0.949891,32.3142,0.00765188,0.000802585,0.144071,5.01852,3.12434
0,43.2471213,0.8915380328,-1.751214938,0.02498641311,0.8356610552,0.5491535275,0.2865075277,0.2566229939,5.910653972,9.875493851,0,0.1440706667,271783.1368,57.33821417
0,5.70671,0.292875,-0.578528,0.0137075,6.11822e-05,1.28109e-05,4.83712e-05,0.874631,11.8144,7.56814e-05,2.16929e-05,0.144071,0.0457824,2.58827
0,10.7291,0.819933,-0.985905,0.0162069,0.00215703,0.00201856,0.000138469,0.94991,33.0062,0.0333845,0.00343641,0.144071,22.0575,3.31734
0,44.458916,0.53160741,-1.4079557,0.010604808,0.33801902,0.33801565,3.3669746e-06,0.69145834,14.196841,3.6245409,1.1876519,0.14407067,2947.5081,4.5589815
0,6.2943,0.825868,-0.789563,0.0188734,0.000187966,0.000139874,4.8092e-05,0.951521,33.3107,0.0023301,0.000236959,0.144071,1.78454,2.98786
0,47.65188,0.5592163,-1.20022,0.02459777,0.02043929,0.01937428,0.001065011,0.9170267,22.09868,0.2185398,0.0355184,0.1440707,239.9777,3.696611
2,12.4531692,0.50442761171993,-1.6495213892599,0.018797173784272,0.064708899489152,-0.052091042706784,0.11679994219594,-5.0255951300413e-05,19.032718284831,-0.53001367192515,0,0.14407066666667,-1210330314.0322,-235025.42050407
0,5.9294,0.24721,-0.77958,0.024173,0.00012305,9.6083e-05,2.6968e-05,0.8548,9.9718,0.00047912,0.00016275,0.14407,0.52312,2.9146
0,40.4311742,0.3473619712,-1.61345814,0.02420929589,0.5771279231,0.458601966,0.118525957,-0.0156057987,5.925792577,3.213241396,0,0.1440706667,-763614.4809,-146.8522884
0,5.36671,0.338502,-0.560553,0.0206562,4.04783e-05,6.7487e-06,3.37296e-05,0.889674,13.6552,4.60794e-05,1.14275e-05,0.144071,0.041296,2.56499
0,5.79122,0.278674,-0.594999,0.0221572,3.92177e-05,9.79283e-06,2.94248e-05,0.869093,11.2418,5.50464e-05,1.65822e-05,0.144071,0.0541704,2.61339
0,16.613095,0.70394652,-1.4968183,0.014405434,0.56603268,0.55322735,0.012805329,1.0973224,12.324005,7.8554032,0,0.14407067,5048.4981,5.0834728
0,6.46684,0.317675,-0.756502,0.0107193,0.000227128,0.000161085,6.60427e-05,0.88317,12.8127,0.0010322,0.000272852,0.144071,0.483647,2.88746
0,6.5647,0.542676,-0.938023,0.00938672,0.0020241,0.00188782,0.00013628,0.926925,21.8482,0.0206645,0.00320763,0.144071,8.08922,3.2152
2,23.4819024,0.8133095078,-1.766948338,0.009402983505,-1.930422626,-2.291317675,0.3608950492,6.982752153,96.14822572,-37.58948062,0,0.1440706667,198868.0921,43.1789791
0,6.68089,0.785771,-0.918714,0.0123392,0.00123206,0.00112166,0.000110404,0.948502,31.6604,0.017778,0.00190413,0.144071,8.93917,3.20119
1,0.51022,0.74183,-1.9492,0.018145,,,,,,,,,,
0,13.1869901,0.282088032,-1.81537795,0.0189908697,0.734377096,0.63043226,0.103944835,4.08379774,3.02277171,3.58713945,0,0.144070667,19913.7737,8.35914104
0,18.3104599,0.8765707308,-1.708046428,0.02294950785,0.5827609605,0.5208676389,0.06189332163,0.8949828176,14.75458737,9.209573358,0,0.1440706667,111733.0658,26.17024551
0,5.58813,0.25837,-0.669466,0.0208991,5.75472e-05,2.70197e-05,3.05274e-05,0.860234,10.4225,0.000140815,4.57549e-05,0.144071,0.132056,2.73365
0,0.500916,0.9370075111095379,-1.783179172784715,0.02317688928363416,0,0,0,-1.950680104394821e-24,37.80056040029456,0,0,0.1440706666666666,-3.447509533383835e+29,-6.694504093907125e+25
0,5.38412,0.594033,-0.618233,0.0207129,5.17763e-05,1.41179e-05,3.76584e-05,0.933982,23.9631,0.000169163,2.39069e-05,0.144071,0.144813,2.68716
0,7.547,0.597387,-0.999529,0.0163992,0.00249865,0.00237364,0.000125006,0.932757,24.0394,0.028602,0.00404561,0.144071,19.4895,3.3241
0,32.4078,0.28989,-1.10683,0.0101042,0.0153377,0.015004,0.000333697,0.864041,11.5153,0.0877335,0.0260526,0.144071,39.9883,3.47231
0,32.026792,0.98834674,-1.4634289,0.017060508,0.17556252,0.12555114,0.050011374,1.6502217,32.871705,2.5029673,0,0.14407067,5831.2736,5.2094922
0,11.9573353,0.593952168,-1.836403785,0.01674545678,7.937152902e-05,7.118388787e-05,8.187641146e-06,3.150664326,23.9591919,0.0008528219048,0,0.1440706667,268024.1566,56.69275445
0,26.74204,0.8093372,-1.156361,0.01981993,0.01507098,0.01412043,0.0009505498,0.9408808,32.15804,0.2305168,0.02509462,0.1440707,193.7649,3.632788
0,5.17565,0.443808,-0.541142,0.0211677,4.00519e-05,5.1323e-06,3.49196e-05,0.913584,17.9033,4.59443e-05,8.69054e-06,0.144071,0.0410906,2.54533
2,32.2644088,0.8227510294702,-1.590836221914,0.01956947832158,-127.8913374223,-128.0830112951,0.1916738727555,-0.02009471034596,4278.064524918,-2125.617585419,0,0.1440706666667,-320172586.1686,-62171.22450745
0,6.40704,0.920067,-0.745557,0.0217246,0.000109172,6.90618e-05,4.01104e-05,0.956307,37.1131,0.00128169,0.000116973,0.144071,1.1241,2.91997
0,52.42536,0.4039992,-1.220942,0.01726805,0.03647037,0.0350831,0.001387262,0.8826904,15.70366,0.2858931,0.06602449,0.1440707,231.1948,3.713713
0,6.39771,0.486493,-0.915319,0.0173267,0.000828265,0.000764919,6.33463e-05,0.920061,19.6098,0.00750615,0.00129816,0.144071,5.46432,3.17183
0,6.27215,0.644573,-0.73472,0.0129256,0.000164668,0.000100992,6.3676e-05,0.938767,25.9989,0.00131306,0.000171054,0.144071,0.697944,2.88457
0,39.87946,0.4801354,-1.200611,0.009875312,0.04996357,0.04791432,0.002049248,0.887437,18.40175,0.4640387,0.08891585,0.1440707,207.5339,3.683239
1,0.23905,0.7781,-1.8546,0.020014,,,,,,,,,,
0,23.1537154,0.404278986,-1.72400428,0.0245311872,0.792092805,0.684578345,0.107514461,0.356558473,3.39082871,5.58250982,0,0.144070667,79116.0242,19.8347661
1,35.3904,0.376907,-1.3576,0.0188329,,,,,,,,,,
0,42.800651,0.55810643,-1.4414162,0.019964342,0.93021479,0.067194952,0.86301983,0.10491516,1.5712149,0.75644759,0,0.14407067,3304.3359,4.667604
0,4.87516,0.698226,-0.562991,0.010759,8.6829e-05,1.33684e-05,7.34607e-05,0.943248,28.1653,0.000188278,2.26376e-05,0.144071,0.0828951,2.60324
0,36.16713,0.2338974,-1.360392,0.0153368,0.1660343,0.1417197,0.02431465,0.743611,7.869165,0.668622,0.4457877,0.1440707,824.6755,4.033751
0,21.6770047,0.592182886,-1.59052973,0.0230714425,0.665593668,0.573554642,0.0920390263,-0.479339985,7.98887286,6.85102924,0,0.144070667,-24966.099,-3.26593089
0,5.36847,0.421199,-0.526667,0.0184004,4.45856e-05,4.90245e-06,3.96831e-05,0.909365,16.9912,4.1651e-05,8.3013e-06,0.144071,0.0325309,2.51885
0,33.3127,0.491814,-1.05739,0.00885326,0.00952016,0.00917506,0.000345102,0.915305,19.6518,0.0910195,0.0157569,0.144071,34.1388,3.41361
0,14.599,0.792165,-1.10373,0.00914309,0.0167617,0.01589,0.000871737,0.938783,31.4217,0.253901,0.0276689,0.144071,96.5131,3.52546
2,22.1469889,0.8337684879,-1.686561932,0.02011585213,-1.899219322,-8.748281776,6.849062454,-2.61623527,97.51731017,-147.1273492,0,0.1440706667,-191700.907,-35.65183177
1,0.37319,0.66372,-1.901,0.017521,,,,,,,,,,
2,2.0281733,0.3013169846175907,-1.958285256655059,0.0240273007082216,-2590950.194587993,-2591513.004055696,562.8094677026384,-0.0003353901555981652,31494738.81513172,-15750783.9918479,0,0.1440706666666666,-1.583801652008453e+16,-3075485808127.297
0,16.577,0.629962,-1.02742,0.0249336,0.00234051,0.0022306,0.000109907,0.936038,25.3543,0.028344,0.00380743,0.144071,29.3098,3.37487
0,5.58223,0.791933,-0.71064,0.0145605,0.000123,6.58058e-05,5.71938e-05,0.949595,31.9441,0.00105118,0.00011145,0.144071,0.62222,2.85457
0,8.63397,0.392221,-1.15094,0.0218887,0.0123761,0.0120305,0.000345627,0.895533,15.6271,0.0951782,0.0211941,0.144071,92.2714,3.56954
0,24.4304,0.292137,-1.16881,0.0198069,0.0169268,0.0165637,0.00036316,0.8639,11.5859,0.0976043,0.0294668,0.144071,89.218,3.58509
0,28.46165,0.3606552,-1.175198,0.01415722,0.02557929,0.0248984,0.0006808914,0.879654,14.17731,0.1811293,0.0447496,0.1440707,116.3822,3.610406
0,6.2872,0.494622,-0.843405,0.01969,0.000312835,0.000267617,4.52176e-05,0.921592,19.9477,0.00267001,0.000453554,0.144071,2.20326,3.05261
0,9.8723664,0.60759204,-1.6343593,0.018308299,0.00016722818,0.00016622901,9.9916213e-07,7.8836745,24.507252,0.0020372488,0,0.14407067,8176.6553,5.8532275
0,31.3397,0.868453,-1.01369,0.00886226,0.00559913,0.00525836,0.000340764,0.950263,34.8388,0.0921132,0.00897921,0.144071,33.2536,3.36838
1,0.30499,0.50128,-1.9334,0.011221,,,,,,,,,,
1,0.64338,0.351,-1.9028,0.013439,,,,,,,,,,
0,5.08041,0.407983,-0.569421,0.0108098,8.17427e-05,1.44513e-05,6.72914e-05,0.90668,16.4574,0.000118925,2.44711e-05,0.144071,0.0547287,2.58833
0,6.2869,0.700111,-0.853692,0.015589,0.00045015,0.0003857,6.44502e-05,0.943157,28.231,0.0054468,0.0006538,0.144071,3.47731,3.08659
1,0.43796,0.5305,-1.9867,0.015006,,,,,,,,,,
0,50.684,0.9077972,-1.153509,0.008945445,0.03225855,0.02997649,0.002282066,0.9346223,35.44079,0.5489019,0.05360103,0.1440707,207.2429,3.636008
0,0.7997963,0.887015113865,-1.90383900371,0.0224654940161,0.0705614423927,0.0232801151837,0.047281327209,-0.163008703345,33.2588226388,0.416525232126,0,0.144070666667,-17099511.2899,-3318.88772363
0,18.4075,0.267682,-1.08842,0.0143723,0.00856233,0.00838024,0.000182099,0.859209,10.7063,0.0452481,0.0144604,0.144071,29.5178,3.43627
0,10.5664,0.550426,-1.0187,0.0169377,0.00307151,0.00293595,0.00013556,0.927192,22.137,0.0325967,0.00501085,0.144071,23.0968,3.3527
0,5.60712,0.270927,-0.505049,0.0240207,2.96304e-05,2.84491e-06,2.67855e-05,0.865859,10.9293,1.5547e-05,4.81713e-06,0.144071,0.0166478,2.4628
0,14.4094522,0.862054851,-1.5520203,0.0125511303,0.129787071,0.101581081,0.0282059906,1.91061034,30.2632522,1.76633428,0,0.144070667,14468.7004,7.02202572
0,6.41307,0.589074,-0.825716,0.0206577,0.00024685,0.000203272,4.35778e-05,0.933339,23.7584,0.00241531,0.000344445,0.144071,2.06451,3.03155
0,1.014583,0.5258683,-1.497896,0.02100064,0.2678389,0.01398394,0.253855,18.17641,15.53241,0.1483309,0,0.1440707,389.4834,4.048203
0,0.4973535,0.2880322010023996,-1.933496791286167,0.01182717426724159,0,0,0,-1.410680615390818e-86,11.61973461485752,0,0,0.1440706666666666,-1.010414317283907e+92,-1.962060646416892e+88
2,23.8861188,0.745736001175,-1.79904873204,0.0190617408037,-880.507700403,-880.891721541,0.384021137496,-9.23601454477,26519.5643968,-13250.5165442,0,0.144070666667,-62632903.6836,-12160.9051631
0,5.4997,0.658269,-0.709424,0.0139105,0.000126227,6.78129e-05,5.84145e-05,0.939987,26.5524,0.00090041,0.000114848,0.144071,0.514383,2.84355
2,0.770663,0.79292067,-1.8026152,0.020051543,-0.00019733186,-0.00019737214,4.0280803e-08,-121.64364,31.994151,-0.0031567542,0,0.14407067,-6006.1664,0.70107211
0,5.75661,0.323284,-0.587792,0.0167326,5.27698e-05,1.1821e-05,4.09488e-05,0.88507,13.0412,7.70836e-05,2.00166e-05,0.144071,0.056251,2.60812
2,13.4140823,0.5563418587453868,-1.873298022534364,0.01024129337174661,-535.2024431577736,-535.399973253079,0.1975300953054102,-0.005967373645930613,12034.43461808945,-6008.212061377298,0,0.1440706666666666,-114171806130.0259,-22170311.03235497
0,33.71421,0.896138,-1.217158,0.01423403,0.04651345,0.04041685,0.006096598,0.9244037,34.47026,0.7305711,0.07629729,0.1440707,461.5908,3.790194
0,14.311339,0.63530942,-1.4333446,0.010394317,0.00075379329,0.00025329267,0.00050050062,2.7109769,25.6102,0.0032458847,0,0.14407067,1879.0873,4.3537694
0,16.2257211,0.450460914,-1.71489901,0.00854155859,0.353816615,0.241955483,0.111861132,1.36701046,11.7427027,2.19845587,0,0.144070667,63575.8736,16.7967793
2,13.0052155,0.634628291,-1.65115045,0.0185263988,-2.01842448,-2.0259312,0.0075067197,8.75341518,77.2778282,-25.9339871,0,0.144070667,28810.8199,9.94155312
0,20.430562,0.7081082093,-1.786859793,0.01034087842,0.5349405311,0.3732528983,0.1616876328,1.048290494,13.28505286,5.331236988,0,0.1440706667,236378.0105,50.49158645
0,51.04146,0.9908958,-1.192768,0.02373571,0.02074828,0.0183684,0.002379881,0.9456781,39.14511,0.3671339,0.03344842,0.1440707,374.5841,3.738177
0,37.7078832,0.365440983,-1.7672917,0.0225350619,0.699546972,0.485889498,0.213657473,0.732011454,4.42944182,3.58162352,0,0.144070667,87780.2912,21.5658533
0,48.8069,0.2078841,-1.261039,0.02191146,0.04489603,0.04399056,0.0009054644,0.8049041,8.009901,0.1844616,0.08708733,0.1440707,216.4445,3.747558
0,0.5055905,0.4039424464813,-1.969077948331,0.02360989605154,0,0,0,-0.006052530523073,16.29576141645,0,0,0.1440706666667,-521623569.2389,-101289.3833555
2,0.8261593,0.44427306374786,-1.94087862080247,0.0240691475016981,-0.193389897831728,-0.193389897831728,2.77555756156289e-17,-0.000193069155919693,21.3888535131687,-1.73304139877709,0,0.144070666666667,-14941208455.0185,-2901338.98526905
0,26.1419,0.319142,-1.15804,0.0142617,0.0205812,0.0201066,0.000474571,0.870935,12.6098,0.129434,0.0356357,0.144071,83.8722,3.5701
0,15.7048494,0.510067782,-1.73537354,0.0136838418,0.308514244,0.175557691,0.132956553,1.48254651,14.2287352,1.80622946,0,0.144070667,92399.6032,22.4335658
0,12.945498,0.6485378,-1.4886375,0.011707735,0.00015047997,0.00015047986,1.1636727e-10,3.376054,26.159239,0.0019685155,0,0.14407067,3135.6242,4.6793714
0,5.19302,0.490917,-0.553996,0.0147504,5.97252e-05,8.68717e-06,5.1038e-05,0.921209,19.8033,8.60224e-05,1.47102e-05,0.144071,0.0531667,2.57142
0,29.5115,0.917277,-1.01507,0.011562,0.00438074,0.00410454,0.000276196,0.953398,36.8425,0.0759434,0.00700563,0.144071,35.6774,3.37385
0,15.5542963,0.7456948595,-1.720284101,0.01072376076,0.8756446935,0.6432516703,0.2323930232,0.2708230968,3.740939095,9.675362432,0,0.1440706667,109554.8176,25.75849113
0,13.5005465,0.7759494317,-1.768640526,0.0210202802,0.2545841198,0.1917166419,0.06286747786,1.923839557,23.3338943,3.000671154,0,0.1440706667,179022.9121,39.32165762
0,6.3474,0.804065,-0.823694,0.00960805,0.000526052,0.000425783,0.000100269,0.950056,32.4204,0.00690566,0.000721583,0.144071,2.69667,3.04338
0,22.1688,0.3133561,-1.176415,0.01922694,0.0191256,0.0186819,0.000443699,0.8699722,12.39957,0.1180822,0.03346916,0.1440707,104.5427,3.603811
1,0.64263,0.79814,-1.7871,0.013269,,,,,,,,,,
0,10.2362,0.274373,-0.647857,0.0154715,6.98676e-05,2.76532e-05,4.22144e-05,0.867295,11.0679,0.000153042,4.68265e-05,0.144071,0.105381,2.70045
0,7.1484001,0.36162974,-1.6173994,0.016731113,0.75531177,0.080289661,0.67502211,0.89958499,3.5697055,0.58566455,0,0.14407067,8394.403,5.879901
0,4.94566,0.548397,-0.537663,0.0149472,5.81832e-05,6.95047e-06,5.12327e-05,0.928878,22.122,7.68837e-05,1.17694e-05,0.144071,0.0477549,2.54957
0,7.3785374,0.6272690492041,-1.524976951499,0.02465150258029,0.1201512765362,0.03308063859699,0.08707063793921,-4.321210902641e-05,22.2647095228,0.4185553661378,0,0.1440706666667,-332535306.7971,-64571.93205226
0,25.6305,0.867671,-1.07102,0.0213812,0.00479417,0.00452544,0.000268733,0.950747,34.8356,0.0792028,0.00777274,0.144071,69.4067,3.47054
2,0.7667867,0.97418859,-1.6346465,0.023811107,-0.0021782545,-0.0021782545,-5.507747e-17,25.13565,39.386118,-0.042803259,0,0.14407067,4136.8033,5.034031
0,28.2706,0.8799603,-1.134208,0.009440184,0.02390928,0.0224204,0.001488877,0.9388373,34.65042,0.3979528,0.03963901,0.1440707,157.4195,3.592903
2,5.9580548,0.3750076091,-1.862231438,0.01607544297,0.00209282754,-0.001178221407,0.003271048947,4.33687245,15.09681698,-0.008912348481,0,0.1440706667,170958.5434,37.84691063
2,22.2712358,0.408291536,-1.66026319,0.0222796953,0.120861574,-0.00410647654,0.12496805,1.6712779,14.4804749,-0.0338193217,0,0.144070667,31786.8324,10.5336101
2,11.2205526,0.3048185240091,-1.520833128152,0.0226622895171,-0.1682860700814,-0.2770430977336,0.1087570276522,-4.5090704228e-05,14.36632610676,-1.703389088338,0,0.1440706666667,-194970453.1526,-37859.04642047
2,0.7659694,0.977388068,-1.87899719,0.02179876294,0.01313302069,-5.262483266e-05,0.01318564552,-4.837565255,38.91175481,-0.001037487639,0,0.1440706667,-489962.5499,-93.42518468
0,6.52244,0.70913,-0.817942,0.0109505,0.000431552,0.000347009,8.45427e-05,0.943848,28.5952,0.00496354,0.000588031,0.144071,2.22363,3.02762
0,0.5087611,0.34505083370864,-1.9664907218924,0.021179852378056,0,0,0,-0.00043157431742592,13.919968331237,0,0,0.14407066666667,-6044626761.5756,-1173767.1112008
0,6.63094,0.861002,-0.905665,0.0139213,0.000936046,0.000841143,9.49034e-05,0.952917,34.7018,0.0146083,0.00142729,0.144071,8.24757,3.18387
0,5.01579,0.614527,-0.576359,0.0154566,6.14919e-05,1.10488e-05,5.04431e-05,0.936036,24.7896,0.000136956,1.87095e-05,0.144071,0.0872951,2.61927
0,16.688748,0.363353905,-1.70858748,0.0151438245,0.740889231,0.717494909,0.0233943219,0.535389905,3.79813557,5.25864468,0,0.144070667,48415.8846,13.832647
0,33.994054,0.3436985,-1.5053239,0.011474433,0.39115753,0.30192105,0.08923648,0.96712849,8.4418522,2.09313,0,0.14407067,4376.6945,4.9541878
0,42.657978,0.99937537,-1.3956136,0.015960975,0.072201739,0.016054516,0.056147223,1.646101,37.405663,0.32363168,0,0.14407067,2783.9461,4.511945
0,28.7782,0.517602,-1.10883,0.00968621,0.016607,0.0160215,0.000585533,0.914365,20.5342,0.167272,0.0278851,0.144071,69.1389,3.5081
0,5.64607,0.904134,-0.71925,0.0248394,7.7312e-05,4.30854e-05,3.42267e-05,0.955593,36.4716,0.000785756,7.297e-05,0.144071,0.788504,2.87538
0,19.8241931,0.814320386,-1.69607223,0.0198897566,0.199297042,0.13572261,0.0635744314,3.68518787,26.3040067,2.22932138,0,0.144070667,41479.5657,12.4652661
0,6.32255,0.337847,-0.816204,0.00853351,0.000524498,0.000435462,8.90355e-05,0.889181,13.6222,0.00296754,0.000737925,0.144071,1.0996,2.98948
0,44.39315,0.9082847,-1.157282,0.01825232,0.01671092,0.01548642,0.001224494,0.9449,36.02951,0.2837255,0.02757431,0.1440707,218.7422,3.644789
2,1.0844958,0.5604055876550358,-1.871287096426509,0.01732038707364494,-0.03324459728065845,-0.03324460265489151,5.374233065513767e-09,-3.952746590773767e-06,23.35935065735367,-0.3757930759685659,0,0.1440706666666666,-326032100950.6748,-63310142.53121551
0,5.13139,0.566419,-0.571396,0.0247954,3.76901e-05,6.46218e-06,3.12279e-05,0.930996,22.8495,7.38315e-05,1.09426e-05,0.144071,0.0759024,2.60712
0,126.4025,0.7493587,-1.275798,0.02451719,0.05347806,0.04253309,0.01094497,0.9117893,28.6138,0.6428976,0.09407714,0.1440707,825.0366,3.949249
0,47.80122,0.4116186,-1.220968,0.02491412,0.02549904,0.02448964,0.001009394,0.891272,16.18201,0.2033306,0.04577704,0.1440707,236.0222,3.715738
0,6.5482027,0.2401548702,-1.577942111,0.01197358402,0.2812945997,0.1120224398,0.1692721599,-0.01918975589,6.963017275,0.542652235,0,0.1440706667,-462399.6425,-88.37099538
2,15.6062208,0.612119769545,-1.69427790935,0.0144035016386,-0.908806937247,-0.949884443933,0.0410775066856,-0.0216463806884,47.1360924455,-11.728226697,0,0.144070666667,-12366041.4102,-2399.91759024
0,22.5498,0.793314,-1.02339,0.0230468,0.00242774,0.00229226,0.000135478,0.948184,31.926,0.0366804,0.00391108,0.144071,34.5937,3.38038
0,0.8087338,0.608142599118,-1.95864982898,0.0191731235159,0.0156604011819,0.00125113847577,0.0144092627061,-0.0777640607311,24.149355717,0.0153474411366,0,0.144070666667,-52622739.8636,-10216.925233
0,6.00783,0.407432,-0.636588,0.0236569,4.65702e-05,1.56476e-05,3.09227e-05,0.906588,16.4358,0.000128596,2.64971e-05,0.144071,0.129531,2.69978
0,23.9728,0.753401,-1.02597,0.0119932,0.00480455,0.00454785,0.000256703,0.944125,30.2475,0.0691126,0.00776886,0.144071,34.0244,3.38199
1,125.1657,0.443273,-1.308919,0.01840433,,,,,,,,,,
0,28.561423,0.889715735,-1.54037255,0.0098771783,0.572359062,0.282722984,0.289636078,0.689435096,15.3491988,5.07384922,0,0.144070667,17510.6411,7.61087836
0,50.89686,0.40944643,-1.3578138,0.020614531,0.12961271,0.09795365,0.031659057,0.82236604,14.376885,0.8089895,0.320852,0.14407067,1317.9993,4.1510606
0,0.339152,0.74642,-0.571693,0.00918867,0,0,0,17.9306,30.1119,0,0,0.144071,0.00521346,2.46979
0,6.18287,0.397184,-0.790215,0.0178344,0.000192811,0.00014927,4.35415e-05,0.904317,16.02,0.00119588,0.000252871,0.144071,0.910622,2.95377
2,1.7408649,0.5506271389,-1.785349537,0.01741696448,-0.01248735713,-0.02505139136,0.01256403423,-3.410756916,22.49066972,-0.2782368417,0,0.1440706667,-120629.1232,-21.72825586
0,6.21183,0.807979,-0.85979,0.0152285,0.000496982,0.000426958,7.00234e-05,0.950303,32.5791,0.00695842,0.000723811,0.144071,4.30721,3.10385
0,43.15385,0.7247909,-1.233361,0.01550223,0.05065036,0.04468002,0.00597034,0.9119246,27.75838,0.6532077,0.08626465,0.1440707,463.9802,3.807127
0,5.95129,0.264302,-0.606943,0.0206548,4.32272e-05,1.2247e-05,3.09801e-05,0.862949,10.6619,6.52914e-05,2.07378e-05,0.144071,0.0603216,2.63086
0,6.38537,0.626492,-0.887843,0.00943084,0.00110273,0.000987831,0.000114902,0.936511,25.2459,0.0124831,0.00167579,0.144071,4.85608,3.13817
0,46.80915,0.6912082,-1.179182,0.020014,0.01962284,0.01845711,0.001165733,0.9300195,27.3374,0.2573344,0.03331615,0.1440707,223.4041,3.668678
0,6.49879,0.932077,-0.907345,0.0241513,0.000552518,0.000495487,5.70308e-05,0.956556,37.5809,0.00931557,0.000840665,0.144071,9.09194,3.19072
0,0.7730725,0.586989945,-1.89395589,0.024693363,0.00184620412,0.00184615398,5.01397626e-08,-21.3460478,23.6365067,0.0218586709,0,0.144070667,-81737.4363,-14.0475165
0,16.45626,0.9700866,-1.101331,0.008352739,0.01798698,0.01685257,0.001134415,0.9467591,38.43111,0.3297628,0.02936805,0.1440707,113.4971,3.534689
0,6.22998,0.567733,-0.749927,0.0157382,0.000152517,0.000100832,5.16852e-05,0.931072,22.8999,0.0011547,0.000170788,0.144071,0.753531,2.90372
0,6.63406,0.748952,-0.846351,0.00926286,0.000698915,0.000590675,0.00010824,0.946488,30.193,0.00892335,0.00100131,0.144071,3.37241,3.07766
0,6.37175,0.413568,-0.846546,0.0155191,0.000408218,0.000353497,5.47215e-05,0.907617,16.6772,0.00294888,0.000599143,0.144071,1.9474,3.04936
0,0.7881576,0.7971973095,-1.896715101,0.02173424518,0.00816292082,0.00816292082,2.255140519e-17,16.47262208,31.89784406,0.131261263,0,0.1440706667,148096.88,33.43465405
0,27.2083888,0.5965132882,-1.882154706,0.02071174821,0.9990366798,0.7347742918,0.2642623881,0.00202455045,0.02318173495,8.840956343,0,0.1440706667,726340.5233,145.7873321
2,6.6169067,0.31212005,-1.5180781,0.01880261,-0.19894442,-0.19962013,0.0006757112,-3.299826,15.096487,-1.2567566,0,0.14407067,-2702.2541,1.0991404
0,56.931909,0.81875142,-1.2936393,0.014557593,0.10658645,0.080535547,0.026050903,0.88004388,29.509358,1.3300404,0.19924829,0.14407067,1108.6053,4.0373353
0,14.340758,0.30200584,-1.5093534,0.010679979,0.00072926515,0.00068295533,4.6309817e-05,2.0948425,12.174571,0.0041603782,0,0.14407067,3068.835,4.6860117
0,4.8728,0.738672,-0.53908,0.0141333,6.36118e-05,7.48565e-06,5.61261e-05,0.9462,29.7974,0.000111534,1.26758e-05,0.144071,0.064306,2.56628
1,0.3669,0.51245,-1.9301,0.024071,,,,,,,,,,
2,16.380131,0.49117843,-1.4335299,0.014530135,0.038565036,-0.029635379,0.068200415,-1.2069284,19.05085,-0.29361277,0,0.14407067,-3147.2181,0.92035504
2,1.4238394,0.2207610549097383,-1.90478780306428,0.02286915783757542,-72.14402012831951,-72.14402016877654,4.045702439725574e-08,-4.298888954966305e-08,651.4130476026647,-321.2535759041179,0,0.1440706666666666,-1285525429193596,-249628178405.3415
1,0.42774,0.92033,-1.7969,0.019973,,,,,,,,,,
1,0.34198,0.38038,-1.9946,0.015304,,,,,,,,,,
2,9.6089483,0.9377567624143655,-1.58468022902926,0.01734182175792343,-16.83306924112093,-16.83326737177817,0.0001981306572460539,-9.503778637879145e-08,674.6390357999406,-318.4078723496619,0,0.1440706666666666,-9863995048321.289,-1915427776.908144
0,49.785132,0.93500449,-1.3344006,0.014934604,0.16309694,0.11198134,0.051115598,0.84732985,31.567778,2.1119544,0.32784991,0.14407067,2079.2064,4.2988852
2,1.261319,0.7180251,-1.409252,0.0108919,-0.0122114,-0.0122114,1.336809e-10,16.49386,29.32014,-0.1768603,0,0.1440707,259.4795,3.913445
1,0.35504,0.49286,-1.9857,0.022374,,,,,,,,,,
2,15.3815948,0.857849947,-1.71223251,0.0154003084,0.24213845,-0.0829197314,0.325058181,2.2449864,26.2274682,-1.43480997,0,0.144070667,83553.3452,20.687454
2,1.7842224,0.6977238505,-1.880976684,0.01934731623,0.002898974931,-0.001849058898,0.004748033829,11.14914784,28.06583048,-0.02602312718,0,0.1440706667,157285.1179,35.20621524
1,0.23961,0.45179,-1.9157,0.01047,,,,,,,,,,
0,5.22976,0.372006,-0.694888,0.0145629,0.000103455,5.37457e-05,4.97097e-05,0.898561,15.0058,0.000403291,9.10195e-05,0.144071,0.252309,2.79237
0,0.4895488,0.5572709212028018,-1.947692087081613,0.01283424708512151,0,0,0,-2.613464600261228e-10,22.48130657064898,0,0,0.1440706666666666,-1.266264977340752e+16,-2458881111912.842
0,4.0440144,0.92232874,-1.4025381,0.011721884,0.035818002,0.00047118356,0.035346818,-0.77755999,35.875662,0.0087659915,0,0.14407067,-6178.3675,0.26610389
1,0.25435,0.66804,-1.9018,0.012251,,,,,,,,,,
0,6.39937,0.86757,-0.80231,0.0167642,0.00024133,0.000185468,5.58622e-05,0.953703,34.9909,0.00324563,0.000314229,0.144071,2.20297,3.01151
0,31.4522438,0.937920962,-1.52496595,0.0208360857,0.686903069,0.577485506,0.109417563,0.642286757,11.8467772,10.9252781,0,0.144070667,11902.4414,6.48661338
0,54.469279,0.35022302,-1.3981745,0.021623015,0.17616126,0.12575213,0.050409134,0.77910031,11.639707,0.88835224,0.51370319,0.14407067,1891.5356,4.3213559
0,6.3668,0.868052,-0.882386,0.0119869,0.000823787,0.000724738,9.90494e-05,0.953349,34.9899,0.0126897,0.00122921,0.144071,6.16395,3.14522
2,40.4748693,0.8586009242,-1.501733877,0.01486819267,-28.46860098,-29.05299962,0.5843986405,-2.535557289,1020.718617,-503.1616128,0,0.1440706667,-192751.8567,-36.04101813
0,24.3365058,0.377899079,-1.6116433,0.0133052434,0.655564552,0.610351536,0.0452130159,0.575432714,5.25096158,4.65244284,0,0.144070667,17928.0887,7.76442121
0,6.50659,0.678214,-0.907814,0.0164929,0.000803446,0.000729883,7.35634e-05,0.94121,27.3384,0.00998493,0.00123846,0.144071,6.76243,3.17553
0,17.9231171,0.791212774,-1.805594755,0.01627675894,0.3510348333,0.2776650308,0.07336980243,1.536362293,20.71428003,4.431386689,0,0.1440706667,319899.532,66.74439265
0,40.79516,0.3731871,-1.329009,0.01361886,0.1448773,0.1207669,0.02411041,0.8049361,12.8739,0.9090748,0.3354698,0.1440707,832.876,4.004469
0,4.72769,0.806565,-0.551579,0.0142973,6.46391e-05,8.68837e-06,5.59507e-05,0.950501,32.5362,0.000141352,1.47125e-05,0.144071,0.0820711,2.59132
1,0.25592,0.21969,-1.1556,0.017303,,,,,,,,,,
0,19.1847458,0.3763430283,-1.856733759,0.01169042831,0.9594963808,0.6741300003,0.2853663805,0.08175050199,0.6149401823,5.117439304,0,0.1440706667,344235.7786,71.5250032
1,0.29811,0.73811,-1.8636,0.018366,,,,,,,,,,
0,6.10622,0.445056,-0.718358,0.0106359,0.000171071,9.94747e-05,7.1596e-05,0.913723,17.9513,0.000893002,0.000168475,0.144071,0.401263,2.8397
0,55.699093,0.6415942,-1.3745124,0.01664785,0.19570943,0.13385294,0.061856495,0.80826717,20.8175,1.7322617,0.49234808,0.14407067,2406.2535,4.4100105
0,50.69644,0.9401106,-1.167632,0.01895244,0.01849289,0.01696111,0.001531779,0.9451319,37.22439,0.3216314,0.03033134,0.1440707,258.065,3.671269
0,20.9506,0.419884,-1.05483,0.0114598,0.00710041,0.00686929,0.000231122,0.904642,16.8186,0.0581789,0.0117789,0.144071,28.6043,3.40088
0,17.394669,0.52693698,-1.4664175,0.017617808,0.80713507,0.59778907,0.209346,0.41406322,4.0998419,6.3537749,0,0.14407067,3012.0063,4.6310801
0,16.49398,0.91761733,-1.62547301,0.0228517397,0.217358796,0.167236028,0.0501227678,2.03171851,28.9720671,3.09539888,0,0.144070667,33462.159,10.8267804
2,8.212347,0.23761453420109,-1.5389552188925,0.020126207879658,-0.27489620091635,-0.47671968739517,0.20182348647882,-6.9256096137252e-06,12.220894495104,-2.2848687599852,0,0.14407066666667,-1362850404.4224,-264642.4638118
0,5.0162,0.635125,-0.567629,0.0147404,6.34146e-05,1.03567e-05,5.30579e-05,0.937979,25.6205,0.000132679,1.75374e-05,0.144071,0.0804833,2.60636
0,5.0633,0.807038,-0.609925,0.0131068,8.15212e-05,2.00523e-05,6.1469e-05,0.950518,32.5547,0.000326425,3.39565e-05,0.144071,0.173744,2.68822
0,0.4447523,0.63340066,-1.7623979,0.0090093901,0,0,0,43.193462,25.552516,0,0,0.14407067,8059.0107,5.9576767
0,6.51824,0.647953,-0.91229,0.00924529,0.00150993,0.0013785,0.000131428,0.938201,26.1001,0.0180167,0.00234006,0.144071,6.86011,3.18076
0,13.9265455,0.87479348078885,-1.7750201424521,0.0095191871984268,0.58917190389821,0.36872106131693,0.22045084258128,-0.00014110025605416,14.498425487957,6.5062186399483,0,0.14407066666667,-1646158399.8033,-319656.05297659
2,13.9817644,0.850469995,-1.41497742,0.0175845603,0.127818383,-0.0019430025,0.129761385,-0.360833033,29.9240996,-0.0333317047,0,0.144070667,-13029.104,-1.09009675
2,0.7581257,0.41513692427,-1.7598341647,0.017456058604,-0.057139081751,-0.057139081751,1.1102230246e-16,-0.052810822047,17.704295845,-0.47846457721,0,0.14407066667,-4418960.9109,-856.60508147
1,0.3075,0.33198,-1.998,0.012845,,,,,,,,,,
0,5.92559,0.60278,-0.758887,0.0249603,0.000104507,7.13326e-05,3.31743e-05,0.934844,24.3147,0.000867305,0.000120823,0.144071,0.894058,2.92149
1,0.34942,0.59457,-1.8525,0.010678,,,,,,,,,,
0,0.8509526,0.6130567452,-1.948166362,0.0139958504,0.004539763605,0.004539763605,1.82145965e-17,16.18139824,24.61953002,0.05613827769,0,0.1440706667,225335.2292,48.50610579
0,36.860952,0.6001384,-1.3205719,0.019983819,0.098228362,0.074606183,0.023622179,0.86993093,21.832484,0.90313237,0.20513891,0.14407067,1172.6874,4.0795991
0,5.82319,0.330232,-0.59903,0.0238566,3.85002e-05,9.57854e-06,2.89217e-05,0.887224,13.3216,6.38033e-05,1.62195e-05,0.144071,0.0662227,2.62774
0,24.5370643,0.4451198768,-1.808163754,0.009769455175,0.9954506513,0.7610600209,0.2343906304,0.008923964135,0.08169234837,6.833151776,0,0.1440706667,224487.4093,48.20127662
0,18.0499,0.245884,-0.639699,0.00848067,0.000119131,4.54292e-05,7.37016e-05,0.854136,9.91821,0.000225315,7.69282e-05,0.144071,0.0863494,2.68205
0,39.6156286,0.810997748,-1.58648549,0.0248990064,0.257004183,0.189627245,0.067376938,1.34903694,24.3086692,3.10202686,0,0.144070667,25626.2814,9.25248388
0,214.73774,0.93403095,-1.287173,0.022961263,0.065965221,0.048958105,0.017007116,0.91328563,35.194879,0.92238246,0.11625635,0.14407067,1172.5264,4.0461619
2,0.8111841,0.3319501417079532,-1.9854915100084,0.008984207690553962,-92.77521710206905,-92.77521738794293,2.858738810118666e-07,-1.736276617916898e-07,1255.787346713841,-621.1979437893194,0,0.1440706666666666,-1730130600882533,-335963288235.1954
0,64.129635,0.21463295,-1.5241439,0.024996714,0.69568659,0.36286609,0.3328205,0.30087276,2.6349517,1.5709702,0,0.14407067,5592.0215,5.2215957
2,0.7761666,0.29681093809,-1.98038376987,0.0230664263357,-0.000746034529959,-0.000746106304242,7.17742829248e-08,-0.0912698925152,11.9828175158,-0.00446689538735,0,0.144070666667,-29411681.6426,-5709.66274132
2,3.2004761,0.21764948,-1.6959911,0.02396326,-0.94147561,-0.99980564,0.058330029,12.328486,17.046873,-4.3893315,0,0.14407067,8027.0193,5.8848533
0,5.06245,0.430859,-0.592466,0.0105833,8.9682e-05,1.98452e-05,6.98368e-05,0.911187,17.3801,0.000172471,3.36052e-05,0.144071,0.0773227,2.62914
0,37.28837,0.6071946,-1.237651,0.009827127,0.08065221,0.07338517,0.007267035,0.8821997,22.51972,0.8987965,0.1437901,0.1440707,411.1391,3.794943
0,5.25645,0.323317,-0.674511,0.0167557,7.72811e-05,3.59566e-05,4.13245e-05,0.885065,13.0422,0.000234494,6.08903e-05,0.144071,0.171365,2.7521
0,24.6724,0.524267,-1.10399,0.0126135,0.0120362,0.0116054,0.000430727,0.918179,20.8953,0.122727,0.0201232,0.144071,65.8402,3.50011
0,33.3697,0.639493,-1.07934,0.0234534,0.00479085,0.004584,0.000206853,0.935331,25.6747,0.0591296,0.00788536,0.144071,57.8635,3.46728
2,0.765763,0.2761124595,-1.919763254,0.01637086733,-0.07131691032,-0.07131699316,8.283788765e-08,7.210517604,11.93326076,-0.3971953901,0,0.1440706667,170181.7078,37.75335958
0,5.56607,0.579915,-0.67664,0.02279,6.17348e-05,2.71685e-05,3.45663e-05,0.932478,23.3934,0.000317801,4.60089e-05,0.144071,0.299832,2.78299
0,44.13911,0.6669058,-1.172512,0.01440671,0.02493923,0.02359414,0.001345091,0.9246123,26.2332,0.3173904,0.04248302,0.1440707,197.9288,3.65084
0,52.16778,0.797537,-1.192932,0.02036936,0.02329895,0.0213746,0.001924358,0.9347639,31.42445,0.3438539,0.03905847,0.1440707,304.8566,3.714217
0,32.830874,0.64079962,-1.5223281,0.024689292,0.053800833,0.024414573,0.02938626,1.7196029,24.460198,0.31557061,0,0.14407067,8873.2257,5.8806597
2,14.378591,0.93041297,-1.4959741,0.010911684,0.092591509,-0.082828885,0.17542039,5.1611802,34.059147,-1.5544714,0,0.14407067,2934.4041,4.6442264
0,25.0240907,0.55759646,-1.69406877,0.0235769964,0.722991956,0.592197026,0.13079493,0.473287393,6.23114065,6.66057005,0,0.144070667,74565.5773,18.9181639
0,13.43165,0.9638342,-1.112499,0.01354301,0.01281683,0.01199062,0.0008262172,0.9498948,38.38444,0.2331143,0.02090692,0.1440707,130.4135,3.55628
0,31.571931,0.79629463,-1.3399056,0.021667759,0.12142726,0.084097158,0.037330104,0.86831667,28.223227,1.3507665,0.24252924,0.14407067,1946.9015,4.2753205
0,6.32131,0.977779,-0.840019,0.0128348,0.000475238,0.000393058,8.21803e-05,0.958537,39.4266,0.00775215,0.000666194,0.144071,4.00872,3.08033
2,14.6612189,0.60348210627,-1.73105711671,0.0228719626968,-467.074385521,-467.63946656,0.565081039313,-4.25662546404,11395.5276553,-5692.46965732,0,0.144070666667,-24383847.1538,-4733.5785631
0,13.2956561,0.4854997643,-1.807717205,0.01326354578,0.3180875582,0.2382705841,0.07981697412,1.562832988,13.35588909,2.333375445,0,0.1440706667,208371.1599,45.06748802
0,43.663082,0.8251847,-1.3776781,0.011753013,0.97940793,0.11245133,0.8669566,0.035683219,0.68549825,1.8717202,0,0.14407067,1869.2609,4.2959254
0,47.842058,0.22373482,-1.427054,0.015983404,0.2758832,0.19666798,0.079215219,0.66175285,6.5357793,0.88754914,1.0070742,0.14407067,1812.0477,4.3325942
