Error,time,CO2share,E_appl,v,X_tot,X_het,X_hom,FE,CO2_out,CO_out,H2_out,delP,CD,Vcell
0,25.6833,0.827897,-1.0693,0.0170584,0.00586072,0.0055451,0.000315619,0.947948,33.2031,0.0925999,0.00952922,0.144071,64.8975,3.46449
2,37.2332,0.529201822,-1.67732668,0.022315432,-0.977706934,-1.16496266,0.18725573,4.32405656,42.2219642,-12.4353642,0,0.144070667,44601.3487,13.0564486
2,18.3140712,0.2133025962347389,-1.825140149623953,0.01296463532719143,-634.943160458526,-659.781384120085,24.83822366155903,-0.0001341579760294772,5472.29635206251,-2838.712235599678,0,0.1440706666666666,-1244008758848.312,-241566313.8009738
0,5.16085,0.782958,-0.545443,0.012981,7.05636e-05,8.84411e-06,6.17194e-05,0.949082,31.5837,0.000139675,1.49762e-05,0.144071,0.0737407,2.57968
0,5.35822,0.883691,-0.683109,0.0204713,7.3435e-05,3.28654e-05,4.05696e-05,0.954616,35.6471,0.00058582,5.5658e-05,0.144071,0.48496,2.81421
0,5.09476,0.773786,-0.594108,0.0228148,4.44983e-05,9.40206e-06,3.50963e-05,0.948527,31.2145,0.000146747,1.5921e-05,0.144071,0.136248,2.6599
0,5.09086,0.559445,-0.548424,0.0130144,6.81831e-05,9.16581e-06,5.90173e-05,0.930177,22.5675,0.000103432,1.55208e-05,0.144071,0.055859,2.56839
0,18.435333,0.55565739,-1.6101392,0.023129226,0.10424875,0.090999005,0.013249748,4.0639705,20.079352,1.0199266,0,0.14407067,9521.3465,6.0979477
0,24.985,0.585161,-1.10543,0.0163903,0.00947741,0.00910313,0.000374285,0.926991,23.3827,0.107446,0.0157752,0.144071,74.3393,3.50944
2,15.059979,0.56467933915827,-1.4963278020523,0.021865262878461,-1126.6289060434,-1126.7499534205,0.12104737710933,-0.0063434967209948,25687.584280771,-12833.780792921,0,0.14407066666667,-1808851896.6816,-351248.77361318
0,6.47112,0.660688,-0.922814,0.0179098,0.000886702,0.00081463,7.20711e-05,0.939704,26.6297,0.0108563,0.00138282,0.144071,7.99962,3.1994
0,6.403,0.888693,-0.839102,0.0249886,0.000240637,0.000199544,4.1093e-05,0.954751,35.8428,0.00357697,0.000338165,0.144071,3.61594,3.07404
0,4.1912221,0.8354417,-1.4300644,0.018031736,7.2378223e-05,9.4431556e-06,6.2935068e-05,-0.66908252,33.700774,0.00015913234,0,0.14407067,-9605.541,-0.39454567
0,6.3684,0.892778,-0.768273,0.0108273,0.00026782,0.00018549,8.23307e-05,0.95493,36.0066,0.00334032,0.00031422,0.144071,1.46219,2.95627
2,13.2126144,0.995387743029,-1.7074876568,0.0229198429073,-18.5284439045,-156.49598155,137.967537646,-0.157538801873,784.178793157,-3142.10467937,0,0.144070666667,-33494988.0305,-6502.85415894
0,13.46627,0.77900207,-1.4029499,0.016495431,0.10824655,0.0078386791,0.10040787,2.7014912,28.024545,0.12317049,0,0.14407067,1396.4968,4.2144122
0,24.584701,0.55012155,-1.5470636,0.019404624,0.36862448,0.25893791,0.10968657,1.3558796,14.012046,2.87329,0,0.14407067,8857.5917,5.9022687
0,27.437769,0.49006024,-1.5062496,0.010214958,0.38957428,0.34509035,0.044483931,1.1313747,12.06806,3.4112021,0,0.14407067,5412.3698,5.1671381
0,6.03672,0.952339,-0.652326,0.0150919,8.47214e-05,3.00216e-05,5.46998e-05,0.957739,38.4158,0.000576701,5.08404e-05,0.144071,0.350795,2.76676
2,10.993469,0.24993605,-1.5627965,0.020227383,0.31044338,-0.019084346,0.32952773,1.7160027,6.9527081,-0.096212469,0,0.14407067,4250.4664,4.9856453
1,22.1737,0.667094,-1.359,0.0121695,,,,,,,,,,
0,6.11564,0.508544,-0.64455,0.021624,5.45044e-05,1.89618e-05,3.55426e-05,0.923734,20.5144,0.000194506,3.21098e-05,0.144071,0.175762,2.72344
0,0.4929465,0.7202154461437362,-1.943701653575403,0.01211570560253332,0,0,0,-2.388856369740376e-13,29.05478040506209,0,0,0.1440706666666666,-1.700931448657828e+19,-3302932866821874
2,0.8324805,0.6807166131,-1.890717345,0.01362620403,0.1364715524,0.1364715524,-8.326672685e-17,-2.045545258,23.71363687,1.873844948,0,0.1440706667,-820877.2752,-157.6982502
0,61.1162,0.3256626,-1.315461,0.01689504,0.121409,0.09222918,0.02917981,0.8169241,11.54276,0.6058448,0.2272242,0.1440707,618.2716,3.933938
0,4.851,0.84335,-0.594276,0.0197734,5.16956e-05,1.08716e-05,4.08241e-05,0.952564,34.0205,0.000184937,1.84095e-05,0.144071,0.148186,2.66439
0,34.2951634,0.8054129957,-1.80215236,0.01104364069,0.9961906494,0.76083028,0.2353603694,0.008161266649,0.1237726664,12.36037343,0,0.1440706667,344271.7362,71.47740955
2,18.387949,0.46954353,-1.4969953,0.016154065,-1.0720485,-1.8111834,0.73913493,4.2217847,39.249212,-17.153923,0,0.14407067,4188.5808,4.9070733
0,56.1587,0.204687,-1.14333,0.00918476,0.0263842,0.0259732,0.000411067,0.813978,8.03956,0.107236,0.0458042,0.144071,47.362,3.51894
0,42.7263,0.64377,-1.07224,0.0169835,0.00605064,0.00578621,0.000264428,0.934901,25.8137,0.0751364,0.00994056,0.144071,53.1325,3.45488
0,16.7439,0.773162,-1.01378,0.0198899,0.00248878,0.00234887,0.000139904,0.946904,31.1131,0.0366316,0.00400547,0.144071,29.8374,3.36224
0,7.03186,0.591342,-0.964538,0.0220201,0.00120178,0.00113061,7.11771e-05,0.932964,23.8271,0.0134857,0.00192216,0.144071,12.3212,3.26416
0,45.75235,0.2319216,-1.311182,0.02064054,0.08219892,0.0779147,0.004284216,0.7960556,8.587068,0.3644901,0.1760454,0.1440707,446.7705,3.879663
0,46.61886,0.6580538,-1.264802,0.01233655,0.09022755,0.07638106,0.01384649,0.8803719,24.15179,1.013847,0.1623393,0.1440707,626.2359,3.885484
0,6.62444,0.568676,-0.946321,0.0126772,0.00166293,0.00155487,0.000108061,0.93021,22.9033,0.0178355,0.00264219,0.144071,9.40026,3.23147
0,6.28701,0.352366,-0.753594,0.0176486,0.00013579,9.42564e-05,4.15335e-05,0.893492,14.2131,0.00066993,0.000159648,0.144071,0.510868,2.88737
0,20.6970193,0.9489871295,-1.762191898,0.01767782452,0.9021816342,0.7811835863,0.1209980479,0.2117590522,3.744862631,14.95335358,0,0.1440706667,240276.2383,51.22473161
0,15.7493137,0.6269902395,-1.835802659,0.0240677724,0.2697934732,0.1809764897,0.08881698349,5.06790102,18.46977721,2.288801402,0,0.1440706667,127462.9863,29.35926482
0,7.37147,0.908602,-0.970069,0.0236121,0.00122025,0.00113171,8.85372e-05,0.955058,36.6099,0.0207412,0.00192456,0.144071,19.8552,3.29567
1,0.090133,0.87524,-1.8547,0.015742,,,,,,,,,,
0,20.0650536,0.855080857,-1.69219715,0.0233047879,0.552384352,0.517313414,0.0350709379,1.05617387,15.4407222,8.92249051,0,0.144070667,80832.7205,20.1374165
2,16.5334107,0.361594195,-1.76640266,0.0227229151,-0.697255878,-1.13352767,0.43627179,3.88086918,24.7584777,-8.26758647,0,0.144070667,91495.8388,22.2885934
0,6.65088,0.450919,-0.942968,0.0102487,0.00195973,0.00184221,0.000117518,0.913613,18.1552,0.0167557,0.00313048,0.144071,7.26704,3.21448
0,5.28518,0.800024,-0.61057,0.0213822,5.00522e-05,1.23941e-05,3.7658e-05,0.950126,32.2728,0.000200007,2.09879e-05,0.144071,0.173746,2.68886
1,0.33966,0.81068,-1.8201,0.024021,,,,,,,,,,
2,26.676084,0.62743206,-1.4665961,0.013326438,0.16527617,-2.0819565,2.2472327,2.4955401,21.128306,-26.348963,0,0.14407067,2581.3813,4.539711
0,6.27765,0.420471,-0.888801,0.023465,0.000442342,0.00040208,4.02622e-05,0.908971,16.955,0.00341015,0.000681865,0.144071,3.40177,3.12056
1,0.25768,0.80302,-1.8626,0.022286,,,,,,,,,,
0,47.859509,0.34123897,-1.4515564,0.012626646,0.3824168,0.38241457,2.2311769e-06,0.62763164,8.5017682,2.6321959,1.7463384,0.14407067,3404.5377,4.6987368
0,32.2874127,0.6924433145,-1.728320354,0.01460466383,0.785284286,0.5452668762,0.2400174098,0.3763342082,5.997955263,7.615852303,0,0.1440706667,140150.8939,31.72044417
0,5.50474,0.883366,-0.698672,0.0158047,0.00010505,5.19877e-05,5.30619e-05,0.954579,35.6328,0.000926332,8.80448e-05,0.144071,0.592061,2.84004
0,37.77189,0.3326576,-1.269133,0.02375907,0.04675166,0.04440562,0.002346042,0.8584098,12.7926,0.2979618,0.08911484,0.1440707,359.6506,3.809552
0,6.25456,0.424971,-0.857437,0.0235943,0.000304538,0.000267406,3.71322e-05,0.909932,17.1389,0.00229221,0.000453256,0.144071,2.29595,3.06878
0,49.357673,0.2715245,-1.4399482,0.013739684,0.37571089,0.2563454,0.11936549,0.612456,6.8383283,1.4039761,1.3825592,0.14407067,2417.5354,4.4778774
0,6.57714,0.896206,-0.824767,0.0168435,0.000305052,0.000246272,5.878e-05,0.95507,36.1435,0.00445193,0.000417322,0.144071,3.03205,3.05054
0,5.88831,0.454125,-0.717852,0.0160794,0.000113176,6.53735e-05,4.78026e-05,0.915335,18.3181,0.000598829,0.000110717,0.144071,0.406092,2.83981
1,0.23109,0.85822,-1.911,0.017341,,,,,,,,,,
0,19.0377,0.535764,-1.43827,0.0126685,0.0325234,0.0281536,0.00436973,-46.6018,20.9107,0.304252,0,0.144071,-95.0833,1.69758
0,4.78985,0.980297,-0.508636,0.0239905,3.6679e-05,2.98272e-06,3.36963e-05,0.958924,39.5455,5.89787e-05,5.05068e-06,0.144071,0.0569559,2.5296
0,7.21549,0.429372,-0.981821,0.0129096,0.00251858,0.00240449,0.000114089,0.90937,17.278,0.0208249,0.00409366,0.144071,11.445,3.27748
0,0.4957746,0.8636510415,-1.935144396,0.01163069802,0,0,0,-12.85308389,34.84122909,0,0,0.1440706667,-339632.4493,-64.15854143
0,33.990926,0.58551685,-1.334215,0.02207258,0.10579584,0.077906588,0.027889255,0.86316236,21.121816,0.92010788,0.22129957,0.14407067,1362.4161,4.1377899
0,52.54794,0.23568415,-1.5171692,0.016096629,0.77352634,0.31935652,0.45416982,0.25753686,2.1532936,1.5182082,0,0.14407067,4881.2958,5.0696252
0,18.7972342,0.2643844018,-1.823514213,0.02425561641,0.6470572649,0.5244495474,0.1226077174,0.614523146,3.76439547,2.796821275,0,0.1440706667,182960.4091,40.14224722
0,6.52568,0.458811,-0.911406,0.00853124,0.00160051,0.00147693,0.000123589,0.915182,18.4796,0.0136684,0.00250728,0.144071,4.92309,3.16245
0,24.0356,0.71664,-1.03975,0.0206217,0.00332033,0.0031545,0.000165832,0.942534,28.8145,0.0455992,0.00539322,0.144071,38.7548,3.40338
0,34.8381,0.668451,-1.05967,0.0110322,0.00794632,0.00758329,0.000363027,0.935797,26.7522,0.102247,0.0130205,0.144071,46.8064,3.43456
0,6.50422,0.92752,-0.784694,0.00949377,0.00035797,0.000261192,9.67787e-05,0.95648,37.4044,0.00488661,0.00044251,0.144071,1.8726,2.98548
0,4.84498,0.99289,-0.584833,0.0185896,5.40844e-05,1.0243e-05,4.38414e-05,0.959412,40.0528,0.000205141,1.73451e-05,0.144071,0.15343,2.65673
2,7.5866672,0.470212888,-1.61134008,0.0203657248,-0.000212906263,-0.000212906367,1.03774212e-10,3.54836406,18.9732683,-0.00201933489,0,0.144070667,10464.3493,6.28711688
0,5.19222,0.504338,-0.587123,0.0233367,4.08904e-05,8.40315e-06,3.24873e-05,0.923156,20.3451,8.54848e-05,1.42292e-05,0.144071,0.0834148,2.6277
0,4.89133,0.66253,-0.599795,0.0102319,9.99153e-05,2.25525e-05,7.73627e-05,0.940367,26.725,0.000301388,3.81905e-05,0.144071,0.126581,2.66181
0,6.9689,0.330698,-0.984289,0.0187686,0.00177637,0.00170755,6.88233e-05,0.886282,13.3172,0.0113901,0.00290641,0.144071,9.34259,3.26911
0,45.97495,0.8091806,-1.171647,0.02499318,0.01451404,0.01350088,0.001013155,0.9412312,32.17,0.22036,0.0242178,0.1440707,235.8024,3.666326
0,5.48915,0.955813,-0.700987,0.0217159,7.78692e-05,3.89787e-05,3.88905e-05,0.95789,38.5562,0.000751495,6.60126e-05,0.144071,0.65769,2.84777
0,12.1092,0.885693,-0.996534,0.0185289,0.0021632,0.00202294,0.000140267,0.953355,35.6531,0.0361402,0.00344548,0.144071,27.2133,3.33976
2,12.198804,0.24691744,-1.5271925,0.021459686,0.46112931,-0.014667533,0.47579685,1.2173292,5.3677403,-0.073052318,0,0.14407067,2927.9854,4.6740859
0,45.387652,0.69578415,-1.3616489,0.017081709,0.17275451,0.11908065,0.053673857,0.82828961,23.220101,1.671248,0.4067627,0.14407067,2220.1979,4.3568831
1,0.206,0.63194,-1.9979,0.022734,,,,,,,,,,
1,0.349,0.44534,-1.9351,0.014666,,,,,,,,,,
0,6.00484,0.83215,-0.658281,0.00979189,0.000133471,4.99483e-05,8.35224e-05,0.951904,33.5659,0.000838393,8.45877e-05,0.144071,0.332903,2.77002
1,67.3441,0.713972,-1.29672,0.013748,,,,,,,,,,
2,0.8195273,0.7158951309,-1.904264168,0.01034757051,0.3519010239,-0.07391323204,0.425814256,-2.911473242,18.71741675,-1.067325222,0,0.1440706667,-541741.9706,-103.4598029
0,19.8152989,0.448374285,-1.70772881,0.0186843705,0.912163351,0.500227496,0.411935856,0.17079916,1.58880874,4.52411283,0,0.144070667,62788.9822,16.6361677
0,5.58803,0.338364,-0.525751,0.0238437,3.28401e-05,3.73904e-06,2.91011e-05,0.889638,13.6498,2.55193e-05,6.33123e-06,0.144071,0.0264004,2.5072
2,7.0339901,0.224618072,-1.69197465,0.0115340595,-0.00934567079,-0.0178175856,0.00847191479,5.00220096,9.14618087,-0.0807269824,0,0.144070667,10080.7404,6.29134181
0,11.2109,0.435592,-1.0316,0.0171884,0.00353774,0.00341014,0.000127596,0.909882,17.5104,0.0299624,0.00582772,0.144071,21.9726,3.36282
0,12.93113,0.7780498,-1.111908,0.01860373,0.009169499,0.008692868,0.0004766301,0.9428695,31.10011,0.1364255,0.01510454,0.1440707,105.6465,3.540058
0,6.76548,0.769884,-0.947805,0.0188774,0.0011498,0.00106447,8.53323e-05,0.947564,31.0228,0.0165304,0.00180853,0.144071,12.7402,3.24922
1,0.5401,0.48791,-1.9118,0.017925,,,,,,,,,,
2,5.4077072,0.82810588591232,-1.54947092502,0.0092627461683858,-0.021859144724678,-0.021859144986454,2.6177612855172e-10,-7.500185594959e-06,34.13752832225,-0.36512722175437,0,0.14407066666667,-4023690428.1967,-781334.46466457
1,0.20005,0.3328,-1.9474,0.011133,,,,,,,,,,
2,17.8064488,0.3948792768,-1.828342532,0.02332884797,0.375317186,-0.716460869,1.091778055,1.136037932,9.951282764,-5.706659873,0,0.1440706667,278369.0062,58.69544099
0,38.257402,0.81925312,-1.3494951,0.011095176,0.25492345,0.1746581,0.080265349,0.77414129,24.624882,2.8862371,0.53572106,0.14407067,2155.0838,4.3305556
0,19.4904,0.223505,-1.11918,0.0238832,0.0486073,0.00713632,0.0414709,0.831465,8.57831,0.0321726,0.0129183,0.144071,36.2823,3.47895
0,6.22118,0.291811,-0.780465,0.0088613,0.00034384,0.000265057,7.87828e-05,0.874057,11.7681,0.00156015,0.000449026,0.144071,0.610624,2.92343
2,12.2291966,0.453119915,-1.67239258,0.0164493025,0.426169759,-0.117426715,0.543596474,1.59016806,10.4894266,-1.07326071,0,0.144070667,28280.3645,9.85883455
0,5.05267,0.407653,-0.541088,0.00942311,8.85628e-05,1.15207e-05,7.70421e-05,0.906607,16.444,9.47311e-05,1.95084e-05,0.144071,0.038005,2.54126
0,15.20521,0.9673117,-1.109819,0.01033559,0.01620027,0.01516155,0.001038725,0.9478181,38.3909,0.2958252,0.02646768,0.1440707,126.2966,3.551152
0,39.92643,0.7109554,-1.21835,0.01473396,0.04386831,0.03980705,0.004061261,0.9154551,27.42302,0.5708573,0.07484601,0.1440707,376.5336,3.764404
0,6.50675,0.551236,-0.842444,0.0107047,0.000571652,0.000486155,8.54979e-05,0.928889,22.2251,0.00540551,0.00082403,0.144071,2.40566,3.0562
0,5.39236,0.599576,-0.623005,0.0100129,0.000109147,3.10498e-05,7.80975e-05,0.934516,24.1853,0.000375515,5.25805e-05,0.144071,0.155306,2.69553
0,4.72387,0.770773,-0.514334,0.0133358,6.54162e-05,5.77308e-06,5.96431e-05,0.948322,31.0923,8.97551e-05,9.77577e-06,0.144071,0.0487197,2.52727
1,0.2854,0.71778,-1.9247,0.015356,,,,,,,,,,
0,6.50407,0.262364,-0.6519,0.0166646,6.54852e-05,2.70414e-05,3.84438e-05,0.862063,10.5835,0.000143106,4.57911e-05,0.144071,0.106784,2.70517
0,15.2246635,0.221327926,-1.73239791,0.0125450352,0.0945676092,0.0917092519,0.00285835726,-1.79153732,8.08439283,0.409425169,0,0.144070667,-41815.2108,-6.42238689
0,75.382669,0.99531278,-1.337089,0.009092971,0.25540108,0.17517544,0.080225639,0.78462643,29.897656,3.5168834,0.55739179,0.14407067,2201.2933,4.3282128
0,0.7528397,0.5467640184,-1.89499935,0.01582880938,0.4558545895,0.01122758405,0.4446270055,7.255489268,12.00245436,0.1238258768,0,0.1440706667,123759.7579,28.69783971
0,11.8441,0.507187,-0.664478,0.0201476,6.4587e-05,2.6288e-05,3.8299e-05,0.923539,20.4595,0.000268937,4.45161e-05,0.144071,0.226474,2.7564
0,7.74609,0.224113,-1.05683,0.0238515,0.00345905,0.00338746,7.15934e-05,0.840189,9.00984,0.0153132,0.0058068,0.144071,16.9289,3.37367
0,12.5342158,0.4218849773,-1.566936521,0.01270728275,0.2921607769,0.2810652341,0.01109554277,-0.03485238109,12.04713707,2.391808259,0,0.1440706667,-382425.4405,-72.84255134
0,37.744917,0.53309144,-1.3555075,0.011868959,0.23958998,0.17406219,0.065527791,0.76476565,16.353274,1.8716788,0.54100372,0.14407067,1565.0439,4.2055538
1,0.26216,0.76393,-1.866,0.017934,,,,,,,,,,
0,6.44149,0.717534,-0.808736,0.0112801,0.0003802,0.000299323,8.08774e-05,0.9445,28.9356,0.00433219,0.00050718,0.144071,1.99776,3.01287
0,0.472603,0.6030087644248294,-1.886900508042552,0.01132253978990952,0,0,0,-1.306184856946479e-239,24.32645304471107,0,0,0.1440706666666666,-1.255657762725942e+245,-2.438283622341235e+241
1,0.30056,0.94926,-1.9738,0.018007,,,,,,,,,,
0,28.4939,0.727403,-1.08126,0.0152812,0.00756256,0.00719969,0.000362868,0.940558,29.1228,0.105637,0.0124053,0.144071,66.9035,3.47842
0,6.08416,0.814632,-0.66671,0.00992364,0.000137441,5.49199e-05,8.25209e-05,0.95092,32.8592,0.000902437,9.30082e-05,0.144071,0.363532,2.78297
0,30.517658,0.64445126,-1.5051206,0.011868945,0.89735123,0.011956778,0.88539445,0.23435186,2.6686954,0.15542806,0,0.14407067,5694.9425,5.2234951
0,5.01551,0.88522,-0.601226,0.0224694,4.65396e-05,1.04606e-05,3.60791e-05,0.954708,35.7097,0.00018678,1.77135e-05,0.144071,0.169687,2.6783
1,0.18625,0.95102,-1.8689,0.010497,,,,,,,,,,
2,0.8256486,0.4141749388,-1.969343855,0.01335135483,-0.05355607371,-0.05355607371,-4.857225733e-17,-3.573824595,17.60340326,-0.4474223945,0,0.1440706667,-957560.6466,-184.1692301
0,6.8880776,0.93416467101,-1.5471272289,0.008481539667,0.88158931591,0.15803120023,0.72355811567,-0.0010732416659,4.4624102561,2.9777720402,0,0.14407066667,-3566664.7155,-691.30468738
0,11.421406,0.50640498,-1.4802845,0.019058892,0.0067232771,0.0018869281,0.004836349,2.789052,20.291932,0.019274294,0,0.14407067,2644.7131,4.5669428
2,27.6264105,0.526484749,-1.71515519,0.0212103239,-0.720760926,-1.05799373,0.3372328,3.18815951,36.5478216,-11.2355428,0,0.144070667,85122.9512,20.996125
0,79.100085,0.60789757,-1.4173391,0.0086519149,0.48475556,0.33381207,0.1509435,0.57959761,12.635688,4.0931495,1.6421951,0.14407067,3530.5846,4.6908637
0,27.9932154,0.885423988,-1.64872696,0.0140434419,0.6389818,0.425831185,0.213150615,0.617701865,12.8954216,7.6052574,0,0.144070667,66041.2935,17.2113067
0,7.28954,0.346901,-1.01628,0.0177998,0.00280146,0.00270835,9.31056e-05,0.89033,13.9554,0.0189512,0.00462225,0.144071,14.6994,3.32543
0,6.02769,0.658737,-0.726064,0.0198967,0.000100128,5.87074e-05,4.14209e-05,0.940044,26.572,0.000780064,9.94295e-05,0.144071,0.637396,2.87123
0,6.22437,0.421143,-0.813302,0.0178747,0.00024563,0.000200314,4.53155e-05,0.909227,16.9855,0.00170163,0.000339397,0.144071,1.29178,2.9949
2,13.834973,0.71099458,-1.6241669,0.017801505,0.54164022,-0.027944481,0.5695847,-4.4045851,13.147039,-0.40076289,0,0.14407067,-6887.7102,0.34440535
0,6.6344,0.23919,-0.9759,0.02105,0.0014162,0.0013679,4.8312e-05,0.84988,9.6358,0.0065998,0.0023269,0.14407,6.3298,3.2401
0,19.1695071,0.8245294255,-1.806589541,0.02354083374,0.2561851988,0.1679820374,0.0882031614,2.2825902,24.74150658,2.793792674,0,0.1440706667,260486.3426,55.19775326
0,52.06405,0.5972468,-1.275976,0.01044726,0.1182069,0.1001515,0.01805541,0.8560781,21.24593,1.206525,0.2212834,0.1440707,653.9596,3.904267
0,5.65849,0.553171,-0.671144,0.00852457,0.000159237,6.76803e-05,9.1557e-05,0.929383,22.3123,0.000755173,0.000114619,0.144071,0.267372,2.7716
0,6.34959,0.589104,-0.847215,0.0103763,0.000623987,0.000533194,9.07924e-05,0.9331,23.7507,0.00633581,0.000903827,0.144071,2.72091,3.06736
0,6.4548,0.907452,-0.875912,0.00894769,0.00102454,0.000893425,0.00013112,0.955132,36.5707,0.0163534,0.00151532,0.144071,5.9173,3.1366
0,5.8657644,0.4957654803704019,-1.574167348854069,0.009827531278258441,0.7138617995715389,0.6455486708098412,0.06831312876169771,-5.164460645783303e-08,5.722783174768113,6.455508328270414,0,0.1440706666666666,-134528555208.2457,-26123261.68633677
0,50.20094,0.9643761,-1.20017,0.02463377,0.0219731,0.01932968,0.002643417,0.943798,38.0498,0.3760073,0.03544371,0.1440707,401.2183,3.75428
0,6.16406,0.722158,-0.749814,0.021575,0.000112669,7.3448e-05,3.92211e-05,0.945007,29.1299,0.00106989,0.000124404,0.144071,0.943026,2.91517
0,6.11923,0.799976,-0.77802,0.0146178,0.000216412,0.000155714,6.06971e-05,0.950016,32.2655,0.00251264,0.000263783,0.144071,1.49271,2.96708
0,51.53889,0.2563128,-1.259959,0.0128517,0.07533751,0.07336029,0.001977228,0.8124754,9.561118,0.379277,0.1464342,0.1440707,252.4288,3.761368
0,31.114971,0.70263858,-1.327742,0.021307251,0.10431649,0.075419938,0.028896552,0.87425058,25.388774,1.0689154,0.2109584,0.14407067,1487.8782,4.1602059
0,19.1102711,0.3092863213,-1.832874284,0.02235548835,0.4668498152,0.3209869334,0.1458628818,1.000166624,6.652202227,2.002503285,0,0.1440706667,224030.8695,48.13722992
2,18.58424,0.62567361201,-1.7863008657,0.0087239490217,-0.47712549054,-0.65584818413,0.17872269358,-0.084486958421,37.283819584,-8.2770643145,0,0.14407066667,-8172185.3638,-1585.4254923
0,5.9808,0.20243,-0.80306,0.021183,0.00017628,0.00014821,2.8071e-05,0.82818,8.1648,0.00060516,0.00025109,0.14407,0.5977,2.9449
2,1.3079799,0.3256998983,-1.5906031789,0.02387350203,-9.812680711,-9.812680711,3.7955416587e-11,-0.092998288076,142.071239,-64.465961022,0,0.14407066667,-2290602.6561,-443.4479129
0,27.3578084,0.28693599,-1.65693595,0.0206197138,0.00195873291,0.00156809594,0.000390636973,3.1244817,11.5528382,0.00907575629,0,0.144070667,12997.5959,6.83576734
0,11.44182,0.573588,-1.13617,0.02031958,0.01122596,0.01077801,0.0004479505,0.9246092,22.8798,0.1246993,0.0188857,0.1440707,108.2379,3.566068
1,0.52171,0.4433,-1.9925,0.018534,,,,,,,,,,
1,0.24591,0.77701,-1.967,0.0086278,,,,,,,,,,
0,6.92507,0.644052,-0.956211,0.00833754,0.00286757,0.00268179,0.000185778,0.93698,25.9077,0.0348395,0.00456166,0.144071,11.9866,3.25435
2,0.7838834,0.2153926604,-1.923178641,0.02409465904,0.06508442822,-0.208957877,0.2740423052,4.676305501,8.123785728,-0.9078515055,0,0.1440706667,186650.1402,40.95942346
0,6.49768,0.84761,-0.901135,0.023476,0.00052542,0.00047074,5.46806e-05,0.952484,34.1761,0.00804826,0.000798543,0.144071,7.667,3.17547
0,12.2867746,0.963109621025,-1.38054858895,0.0232718944002,0.036561625768,0.0275138360325,0.00904778973555,-6.01898990533e-05,37.4330166928,0.534505325423,0,0.144070666667,-62787271.7091,-12191.2995553
0,52.773475,0.74026924,-1.2978757,0.012153874,0.13004919,0.099748701,0.030300486,0.85923231,25.980025,1.4894369,0.25200087,0.14407067,1055.5604,4.028752
0,5.35741,0.58903,-0.604181,0.0200553,5.09374e-05,1.21731e-05,3.87643e-05,0.93346,23.7613,0.000144632,2.06134e-05,0.144071,0.119948,2.66343
0,14.031002,0.84093834,-1.4493767,0.010771421,0.045542692,0.0020570232,0.043485669,2.7458057,32.379924,0.034892213,0,0.14407067,2882.0434,4.5865364
1,18.5452,0.350905,-1.39105,0.0246305,,,,,,,,,,
0,0.5245268,0.513799112,-1.960344564,0.01411534432,0,0,0,13.51375797,20.72757597,0,0,0.1440706667,265627.6049,56.35086228
0,34.75544,0.66233978,-1.3222376,0.022391921,0.093402508,0.069028513,0.024373994,0.87857683,24.22426,0.92221999,0.18703679,0.14407067,1316.214,4.115068
1,104.8426,0.8061494,-1.270477,0.01544278,,,,,,,,,,
2,15.8163739,0.6978218897,-1.804488757,0.01878147728,0.005638960577,-0.000116457448,0.005755418025,-2.066186175,27.9926397,-0.001639219184,0,0.1440706667,-316914.4586,-59.87417459
1,0.26082,0.77072,-1.9093,0.022071,,,,,,,,,,
0,41.51579,0.7295971,-1.168378,0.01789821,0.01924395,0.01810238,0.001141572,0.9330916,28.86684,0.2664059,0.03242739,0.1440707,204.6605,3.649732
0,26.6187,0.678454,-1.05496,0.0233517,0.0035464,0.0033811,0.000165294,0.939459,27.273,0.0462705,0.00579053,0.144071,44.7435,3.42714
2,10.4513875,0.983209881,-1.57505498,0.0235443513,0.135188934,-0.00802741495,0.143216349,3.25329071,34.3022524,-0.159201486,0,0.144070667,12947.428,6.74394586
0,6.05888,0.865767,-0.89297,0.0169302,0.00066126,0.000587792,7.34673e-05,0.953339,34.9035,0.0102648,0.000997033,0.144071,7.04419,3.16283
0,6.14124,0.915456,-0.807728,0.0199416,0.000215128,0.00016715,4.79773e-05,0.956028,36.9232,0.00308652,0.000283201,0.144071,2.48611,3.02319
0,11.3095019,0.454004291,-1.60222575,0.0158966723,0.694167431,0.102586134,0.591581297,-0.775125765,5.60142927,0.93945026,0,0.144070667,-12580.0131,-0.813839948
0,25.134,0.352002,-1.09168,0.0173124,0.00745053,0.00725578,0.00019475,0.88881,14.0946,0.0515174,0.0125179,0.144071,39.1715,3.45595
2,15.0854224,0.748032821,-1.64703583,0.0211996814,0.314112604,-0.408417613,0.722530217,-1.26478561,20.6980124,-6.1624057,0,0.144070667,-50656.6815,-8.23447484
0,25.06457,0.5186148,-1.169732,0.01404046,0.02436254,0.0234113,0.000951242,0.9094997,20.41214,0.2449038,0.04206219,0.1440707,151.0764,3.625082
0,11.0604,0.630927,-1.00868,0.0118529,0.00388385,0.00368971,0.000194146,0.935134,25.3539,0.0469565,0.00629555,0.144071,23.0603,3.34259
0,6.79566,0.321043,-0.980004,0.0210159,0.00150268,0.00144382,5.88617e-05,0.883459,12.932,0.00934978,0.00245662,0.144071,8.61394,3.26051
0,6.29392,0.579353,-0.803518,0.018757,0.000214444,0.000168358,4.60862e-05,0.932319,23.3671,0.00196745,0.000285236,0.144071,1.52843,2.9938
0,6.28252,0.857005,-0.813914,0.0149101,0.000306159,0.000242024,6.41343e-05,0.953119,34.5625,0.00418377,0.000410093,0.144071,2.52731,3.03023
0,4.6865,0.86701,-0.573775,0.0132848,7.31341e-05,1.24353e-05,6.06988e-05,0.953784,34.9742,0.000217473,2.10575e-05,0.144071,0.116922,2.63171
0,67.78086,0.3525238,-1.315227,0.013846,0.1267835,0.1106705,0.01611292,0.8120507,12.4184,0.7869473,0.2764295,0.1440707,667.1575,3.947107
0,35.0877823,0.679789641,-1.59464094,0.0182805311,0.00170253363,0.00170084373,1.68990554e-06,3.88481884,27.3772409,0.0233219105,0,0.144070667,11129.1471,6.40267549
0,4.96902,0.459095,-0.55868,0.0177087,4.97072e-05,7.68475e-06,4.20225e-05,0.916214,18.5198,7.11635e-05,1.30128e-05,0.144071,0.0530923,2.57603
2,7.2815764,0.27240209,-1.5937944,0.011810346,-1.9462996,-2.0703295,0.12402993,-5.2629955,32.377439,-11.37562,0,0.14407067,-9610.1426,-0.23173388
0,14.613266,0.99603925,-1.5235901,0.024232295,0.85575897,0.83538196,0.020377003,0.41078536,5.7958942,16.783662,0,0.14407067,8945.3119,5.8963355
0,42.688722,0.61704295,-1.4235972,0.017256129,0.38328256,0.20349125,0.17979131,1.00902,15.351711,2.5327149,0,0.14407067,2670.1867,4.5156945
2,1.4235665,0.3232504439,-1.886382726,0.01722280262,-3.807025153,-3.807025155,2.171749891e-09,-41.24144389,62.68601909,-24.82275877,0,0.1440706667,-101799.4776,-17.96209062
0,27.19444,0.7252143,-1.154572,0.01469849,0.01965573,0.01858477,0.001070958,0.9325257,28.68139,0.2718621,0.03306979,0.1440707,170.4044,3.619861
0,5.19048,0.621085,-0.625786,0.0165005,6.71616e-05,1.95274e-05,4.76342e-05,0.936665,25.054,0.000244637,3.30677e-05,0.144071,0.166353,2.70184
0,55.875473,0.24462243,-1.4200758,0.017273253,0.24585404,0.17612593,0.069728111,0.69403065,7.4422944,0.86904998,0.85197953,0.14407067,1798.7417,4.3226535
0,53.92429,0.9215678,-1.173617,0.02039104,0.01847772,0.01691446,0.001563252,0.9443288,36.49074,0.3144204,0.03044454,0.1440707,273.4295,3.68321
2,19.116272,0.54241461,-1.5440116,0.019197213,0.073057979,-0.0016016016,0.074659581,2.4295343,20.283323,-0.017523105,0,0.14407067,6880.5996,5.5023394
0,50.20478,0.8578545,-1.205509,0.01902823,0.02986593,0.02666351,0.003202419,0.9336865,33.57381,0.4613772,0.04914224,0.1440707,383.257,3.753778
0,50.356157,0.30193282,-1.4816203,0.020699828,0.297697,0.29769563,1.3724407e-06,0.6799308,8.5544091,1.8130424,1.5673267,0.14407067,4652.5268,4.9871867
0,14.0915,0.781118,-1.10142,0.0144391,0.0103401,0.00980864,0.000531441,0.942299,31.1859,0.154543,0.0170088,0.144071,92.6445,3.5203
0,6.29317,0.96834,-0.882014,0.0085359,0.00115708,0.00101273,0.000144342,0.957709,39.0194,0.019781,0.00171794,0.144071,6.80992,3.1501
0,28.7110787,0.616811619,-1.65113711,0.0241814572,0.683004716,0.386763799,0.296240917,0.51071838,7.88788396,4.8119769,0,0.144070667,50394.4632,14.1614626
0,25.7027,0.707292,-1.09151,0.0100691,0.0130099,0.0124036,0.000606328,0.935564,28.1622,0.176958,0.021475,0.144071,74.1915,3.49539
0,55.332916,0.51756215,-1.390577,0.011535054,0.34711471,0.2307039,0.11641081,0.68087038,13.631842,2.4084776,0.87342692,0.14407067,2299.1835,4.4029451
1,0.44838,0.43973,-1.9891,0.024258,,,,,,,,,,
0,36.91437,0.3523497,-1.253664,0.01059852,0.08530977,0.0818111,0.003498677,0.8391098,13.00179,0.5814486,0.1637712,0.1440707,306.5522,3.775564
0,28.4628812,0.7444651396,-1.649225052,0.01953821178,0.5976232169,0.4239523034,0.1736709135,-0.1497658673,12.08460464,6.366291731,0,0.1440706667,-256895.8506,-48.36401021
0,0.8167681,0.7058482181,-1.821682354,0.01878853146,0.03887036173,0.00859997172,0.03027039001,-1.408991507,27.36834013,0.1224428744,0,0.1440706667,-566658.3374,-108.3830493
0,4.81561,0.891873,-0.550611,0.0224117,4.14411e-05,5.47427e-06,3.59668e-05,0.955034,35.9783,9.84814e-05,9.26975e-06,0.144071,0.0892075,2.59464
0,46.30452,0.85403,-1.162364,0.01503377,0.02151255,0.02000868,0.001503866,0.9390836,33.71192,0.3446806,0.03573579,0.1440707,219.8304,3.650337
0,225.2669,0.7909634,-1.27505,0.01097711,0.1148081,0.09117614,0.02363194,0.8728912,28.24548,1.454664,0.208111,0.1440707,842.5762,3.952988
0,5.08988,0.717235,-0.604794,0.0215086,4.84574e-05,1.14403e-05,3.70171e-05,0.944692,28.9331,0.00016551,1.93726e-05,0.144071,0.14546,2.67395
0,6.25812,0.980017,-0.847308,0.019441,0.000340534,0.000284957,5.55765e-05,0.958715,39.5222,0.00563298,0.00048298,0.144071,4.412,3.09262
0,42.2383,0.44392,-1.0996,0.0230217,0.00623337,0.00603828,0.000195088,0.909674,17.7969,0.0540684,0.0104213,0.144071,53.5003,3.48267
0,0.7851261,0.47927262262,-1.9576130034,0.016183126022,0.011406719901,0.0061876910108,0.0052190288901,-1.4674529468,19.114169891,0.059818622883,0,0.14407066667,-2177981.6686,-421.20914426
0,5.28197,0.371202,-0.556693,0.0153614,5.4871e-05,8.63584e-06,4.62352e-05,0.898394,14.9741,6.46606e-05,1.46232e-05,0.144071,0.0426759,2.56282
0,36.654388,0.54277811,-1.5229735,0.024959563,0.27190817,0.24756009,0.024348076,1.3331759,15.942765,2.7103672,0,0.14407067,7521.8756,5.6104053
1,0.46384,0.83229,-1.8911,0.010097,,,,,,,,,,
0,90.0998377,0.775018279,-1.51469281,0.0208357481,0.411185811,0.268102131,0.14308368,0.651192849,18.4096435,4.19119031,2.38127885,0.144070667,15987.9373,7.28483977
0,6.40014,0.691407,-0.891654,0.0189128,0.000577595,0.00051739,6.02048e-05,0.942404,27.8765,0.00721568,0.000877558,0.144071,5.5959,3.14941
0,18.6965606,0.671521319,-1.69741223,0.0104148272,0.635818831,0.480039114,0.155779717,1.82552352,9.86580339,6.50221912,0,0.144070667,31951.5619,10.6030126
0,6.7514,0.251643,-0.958825,0.0187462,0.00128581,0.00123438,5.14228e-05,0.856283,10.1387,0.00626556,0.00209811,0.144071,5.30813,3.21381
0,6.12232,0.579418,-0.731168,0.0172078,0.000119315,7.24797e-05,4.68352e-05,0.932387,23.372,0.000847097,0.000122757,0.144071,0.603541,2.87353
0,18.2591502,0.263639198,-1.66724021,0.0113021748,0.587601077,0.455897153,0.131703923,1.27699812,4.38614184,2.42438749,0,0.144070667,13782.4527,7.00149072
2,27.4245853,0.88527754199,-1.5354409927,0.010742501469,-15.238886199,-16.065501124,0.82661492493,-0.049440569025,579.95039892,-286.87908984,0,0.14407066667,-8659776.2474,-1680.3615675
0,26.059574,0.79860447,-1.372994,0.015946548,0.08296562,0.026780878,0.056184742,-0.92018316,29.544219,0.43140156,0,0.14407067,-2941.6833,0.90320087
0,18.27591,0.5928547,-1.412743,0.008667148,0.02446729,0.02324867,0.001218626,4.045092,23.33164,0.2780171,0,0.1440707,880.5514,4.100321
0,0.5101831,0.736986901,-1.86522717,0.0195119993,0,0,0,28.8899989,29.7313709,0,0,0.144070667,52524.3907,14.791277
0,30.911089,0.4240014,-1.3388248,0.017290285,0.1300709,0.10196064,0.028110262,0.82480833,14.880116,0.87201715,0.29974144,0.14407067,1065.7113,4.0721639
0,7.26484,0.852054,-0.974052,0.0133401,0.00226232,0.00210679,0.000155529,0.95159,34.2956,0.0362088,0.00358527,0.144071,19.6475,3.29907
2,13.8427309,0.781315971,-1.577957157,0.0132667826,0.04975337395,-0.03137124645,0.0811246204,-0.04501332132,29.95147428,-0.4944059024,0,0.1440706667,-848106.7964,-163.3002183
0,5.16197,0.484934,-0.702448,0.0235349,6.93823e-05,3.66483e-05,3.2734e-05,0.920309,19.5618,0.000358477,6.20648e-05,0.144071,0.35389,2.81733
0,5.11547,0.459281,-0.555286,0.023808,3.67307e-05,5.47218e-06,3.12586e-05,0.916253,18.5275,5.06948e-05,9.26608e-06,0.144071,0.0508461,2.57042
0,6.55025,0.459894,-0.932092,0.0123764,0.00142059,0.00132742,9.31657e-05,0.915477,18.5266,0.0123138,0.00225435,0.144071,6.43575,3.1972
1,0.33782,0.89356,-1.8381,0.01728,,,,,,,,,,
0,41.887368,0.26508247,-1.4119611,0.020243405,0.2147081,0.15446425,0.060243853,0.72438347,8.3978341,0.82591271,0.65501668,0.14407067,1752.1529,4.3041436
0,28.477775,0.73253764,-1.4705836,0.021908482,0.67436811,0.6664182,0.0079499134,0.72511039,9.6230344,9.8469552,0,0.14407067,4258.9627,4.8951848
0,17.7086,0.886917,-1.01098,0.0156569,0.00306931,0.00287837,0.000190935,0.952825,35.67,0.0514938,0.00490855,0.144071,32.7933,3.36487
0,9.3281676,0.38888896,-1.4629876,0.021553457,0.024920934,0.0020735221,0.022847412,2.9201065,15.297505,0.016265202,0,0.14407067,1524.9092,4.3039055
0,6.25213,0.892639,-0.788089,0.0216122,0.000162325,0.000119859,4.24652e-05,0.954992,36.0048,0.00215811,0.000203049,0.144071,1.88581,2.98924
1,0.24539,0.75523,-1.921,0.02379,,,,,,,,,,
0,9.2248943,0.58059399,-1.6207841,0.019829711,0.13821239,0.13821239,2.220446e-16,17.312945,20.184962,1.6186192,0,0.14407067,2575.9557,4.6927373
0,5.94302,0.407003,-0.718226,0.00982019,0.000183933,0.000107553,7.63796e-05,0.906412,16.4162,0.00088297,0.000182159,0.144071,0.369279,2.8353
0,40.97919,0.3893358,-1.254972,0.01216527,0.07689663,0.07294797,0.00394866,0.8533024,14.49872,0.5728787,0.1450981,0.1440707,341.8594,3.78933
0,17.0619,0.66065,-1.02631,0.024249,0.0023766,0.0022609,0.000115695,0.93874,26.5885,0.0301286,0.0038592,0.144071,30.2118,3.37549
0,32.2566116,0.239066836,-1.62936613,0.0211333207,0.220922394,0.183859436,0.037062958,1.35135679,7.5137237,0.886605513,0,0.144070667,13716.4194,6.95054727
0,6.35835,0.900409,-0.873358,0.0140325,0.000633976,0.000551423,8.2553e-05,0.955056,36.3011,0.010015,0.000935046,0.144071,5.68457,3.13194
2,15.7689269,0.644354434,-1.76092207,0.0242861174,-103.088255,-105.067582,1.9793265,472.362524,2705.71293,-1365.58497,0,0.144070667,76566.6268,19.3749493
0,5.62411,0.507206,-0.690382,0.0223378,6.78616e-05,3.30701e-05,3.47915e-05,0.92354,20.4602,0.000338334,5.60024e-05,0.144071,0.315892,2.79942
0,0.4838178,0.8193518251297727,-1.946304361012593,0.02160801143765621,0,0,0,-7.737780055301711e-46,33.05411940426684,0,0,0.1440706666666666,-6.177141149499062e+51,-1.199500576097741e+48
1,0.30324,0.57964,-1.9351,0.018802,,,,,,,,,,
0,35.2318288,0.7047147987,-1.697615772,0.02346355824,0.3882094898,0.01594026094,0.3722692289,0.9385399412,17.39287172,0.2265864778,0,0.1440706667,109850.2458,25.79332854
0,16.7491548,0.337282588,-1.63035518,0.0207368991,0.889263412,0.757573498,0.131689915,0.24782042,1.50674662,5.15399349,0,0.144070667,15190.6405,7.24305155
0,36.91028,0.4711924,-1.246256,0.01170459,0.07363006,0.06884029,0.004789772,0.8703957,17.60913,0.6542837,0.1348359,0.1440707,363.9319,3.788115
0,8.8847,0.20477,-0.80526,0.01998,0.0085644,0.00016017,0.0084042,0.82857,8.1899,0.00066154,0.00027385,0.14407,0.61645,2.9487
0,15.4260805,0.586885026,-1.64476956,0.0125194026,0.738279671,0.730441144,0.00783852728,0.633461702,6.19648856,8.64695955,0,0.144070667,29410.8835,10.052754
0,5.00584,0.722779,-0.589314,0.00880327,0.000113629,2.29105e-05,9.07189e-05,0.945051,29.1549,0.000334015,3.87969e-05,0.144071,0.120098,2.64862
0,4.69234,0.836377,-0.54617,0.0132535,6.92537e-05,8.7436e-06,6.05101e-05,0.952177,33.7386,0.000147509,1.4806e-05,0.144071,0.0792532,2.58411
0,47.2802,0.979123,-1.04735,0.0244343,0.00313043,0.00293332,0.000197105,0.956859,39.3759,0.0579325,0.00501877,0.144071,57.5196,3.43492
2,15.6720053,0.340105849,-1.60200983,0.0178364913,-25.3868925,-25.3891498,0.00225729657,50.5214451,362.040799,-174.175646,0,0.144070667,12440.3234,6.6703763
0,31.7917893,0.895436215,-1.532129,0.0131153708,0.60787147,0.483140032,0.124731438,0.846016056,14.1650549,8.72635444,0,0.144070667,11845.7664,6.48252582
0,13.218,0.466805,-1.04741,0.0241759,0.00307895,0.0029664,0.000112548,0.915559,18.7738,0.0279313,0.00507581,0.144071,28.6807,3.39361
2,23.3666341,0.756220261,-1.66337649,0.00976458007,-0.476393506,-0.631929384,0.155535878,3.07540462,45.0407487,-9.63922304,0,0.144070667,55922.1463,15.2524361
0,49.92231,0.5808546,-1.191781,0.01467904,0.03075025,0.0291858,0.001564449,0.912731,22.71215,0.3419513,0.05340408,0.1440707,222.3438,3.680826
2,13.2720104,0.668054726,-1.60196361,0.0181805361,0.0304872847,-0.0170169823,0.0475042671,2.83105963,26.1288753,-0.229308292,0,0.144070667,16012.6717,7.37699301
0,0.4893785,0.207897431094,-1.95362035879,0.0172794736615,0,0,0,-0.0689976026287,8.38695454194,0,0,0.144070666667,-19309031.8781,-3747.89723125
1,0.3576,0.69983,-1.9816,0.0086823,,,,,,,,,,
0,5.04086,0.629817,-0.618119,0.00847526,0.000127603,3.44513e-05,9.31512e-05,0.937448,25.4047,0.000437669,5.83412e-05,0.144071,0.152733,2.68978
0,46.27411,0.5778546,-1.310298,0.01922849,0.0932207,0.07293407,0.02028664,0.87098,21.13856,0.8501082,0.1868398,0.1440707,993.8461,4.026095
0,20.7588,0.945182,-1.00885,0.0233169,0.00201339,0.00188175,0.000131649,0.956176,38.0536,0.0358758,0.00320716,0.144071,33.9224,3.3647
0,25.6457,0.852452,-1.07505,0.0217999,0.00494174,0.00466927,0.000272472,0.949868,34.2195,0.0802868,0.00802884,0.144071,71.8712,3.47685
0,35.0635116,0.500039075,-1.59902942,0.0126991451,0.26158304,0.0624443376,0.199138702,1.54312211,14.8956951,0.629828309,0,0.144070667,16128.1434,7.39685076
0,5.22522,0.455643,-0.691638,0.0189969,7.9416e-05,3.9517e-05,3.9899e-05,0.915614,18.38,0.00036319,6.69221e-05,0.144071,0.290886,2.79643
2,30.9734228,0.5697273646336,-1.746911408984,0.01689128573418,-3596.758783362,-3663.590029006,66.83124564349,-1.081950590426,82690.24674824,-42101.65018342,0,0.1440706666667,-853340575.8521,-165703.6907972
0,54.058481,0.24822945,-1.497876,0.015669464,0.42092189,0.42092017,1.7111442e-06,0.57075237,5.7989002,2.1075516,2.5512521,0.14407067,4629.5925,4.998735
0,6.98659,0.733814,-0.723556,0.0098973,0.000198432,0.000114273,8.41588e-05,0.945777,29.5975,0.00169144,0.000193547,0.144071,0.683293,2.87231
2,17.3269263,0.613859713,-1.748058152,0.01302460384,-0.5324678913,-0.6452373495,0.1127694582,3.206670044,37.95034095,-7.989393299,0,0.1440706667,134101.6092,30.56324193
0,29.9618119,0.7184821902,-1.725778538,0.02116800424,0.7730160425,0.521337938,0.2516781045,0.3721116175,6.579097721,7.555452988,0,0.1440706667,150480.4455,33.72738763
2,35.141018,0.77084925,-1.3880523,0.024501537,0.078506584,-0.46142147,0.53992806,1.8354304,28.656085,-7.174513,0,0.14407067,1735.7158,4.2765587
0,39.778605,0.63196644,-1.3529343,0.013769581,0.20707319,0.14608537,0.060987813,0.7971639,20.215398,1.8621983,0.45116707,0.14407067,1795.6848,4.254831
0,42.3772781,0.286898543,-1.6641755,0.0219490779,0.592177292,0.371205777,0.220971516,0.491989633,4.72014035,2.14816798,0,0.144070667,37011.5041,11.5598881
0,6.47056,0.628189,-0.800759,0.0180665,0.000217212,0.000168709,4.85029e-05,0.937239,25.3367,0.00213774,0.000285827,0.144071,1.59117,2.99312
2,22.255489,0.62471548429,-1.5645727495,0.014773444876,0.93875443774,-3.9905308268,4.9292852646,-0.0012312406941,1.5435192946,-50.284960247,0,0.14407066667,-1345483.2874,-259.91975952
0,37.2863,0.739703,-1.05714,0.0172306,0.00495727,0.00471062,0.00024665,0.943103,29.693,0.0702847,0.00807016,0.144071,49.9015,3.43593
0,6.92392,0.415168,-0.973432,0.0132307,0.00221132,0.00210773,0.000103594,0.906801,16.7116,0.0176508,0.00358625,0.144071,9.96706,3.2617
2,57.9913915,0.594812655,-1.53783691,0.0194976551,-122.949707,-122.999675,0.0499678521,-116.243183,2974.27329,-1475.73825,0,0.144070667,-19479.5167,-2.24046762
0,41.621955,0.25466499,-1.4163167,0.0096096121,0.38133575,0.27822245,0.1031133,0.60013961,6.3559349,1.4291789,1.4592424,0.14407067,1692.7692,4.2951962
0,2.794557,0.9276948,-1.424023,0.01381152,0.005793406,0.005751978,4.142742e-05,8.924749,37.20805,0.1076335,0,0.1440707,735.6984,4.074238
0,17.518034,0.9777221281,-1.808642931,0.02469370897,0.38354081,0.2515715952,0.1319692148,1.626907756,24.3150374,4.961376879,0,0.1440706667,368768.231,76.24425378
2,11.065472,0.45818285,-1.5862853,0.016171473,0.21078377,-0.008893609,0.21967738,-3.6291197,14.587807,-0.082194363,0,0.14407067,-5701.9114,0.54649475
0,6.37394,0.900857,-0.743762,0.0234262,9.98115e-05,6.25859e-05,3.72256e-05,0.955424,36.3386,0.00113725,0.000106004,0.144071,1.07655,2.91595
1,0.24602,0.3182,-1.9086,0.022617,,,,,,,,,,
0,52.05547,0.6258876,-1.215025,0.02432982,0.0252999,0.02345237,0.001847531,0.9207215,24.61062,0.2960795,0.04343113,0.1440707,321.9376,3.742429
0,46.23147,0.3603985,-1.215544,0.01065058,0.05465971,0.05298644,0.001673276,0.8610309,13.74442,0.3851881,0.0998759,0.1440707,193.5436,3.691869
0,5.83951,0.484158,-0.720479,0.0236642,7.88925e-05,4.59451e-05,3.29475e-05,0.920185,19.5303,0.000448695,7.78122e-05,0.144071,0.44546,2.8472
0,0.38848,0.20765,-0.87294,0.020483,0,0,0,4.6887,8.3771,0,0,0.14407,0.26576,2.9731
0,0.4228185,0.5022814169452333,-1.61671837994154,0.02239924150742157,0,0,0,-2.360408269487512e-34,20.26293152837306,0,0,0.1440706666666666,-1.800179986754523e+38,-3.495657422959786e+34
0,44.096741,0.46011938,-1.3893749,0.020365322,0.17072943,0.11924647,0.051482961,0.80504308,15.392953,1.1067289,0.48713437,0.14407067,2162.122,4.3719696
1,0.3202,0.64235,-1.9392,0.019918,,,,,,,,,,
0,35.181833,0.92635355,-1.3310501,0.016289239,0.13881593,0.095972401,0.04284353,0.86286078,32.183104,1.7932808,0.2879239,0.14407067,1993.8984,4.2768167
0,21.2908314,0.9028063601,-1.717123646,0.01617866303,0.6716192025,0.516357641,0.1552615615,0.6752644368,11.95989948,9.403085573,0,0.1440706667,134883.7913,30.68449334
0,14.332171,0.371102235,-1.67889023,0.0212427947,0.00661208361,0.00654422938,6.78542373e-05,2.33149861,14.8719395,0.048986595,0,0.144070667,29727.3039,10.1488682
0,11.5905246,0.93934494,-1.71902354,0.0110029397,0.141373159,0.00270604929,0.13866711,25.1963104,32.5375409,0.0512726748,0,0.144070667,10077.49,6.31774295
0,52.28272,0.8954225,-1.189774,0.01975668,0.02351477,0.02127575,0.002239021,0.9397719,35.27352,0.3842715,0.03866883,0.1440707,326.8427,3.718907
0,6.75593,0.639778,-0.951747,0.0243745,0.000928837,0.000867185,6.16518e-05,0.937845,25.7858,0.0111909,0.0014734,0.144071,11.255,3.24651
0,13.68487,0.8211549,-1.140236,0.02332171,0.0104843,0.009860468,0.0006238354,0.9445549,32.77955,0.1633232,0.01733703,0.1440707,159.9367,3.600236
0,6.24624,0.454545,-0.85074,0.0170999,0.000390127,0.000338561,5.15663e-05,0.915231,18.33,0.00310413,0.00057385,0.144071,2.24007,3.0608
0,82.76595,0.794311,-1.264021,0.02405869,0.04838429,0.03896227,0.009422018,0.917932,30.4935,0.6242521,0.08241121,0.1440707,750.7449,3.918198
0,4.69767,0.698658,-0.509759,0.0227553,3.78114e-05,3.19031e-06,3.46211e-05,0.943312,28.184,4.49596e-05,5.40218e-06,0.144071,0.0418635,2.5149
0,6.9575,0.478729,-0.981476,0.0155231,0.00209194,0.00199122,0.000100718,0.918073,19.2724,0.019228,0.00338938,0.144071,12.5891,3.28225
2,8.6577238,0.25789689,-1.5865171,0.010441272,-0.006753328,-0.0084545503,0.0017012223,3.1476457,10.474284,-0.043980665,0,0.14407067,4734.3775,5.1088736
0,5.33682,0.839871,-0.621398,0.0202848,5.49608e-05,1.50138e-05,3.9947e-05,0.952375,33.88,0.000254349,2.54243e-05,0.144071,0.209119,2.70922
0,80.034554,0.6260645,-1.4103026,0.014263782,0.31320873,0.21465913,0.098549609,0.71844589,17.345987,2.7107758,0.91001717,0.14407067,3572.1243,4.6924946
0,6.25101,0.440362,-0.762223,0.0186202,0.000141692,9.98046e-05,4.18873e-05,0.912903,17.7625,0.000886514,0.000169052,0.144071,0.698107,2.91208
2,10.5943252,0.312737519,-1.62867979,0.0234687348,-0.0017574688,-0.00177033063,1.28618331e-05,2.65767022,12.6385643,-0.0111675921,0,0.144070667,11628.4944,6.53593472
0,12.1082,0.937768,-0.97565,0.0155843,0.00198523,0.00184147,0.000143768,0.955873,37.7562,0.0348325,0.00313266,0.144071,21.9798,3.30688
0,6.31939,0.974132,-0.759784,0.0154483,0.000174437,0.000116583,5.78544e-05,0.958585,39.2914,0.00229075,0.000197477,0.144071,1.42529,2.94646
0,32.5465978,0.3743226497,-1.826582254,0.02422627204,0.5656563996,0.3100384392,0.2556179604,-0.5360567297,6.55895573,2.34092133,0,0.1440706667,-380135.9765,-72.13802033
0,48.25994,0.5512183,-1.279285,0.01634491,0.07948229,0.06763805,0.01184424,0.8772149,20.46968,0.7520382,0.1475804,0.1440707,641.584,3.904191
0,5.60584,0.297618,-0.506082,0.0203603,3.6051e-05,3.4012e-06,3.26498e-05,0.876397,12.006,2.04181e-05,5.75912e-06,0.144071,0.0183095,2.46873
1,0.2865,0.68382,-1.9753,0.013311,,,,,,,,,,
0,38.054271,0.99460032,-1.3000226,0.016128545,0.10591605,0.076019802,0.029896244,0.88835522,35.874187,1.5251077,0.19520815,0.14407067,1449.1918,4.1236206
0,33.9942,0.93154829,-1.3768165,0.023900831,0.44896619,0.44217288,0.0067933056,1.0960428,20.70803,8.3085004,0,0.14407067,1818.1604,4.2837167
0,1.0704874,0.6278745385,-1.81629038,0.02447658224,0.02773457802,0.004503065529,0.02323151249,-0.8630683526,24.62707759,0.05703038577,0,0.1440706667,-776729.9572,-149.1971439
0,8.4647,0.380051,-0.652725,0.0225851,5.22601e-05,2.0165e-05,3.20951e-05,0.900525,15.3311,0.000154584,3.41472e-05,0.144071,0.149655,2.72334
1,0.2407,0.93545,-1.9824,0.023175,,,,,,,,,,
0,0.3664198,0.481286066,-1.4277447,0.0104446084,0,0,0,-0.154667982,19.4159415,0,0,0.144070667,-23236.9653,-3.08925826
0,39.518332,0.75818386,-1.340777,0.017506785,0.13432869,0.094344161,0.039984525,0.85727297,26.47785,1.4428286,0.30355204,0.14407067,1870.8565,4.259378
0,16.0314408,0.415396059,-1.74940814,0.0112926726,0.221839741,0.216632877,0.00520686429,1.69257939,13.0402701,1.81514745,0,0.144070667,88826.1746,21.7516719
0,63.96672,0.2074437,-1.270377,0.01148996,0.09443146,0.09247425,0.001957206,0.7739284,7.578386,0.3869423,0.1872399,0.1440707,240.1211,3.766827
0,6.18034,0.977812,-0.812105,0.0133463,0.000337519,0.000264172,7.33468e-05,0.958628,39.4334,0.00521035,0.000447625,0.144071,2.80108,3.03376
0,37.75093,0.5214207,-1.250178,0.02241071,0.0414575,0.03780673,0.003650766,0.8986583,20.16298,0.3976332,0.07406015,0.1440707,424.461,3.811696
0,4.4402585,0.50595681368,-1.75995235328,0.0239632780717,0.00231818071235,0.00231445617076,3.72454158609e-06,-0.0216736551686,20.3638867537,0.0236204180765,0,0.144070666667,-12403728.5067,-2407.17029476
2,22.57929,0.52803,-1.45941,0.01999732,-6.684156,-7.195897,0.5117403,75.18187,163.6854,-76.64233,0,0.1440707,605.2897,4.074277
1,0.35812,0.67973,-1.9534,0.0088106,,,,,,,,,,
1,0.09027,0.67498,-1.9125,0.010846,,,,,,,,,,
2,26.0012135,0.752764199,-1.61215437,0.0175696992,0.0139379955,-3.19169932,3.20563731,5.40827974,29.9445883,-48.4625317,0,0.144070667,10949.6407,6.38449618
0,49.28349,0.6132347,-1.196074,0.01169811,0.04071895,0.03842043,0.002298514,0.9094742,23.73164,0.4752413,0.07081219,0.1440707,246.376,3.69506
0,12.71782,0.8675892,-1.109205,0.01997256,0.008303466,0.0078248,0.0004786662,0.9484533,34.70948,0.1369344,0.01358924,0.1440707,113.2135,3.542379
0,5.07894,0.694843,-0.574736,0.017801,5.38285e-05,9.39577e-06,4.44327e-05,0.943009,28.0297,0.000131687,1.59103e-05,0.144071,0.0959541,2.62251
0,36.0664,0.74372,-1.07655,0.0150721,0.00723254,0.00687798,0.000354557,0.941902,29.786,0.10318,0.0118377,0.144071,64.3107,3.47116
0,43.217402,0.70473003,-1.3765764,0.0089153234,0.31165089,0.31164651,4.3869931e-06,0.72601083,19.569814,4.4300662,0.94407635,0.14407067,2585.9799,4.4506757
2,27.5706111,0.432403197764,-1.66893701412,0.0138843569155,-349.068526486,-349.710443898,0.641917412322,-0.290498415398,6106.56704593,-3050.16034113,0,0.144070666667,-86209070.5259,-16739.1607261
0,26.2562,0.718334,-1.08992,0.00950703,0.0135083,0.0128703,0.000637986,0.936049,28.5874,0.186483,0.0222835,0.144071,73.7465,3.4934
2,21.828186,0.24591861,-1.5215474,0.018157384,-0.53546895,-0.57758156,0.042112606,2.104211,15.233075,-2.8650346,0,0.14407067,4470.8779,4.9897942
0,31.4557794,0.466221192,-1.852636712,0.02024384784,0.6345365681,0.3428423453,0.2916942227,0.713178504,6.873708407,3.224123271,0,0.1440706667,418457.4186,85.9435766
0,6.04963,0.306429,-0.759726,0.0217555,0.000114933,8.27287e-05,3.22041e-05,0.879473,12.3605,0.000511341,0.000140123,0.144071,0.488345,2.89118
2,20.6762113,0.374769773,-1.67063276,0.0125773625,-0.451225799,-0.519671794,0.0684459943,2.8658551,21.9409139,-3.92842867,0,0.144070667,32089.2594,10.6031927
2,18.6312573,0.5096989770970226,-1.70085986515354,0.01012067836860123,-2209.071942145831,-2209.180697668666,0.1087555228350539,-0.002082199677269999,45443.87318229719,-22712.77363128689,0,0.1440706666666666,-134875311176.3482,-26190595.94204785
0,5.02479,0.568393,-0.525606,0.00952996,9.00162e-05,9.33714e-06,8.0679e-05,0.931186,22.9279,0.00010705,1.58111e-05,0.144071,0.0422881,2.53127
0,11.5823,0.981144,-0.986545,0.0167026,0.00212688,0.0019748,0.000152079,0.957596,39.4969,0.0390824,0.00336196,0.144071,26.3996,3.32805
2,2.1624505,0.7311661548,-1.451274645,0.02346390847,0.08109137965,-0.01234238854,0.09343376819,-0.03087529799,27.10463553,-0.1820289502,0,0.1440706667,-219843.8316,-41.35905677
2,19.6184383,0.597830819,-1.71914267,0.0249384569,0.718420523,-0.21911113,0.937531653,0.588157309,6.79101146,-2.64221351,0,0.144070667,90242.282,21.9972042
1,150.8448,0.5056051,-1.302141,0.01143677,,,,,,,,,,
0,57.009425,0.62901217,-1.3056957,0.024096799,0.072223802,0.055963343,0.016260459,0.89008155,23.542763,0.71004825,0.14053388,0.14407067,1020.9521,4.0281387
0,6.37466,0.400456,-0.771275,0.00882329,0.000323324,0.000236566,8.67586e-05,0.904941,16.1499,0.00191087,0.00040075,0.144071,0.719269,2.92267
0,6.29718,0.930647,-0.778338,0.0221682,0.000144158,0.000103102,4.10564e-05,0.956759,37.5385,0.00193542,0.000174651,0.144071,1.73147,2.97507
0,0.8091726,0.516650785616,-1.88827635559,0.018324064968,0.113524342862,0.00336826231733,0.110156080544,-0.0729108915885,18.4764731194,0.0351017017016,0,0.144070666667,-17389972.5444,-3375.30701414
0,23.6941665,0.3516709126,-1.883821683,0.01710953565,0.9629016073,0.6693462772,0.2935553301,0.07157270376,0.5263161642,4.748019252,0,0.1440706667,476564.1448,97.26482604
0,0.4895464,0.74798202387572,-1.8916046723387,0.021941427982008,0,0,0,-0.00076372211890934,30.174933857647,0,0,0.14407066666667,-2829762737.2424,-549492.72046724
0,53.0445,0.942458,-1.03,0.0130696,0.00468637,0.00439384,0.000292536,0.954316,37.8423,0.0835278,0.00750783,0.144071,44.3506,3.40165
2,8.7959075,0.560720588,-1.64496929,0.0235130687,0.0109035531,-0.00130882208,0.0122123752,3.66502997,22.3738288,-0.0148030868,0,0.144070667,18401.7749,7.89106935
0,22.0725617,0.59825463,-1.70884185,0.0133158377,0.606649046,0.440121192,0.166527855,0.771221683,9.4933926,5.31108826,0,0.144070667,84284.7061,20.8265295
0,22.911983,0.585922766,-1.68435874,0.0200771066,0.381606628,0.289191,0.0924156275,1.30787791,14.6170713,3.41782889,0,0.144070667,55875.5749,15.2643322
0,52.88751,0.6796053,-1.260945,0.009976605,0.1057606,0.08992391,0.01583672,0.8715458,24.51691,1.232699,0.1910361,0.1440707,611.0983,3.877429
0,43.622025,0.3981735,-1.3523357,0.014502471,0.17597331,0.13570151,0.040271794,0.78855943,13.236367,1.0898889,0.42508606,0.14407067,1179.48,4.1129787
2,15.3945927,0.351311118,-1.66004659,0.0188436089,-0.61097966,-0.667062801,0.0560831413,3.92708406,22.8316405,-4.72698025,0,0.144070667,21270.2088,8.47059326
0,8.91028,0.626884,-1.00274,0.0134,0.00318847,0.00302621,0.000162258,0.935205,25.209,0.0382659,0.00515959,0.144071,21.2426,3.33208
0,44.93051,0.25483423,-1.4407472,0.015899434,0.33683366,0.23103533,0.10579833,0.63660859,6.8176612,1.1875758,1.2070804,0.14407067,2342.7079,4.4625306
1,16786.5078,0.581720345,-1.29358455,0.0105579111,,,,,,,,,,
0,42.957376,0.465602074,-1.63737376,0.0188629277,0.77237421,0.613193649,0.159180561,0.281069785,4.27554556,5.75887597,0,0.144070667,41591.3562,12.4284138
0,45.9608,0.223272,-1.14815,0.0131445,0.020095,0.0193274,0.000767616,0.829795,8.82619,0.0870427,0.0340527,0.144071,54.267,3.5321
2,21.64447,0.95943627,-1.407277,0.0084583136,4.1409043e-06,-0.0027144023,0.0027185432,3.0023537,38.705216,-0.052530982,0,0.14407067,1834.6401,4.3178409
1,0.23879,0.35853,-1.905,0.013504,,,,,,,,,,
0,5.02312,0.865946,-0.516143,0.00925789,9.51795e-05,8.51138e-06,8.66681e-05,0.953716,34.9305,0.000148667,1.44128e-05,0.144071,0.0557038,2.53596
1,0.27285,0.75653,-1.8684,0.013188,,,,,,,,,,
2,8.2558397,0.634248092,-1.61875038,0.0185707847,-0.0752091385,-0.288268157,0.213059019,4.10661414,27.5110574,-3.68791592,0,0.144070667,14419.8118,7.07908852
0,2.0234901,0.537430253,-1.74906177,0.0192618835,0.00013185933,0.000128250051,3.60927936e-06,-21.6283387,21.6780397,0.00139028817,0,0.144070667,-11504.5086,-0.45356633
0,6.16497,0.375772,-0.791838,0.0195646,0.000178066,0.000138937,3.91287e-05,0.899428,15.1566,0.00105309,0.000235366,0.144071,0.88448,2.95389
0,40.1707,0.7653076,-1.2304,0.02073849,0.03694839,0.03234753,0.004600861,0.9237269,29.73314,0.4993468,0.06207723,0.1440707,472.3284,3.806703
0,44.3964181,0.98651706608,-1.6532281408,0.016556718506,0.60177011512,0.37550908606,0.22626102906,-0.011889378076,15.84869899,7.4722298588,0,0.14407066667,-4467895.2387,-866.21450578
0,14.4810149,0.843399464,-1.56924538,0.0159162206,0.109514966,0.109514127,8.39015787e-07,2.2796335,30.2980803,1.8630677,0,0.144070667,15146.9548,7.17331073
2,0.7623891,0.38018142,-1.8178732,0.0230843582,-0.01236855,-0.0123685657,1.56838895e-08,10.7357512,15.526898,-0.0948495769,0,0.144070667,40177.6285,12.3326134
0,21.1234,0.74475,-1.09454,0.0134736,0.0101385,0.00964242,0.000496069,0.940084,29.74,0.144851,0.0166847,0.144071,81.0617,3.5043
2,19.835037,0.3595522,-1.5656756,0.017164692,-0.10797284,-0.62770872,0.51973588,11.562477,16.071123,-4.552451,0,0.14407067,1513.0629,4.4038925
0,4.98036,0.63097,-0.596845,0.00972625,0.000103421,2.28427e-05,8.05787e-05,0.937571,25.4518,0.000290725,3.86819e-05,0.144071,0.116414,2.65455
2,15.8871612,0.70532152,-1.67096339,0.0181874547,-0.600056863,-1.29839251,0.698335652,3.80622471,45.5279104,-18.4721866,0,0.144070667,50348.5476,14.1723259
2,1.7853906,0.777041497262499,-1.900289111215993,0.01127869731451498,-390093.9100692145,-390093.9100693309,1.164153218269348e-07,-1.342322576684839e-07,12228400.73302091,-6114184.692889763,0,0.1440706666666666,-7.294533192346388e+18,-1416479979139404
0,14.122476,0.56906483,-1.503896,0.02480128,0.030070711,0.0070068368,0.023063874,4.4776011,22.266758,0.080428306,0,0.14407067,2448.1554,4.5484178
0,21.7318213,0.611062876,-1.62481877,0.0246647707,0.164302638,0.128541568,0.0357610702,1.52464978,20.6010851,1.5843629,0,0.144070667,31441.8703,10.430619
0,13.028,0.9794077,-1.406989,0.01009594,0.0104107,0.006962613,0.003448086,9.313503,39.09972,0.1375501,0,0.1440707,595.2477,4.019046
0,6.2484,0.970225,-0.66781,0.0182123,7.60271e-05,3.03516e-05,4.56755e-05,0.95849,39.1376,0.00059399,5.13998e-05,0.144071,0.435684,2.79339
0,0.4774527,0.8662217803,-1.947925205,0.009209104794,0,0,0,-27.82488738,34.9449373,0,0,0.1440706667,-185426.14,-34.17030058
0,5.78321,0.314114,-0.727018,0.0148684,0.000126329,7.95311e-05,4.67981e-05,0.882066,12.6703,0.000503906,0.000134696,0.144071,0.327902,2.83798
0,0.7534607,0.2636794304,-1.928253701,0.008489236255,0.03933317104,0.03933301225,1.587906062e-07,5.492639262,10.2189015,0.2091985306,0,0.1440706667,213356.9649,46.15740193
0,6.8963,0.21671,-1.0024,0.019878,0.0020882,0.0020323,5.5814e-05,0.83651,8.724,0.0088837,0.0034632,0.14407,8.1837,3.2802
2,9.5555077,0.59678358,-1.5151229,0.024084587,-0.0012874302,-0.0012898411,2.4109749e-06,3.3651393,24.106313,-0.015526668,0,0.14407067,4073.6514,4.9014539
0,18.1854,0.32719,-1.08491,0.0168618,0.00701402,0.00683845,0.000175566,0.881945,13.1068,0.0451318,0.0117818,0.144071,33.652,3.4403
0,28.0687897,0.562506112,-1.7382701,0.0119761191,0.550568752,0.444582619,0.105986134,1.06509461,10.1987202,5.04434632,0,0.144070667,95681.4973,23.0755463
0,5.92114,0.449093,-0.631467,0.0170426,6.41257e-05,2.03376e-05,4.37881e-05,0.914499,18.116,0.00018423,3.44394e-05,0.144071,0.132529,2.69584
1,0.25342,0.76284,-1.8698,0.018015,,,,,,,,,,
0,5.24891,0.632792,-0.705639,0.0222085,7.67695e-05,4.04611e-05,3.63084e-05,0.937756,25.526,0.000516444,6.85229e-05,0.144071,0.472154,2.83536
0,0.4585112,0.7850884681,-1.7911903357,0.020633316512,0,0,0,-0.07902756572,31.671874244,0,0,0.14407066667,-7902750.8452,-1533.0990688
0,6.7185,0.259564,-0.961347,0.0245548,0.00101394,0.000973485,4.04562e-05,0.860202,10.4607,0.00509682,0.00165453,0.144071,5.63128,3.21943
0,6.15325,0.97901,-0.850869,0.0212847,0.000323829,0.00027245,5.13796e-05,0.958685,39.4822,0.0053802,0.000461794,0.144071,4.61401,3.09852
0,44.03409,0.3399523,-1.31976,0.02376279,0.07973714,0.06887821,0.01085892,0.8396178,12.62075,0.4723077,0.1707269,0.1440707,695.0887,3.959172
0,31.4485,0.8038779,-1.221383,0.01175521,0.05781375,0.05108893,0.006724821,0.912074,30.55498,0.8284037,0.0975384,0.1440707,437.8198,3.787086
1,0.26613,0.64331,-1.9019,0.0099764,,,,,,,,,,
0,5.14856,0.253775,-0.680265,0.0176701,7.25898e-05,3.67115e-05,3.58784e-05,0.858054,10.237,0.000187922,6.21684e-05,0.144071,0.149384,2.75079
0,13.555918,0.33025233,-1.6641725,0.019930091,0.26215892,0.028584448,0.23357447,-10.856664,9.8302346,0.19041488,0,0.14407067,-3492.9179,1.0785133
0,0.7601092,0.98542903257,-1.76518383253,0.0105625260703,0.00579877231291,0.00579877231291,2.51534904017e-17,-0.012730319714,39.5234470309,0.115262113932,0,0.144070666667,-43835177.0623,-8510.70720871
0,7.36911,0.924337,-0.961978,0.00886562,0.002938,0.0027151,0.000222905,0.954658,37.1798,0.0506222,0.00461979,0.144071,18.1814,3.28273
2,24.197447,0.58930428,-1.4908935,0.015446178,0.71759452,-0.13998243,0.85757695,0.61848421,6.7137919,-1.6639424,0,0.14407067,4522.022,4.9696561
0,5.4326,0.287186,-0.685744,0.0166841,8.18972e-05,4.1715e-05,4.01822e-05,0.872452,11.5847,0.000241647,7.0643e-05,0.144071,0.178382,2.76539
0,16.068859,0.53030044342096,-1.6253904174973,0.010595742142772,0.076200564649441,0.052007045839114,0.024193518810327,-2.6491459197703e-05,19.76309002131,0.55630036636188,0,0.14407066666667,-1748744008.4556,-339576.66627835
0,6.53412,0.315901,-0.918957,0.0088788,0.00166748,0.00156336,0.000104121,0.881697,12.7228,0.00996173,0.00265453,0.144071,3.87651,3.15752
0,18.88844,0.4115169,-1.18311,0.01540894,0.02594283,0.02512683,0.0008159953,0.8909883,16.17064,0.2085694,0.04551252,0.1440707,145.0762,3.635213
0,6.40251,0.756592,-0.899688,0.00958828,0.00125804,0.00113094,0.000127099,0.946634,30.4839,0.0172595,0.00191915,0.144071,6.75421,3.16734
0,23.906322,0.41478217,-1.4486939,0.0100432,0.082508268,0.075281012,0.007227256,1.7169841,15.35244,0.62984066,0,0.14407067,2166.1889,4.4321749
0,48.184816,0.61296298,-1.3287487,0.012297789,0.17238291,0.12872147,0.04366144,0.81985721,20.465335,1.5915138,0.3702655,0.14407067,1295.5621,4.1167563
0,6.59282,0.618319,-0.931401,0.0159538,0.00110304,0.00102083,8.2211e-05,0.935734,24.9166,0.0127318,0.00173339,0.144071,8.39331,3.21053
0,0.326155,0.321784,-0.522464,0.0124979,0,0,0,7.09065,12.9813,0,0,0.144071,0.00301992,2.3925
0,36.855536,0.66688872,-1.351392,0.016270419,0.17904003,0.12508247,0.053957559,0.81947943,22.086684,1.6825771,0.3743313,0.14407067,1871.0469,4.2700352
0,72.609172,0.974687539,-1.46252845,0.0221766574,0.276882564,0.156513826,0.120368738,-0.622459242,28.4334405,3.07711192,0,0.144070667,-13218.4059,-1.08004626
0,56.0942494,0.652268346,-1.55308943,0.0144014714,0.765557427,0.258422521,0.507134906,0.413064174,6.16904515,3.40002282,0,0.144070667,13830.904,6.8969287
0,47.3025154,0.5684695873,-1.761250712,0.02274157738,0.4996278722,0.2098604015,0.2897674707,-0.2935295088,11.47507444,2.406372774,0,0.1440706667,-524771.5753,-100.3058056
0,5.90908,0.307116,-0.770162,0.0221251,0.000124907,9.30119e-05,3.18955e-05,0.879704,12.388,0.00057619,0.000157547,0.144071,0.559496,2.90862
0,6.26078,0.292103,-0.76767,0.0100912,0.000266057,0.000197492,6.85645e-05,0.874215,11.7808,0.00116362,0.000334539,0.144071,0.518543,2.90221
2,1.4244627,0.62950229581,-1.6784776665,0.015985905143,-0.027451311026,-0.027451311026,2.4286128664e-17,-0.036904068711,26.092382422,-0.34856644669,0,0.14407066667,-3277638.8429,-635.04486022
0,5.28002,0.524866,-0.677593,0.0228733,6.12958e-05,2.74029e-05,3.38929e-05,0.925925,21.1727,0.000290115,4.64059e-05,0.144071,0.276656,2.77981
0,5.712,0.21648,-0.53064,0.0086496,7.8024e-05,1.0973e-05,6.7051e-05,0.83758,8.7327,4.7916e-05,1.8585e-05,0.14407,0.019103,2.4955
0,41.42641,0.4909948,-1.314618,0.01450988,0.1238006,0.09999487,0.02380568,0.8399515,17.35542,0.9903297,0.2617275,0.1440707,894.3989,4.005687
0,5.4786,0.38802,-0.56789,0.0239979,3.64694e-05,6.383e-06,3.00864e-05,0.902378,15.6529,4.99579e-05,1.08084e-05,0.144071,0.0512832,2.58346
0,55.24313,0.5274267,-1.28519,0.01172027,0.1157578,0.09871065,0.01704712,0.8501481,18.81432,1.05015,0.2220311,0.1440707,656.4213,3.914152
0,14.783813,0.88762726,-1.5995356,0.024952728,0.00095278298,0.00090831051,4.4472472e-05,11.544484,35.774355,0.016262606,0,0.14407067,5211.2852,5.2194314
0,51.374564,0.6956331,-1.3613736,0.015000865,0.19482279,0.13456788,0.060254904,0.81289411,22.595756,1.888195,0.46155143,0.14407067,2193.6465,4.3508337
0,27.179445,0.5056972525,-1.78288642,0.01173981324,0.9952054377,0.6868200248,0.3083854129,0.009320925363,0.09781258283,7.005815783,0,0.1440706667,185992.6942,40.69128459
0,23.4003,0.458202,-1.06392,0.0135636,0.00674266,0.00651414,0.00022852,0.911811,18.3601,0.060206,0.0111855,0.144071,34.8205,3.42129
0,27.5562549,0.915584195,-1.65439458,0.0115554495,0.606739717,0.378763858,0.227975859,0.764647746,14.5255819,6.99506878,0,0.144070667,64631.9899,16.9422021
0,6.3868,0.766525,-0.847203,0.0173366,0.000377405,0.000319115,5.82898e-05,0.947849,30.9113,0.004934,0.000540877,0.144071,3.4856,3.08023
0,8.8438137,0.346667110221,-1.60975041406,0.0238054732827,0.522683015156,0.5226830151,5.67824676168e-11,-0.000984719947116,6.67536004523,3.65490588656,0,0.144070666667,-12998472.4881,-2522.81253359
0,8.9818,0.23886,-0.64344,0.014076,7.2406e-05,2.8718e-05,4.3688e-05,0.85052,9.6355,0.00013837,4.863e-05,0.14407,0.088393,2.687
0,54.41302,0.7194794,-1.241736,0.01461937,0.05896818,0.05130185,0.007666322,0.9060068,27.31353,0.7445204,0.1018625,0.1440707,511.7132,3.829802
0,12.81207,0.6721243,-1.12758,0.02344497,0.008802913,0.008396314,0.0004065987,0.9355431,26.87601,0.1138317,0.0146582,0.1440707,112.5301,3.56031
1,0.32692,0.67996,-1.994,0.024347,,,,,,,,,,
0,6.36284,0.674802,-0.830202,0.0246607,0.000218422,0.00018037,3.80524e-05,0.94131,27.2168,0.00245508,0.000305645,0.144071,2.48407,3.04562
0,5.63819,0.975349,-0.703033,0.0199023,8.62344e-05,4.36628e-05,4.25716e-05,0.958692,39.3439,0.000859007,7.39459e-05,0.144071,0.688421,2.85217
0,30.434249,0.63052075,-1.4588019,0.014240435,0.53518106,0.17080657,0.36437448,0.87157595,11.823291,2.1723467,0,0.14407067,3742.0158,4.7763715
0,6.38173,0.531184,-0.812249,0.0110814,0.000396207,0.000318751,7.74562e-05,0.926527,21.4204,0.00341524,0.000540109,0.144071,1.57718,3.00415
0,6.25751,0.828139,-0.897965,0.0147826,0.000802366,0.000717679,8.4687e-05,0.951249,33.3818,0.0119883,0.00121754,0.144071,7.19927,3.16898
0,5.22376,0.602247,-0.709157,0.0218903,7.95758e-05,4.29468e-05,3.6629e-05,0.934806,24.2938,0.000521712,7.27332e-05,0.144071,0.471623,2.83882
0,10.1639,0.409554,-0.656815,0.0188704,6.44252e-05,2.54361e-05,3.8989e-05,0.907015,16.5211,0.000210129,4.30736e-05,0.144071,0.168754,2.73361
0,14.9436328,0.40410843,-1.65787672,0.0246498248,0.767923736,0.766512858,0.00141087874,0.530715149,3.78341342,6.24802164,0,0.144070667,25364.2863,9.2724719
2,10.404896,0.77932615,-1.4217399,0.024668602,0.035705126,-0.065486199,0.10119132,3.2219155,30.316864,-1.0294238,0,0.14407067,1612.4789,4.2825315
0,5.4644,0.21136,-0.66469,0.01224,9.0494e-05,4.3289e-05,4.7205e-05,0.83429,8.526,0.00018456,7.3479e-05,0.14407,0.10476,2.717
0,32.2018,0.362006,-1.14455,0.00940263,0.0264302,0.0257525,0.000677648,0.879453,14.218,0.188044,0.0454514,0.144071,78.7516,3.55238
0,6.81211,0.691161,-0.963401,0.0130383,0.0020109,0.00188113,0.000129772,0.94146,27.8266,0.0262255,0.00319924,0.144071,14.0528,3.27011
0,258.0881,0.8884849,-1.27421,0.01128035,0.1123809,0.08705862,0.02532231,0.87954,31.81499,1.560224,0.2003435,0.1440707,931.7756,3.97464
0,5.95313,0.51185,-0.752232,0.0206703,0.000117723,7.90808e-05,3.86425e-05,0.924149,20.6465,0.000816467,0.000133944,0.144071,0.705039,2.9026
0,13.83753,0.8869787,-1.100122,0.01865549,0.007936368,0.007475888,0.0004604802,0.9496535,35.49833,0.1337523,0.01294654,0.1440707,102.906,3.52639
0,6.45976,0.49977,-0.855962,0.0100899,0.000704388,0.000613452,9.09366e-05,0.922085,20.1474,0.00618408,0.00104001,0.144071,2.61341,3.07402
0,5.05418,0.750525,-0.564826,0.015099,6.24769e-05,9.75318e-06,5.27238e-05,0.947005,30.2756,0.000147651,1.65156e-05,0.144071,0.0908697,2.6098
0,35.14932,0.3883018,-1.33844,0.02310522,0.09603286,0.07687133,0.01916153,0.8407274,14.16046,0.6020867,0.2232005,0.1440707,990.0671,4.053308
0,6.28584,0.926014,-0.836097,0.0215261,0.000270648,0.000222874,4.77739e-05,0.95647,37.347,0.00416296,0.0003777,0.144071,3.61854,3.07107
0,6.31643,0.92937,-0.884662,0.0133971,0.000759468,0.000667687,9.17816e-05,0.956302,37.464,0.0125166,0.00113244,0.144071,6.77459,3.15247
0,0.4829856,0.442014482260237,-1.970644842946484,0.0129073835571073,0,0,0,-3.827648766741459e-41,17.83165549516046,0,0,0.1440706666666666,-9.209158755408341e+46,-1.788269195270642e+43
0,0.7669077,0.892634764,-1.87574478,0.0103075463,0.0233015017,0.0233013426,1.59093816e-07,61.7701256,35.171386,0.419546317,0,0.144070667,33264.1571,11.0382984
2,1.1504616,0.833438050843,-1.78118259677,0.0182632600954,-2629.44659867,-2636.04983171,6.60323303867,-66.2984358504,88441.8829127,-44315.1384799,0,0.144070666667,-23131841.001,-4490.40645036
0,5.91941,0.388061,-0.75991,0.0240354,0.000106391,7.50575e-05,3.13337e-05,0.902344,15.6534,0.000587515,0.000127131,0.144071,0.604195,2.90233
0,18.7100636,0.528730347,-1.62752644,0.00993976246,0.241743945,0.0767979116,0.164946033,1.60034382,16.1735476,0.819046991,0,0.144070667,24349.2132,9.04291229
1,0.24824,0.59834,-1.9524,0.021957,,,,,,,,,,
0,5.99533,0.552236,-0.655281,0.012284,0.000101589,3.83107e-05,6.32782e-05,0.929309,22.2759,0.000426746,6.48777e-05,0.144071,0.217746,2.74518
0,6.43001,0.479673,-0.844081,0.0142,0.000436517,0.000374298,6.2219e-05,0.919272,19.3424,0.0036215,0.000634397,0.144071,2.1605,3.05227
0,40.101542,0.33612063,-1.5250258,0.020187493,0.40199448,0.29807298,0.1039215,0.61332092,8.1087802,2.0208912,2.8065901,0.14407067,8538.2026,5.8163237
0,4.89472,0.882268,-0.524397,0.0106815,8.34646e-05,8.20212e-06,7.52625e-05,0.95454,35.5893,0.000145966,1.38891e-05,0.144071,0.0630475,2.55058
0,6.52834,0.720229,-0.820811,0.0186062,0.000262132,0.000211908,5.02237e-05,0.944771,29.0477,0.00307853,0.00035907,0.144071,2.34132,3.03317
2,26.5674853,0.899465462452,-1.6302593705,0.0240323172975,-0.0563909449793,-1.72056195338,1.6641710084,-0.000985214420501,38.332251428,-31.2161959111,0,0.144070666667,-97089447.564,-18851.9981782
0,6.65204,0.382562,-0.971316,0.0172763,0.00164636,0.00157141,7.49448e-05,0.900111,15.4078,0.012126,0.00267284,0.144071,9.00961,3.25421
0,18.8968,0.859097,-1.08891,0.0115581,0.0110751,0.0104601,0.000615016,0.946213,34.2737,0.18126,0.0180938,0.144071,86.3423,3.50294
0,37.697137,0.81834495,-1.3088616,0.021614922,0.085322567,0.062261727,0.02306084,0.89448152,30.196704,1.0277388,0.16317274,0.14407067,1357.1466,4.1112141
0,6.72882,0.343863,-0.966342,0.0221796,0.00120241,0.00114879,5.36186e-05,0.89048,13.8554,0.00796803,0.00195308,0.144071,7.68255,3.24079
2,4.9485954,0.6276165223562,-1.638602835465,0.01453626860827,-1.144652261881,-1.153937950337,0.009285688455674,-0.000455755546062,54.30082389898,-14.60837790473,0,0.1440706666667,-330945504.3073,-64263.10433399
0,0.4931781,0.69765428626,-1.8952168247,0.010635194668,0,0,0,-1.1459373386,28.144622827,0,0,0.14407066667,-1842569.2711,-356.13130242
0,14.9848,0.95097,-1.0922,0.020714,0.00649617,0.006097,0.000399168,0.953497,38.1146,0.116952,0.0105312,0.144071,99.3924,3.516
0,4.60739,0.956142,-0.579871,0.0177526,5.58129e-05,1.00637e-05,4.57492e-05,0.957918,38.5703,0.00019409,1.70414e-05,0.144071,0.138845,2.64664
0,51.33785,0.508921,-1.27204,0.02334394,0.05131192,0.04509004,0.006221884,0.8905452,19.47731,0.4628669,0.09415036,0.1440707,547.9065,3.870646
0,6.06513,0.573875,-0.651532,0.0225836,5.44546e-05,1.98595e-05,3.45951e-05,0.931821,23.1499,0.000229885,3.36304e-05,0.144071,0.215069,2.7408
0,5.5678,0.22446,-0.67357,0.022966,5.1943e-05,2.5918e-05,2.6025e-05,0.84245,9.0546,0.00011734,4.3888e-05,0.14407,0.12348,2.7343
0,40.131903,0.23873507,-1.4092867,0.011383911,0.33302411,0.24852876,0.084495354,0.62917208,6.4236449,1.1967902,1.1254481,0.14407067,1490.9612,4.2424556
0,6.4016,0.566572,-0.929499,0.0190267,0.000901086,0.000835428,6.56581e-05,0.930461,22.836,0.0095475,0.00141834,0.144071,7.54923,3.20302
0,16.2226,0.763186,-1.00054,0.0115069,0.00363911,0.00342745,0.000211658,0.945521,30.6762,0.0527626,0.00584089,0.144071,24.8546,3.33865
0,6.26978,0.896273,-0.837808,0.0132695,0.000446785,0.000369546,7.72387e-05,0.954981,36.1411,0.00668089,0.000626324,0.144071,3.58508,3.0723
0,6.6479,0.24106,-0.6288,0.015127,6.2858e-05,2.2144e-05,4.0713e-05,0.85169,9.7242,0.00010767,3.7497e-05,0.14407,0.073816,2.6631
1,0.12086,0.63923,-1.8468,0.021739,,,,,,,,,,
2,51.506018,0.95071733,-1.4076986,0.024847893,-1.514322,-2.4949432,0.98062121,3.6727149,96.433398,-47.845075,0,0.14407067,3756.9496,4.7283727
0,56.78275,0.2764371,-1.185641,0.01000721,0.04081088,0.03997239,0.0008384817,0.842864,10.69685,0.2228854,0.07239496,0.1440707,104.7989,3.613212
0,14.213738,0.83780054,-1.4928204,0.019205221,0.064011338,0.011579288,0.05243205,2.7644034,31.634895,0.19568055,0,0.14407067,4886.6071,5.0463636
0,8.6097767,0.331328311,-1.76569838,0.0247000065,0.0207578059,0.00202215609,0.0187356498,3.3478107,13.0889205,0.0135144505,0,0.144070667,55567.4627,15.2855573
0,23.2783,0.620494,-1.03604,0.0114351,0.00567835,0.00542097,0.000257384,0.932997,24.8897,0.0678484,0.00927356,0.144071,32.2451,3.38896
0,2.5986273,0.7645367254,-1.452496246,0.0246214441,0.005762167267,0.00440689945,0.001355267817,-0.009354785268,30.6650589,0.06796051545,0,0.1440706667,-833885.6255,-160.6632897
2,21.4219247,0.48045603742,-1.7268398798,0.013621006211,-140.07040647,-1052.411216,912.34080953,-4.2473674894,2734.2910376,-10199.157385,0,0.14407066667,-5554340.4953,-1077.1221174
0,44.75587,0.3627771,-1.249887,0.0234225,0.03793097,0.03626657,0.001664395,0.8722896,14.07995,0.265382,0.07059621,0.1440707,304.2233,3.770943
0,6.1282,0.21775,-0.58746,0.024275,3.2145e-05,8.1163e-06,2.4029e-05,0.8384,8.7842,3.5649e-05,1.3739e-05,0.14407,0.039828,2.59
0,51.333348,0.73802369,-1.3061561,0.015834738,0.10966377,0.082489507,0.027174267,0.87323807,26.508156,1.2279882,0.21512839,0.14407067,1178.6715,4.0666069
0,81.721291,0.53303814,-1.4149693,0.02330801,0.21382811,0.14785303,0.065975074,0.78234134,16.905614,1.5896946,0.59130525,0.14407067,3394.6025,4.6600702
0,11.6701,0.473026,-1.03075,0.0218779,0.00275621,0.00265085,0.000105362,0.916759,19.0301,0.0252927,0.00452866,0.144071,23.4422,3.36558
0,48.13785,0.78680948,-1.3601929,0.022584872,0.13425266,0.090823216,0.043429449,0.86018525,27.479948,1.4414236,0.3019481,0.14407067,2483.197,4.4122495
2,0.787903,0.488551246681,-1.75726757119,0.0224542528838,0.00244196059945,0.00244196059945,-5.94142790522e-17,-0.00439260883024,19.6609032013,0.0240643396528,0,0.144070666667,-57085756.5822,-11083.7762245
0,19.4701,0.381745,-1.1292,0.0217731,0.00950121,0.00924512,0.00025609,0.894972,15.254,0.0711888,0.0161153,0.144071,68.1665,3.52756
2,7.2883799,0.8662824004894,-1.381132956372,0.02488138546867,-0.2385896903204,-0.2404416429972,0.00185195267682,-2.901171746101e-05,43.28546807438,-4.201403072803,0,0.1440706666667,-151764061.2927,-29469.19304986
0,6.13318,0.494791,-0.80606,0.0186615,0.000219666,0.000174835,4.48309e-05,0.921676,19.9564,0.00174492,0.000296212,0.144071,1.36424,2.99047
0,6.67301,0.904796,-0.922929,0.00961869,0.00167303,0.00151838,0.000154657,0.954586,36.44,0.0277112,0.00257857,0.144071,10.7918,3.21544
0,6.23648,0.76417,-0.759674,0.0192361,0.000138297,9.3497e-05,4.47996e-05,0.947852,30.8237,0.00144116,0.000158369,0.144071,1.12919,2.93432
0,6.39833,0.535649,-0.820408,0.016004,0.00029955,0.00024509,5.44592e-05,0.927155,21.6026,0.00264808,0.000415299,0.144071,1.76515,3.01814
0,54.200675,0.77632373,-1.366548,0.020614775,0.15222541,0.10256368,0.049661732,0.84778256,26.55085,1.6060594,0.35894069,0.14407067,2641.3902,4.4524964
2,20.0391854,0.402043101,-1.80406231,0.0136960639,0.0718033601,-0.0699531813,0.141756541,14.1785346,15.0545498,-0.567290165,0,0.144070667,24701.6044,9.28861512
0,16.5938911,0.516402493,-1.69172541,0.00896798767,0.569322644,0.484318725,0.0850039183,0.972414743,8.97212954,5.04480939,0,0.144070667,50706.9442,14.2630472
0,50.5557,0.621358,-1.214885,0.01906891,0.03202305,0.02973774,0.00228531,0.915903,24.26398,0.3727134,0.05531381,0.1440707,318.4998,3.74107
0,37.33703,0.7625969,-1.238633,0.01582309,0.05389391,0.04647125,0.007422658,0.9121983,29.1065,0.714833,0.09043585,0.1440707,520.4393,3.829262
0,7.79401,0.653001,-0.969936,0.0220339,0.00128871,0.00121069,7.80156e-05,0.938784,26.3093,0.0159468,0.00205889,0.144071,14.4912,3.27831
0,7.57577,0.488854,-0.980156,0.0172086,0.00185744,0.00176631,9.11371e-05,0.919758,19.6846,0.0174169,0.00300599,0.144071,12.6189,3.28106
0,16.029,0.920693,-1.09108,0.0181509,0.00729099,0.00685739,0.000433598,0.951653,36.8716,0.12735,0.011847,0.144071,94.9633,3.51168
0,6.00831,0.291438,-0.624127,0.0234752,4.17343e-05,1.34368e-05,2.82975e-05,0.874102,11.7566,7.89892e-05,2.27528e-05,0.144071,0.0818847,2.66375
0,27.362738,0.289563647,-1.67740959,0.0237717792,0.243082157,0.0731422085,0.169939948,1.35055812,8.84194781,0.427205935,0,0.144070667,29936.2953,10.1883303
2,0.7549549,0.807108455,-1.90031654,0.0185216066,0.00134106148,-0.00109629597,0.00243735745,29.0047518,32.5165347,-0.017847808,0,0.144070667,89799.2787,22.0921012
0,49.98269,0.2999942,-1.256284,0.02109335,0.04484961,0.04333178,0.001517826,0.849207,11.55952,0.2622072,0.08510439,0.1440707,278.523,3.767814
0,0.4471023,0.9933269408032606,-1.948996467607284,0.02215139809741363,0,0,0,-3.343370620679188e-07,40.0725870154567,0,0,0.1440706666666666,-17941508036340.5,-3483949726.789636
0,6.32369,0.813584,-0.902753,0.0131643,0.000953527,0.000856892,9.66349e-05,0.95033,32.7901,0.0140622,0.00145394,0.144071,7.52751,3.17612
2,14.5055346,0.377461319,-1.73333406,0.0201558856,0.17995863,-0.0244327687,0.204391399,1.90679414,12.4871515,-0.186024569,0,0.144070667,61417.8526,16.3943873
2,1.1220286,0.35663356848,-1.9216356109,0.02316677389,-0.70483447018,-0.71469490971,0.0098604395392,-1.2567638912,24.527856864,-5.1412423768,0,0.14407066667,-2055753.0238,-397.50733454
0,9.20122,0.474346,-1.01898,0.0162905,0.00319065,0.00306295,0.000127695,0.91669,19.0749,0.0293063,0.00522854,0.144071,20.2019,3.34554
0,41.640934,0.46089738,-1.415227,0.024089466,0.17598438,0.17598305,1.3314847e-06,0.80010595,15.321273,1.6360639,0.57402046,0.14407067,3018.1389,4.581185
0,5.32034,0.537439,-0.679891,0.0217206,6.5585e-05,2.97216e-05,3.58634e-05,0.927528,21.6798,0.000322201,5.03326e-05,0.144071,0.291264,2.78475
0,6.73175,0.798947,-0.926511,0.0103907,0.00160983,0.00147176,0.000138067,0.949051,32.1791,0.0237181,0.00249941,0.144071,10.0369,3.21515
0,6.05662,0.820449,-0.728816,0.0185843,0.000110665,6.51137e-05,4.55509e-05,0.951267,33.0947,0.00107758,0.000110281,0.144071,0.81272,2.88651
1,0.35489,0.9762,-1.9933,0.024646,,,,,,,,,,
0,6.28255,0.994314,-0.843081,0.0171169,0.000369049,0.000306553,6.24965e-05,0.959263,40.0976,0.00614829,0.000519569,0.144071,4.23726,3.08628
0,6.21704,0.594915,-0.843922,0.0222444,0.000280614,0.000238466,4.21486e-05,0.933927,23.9932,0.00286158,0.000404145,0.144071,2.63252,3.06236
0,6.3168,0.740861,-0.834757,0.0220307,0.000258095,0.000214054,4.40407e-05,0.946225,29.8799,0.00319879,0.000362746,0.144071,2.87643,3.05779
0,4.72026,0.761834,-0.50627,0.0226232,3.81783e-05,3.06827e-06,3.511e-05,0.947766,30.7326,4.71497e-05,5.19554e-06,0.144071,0.0434431,2.51331
0,4.74343,0.96963,-0.575157,0.0140955,6.96585e-05,1.19299e-05,5.77286e-05,0.95847,39.1139,0.000233329,2.02018e-05,0.144071,0.132452,2.6395
0,6.41396,0.281933,-0.623187,0.0119626,8.11963e-05,2.60513e-05,5.5145e-05,0.870385,11.3728,0.00014815,4.41142e-05,0.144071,0.0785949,2.6607
2,1.9608826,0.263550118,-1.8992489,0.0220890666,0.000112442063,-0.000352130877,0.00046457294,-23.9372142,10.6308881,-0.00187194246,0,0.144070667,-35089.5595,-4.94051329
0,0.5054433,0.4624992406,-1.963009054,0.01729780753,0,0,0,9.638952802,18.65804732,0,0,0.1440706667,346897.2664,72.14849197
0,35.813673,0.623545705,-1.770749774,0.01611955258,0.9987086542,0.6872978016,0.3114108526,0.002330889195,0.03248373856,8.644470915,0,0.1440706667,211349.3634,45.60956859
0,41.9449913,0.519837908,-1.66899705,0.0203085173,0.370154566,0.107161548,0.262993018,2.60223907,13.2086094,1.12365269,0,0.144070667,20832.6445,8.39350778
0,7.22666,0.515689,-0.975863,0.0175545,0.0017284,0.00163899,8.94097e-05,0.923642,20.7679,0.0170487,0.00278867,0.144071,12.5461,3.27645
0,49.65775,0.367863,-1.3318,0.02183013,0.09546006,0.07871447,0.01674559,0.8365472,13.4236,0.5840714,0.2169237,0.1440707,866.1223,4.015727
2,14.449423,0.65511301,-1.4105435,0.024363714,-0.0038065004,-0.003934559,0.00012805864,3.0565682,26.529031,-0.051992112,0,0.14407067,1288.1087,4.1968073
0,6.34547,0.784402,-0.89411,0.0153782,0.000734983,0.000656627,7.83562e-05,0.94874,31.6209,0.0103892,0.00111385,0.144071,6.50725,3.1598
0,5.33009,0.413035,-0.569659,0.0173594,5.11771e-05,9.02667e-06,4.21504e-05,0.907735,16.6617,7.52037e-05,1.5285e-05,0.144071,0.0555135,2.5893
0,32.0647,0.639579,-1.04657,0.0141812,0.00523868,0.00500166,0.000237018,0.93505,25.6666,0.0645259,0.00856024,0.144071,37.9813,3.40901
0,5.1128,0.7224,-0.624363,0.021846,5.10772e-05,1.44822e-05,3.6595e-05,0.945064,29.1414,0.000211027,2.45239e-05,0.144071,0.188299,2.70679
0,0.4542658,0.5503506054560372,-1.896031678151412,0.01076745261014986,0,0,0,-3.443389376520076e-08,22.20212864488729,0,0,0.1440706666666666,-48881368598047.47,-9491968593.544237
0,6.09424,0.27164,-0.851315,0.0155524,0.000422133,0.000375006,4.71263e-05,0.865923,10.9538,0.00205474,0.000635631,0.144071,1.42536,3.03799
0,5.5868,0.24589,-0.5319,0.014263,5.0059e-05,6.7639e-06,4.3295e-05,0.85418,9.919,3.3547e-05,1.1453e-05,0.14407,0.021622,2.5031
0,18.2294,0.903818,-0.988533,0.0101425,0.00357615,0.00333479,0.000241356,0.953301,36.3312,0.060796,0.00567959,0.144071,25.0237,3.32702
0,5.33416,0.642778,-0.697697,0.0221667,7.29485e-05,3.66065e-05,3.6342e-05,0.938666,25.9289,0.000474618,6.19942e-05,0.144071,0.432676,2.82292
0,6.19861,0.625621,-0.755725,0.0116657,0.000217788,0.000146545,7.12438e-05,0.936998,25.2332,0.0018493,0.000248228,0.144071,0.888857,2.91803
2,0.816358,0.7040577267,-1.824884886,0.01447624244,0.007067815612,0.007067815612,-4.683753385e-17,-2.174978738,28.20220227,0.1003734035,0,0.1440706667,-394161.6417,-74.86513597
0,24.44365,0.85835,-1.15481,0.02362136,0.01248041,0.01163965,0.0008407537,0.9452445,34.19521,0.2015253,0.02064079,0.1440707,201.0434,3.634545
2,0.756232,0.2090603573,-1.948924738,0.01202584421,0.05503755729,-0.06346898628,0.1185065436,4.382767011,7.969689516,-0.2676445601,0,0.1440706667,271949.9361,57.56834522
0,6.21337,0.487653,-0.811993,0.0166258,0.000262329,0.000211771,5.05581e-05,0.920595,19.6676,0.00208306,0.000358811,0.144071,1.45268,2.99965
1,66.5211,0.702946,-1.27948,0.0178518,,,,,,,,,,
2,9.9353738,0.9649033621,-1.780126867,0.02012258881,-0.2596266594,-0.2977167163,0.03809005684,4.879219749,49.03213787,-5.794449875,0,0.1440706667,171908.2109,37.94950073
0,6.70784,0.258568,-0.952998,0.0199285,0.00113519,0.0010777,5.74892e-05,0.859672,10.4193,0.0056208,0.0018313,0.144071,5.04166,3.20529
2,17.1374758,0.23462034635,-1.7687879256,0.0087686476546,-9.1365475034,-25.210846095,16.074298592,-0.29974350144,95.942470592,-119.31038942,0,0.14407066667,-4733404.5164,-917.65950552
0,38.0514,0.558716,-1.09483,0.0212287,0.00640453,0.00616066,0.000243873,0.92603,22.3952,0.0694294,0.0106298,0.144071,62.204,3.48733
0,0.4386954,0.7972142581338904,-1.812707144509937,0.01946122354197135,0,0,0,-8.978098879531641e-202,32.16105032165883,0,0,0.1440706666666666,-9.312350666463895e+206,-1.808307389924783e+203
0,6.33441,0.741634,-0.888222,0.0220271,0.000477423,0.000425129,5.2294e-05,0.946136,29.9046,0.00635968,0.000720995,0.144071,5.7215,3.14714
0,23.4107,0.378478,-1.10013,0.0093801,0.0152742,0.0148542,0.000419995,0.890558,15.0353,0.1134,0.0257525,0.144071,46.4849,3.47461
0,44.81294,0.7549775,-1.254607,0.01628632,0.0628813,0.05254886,0.01033244,0.9058232,28.54196,0.8002441,0.1078746,0.1440707,630.9861,3.876599
0,37.792,0.9518393,-1.214792,0.01183046,0.05448915,0.04700241,0.00748674,0.921487,36.30658,0.9024205,0.089051,0.1440707,473.1228,3.791336
0,6.19285,0.821887,-0.856501,0.022632,0.000322279,0.000275439,4.68403e-05,0.951211,33.1457,0.00456627,0.000466884,0.144071,4.19681,3.0992
0,6.11711,0.322523,-0.631265,0.0106029,9.74388e-05,3.2605e-05,6.48338e-05,0.884803,13.0099,0.000212115,5.52131e-05,0.144071,0.0981144,2.68018
0,17.0129,0.744717,-1.00922,0.0126232,0.00369625,0.00349073,0.00020552,0.944262,29.9322,0.0524363,0.00595216,0.144071,27.1474,3.3523
0,6.00349,0.303272,-0.777907,0.0171484,0.000173768,0.000132551,4.12167e-05,0.878335,12.2324,0.00081085,0.000224532,0.144071,0.611209,2.92092
0,4.91857,0.786527,-0.586877,0.0132778,7.50602e-05,1.4722e-05,6.03382e-05,0.949298,31.7275,0.000233564,2.49299e-05,0.144071,0.126101,2.64869
0,66.9873,0.233834,-0.638557,0.0087087,0.000127348,4.35946e-05,8.37531e-05,0.847768,9.43207,0.00020562,7.38225e-05,0.144071,0.0815285,2.67795
0,6.62363,0.825732,-0.740988,0.0122558,0.00018525,0.000115438,6.98122e-05,0.951515,33.3053,0.00192271,0.000195527,0.144071,0.956063,2.90705
0,4.9576254,0.9850455338292,-1.595890924697,0.01952268587049,0.002505926009792,0.002505871196115,5.481367732364e-08,-0.00030808578801,39.63891849168,0.04978978155534,0,0.1440706666667,-206474337.4885,-40092.84197533
0,14.9407292,0.242841707,-1.72343688,0.0206810885,0.0967291129,0.0583476068,0.0383815061,1.76523434,8.84904608,0.285806101,0,0.144070667,41401.7087,12.4774156
0,47.68768,0.85684125,-1.4061118,0.020296995,0.75060604,0.16152525,0.58908079,0.42555502,8.6206789,2.7916821,0,0.14407067,2840.069,4.5343668
0,6.38283,0.920756,-0.874809,0.0159084,0.000569353,0.000495559,7.37939e-05,0.956039,37.1238,0.00920376,0.000840308,0.144071,5.91669,3.13549
2,18.301556,0.415610035,-1.69814559,0.0102984174,-0.0558354981,-0.229819709,0.173984211,3.17550954,17.7026161,-1.92663066,0,0.144070667,33270.7131,10.8619824
0,29.283467,0.42665032,-1.5367662,0.021240203,0.033984359,0.021566573,0.012417786,1.7366918,16.626905,0.18560018,0,0.14407067,7189.2025,5.557274
0,5.14597,0.559543,-0.588261,0.0193928,5.00039e-05,1.02608e-05,3.97431e-05,0.9302,22.5718,0.000115809,1.73751e-05,0.144071,0.0931957,2.63453
0,6.0982,0.22061,-0.78452,0.019489,0.0001586,0.00012697,3.1632e-05,0.84008,8.8984,0.00056499,0.00021507,0.14407,0.50607,2.9178
0,0.8123804,0.70372660244,-1.9012319103,0.014547002845,0.095942660276,0.095942660276,4.1633363423e-17,-0.69649842714,25.665818054,1.3618864391,0,0.14407066667,-2986613.7617,-578.3049799
0,47.2546,0.6371713,-1.249834,0.02272576,0.04162276,0.03648523,0.005137529,0.9110195,24.63473,0.4689197,0.07271083,0.1440707,509.3017,3.837189
0,5.20634,0.582643,-0.508572,0.0202604,4.16063e-05,3.52895e-06,3.80774e-05,0.932786,23.5039,4.14737e-05,5.97559e-06,0.144071,0.0347716,2.50418
1,0.35485,0.76861,-1.9267,0.012725,,,,,,,,,,
0,18.5900301,0.728075217,-1.75288506,0.0211315515,0.341349289,0.0193191389,0.32203015,-8.51530243,19.3457949,0.283719498,0,0.144070667,-27389.6037,-3.57894117
2,11.4328472,0.8898072787800566,-1.524690026674087,0.02241996536025783,-1949.494196428098,-3064.587747596911,1115.093551168814,-3.402294054288698e-05,70015.75601866144,-55003.86220745014,0,0.1440706666666666,-1323273254042.803,-256958192.8635281
0,6.5231,0.293395,-0.638018,0.0087398,0.000119507,4.31392e-05,7.63678e-05,0.874789,11.8347,0.000255299,7.3052e-05,0.144071,0.0984518,2.68711
1,0.31099,0.98215,-1.8366,0.022122,,,,,,,,,,
0,46.213247,0.28826166,-1.4261031,0.015723163,0.30157215,0.20955959,0.092012559,0.67240655,8.1220114,1.2184833,1.0113154,0.14407067,2189.2508,4.4146066
0,27.2031665,0.7401394716,-1.754947047,0.008674489779,0.922791643,0.6385238099,0.284267833,0.1608338604,2.305329687,9.532697955,0,0.1440706667,177442.4245,39.00060345
2,7.019962,0.677462885183,-1.61894799933,0.0145587921106,0.0982552698132,-0.0332366261098,0.131491895923,-0.00424086003346,24.6447425958,-0.454179585313,0,0.144070666667,-12540329.2182,-2433.83750346
1,0.21946,0.99238,-1.9062,0.012393,,,,,,,,,,
1,56.6954,0.226324,-1.38472,0.0225037,,,,,,,,,,
0,6.42535,0.435396,-0.744932,0.016783,0.000134426,8.86825e-05,4.57434e-05,0.912002,17.5623,0.000778839,0.000150204,0.144071,0.553318,2.88282
0,37.645461,0.66049219,-1.317053,0.016112185,0.11818563,0.08885856,0.029327067,0.86167336,23.49633,1.1838376,0.24318786,0.14407067,1217.8422,4.0867899
0,22.4886202,0.851569226,-1.776338924,0.012695231,0.7937844107,0.5565770574,0.2372073533,0.4351218562,7.084294685,9.560275979,0,0.1440706667,265290.1065,56.10125458
0,0.7277423,0.57448019,-1.5427899,0.015819979,0.00011907029,1.7373649e-05,0.00010169664,16.134279,23.1728,0.00020132202,0,0.14407067,1165.2627,4.300049
2,23.2479992,0.49576701627,-1.9012615246,0.015547928843,-6.5442869664,-6.800779646,0.25649267955,-8.260087334,150.88671211,-68.008234917,0,0.14407066667,-1481070.2153,-285.91678532
0,50.72518,0.23715512,-1.4460724,0.021908757,0.26366183,0.17815171,0.085510119,0.67877805,7.0447404,0.85221207,0.93800727,0.14407067,2431.0757,4.4869178
0,7.7426753,0.791639254276,-1.61999138169,0.00851407338044,0.392959479027,0.0440334549166,0.348926024111,-0.00145720106746,19.3865339079,0.703129393616,0,0.144070666667,-29096431.6608,-5648.80614901
0,12.0121892,0.68635738264,-1.6527607183,0.021788342219,0.011034967926,0.011034720393,2.4753357667e-07,-0.065385384158,27.383339548,0.1527695548,0,0.14407066667,-1395297.2662,-269.50650588
0,4.83716,0.93013,-0.581812,0.021568,4.60971e-05,8.49257e-06,3.76045e-05,0.956799,37.5214,0.000159334,1.43809e-05,0.144071,0.138641,2.6485
0,30.7449395,0.612943786,-1.48546857,0.0111147687,0.0732142548,0.0611890693,0.0120251856,-0.139571514,22.9168624,0.756518694,0,0.144070667,-63795.3736,-10.9592122
0,35.429739,0.78657203,-1.3112875,0.020651216,0.090475692,0.066239398,0.024236294,0.88917622,28.860774,1.0509451,0.17619279,0.14407067,1346.1431,4.111085
1,0.24957,0.97679,-1.7717,0.01058,,,,,,,,,,
0,23.7840013,0.2394634121,-1.827581854,0.0186912918,0.9910645403,0.728984177,0.2620803633,0.01468154279,0.08631996031,3.521133075,0,0.1440706667,185025.1572,40.54783206
2,37.254682,0.51928037,-1.4153558,0.010136878,0.45009418,-0.20546666,0.65556083,0.98400339,11.519812,-2.1521296,0,0.14407067,1848.245,4.3289412
0,6.78732,0.761728,-0.932018,0.0184134,0.000970256,0.000891513,7.87427e-05,0.947156,30.6997,0.0136979,0.00151379,0.144071,10.2979,3.22203
0,66.4862385,0.4383474792,-1.797330046,0.01739663173,0.8769622145,0.645285152,0.2316770625,0.2230667804,2.175765997,5.705521628,0,0.1440706667,208118.3901,45.00795471
0,6.0135,0.324398,-0.760071,0.0194276,0.00012983,9.30522e-05,3.6778e-05,0.885372,13.0851,0.000608877,0.00015761,0.144071,0.515812,2.89434
0,8.36793,0.86846,-0.974081,0.0148996,0.00202869,0.00188746,0.00014123,0.952587,34.9641,0.0330638,0.00321123,0.144071,20.0171,3.30013
2,1.775117,0.6640982,-1.4269,0.0101909,0.7832109,-0.0001299172,0.7833408,2.343822,5.807978,-0.0017403,0,0.1440707,453.7437,3.997532
0,7.2081,0.634374,-0.982654,0.0232878,0.00142765,0.00134781,7.98403e-05,0.937033,25.5552,0.0172465,0.00229372,0.144071,16.6047,3.29843
0,6.00038,0.794708,-0.657329,0.0220193,5.8915e-05,2.19425e-05,3.69724e-05,0.949804,32.0581,0.000351738,3.71584e-05,0.144071,0.314775,2.76618
0,49.192372,0.42534322,-1.3730322,0.021774112,0.14429275,0.10460005,0.039692698,0.81508599,14.683172,0.89742172,0.36934542,0.14407067,1651.3037,4.2425855
0,4.85682,0.698767,-0.513589,0.0239471,3.62279e-05,3.18437e-06,3.30435e-05,0.943322,28.1885,4.4883e-05,5.39213e-06,0.144071,0.0439808,2.52127
0,6.78915,0.743913,-0.949795,0.0220319,0.00100843,0.000935658,7.27755e-05,0.945948,29.9805,0.0140399,0.00158971,0.144071,12.6526,3.25084
0,0.4683454,0.8698697201899515,-1.666251773840787,0.0117407310217659,0,0,0,-1.351432826230543e-06,35.09210172658229,0,0,0.1440706666666666,-102880969765.4812,-19977814.02601862
2,21.1736024,0.755517405,-1.53123634,0.0184919346,-4.19157022,-4.49000124,0.298431024,7.10292219,158.233477,-68.4252047,0,0.144070667,15581.3522,7.22110745
0,4.59105,0.928249,-0.554609,0.0109749,8.5437e-05,1.17678e-05,7.36692e-05,0.95669,37.444,0.000220336,1.99272e-05,0.144071,0.0975651,2.60324
0,7.09046,0.693284,-0.951189,0.0128693,0.00175129,0.00163008,0.00012121,0.941793,27.9193,0.0227953,0.0027707,0.144071,12.0484,3.2496
0,6.42987,0.434161,-0.840371,0.0165754,0.000357142,0.000305752,5.13899e-05,0.911634,17.5086,0.0026776,0.000518192,0.144071,1.88028,3.04137
0,13.9196594,0.592246852,-1.6524236,0.0119779854,0.835879366,0.233642924,0.602236443,-0.432334021,3.92121913,2.7911332,0,0.144070667,-30087.2248,-4.20806359
2,21.6136299,0.75821391768378,-1.773005123666,0.012631576586983,-179.18704144481,-181.09641508503,1.9093736402214,-0.021995361726988,5511.5083875915,-2769.6620209218,0,0.14407066666667,-3911805692.216,-759608.03948335
2,0.7827053,0.259821811,-1.9272788,0.0160272878,0.0156790829,-0.00629021758,0.0219693005,29.3043725,10.3173339,-0.0329660144,0,0.144070667,39873.1298,12.3824994
0,6.3682,0.832573,-0.843246,0.0233026,0.000269509,0.000225668,4.3841e-05,0.951839,33.5784,0.00378981,0.000382458,0.144071,3.58362,3.07771
0,45.3528162,0.542179255,-1.63880408,0.00990767678,0.914668478,0.664991424,0.249677053,0.134306828,1.86641217,7.2725064,24.6601391,0.144070667,38700.2834,11.8647428
0,19.6320035,0.948244703,-1.67391194,0.00857274926,0.647409839,0.503866035,0.143543804,0.739613584,13.4879448,9.63741765,0,0.144070667,79724.6925,19.903261
0,6.42694,0.500826,-0.915157,0.0116541,0.00122975,0.00113459,9.5151e-05,0.921901,20.1794,0.0114618,0.00192605,0.144071,5.60021,3.17295
0,42.036076,0.26775622,-1.3875154,0.011098537,0.29639432,0.22992692,0.066467398,0.66846572,7.6001833,1.2418083,0.87277354,0.14407067,1255.3058,4.166084
0,5.21567,0.643556,-0.58168,0.024464,3.95425e-05,7.47458e-06,3.20679e-05,0.938757,25.9612,9.70282e-05,1.2657e-05,0.144071,0.0976036,2.63033
0,5.26822,0.626151,-0.609304,0.0248658,4.20393e-05,1.04859e-05,3.15533e-05,0.93716,25.259,0.000132438,1.77565e-05,0.144071,0.135643,2.67487
0,6.17612,0.764502,-0.770765,0.0132084,0.000223165,0.000157,6.61648e-05,0.947819,30.8345,0.00242105,0.000265955,0.144071,1.30258,2.95279
0,5.98767,0.569989,-0.780618,0.0142234,0.000224339,0.000165462,5.88778e-05,0.931279,22.9892,0.00190234,0.000280297,0.144071,1.12177,2.95493
0,48.7708299,0.229192043,-1.6519413,0.0146911218,0.817223201,0.603586904,0.213636297,0.219111489,1.68995745,2.79038748,19.6878213,0.144070667,25427.3187,9.27890389
2,15.193066,0.698229261,-1.64813254,0.0180872461,0.0003339338,-0.00213107742,0.00246501122,-6.24563671,28.1584121,-0.0300139008,0,0.144070667,-14153.845,-1.07960257
0,53.480758,0.53198176,-1.3749014,0.0098518426,0.30382287,0.21522007,0.088602801,0.71853588,14.940725,2.3094293,0.83614773,0.14407067,1952.365,4.3115212
2,1.8100636,0.51988454,-1.84174829,0.023581968,0.0106275988,-0.00155273938,0.0121803382,-10.8735667,20.7501796,-0.0162828582,0,0.144070667,-72039.0185,-12.2099589
1,0.2487,0.85272,-1.9915,0.01636,,,,,,,,,,
0,43.7595715,0.523358542,-1.70715948,0.012755891,0.985961808,0.645706882,0.340254925,0.0221176109,0.296391448,6.81647588,0,0.144070667,89794.3525,21.8979847
0,51.58506,0.321841,-1.255315,0.009195068,0.1000272,0.09651176,0.003515435,0.8208851,11.68492,0.626537,0.1928145,0.1440707,287.6574,3.770277
0,4.95451,0.917512,-0.500341,0.00930929,9.33301e-05,6.90947e-06,8.64207e-05,0.956201,37.0106,0.000127874,1.17002e-05,0.144071,0.0480535,2.51257
0,6.38431,0.386289,-0.647438,0.00936258,0.000122768,4.54482e-05,7.732e-05,0.90193,15.5817,0.000354123,7.69641e-05,0.144071,0.141893,2.71532
2,0.8196421,0.6818713137339334,-1.959851879183158,0.02442492630881648,-0.1197196005842063,-0.1197196005842064,6.938893903907228e-17,-2.554034629891654e-08,30.80114539475624,-1.646617966798275,0,0.1440706666666666,-207535547789536,-40300035745.45031
0,52.863,0.912594,-1.03967,0.0145526,0.00474909,0.00446397,0.00028512,0.952944,36.6408,0.082172,0.00763457,0.144071,48.6924,3.41696
0,4.93096,0.603308,-0.504919,0.00905337,9.34658e-05,7.53519e-06,8.59306e-05,0.934904,24.3362,9.16976e-05,1.27597e-05,0.144071,0.0342748,2.49978
0,0.4540164,0.8842280811314336,-1.757727054706778,0.02333658450429258,0,0,0,-5.088791901715861e-17,35.67134371085949,0,0,0.1440706666666666,-8.993211522265226e+21,-1.74633574672335e+18
1,0.33674,0.72488,-1.9328,0.017119,,,,,,,,,,
0,34.7859459,0.456474515,-1.66417257,0.0188087067,0.534372189,0.387713308,0.14665888,0.722663977,8.57453572,3.56987011,0,0.144070667,45771.55,13.2718593
0,6.44922,0.880453,-0.894948,0.00959549,0.00119509,0.00106346,0.000131637,0.953728,35.4766,0.0188865,0.00180443,0.144071,7.34109,3.16699
0,6.31753,0.728399,-0.799108,0.017417,0.000223064,0.00017133,5.1734e-05,0.94538,29.3783,0.00251725,0.000290266,0.144071,1.79072,2.99758
1,137.8339,0.5171983,-1.294178,0.02109398,,,,,,,,,,
2,10.863514,0.65398585,-1.5387103,0.022558028,0.026652963,-0.022446814,0.049099777,3.0277381,25.679776,-0.29610671,0,0.14407067,6529.9534,5.4262606
0,7.59727,0.543211,-1.00086,0.0211573,0.00196434,0.00187202,9.23155e-05,0.927028,21.8711,0.0205118,0.00318976,0.144071,18.1482,3.32151
0,6.58952,0.541026,-0.861229,0.0119921,0.000631611,0.000552256,7.93555e-05,0.927612,21.8122,0.00602675,0.000936285,0.144071,3.00936,3.08661
2,15.6776332,0.927750629,-1.56598974,0.00948637072,-0.419378833,-0.421699496,0.00232066296,4.24511132,53.1232636,-7.89149908,0,0.144070667,13677.5868,6.87948454
0,7.1309,0.375203,-1.00889,0.0190491,0.00238955,0.0023031,8.64473e-05,0.897902,15.1002,0.0174303,0.0039276,0.144071,14.3414,3.3167
0,5.8986,0.266716,-0.588133,0.0180494,4.66916e-05,1.10068e-05,3.56849e-05,0.864019,10.7593,5.92153e-05,1.86376e-05,0.144071,0.0477476,2.60003
0,45.1173203,0.289301719,-1.74387861,0.0151529113,0.89620207,0.688927471,0.207274599,0.161340089,1.21142037,4.02021878,62.176146,0.144070667,80632.4376,20.1500788
0,40.845025,0.36018065,-1.3958273,0.015502924,0.24608883,0.17673392,0.069354907,0.73343357,10.95458,1.2840013,0.69521784,0.14407067,1834.8763,4.3064437
0,7.74845,0.819658,-1.3642,0.0249628,0.0780241,0.000172572,0.0778516,29.3833,30.4865,0.00285317,0,0.144071,84.9038,3.77709
0,6.07771,0.43179,-0.773145,0.0232609,0.000125524,9.19226e-05,3.3601e-05,0.911339,17.417,0.000800609,0.000155706,0.144071,0.788976,2.92931
0,58.4512,0.398332,-0.709955,0.0162348,0.000104287,5.85058e-05,4.5781e-05,0.904621,16.0678,0.000470077,9.90796e-05,0.144071,0.325655,2.82056
0,13.9395,0.695546,-0.996203,0.00973443,0.00405765,0.00383142,0.000226235,0.940478,27.9457,0.053754,0.00653042,0.144071,21.5306,3.32629
0,5.18971,0.792878,-0.625458,0.0167777,6.72115e-05,1.91239e-05,4.80876e-05,0.949688,31.984,0.000305849,3.23844e-05,0.144071,0.208573,2.71315
0,28.5463665,0.380090761,-1.5842235,0.0145015349,0.101208453,0.00743129713,0.0937771559,-0.196223944,13.7816577,0.0569740523,0,0.144070667,-97024.0261,-17.3344659
0,5.01673,0.636044,-0.515725,0.0215753,3.9776e-05,3.6328e-06,3.61432e-05,0.938078,25.6581,4.66072e-05,6.15144e-06,0.144071,0.0413768,2.52027
0,6.2962,0.437182,-0.88401,0.0156973,0.000625364,0.00056516,6.02032e-05,0.912019,17.6257,0.00498378,0.000958442,0.144071,3.31414,3.11441
0,6.77358,0.934938,-0.931868,0.0168809,0.00106528,0.000970517,9.4761e-05,0.956349,37.6769,0.0183025,0.00164804,0.144071,12.4928,3.23223
2,1.37257,0.30132393405,-1.7632325055,0.013151657403,0.10159591752,0.10159591752,-4.1633363423e-17,-0.026165236664,10.92095234,0.61749729036,0,0.14407066667,-5747218.8343,-1114.5413224
0,13.819525,0.33999769,-1.4825778,0.010534994,0.00052557495,0.00033046015,0.0001951148,2.1917025,13.708907,0.0022663148,0,0.14407067,2341.6704,4.5041369
0,6.58816,0.827605,-0.910204,0.00940056,0.00146145,0.00131995,0.000141498,0.950791,33.3383,0.0220346,0.00224056,0.144071,8.41792,3.18949
0,6.12538,0.862603,-0.665037,0.0110717,0.000122456,4.81788e-05,7.4277e-05,0.953527,34.7947,0.000838287,8.15915e-05,0.144071,0.375732,2.783
0,5.98549,0.25839,-0.769551,0.0166916,0.000161827,0.000122325,3.95024e-05,0.86018,10.4222,0.000637552,0.000207198,0.144071,0.477632,2.89986
0,45.65357,0.4427629,-1.238069,0.01232105,0.06283241,0.05958009,0.003252322,0.8729139,16.73954,0.5321053,0.1153032,0.1440707,310.5264,3.761402
0,5.9143,0.20519,-0.55522,0.017225,4.0233e-05,7.5586e-06,3.2674e-05,0.83018,8.2774,3.1284e-05,1.2797e-05,0.14407,0.025051,2.534
0,6.68792,0.861882,-0.941896,0.01611,0.00125819,0.0011563,0.00010189,0.952752,34.7261,0.0201021,0.00196429,0.144071,13.1467,3.24501
0,50.85311,0.3073129,-1.296321,0.02365163,0.0626965,0.05817263,0.004523865,0.8404323,11.62027,0.3605991,0.126935,0.1440707,473.1439,3.87287
0,5.8173,0.269615,-0.739829,0.0215029,9.56186e-05,6.48285e-05,3.07901e-05,0.865254,10.8757,0.000352562,0.000109796,0.144071,0.338247,2.85238
0,13.3748359,0.3800583106,-1.828925421,0.008503885165,0.584823663,0.4342126632,0.1506109997,0.8679686331,6.365580177,3.328724779,0,0.1440706667,234811.9644,50.2292098
0,34.0584,0.217844,-1.16313,0.0223469,0.127288,0.0121903,0.115098,0.812355,7.66958,0.0535657,0.0242802,0.144071,58.3893,3.55164
0,23.0829,0.232145,-0.690897,0.0174078,8.85528e-05,4.27163e-05,4.58365e-05,0.846852,9.36431,0.000200022,7.23398e-05,0.144071,0.158718,2.76454
0,16.500695,0.51297014,-1.5432215,0.018112736,0.4677414,0.0732803,0.3944611,1.1875738,11.014631,0.75823617,0,0.14407067,7566.7924,5.6396813
0,4.89134,0.495389,-0.52063,0.0136522,6.12625e-05,6.11441e-06,5.51481e-05,0.921863,19.9836,6.10979e-05,1.03536e-05,0.144071,0.0349254,2.51646
0,17.2743121,0.413333526,-1.60586037,0.00870710147,0.311110901,0.214551793,0.0965591087,1.48340788,11.4869601,1.7887842,0,0.144070667,14124.5458,7.00779958
0,12.1605,0.618736,-0.666484,0.00940984,0.000142115,5.77523e-05,8.43629e-05,0.936391,24.9574,0.000720776,9.78031e-05,0.144071,0.279585,2.76924
0,40.56479,0.3411679209,-1.750468509,0.01639897314,0.9944456018,0.7209934263,0.2734521755,0.008917812292,0.07644698629,4.961633309,0,0.1440706667,100189.1446,23.96542202
0,3.9824301,0.581262777,-1.79286724,0.00925255163,0.885637942,0.868098632,0.0175393092,0.934041095,2.6816966,10.178101,0,0.144070667,57847.0638,15.7574535
0,5.51873,0.272678,-0.689912,0.022199,6.27209e-05,3.30763e-05,2.96447e-05,0.866585,10.9996,0.000181925,5.60133e-05,0.144071,0.179899,2.77
0,19.7404726,0.44750489406,-1.8326164795,0.015589936246,0.90736571344,0.50093449727,0.40643121617,-0.044560465232,1.6723405348,4.5217224429,0,0.14407066667,-1259945.1182,-243.03821627
0,47.50793,0.3878299,-1.304712,0.01135323,0.1404536,0.1233449,0.01710871,0.8111145,13.44825,0.9649121,0.2945331,0.1440707,631.938,3.926967
0,52.33778,0.4373535,-1.224092,0.02199844,0.03005014,0.02871093,0.001339204,0.8932592,17.11343,0.2532824,0.05396677,0.1440707,259.2479,3.728194
0,6.55966,0.956463,-0.798195,0.0210342,0.000185206,0.000140215,4.49911e-05,0.957847,38.5783,0.00270512,0.000237547,0.144071,2.29382,3.00949
0,5.99633,0.767806,-0.767247,0.021278,0.00013403,9.3158e-05,4.08717e-05,0.948089,30.9705,0.00144277,0.000157798,0.144071,1.25017,2.94715
0,32.6573944,0.908065191,-1.5644313,0.00863684951,0.672987942,0.581617484,0.0913704585,0.67157222,11.9794247,10.6531895,0,0.144070667,19110.1174,7.95002073
0,9.53633,0.344169,-1.03417,0.0112724,0.00553759,0.00536869,0.000168905,0.887855,13.8075,0.0372705,0.00918405,0.144071,18.3511,3.35543
0,13.18292,0.9512263,-1.094029,0.0123436,0.01112393,0.01044105,0.0006828823,0.9504804,37.9473,0.2003333,0.01809366,0.1440707,101.635,3.519411
2,15.1468324,0.618753715,-1.67440985,0.0220061156,0.501699107,-0.0393443851,0.541043492,2.06870394,12.4384038,-0.491050041,0,0.144070667,26454.2727,9.50282464
0,6.8073,0.23475,-0.97482,0.0092727,0.0031675,0.0030599,0.00010766,0.84642,9.4401,0.014489,0.0052093,0.14407,6.1406,3.2375
1,0.49457,0.8502,-1.9733,0.020013,,,,,,,,,,
0,5.270954,0.4197622,-1.4559811,0.015455788,0.36973978,0.15104354,0.21869624,-0.88888752,10.6728,1.2788825,0,0.14407067,-3194.2456,0.93291214
0,18.4503023,0.5859610859,-1.749062968,0.01448246984,0.1031064384,0.027952903,0.0751535354,1.951280345,21.20141503,0.3303854121,0,0.1440706667,124716.257,28.73803551
0,39.4917577,0.2621559294,-1.777186501,0.02064126462,0.9944661715,0.7396822676,0.2547839039,0.00853057959,0.05852488252,3.91138047,0,0.1440706667,113012.2465,26.48836663
0,0.4397593,0.6763222175365613,-1.818178276297304,0.01150760218332538,0,0,0,-1.84711154984806e-59,27.28404898673572,0,0,0.1440706666666666,-4.119548221554854e+64,-7.999494176069129e+60
0,37.564494,0.60578635,-1.3536816,0.0095899832,0.2755119,0.19793388,0.077578019,0.74574379,17.705407,2.4186041,0.65404744,0.14407067,1697.3863,4.2335977
0,36.4842423,0.754962678,-1.768410594,0.02314602126,0.8566947106,0.5870185052,0.2696762054,0.2419243984,4.364584131,8.939278037,0,0.1440706667,265503.8215,56.13486762
2,14.4417521,0.6255595377,-1.7244431224,0.013562819291,0.47364449948,-0.6587319849,1.1323764844,-0.029180666488,13.283208265,-8.3119432947,0,0.14407066667,-3808423.118,-738.07630017
0,5.07039,0.478652,-0.548442,0.0215407,4.04897e-05,5.53915e-06,3.49505e-05,0.919366,19.3089,5.34797e-05,9.3795e-06,0.144071,0.0483666,2.561
2,0.7944856,0.53138782619,-1.9462229892,0.018552221117,-0.002925351064,-0.0046676529151,0.0017423018511,-1.8913150308,21.499847332,-0.050030555597,0,0.14407066667,-1642085.962,-317.14377189
0,5.61796,0.84735,-0.650727,0.022017,5.72748e-05,2.01608e-05,3.71139e-05,0.952774,34.1817,0.000344586,3.4141e-05,0.144071,0.30738,2.75836
0,78.22823,0.5678804,-1.30884,0.01755502,0.0996146,0.07866834,0.02094626,0.8657158,20.62721,0.9011187,0.2008544,0.1440707,957.602,4.01569
2,0.8324246,0.692557198,-1.88596079,0.0182269339,-0.376001398,-0.376001398,1.11022302e-16,148.732132,38.4440992,-5.252551,0,0.144070667,17217.8882,7.89875243
2,11.0218935,0.280053191,-1.55898837,0.0166651743,-0.113589599,-0.165680045,0.0520904455,-0.148324905,12.581165,-0.935913903,0,0.144070667,-84735.1909,-14.96645
0,46.228309,0.35735473,-1.4477657,0.017557314,0.28493367,0.28493203,1.6391686e-06,0.70368784,10.308632,2.053837,1.1962228,0.14407067,3506.9411,4.7163539
0,24.0715,0.937517,-1.06055,0.0182683,0.00493109,0.00463495,0.000296135,0.953941,37.6346,0.0876496,0.00795228,0.144071,65.3269,3.45617
0,15.197845,0.4560753868,-1.789860893,0.01977103779,0.8776507676,0.792370657,0.08528011062,0.257002028,2.251090993,7.289373272,0,0.1440706667,169794.4179,37.54813473
0,13.6158954,0.9025864759,-1.737301519,0.02044579881,0.3275631711,0.2562183089,0.07134486223,1.701577593,24.48473903,4.664704667,0,0.1440706667,142007.411,32.09060699
0,38.57589,0.2989993,-1.275747,0.01179311,0.09835322,0.09425862,0.004094598,0.8145744,10.87581,0.5684817,0.195455,0.1440707,350.7869,3.813163
0,25.0466014,0.2871827719,-1.862627242,0.02129734309,0.9933900234,0.7406120906,0.2527779329,0.01181115496,0.07657966619,4.290168514,0,0.1440706667,320045.0709,66.82970979
0,6.1986,0.23364,-0.80401,0.024114,0.00015852,0.0001318,2.6728e-05,0.84763,9.4239,0.00062111,0.00022327,0.14407,0.68228,2.9527
2,26.973594,0.61670438,-1.5433301,0.018701816,-1.9179824,-1.9361251,0.018142701,12.111,72.596363,-24.084388,0,0.14407067,4897.1476,5.0990309
0,14.5670332,0.619641869,-1.6066245,0.0205574965,0.601051525,0.598181689,0.00286983636,0.951813766,9.97269944,7.4765121,0,0.144070667,19299.8248,8.0295596
0,6.52008,0.855108,-0.755594,0.0143269,0.000180013,0.000119124,6.0889e-05,0.953102,34.4904,0.00205468,0.000201779,0.144071,1.19241,2.93306
0,6.04515,0.258511,-0.740452,0.0138123,0.000148796,0.000101733,4.70636e-05,0.860244,10.4273,0.000530475,0.000172302,0.144071,0.328808,2.85155
0,30.7079915,0.2893718692,-1.840971391,0.02175772698,0.9993221985,0.6931215459,0.3062006525,0.001146977427,0.007912505168,4.045673952,0,0.1440706667,257835.7806,54.71691348
0,5.88811,0.268198,-0.573476,0.0114126,7.06283e-05,1.44203e-05,5.62081e-05,0.864654,10.8188,7.80108e-05,2.4418e-05,0.144071,0.0397439,2.57595
0,6.46604,0.694394,-0.799856,0.00948636,0.000411675,0.000317569,9.41055e-05,0.942743,28.0016,0.00444805,0.000538076,0.144071,1.7281,2.99649
0,6.41122,0.8632,-0.825063,0.00973236,0.000528752,0.000427795,0.000100957,0.953294,34.8046,0.00744855,0.000724997,0.144071,2.93631,3.04917
0,21.6694513,0.316005081,-1.6108741,0.0110655537,0.676586184,0.239347251,0.437238933,0.616182919,4.12294746,1.52562459,0,0.144070667,13016.5808,6.79346706
0,0.4765083,0.5047888919561511,-1.988604170946242,0.01069583609622253,0,0,0,-6.588391234832562e-51,20.36408755911842,0,0,0.1440706666666666,-7.695398012617605e+56,-1.494321422489235e+53
0,44.19414,0.68453933,-1.3550674,0.023805578,0.12053874,0.083691815,0.036846921,0.86296185,24.2868,1.1555974,0.2682124,0.14407067,2048.2059,4.3127604
0,6.18023,0.691263,-0.815361,0.0238039,0.000192933,0.000154449,3.84839e-05,0.942641,27.8814,0.00215355,0.000261689,0.144071,2.1001,3.02208
0,5.69699,0.59844,-0.704119,0.0124291,0.000135495,7.0897e-05,6.45982e-05,0.934383,24.1389,0.000855803,0.000120071,0.144071,0.439446,2.83014
0,6.23384,0.682172,-0.748857,0.0180623,0.000133064,8.66599e-05,4.64042e-05,0.941961,27.5164,0.00119244,0.000146782,0.144071,0.88276,2.91081
0,14.0792,0.459781,-0.660591,0.0139996,9.00722e-05,3.59897e-05,5.40826e-05,0.916303,18.5467,0.000333775,6.09458e-05,0.144071,0.196845,2.7453
0,54.175754,0.24755492,-1.4982265,0.01823137,0.37363905,0.37363759,1.4626036e-06,0.60575893,6.255347,1.8657236,2.2026403,0.14407067,4726.632,5.0189949
0,49.99133,0.526254,-1.215642,0.02468926,0.02464591,0.02328554,0.001360372,0.9102703,20.7068,0.2471763,0.04313899,0.1440707,276.1582,3.726274
0,14.3566,0.433735,-1.45412,0.0101526,0.00297722,0.000308587,0.00266863,-67.1095,17.4456,0.00269978,0,0.144071,-67.5217,1.73637
0,54.863106,0.61563999,-1.3725757,0.010680069,0.28891207,0.20056482,0.088347256,0.73803959,17.660593,2.4906158,0.74860475,0.14407067,2180.6682,4.3592107
0,6.67775,0.696154,-0.954926,0.0206648,0.00114284,0.00106528,7.75608e-05,0.942407,28.052,0.0149587,0.00181035,0.144071,12.6927,3.25614
0,9.19038,0.209023,-1.05285,0.0141926,0.106829,0.00486387,0.101965,0.813523,7.53153,0.0205069,0.00927185,0.144071,13.8861,3.35891
0,44.11084,0.41966999,-1.4278393,0.012861302,0.32791007,0.32790767,2.4032611e-06,0.68417587,11.378643,2.7757775,1.264232,0.14407067,3082.2777,4.6073325
0,6.43239,0.609598,-0.930257,0.0155955,0.00111212,0.00102908,8.30459e-05,0.934877,24.5649,0.0126537,0.00174734,0.144071,8.16154,3.2079
2,14.2407162,0.752590915092,-1.73437149213,0.0150949079367,-120.362347317,-122.656711143,2.29436382524,-2.83961863887,3684.66581628,-1861.98191068,0,0.144070666667,-12332762.7665,-2393.4151856
1,0.21014,0.85985,-1.9251,0.023148,,,,,,,,,,
0,33.5185,0.456499,-1.0828,0.0118192,0.00980645,0.00948684,0.000319613,0.909573,18.2354,0.0873547,0.016358,0.144071,44.1809,3.45422
0,9.5692171,0.64562206,-1.5673458,0.024108571,0.047855445,0.00040805359,0.047447391,3.5128349,24.799128,0.0053139901,0,0.14407067,7851.5827,5.7210056
0,24.15698,0.5374317,-1.16789,0.008762528,0.03796919,0.03644844,0.001520741,0.9030717,20.85775,0.3951186,0.06582208,0.1440707,151.8391,3.623648
1,0.5101,0.9294,-1.9386,0.024061,,,,,,,,,,
0,0.4882742,0.742096678349778,-1.950817042166574,0.0178974267533472,0,0,0,-4.469024542201714e-101,29.93750848336525,0,0,0.1440706666666666,-1.026490598057429e+107,-1.993278175015722e+103
2,13.3254319,0.8601504232,-1.429288744,0.009322063726,0.4473261381,-0.07974469486,0.5270708329,-0.005915054296,19.17778737,-1.38357077,0,0.1440706667,-612173.4332,-117.6177058
0,49.568743,0.27420836,-1.4748451,0.016361643,0.36359725,0.36359564,1.6052876e-06,0.62301619,7.0399229,2.0110577,1.8176251,0.14407067,3830.3381,4.8107641
0,37.39465,0.2057395,-1.289449,0.01912325,0.06961007,0.0677992,0.001810865,0.7883577,7.722144,0.2813633,0.14373,0.1440707,306.8746,3.811465
1,0.30968,0.92953,-1.9403,0.016018,,,,,,,,,,
0,20.755975,0.2542598701,-1.567492716,0.02136904482,0.1064009801,0.03519363605,0.07120734404,-0.04982095445,9.165911732,0.1804958121,0,0.1440706667,-205003.7041,-38.35753566
0,42.53549,0.4029444,-1.239427,0.01863494,0.04227644,0.04033941,0.001937033,0.8786911,15.56827,0.3278686,0.07757731,0.1440707,291.9471,3.755982
0,12.6936,0.205255,-0.733896,0.00916659,0.109713,0.000125324,0.109587,0.812607,7.37189,0.000518865,0.000238658,0.144071,0.226214,2.82576
0,12.393,0.245585,-1.06697,0.0227751,0.00412478,0.00403688,8.79e-05,0.851543,9.86648,0.0199974,0.00692707,0.144071,20.8355,3.39523
0,35.896895,0.9843831,-1.3044303,0.010343798,0.16683535,0.11969259,0.047142764,0.84539131,33.086448,2.3766027,0.32210764,0.14407067,1486.3146,4.1365365
0,6.12607,0.251188,-0.801356,0.0215751,0.000173426,0.000142371,3.10551e-05,0.856741,10.1316,0.00072135,0.000241189,0.144071,0.701419,2.95146
0,4.78341,0.651299,-0.53226,0.0237943,3.70028e-05,4.07342e-06,3.29294e-05,0.939442,26.2736,5.35137e-05,6.89757e-06,0.144071,0.0523186,2.54886
0,7.17361,0.612008,-0.974551,0.00893109,0.00335675,0.00316533,0.000191422,0.933672,24.6066,0.0390751,0.00538967,0.144071,14.4598,3.28281
0,33.1413,0.493592,-1.0635,0.00945248,0.00963152,0.00928617,0.000345353,0.915493,19.7206,0.0924548,0.0159629,0.144071,37.0475,3.42448
0,43.45626,0.2425783,-1.237822,0.01339209,0.05649318,0.05529935,0.001193826,0.8177156,9.233198,0.2705809,0.1057462,0.1440707,182.2638,3.708872
0,6.02523,0.266607,-0.75927,0.0239322,0.000102525,7.4767e-05,2.77579e-05,0.863937,10.7543,0.000402074,0.000126635,0.144071,0.430006,2.88418
1,0.49676,0.61231,-1.9642,0.011372,,,,,,,,,,
0,6.47529,0.511962,-0.93971,0.0215244,0.000900163,0.000841735,5.84274e-05,0.923665,20.6349,0.00869238,0.00142948,0.144071,7.83492,3.21519
2,11.0971542,0.665957365,-1.69305932,0.01980127914,0.1783176806,-0.02844241094,0.2067600916,-0.2852868765,22.07524512,-0.3820656587,0,0.1440706667,-432601.7965,-82.46619732
0,6.40133,0.396212,-0.758412,0.011738,0.000215208,0.000150755,6.44534e-05,0.90409,15.9805,0.00120483,0.000255358,0.144071,0.603893,2.9008
0,17.216544,0.59825393,-1.5134767,0.018643883,0.15598374,0.1518444,0.0041393429,1.8068699,20.370024,1.8323546,0,0.14407067,6276.783,5.3498336
0,0.4891311,0.7109192759772,-1.939968085092,0.01267778840839,0,0,0,-0.008904292605836,28.67975625882,0,0,0.1440706666667,-429346350.4642,-83370.66393851
0,50.11785,0.9770286,-1.18247,0.01690935,0.02517208,0.02266381,0.00250827,0.9422276,38.42292,0.446648,0.04113459,0.1440707,323.3002,3.710355
0,6.1951,0.2219,-0.77054,0.0094533,0.00028362,0.00021874,6.4883e-05,0.84079,8.9493,0.00097907,0.00037052,0.14407,0.42495,2.8948
0,5.65635,0.742698,-0.717735,0.0164394,0.000114546,6.38449e-05,5.07006e-05,0.946443,29.9583,0.000956454,0.00010813,0.144071,0.641347,2.86322
0,37.72319,0.9196753065,-1.701382079,0.009507131363,0.9692764725,0.6766073449,0.2926691276,0.05882940484,1.139884292,12.55152236,0,0.1440706667,120547.7067,27.87914302
0,4.85864,0.98945,-0.639594,0.0136312,8.87341e-05,2.82241e-05,6.051e-05,0.959255,39.9126,0.0005633,4.77959e-05,0.144071,0.308986,2.74749
0,34.827763,0.2991745,-1.5323645,0.011848295,0.67371486,0.42816249,0.24555237,0.54698997,3.9380119,2.5837968,0,0.14407067,5108.991,5.1313779
2,6.5857799,0.62159913,-1.5498107,0.022826309,0.022371922,-0.015814008,0.03818593,4.905035,24.515414,-0.19827937,0,0.14407067,4437.6918,5.0112305
0,6.1741,0.459957,-0.790934,0.0217912,0.000160342,0.0001233,3.70422e-05,0.916288,18.5525,0.00114394,0.000208875,0.144071,1.05046,2.96185
0,32.023209,0.61618153,-1.3500732,0.018469783,0.14117333,0.10053365,0.040639678,0.84118649,21.348598,1.249526,0.32421715,0.14407067,1732.2564,4.2378053
0,14.6009345,0.370282395,-1.71668616,0.00931895376,0.00142965341,0.00123791088,0.000191742527,2.36691553,14.9164987,0.00924586644,0,0.144070667,47725.4182,13.7059303
0,30.946085,0.52305138,-1.3443914,0.019315254,0.13621532,0.10033264,0.035882675,0.8352613,18.226573,1.0585509,0.28820504,0.14407067,1384.5925,4.1531022
0,33.95511,0.86149913,-1.4538104,0.016859726,0.050249362,0.0090289707,0.041220391,5.1247483,33.00803,0.15689831,0,0.14407067,1666.3808,4.3267584
0,18.8847,0.399547,-0.657569,0.0206056,5.90936e-05,2.35215e-05,3.5572e-05,0.904912,16.1175,0.000189565,3.98306e-05,0.144071,0.166622,2.73371
0,43.89837,0.4849238,-1.212457,0.01254117,0.04560813,0.04351362,0.002094507,0.890968,18.67048,0.4256219,0.08152243,0.1440707,244.2001,3.710565
1,0.32935,0.2188,-1.9998,0.012509,,,,,,,,,,
0,39.37063,0.374851,-1.269298,0.01618964,0.06924217,0.06491136,0.004330809,0.8549614,14.07507,0.4908,0.1310566,0.1440707,398.1416,3.822415
0,4.99784,0.547245,-0.694835,0.0116213,0.000134843,6.73024e-05,6.75407e-05,0.92869,22.0739,0.000742912,0.000113981,0.144071,0.358866,2.81044
0,52.2334,0.8131387,-1.232216,0.01195904,0.06495387,0.05615087,0.008803001,0.9078772,30.67276,0.9209717,0.1101902,0.1440707,507.4607,3.819028
0,5.57385,0.903258,-0.651472,0.0156837,8.09941e-05,2.85739e-05,5.24202e-05,0.955549,36.4361,0.000520603,4.83887e-05,0.144071,0.329843,2.76273
0,6.54739,0.552017,-0.876175,0.0133834,0.000674129,0.000599447,7.46813e-05,0.928917,22.2544,0.00667466,0.00101652,0.144071,3.715,3.11252
0,6.08777,0.324433,-0.705434,0.0175452,9.10935e-05,5.10817e-05,4.00119e-05,0.885407,13.087,0.000334284,8.65082e-05,0.144071,0.255712,2.8036
0,5.96116,0.817856,-0.654742,0.0180339,7.11378e-05,2.5916e-05,4.52218e-05,0.951146,32.9914,0.000427533,4.38874e-05,0.144071,0.31291,2.76329
2,1.4498105,0.353380900418,-1.84212076893,0.0115663562709,-516.094858226,-858.623097064,342.528238838,-6.83714223172,7371.71367613,-6120.27322123,0,0.144070666667,-40896829.0224,-7940.04719724
0,6.36033,0.270092,-0.899382,0.016458,0.000705676,0.000656522,4.9154e-05,0.865085,10.8883,0.00357674,0.0011137,0.144071,2.62956,3.11776
0,6.73656,0.7557,-0.926424,0.0212322,0.000785582,0.000719719,6.58627e-05,0.946881,30.4623,0.0109708,0.0012218,0.144071,9.51264,3.2122
0,6.219,0.465266,-0.779556,0.0167721,0.000186145,0.000138421,4.7724e-05,0.917146,18.7662,0.00129906,0.000234483,0.144071,0.917216,2.94348
0,6.2869,0.24372,-0.90854,0.021811,0.00059322,0.00055713,3.6094e-05,0.85274,9.8262,0.0027389,0.00094522,0.14407,2.7078,3.1284
0,5.2368,0.612865,-0.578837,0.0195934,4.87766e-05,8.99799e-06,3.97786e-05,0.935882,24.7228,0.000111233,1.52367e-05,0.144071,0.0898905,2.62325
0,6.35673,0.358576,-0.915311,0.0148557,0.000957092,0.000892025,6.50676e-05,0.894627,14.4517,0.00645183,0.00151395,0.144071,4.14112,3.15732
2,15.1384497,0.688218776411172,-1.80501321029051,0.0212176344106633,-10.8064733832192,-10.8162507857855,0.00977740256626269,-0.000180024067054494,327.794660995238,-150.151071555598,0,0.144070666666667,-42880969285.7765,-8326787.35617733
1,0.2372,0.48938,-1.9816,0.020452,,,,,,,,,,
0,0.509257,0.8963178311287117,-1.92854763722182,0.02449179569518768,0,0,0,-1.488092179128071e-27,36.15906586844969,0,0,0.1440706666666666,-2.797117827529987e+33,-5.431548938796012e+29
0,5.28635,0.767898,-0.697305,0.0163511,9.97573e-05,4.93763e-05,5.0381e-05,0.948117,30.9753,0.000764798,8.36215e-05,0.144071,0.509161,2.83091
0,6.81308,0.852183,-0.922639,0.0166007,0.000963922,0.000876871,8.70513e-05,0.95244,34.3455,0.0150728,0.00148851,0.144071,10.1566,3.21191
0,46.995873,0.72479464,-1.3018937,0.017978658,0.093542086,0.071063132,0.022478954,0.88320392,26.504388,1.0389257,0.17937986,0.14407067,1103.1259,4.0442711
0,24.8261,0.9296829,-1.134341,0.01110556,0.02048348,0.01912257,0.001360906,0.9433963,36.73684,0.3585967,0.03375272,0.1440707,166.3774,3.59762
1,0.33557,0.22609,-1.9983,0.021625,,,,,,,,,,
0,17.46577,0.7758057,-1.137407,0.01211433,0.01929745,0.01823835,0.001059097,0.9361218,30.69343,0.2854065,0.0321847,0.1440707,145.7133,3.589858
0,5.38669,0.250714,-0.526918,0.0107384,6.67398e-05,8.42768e-06,5.83121e-05,0.856574,10.1136,4.26199e-05,1.42703e-05,0.144071,0.0206229,2.49568
0,28.5581807,0.3393621677,-1.841667444,0.01946903528,0.9989757795,0.7457059075,0.253269872,0.001842492046,0.01402206775,5.104534922,0,0.1440706667,286994.3751,60.38524053
1,160.6264,0.828123,-1.287687,0.02231183,,,,,,,,,,
0,43.424476,0.43441409,-1.4180593,0.020861377,0.20208472,0.20208327,1.4421967e-06,0.77769345,13.983499,1.7707589,0.68740347,0.14407067,2938.9989,4.5672843
0,5.7252,0.887299,-0.67655,0.00939939,0.000153962,6.57942e-05,8.81674e-05,0.95474,35.7897,0.00117756,0.000111426,0.144071,0.447505,2.80351
0,16.7752,0.398957,-1.14461,0.0142235,0.0175426,0.0170491,0.000493471,0.893729,15.8123,0.1372,0.0300705,0.144071,86.2531,3.55858
0,40.071202,0.21290113,-1.4672394,0.02085871,0.2673371,0.16190052,0.10543659,-1.1599198,6.2927045,0.69526662,0,0.14407067,-1667.8229,1.2739669
0,5.99053,0.603345,-0.644701,0.0205699,5.81614e-05,1.99721e-05,3.81893e-05,0.93493,24.3386,0.000243061,3.3821e-05,0.144071,0.20643,2.73186
2,5.5212157,0.3997511137,-1.808153212,0.01535070465,-22.64432053,-22.64857513,0.004254596983,-10.64926532,381.3042858,-182.6231114,0,0.1440706667,-877933.5705,-168.8636738
0,5.69181,0.452961,-0.676342,0.0198345,6.91164e-05,3.10979e-05,3.80185e-05,0.915164,18.272,0.00028413,5.26631e-05,0.144071,0.237712,2.77076
0,20.4316,0.95885,-1.0787,0.0138679,0.00817108,0.00767201,0.000499079,0.952735,38.3657,0.148383,0.0132269,0.144071,84.1928,3.49102
0,6.03025,0.383984,-0.765704,0.0139046,0.000193998,0.00013976,5.42374e-05,0.901354,15.4876,0.00108249,0.000236738,0.144071,0.644693,2.91146
0,9.4819475,0.2886928088,-1.850498294,0.008630731564,0.2019548645,0.03221882069,0.1697360438,2.858378089,9.29434067,0.1876163904,0,0.1440706667,137349.8768,31.29767271
0,6.09059,0.440061,-0.728107,0.0211678,9.28862e-05,5.66503e-05,3.62358e-05,0.912879,17.7512,0.000502852,9.59444e-05,0.144071,0.450139,2.85537
1,0.31779,0.94877,-1.9312,0.018308,,,,,,,,,,
0,36.4059,0.7489451,-1.212584,0.01448088,0.04177017,0.03786956,0.003900608,0.9194873,28.95175,0.5720914,0.07071706,0.1440707,367.5239,3.755644
0,9.10949,0.384885,-1.14216,0.0212437,0.0114373,0.0111259,0.000311348,0.894474,15.3493,0.0863759,0.0195093,0.144071,81.0647,3.55193
0,23.3064258,0.8980164105,-1.861254887,0.01626093614,0.999884205,0.4741752693,0.5257089357,0.0004035814428,0.004194973323,8.589113528,0,0.1440706667,504118.2786,102.595713
0,36.89897,0.8058074,-1.468642,0.02296504,0.2002655,0.1416085,0.05865702,-40.98022,25.99754,2.301684,0,0.1440707,-198.5746,1.670021
0,15.3000369,0.475058726,-1.73696973,0.0229598934,0.18625033,0.133625113,0.0526252171,1.67500512,15.5952841,1.2804439,0,0.144070667,91494.1961,22.2588406
0,16.2570864,0.898532723,-1.6120826,0.0119973209,0.91205512,0.902406549,0.00964857123,0.233799868,3.18786283,16.3554052,0,0.144070667,26939.8821,9.53572952
0,25.2223,0.523921,-1.06538,0.0222599,0.00420489,0.00404739,0.000157499,0.923153,21.047,0.0427726,0.00694394,0.144071,40.1684,3.43112
1,0.31698,0.72013,-1.9252,0.018398,,,,,,,,,,
0,41.240377,0.38448869,-1.4272341,0.015978085,0.27251253,0.27251078,1.7508527e-06,0.71847658,11.28403,2.1134522,1.0097432,0.14407067,2888.1825,4.5656952
0,53.59644,0.7059704,-1.246363,0.01762959,0.05191503,0.04487015,0.007044874,0.9097649,27.00156,0.6389534,0.089642,0.1440707,534.627,3.841129
0,20.1163682,0.2093099758,-1.843611791,0.0213064,0.4896709242,0.3407832954,0.1488876289,0.8625796298,4.30918765,1.438776701,0,0.1440706667,193156.614,42.14506889
0,5.864,0.22179,-0.75621,0.017552,0.00013031,9.5642e-05,3.4664e-05,0.84081,8.9461,0.00042787,0.000166,0.14407,0.35337,2.871
0,44.40636,0.3839979,-1.28501,0.01501924,0.08727104,0.07965668,0.007614368,0.845409,14.13923,0.6169872,0.1728615,0.1440707,494.9286,3.868103
0,23.323,0.518417,-1.05603,0.0227459,0.00365727,0.00351867,0.000138601,0.922776,20.8374,0.0367945,0.00602659,0.144071,35.2825,3.41416
0,20.6068,0.851248,-1.00418,0.0112024,0.00392994,0.00368741,0.000242533,0.950463,34.2059,0.0633144,0.00628667,0.144071,28.8891,3.3508
0,20.3579231,0.5736585555,-1.735931955,0.01804284941,0.5287416956,0.1990410016,0.329700694,0.9577264426,10.90605435,2.303144539,0,0.1440706667,110421.4445,25.94282874
0,5.5998,0.22776,-0.51907,0.012077,5.6075e-05,6.7749e-06,4.93e-05,0.84438,9.1879,3.1125e-05,1.1471e-05,0.14407,0.017183,2.4784
0,5.87147,0.495273,-0.726136,0.0215314,9.05828e-05,5.43012e-05,3.62815e-05,0.921828,19.9784,0.000542474,9.19656e-05,0.144071,0.489154,2.85768
0,36.8286068,0.646413874,-1.769924422,0.01290224149,0.9992832326,0.6907987127,0.3084845199,0.001387611384,0.0186914955,9.007149252,0,0.1440706667,202128.9772,43.81600185
0,35.13908,0.4263848,-1.256068,0.0246645,0.03967212,0.03703586,0.002636262,0.8849564,16.51872,0.3185292,0.07258071,0.1440707,380.8776,3.803555
0,6.6297,0.21114,-0.78953,0.018584,0.00014487,0.00011239,3.2475e-05,0.8341,8.5167,0.00047868,0.00024054,0.14407,0.52026,2.9242
0,76.45171,0.9029202,-1.255912,0.02290684,0.04715496,0.03754259,0.009612377,0.9244043,34.70778,0.6837522,0.077994,0.1440707,764.59,3.913717
0,29.5889,0.940126,-1.0113,0.0109045,0.00443444,0.00414744,0.000287001,0.95438,37.7582,0.0786487,0.00707722,0.144071,34.8014,3.36864
0,51.6193,0.269383,-1.17677,0.00855468,0.0427784,0.0419341,0.000844276,0.838701,10.4025,0.227858,0.0755702,0.144071,91.3952,3.59471
0,4.8056,0.782627,-0.507083,0.014789,5.8558e-05,4.74286e-06,5.38151e-05,0.949069,31.5707,7.48722e-05,8.03123e-06,0.144071,0.0450346,2.51598
0,11.2625,0.262841,-1.06125,0.0245451,0.00357078,0.00348456,8.62124e-05,0.860133,10.5656,0.0184743,0.00597265,0.144071,20.5258,3.38869
0,45.69351,0.2876699,-1.237931,0.01528672,0.04971495,0.04839948,0.001315475,0.8416738,11.02817,0.2808408,0.09276914,0.1440707,211.7946,3.72243
0,16.4463,0.30905,-1.08207,0.0144711,0.00787434,0.0076845,0.000189842,0.875552,12.3695,0.0479038,0.0132363,0.144071,30.8444,3.43244
0,6.81277,0.946574,-0.955223,0.0218684,0.00109741,0.00101041,8.70021e-05,0.956833,38.1446,0.019292,0.00171723,0.144071,17.064,3.27249
1,0.51499,0.55572,-1.9885,0.023487,,,,,,,,,,
0,7.84906,0.341962,-1.03342,0.0224712,0.00275388,0.0026699,8.39789e-05,0.888972,13.7574,0.0184161,0.00456283,0.144071,18.0861,3.35388
0,13.0491243,0.777799049,-1.58294588,0.0181153036,0.361762843,0.209754946,0.152007897,2.06279485,20.0264817,3.290825,0,0.144070667,13193.2365,6.80053516
0,31.8153027,0.229118747,-1.65232129,0.0101952851,0.959967329,0.730287448,0.229679881,0.0563889767,0.370024397,3.3750455,0,0.144070667,21739.3147,8.55508162
0,6.41479,0.923535,-0.834992,0.0220482,0.000261011,0.000214532,4.64792e-05,0.956365,37.2473,0.00399641,0.000363557,0.144071,3.5584,3.06909
0,10.667165,0.75264994,-1.5378554,0.0099898019,0.22029428,0.030869122,0.18942516,2.7072194,23.674397,0.46864337,0,0.14407067,6659.2232,5.4515151
0,41.117712,0.75182057,-1.3545019,0.0099585173,0.28033459,0.19370057,0.086634024,0.75170879,21.827299,2.9374485,0.63651432,0.14407067,2097.9279,4.3230825
1,0.35906,0.58982,-1.9767,0.010509,,,,,,,,,,
0,4.86652,0.994141,-0.621627,0.0211228,5.33278e-05,1.44608e-05,3.8867e-05,0.959462,40.1033,0.000289979,2.44878e-05,0.144071,0.246428,2.71789
0,54.80429,0.9200312,-1.167047,0.01012108,0.03392344,0.03124839,0.002675047,0.9340587,35.85661,0.5799031,0.05637262,0.1440707,249.6476,3.667346
0,6.75907,0.644751,-0.951894,0.0175368,0.00129348,0.00120739,8.60967e-05,0.938056,25.9768,0.0157023,0.00205175,0.144071,11.3571,3.24714
0,29.9908771,0.5943250023,-1.823813043,0.01398174673,0.9341198776,0.6348762256,0.299243652,0.13241278,1.579550679,7.610938899,0,0.1440706667,357660.3509,74.10088232
0,32.1422981,0.930044443,-1.55458752,0.0131994078,0.979041353,0.859931154,0.119110199,0.0443095305,0.786361269,16.1321613,0,0.144070667,16754.525,7.47599979
2,24.7090782,0.785314279,-1.69923813,0.0222316439,0.159419978,-0.547916357,0.707336335,1.72770831,26.6304021,-8.67926464,0,0.144070667,93291.0558,22.5710293
0,5.048,0.729549,-0.587552,0.0195257,5.08491e-05,1.00986e-05,4.07505e-05,0.945573,29.4298,0.000148607,1.71004e-05,0.144071,0.118453,2.64615
0,6.26379,0.800898,-0.740684,0.022275,0.000101517,6.32697e-05,3.82476e-05,0.950144,32.3064,0.00102211,0.000107161,0.144071,0.925104,2.90505
0,4.78007,0.85985,-0.569683,0.0101133,9.51274e-05,1.54984e-05,7.96291e-05,0.953403,34.6846,0.000268803,2.62447e-05,0.144071,0.11006,2.6245
2,37.0163275,0.86221369418,-1.4150256758,0.014756060518,-0.90281534466,-0.91511026421,0.012294919545,-0.001656285148,66.18609029,-15.915251772,0,0.14407066667,-6282038.2965,-1218.7473623
0,26.7351494,0.2782874391,-1.836531645,0.01897178943,0.9905260163,0.7393272626,0.2511987537,0.01661179684,0.1063607529,4.150070704,0,0.1440706667,226038.2605,48.5311484
0,44.8251,0.231017,-1.18468,0.0121503,0.0332636,0.0326878,0.00057581,0.825974,9.00962,0.152319,0.0588915,0.144071,88.9648,3.60076
2,33.148723,0.24763786,-1.587936,0.016054067,-0.10903308,-0.19358059,0.084547516,1.6788115,11.079412,-0.96695004,0,0.14407067,9562.1315,6.0838839
0,5.38974,0.805405,-0.713086,0.0249096,7.32333e-05,3.96939e-05,3.35394e-05,0.950428,32.4891,0.000644857,6.7225e-05,0.144071,0.65246,2.85946
0,17.5061,0.560333,-1.03427,0.0127618,0.00496148,0.00475112,0.000210363,0.927144,22.4927,0.0536991,0.00812303,0.144071,28.6656,3.38045
0,26.908488,0.21491097,-1.5330689,0.013623346,0.72460185,0.079946503,0.64465535,0.3811035,2.3876726,0.34656382,0,0.14407067,4486.4032,5.0045085
0,32.194651,0.78347501,-1.4186929,0.024479357,0.16255304,0.13085528,0.031697759,1.6510777,26.469006,2.0679573,0,0.14407067,2641.7787,4.5047243
0,6.57826,0.303073,-0.964505,0.0101086,0.00256904,0.00246028,0.000108759,0.876781,12.1951,0.0150403,0.00418536,0.144071,6.70743,3.23179
0,51.57981,0.8458209,-1.18622,0.0199371,0.02199996,0.02014868,0.001851279,0.9383161,33.37125,0.3437559,0.03660931,0.1440707,295.8791,3.704227
2,16.996891,0.20050917,-1.5901347,0.024409189,-2.2771163,-3.4992112,1.2220949,9.4898041,26.508262,-14.152383,0,0.14407067,4163.2174,4.9949754
0,6.37952,0.53494,-0.813884,0.0151236,0.000295526,0.000238522,5.70033e-05,0.927068,21.574,0.00257371,0.00040415,0.144071,1.62127,3.00722
0,0.8297369,0.295158711,-1.89469354,0.0121849593,0.610826017,0.0219720846,0.588853932,3.54144363,4.63398443,0.130813341,0,0.144070667,97508.9231,23.5877982
0,21.6581,0.939735,-1.0115,0.0239728,0.00202474,0.00189372,0.000131015,0.955933,37.8338,0.0358961,0.00322767,0.144071,34.9059,3.36901
0,6.72657,0.835453,-0.932968,0.0185725,0.000976767,0.000894695,8.20719e-05,0.951537,33.6708,0.0150773,0.00151925,0.144071,11.3806,3.22832
1,0.46367,0.7695,-1.9779,0.018111,,,,,,,,,,
0,6.88174,0.545293,-0.946021,0.0117547,0.00178438,0.00167038,0.000113994,0.927398,21.9588,0.0183726,0.0028386,0.144071,9.00523,3.22889
1,0.34068,0.81271,-1.981,0.017927,,,,,,,,,,
0,34.25467,0.7310281,-1.198439,0.008457764,0.05853414,0.05420783,0.004326311,0.9072182,27.76475,0.799321,0.1009627,0.1440707,297.8763,3.717179
0,26.156,0.683195,-1.01661,0.00895543,0.00569475,0.00540281,0.000291938,0.938452,27.4044,0.0744543,0.00922588,0.144071,27.5004,3.36043
1,112.444,0.9506175,-1.288968,0.01096604,,,,,,,,,,
0,5.33388,0.748273,-0.698129,0.0192876,8.49004e-05,4.23048e-05,4.25956e-05,0.94684,30.1841,0.00063852,7.1645e-05,0.144071,0.502115,2.83102
0,148.8338,0.5332268,-1.297032,0.02205948,0.07064001,0.05799037,0.01264964,0.881017,19.99176,0.6237249,0.1373449,0.1440707,783.6314,3.959797
0,10.3273,0.401666,-1.0334,0.0119955,0.00517077,0.00499535,0.000175419,0.902141,16.1201,0.0404721,0.00854536,0.144071,20.8776,3.36178
0,5.95667,0.658168,-0.672266,0.0160116,8.65662e-05,3.65568e-05,5.00094e-05,0.940004,26.5494,0.000485323,6.19084e-05,0.144071,0.319115,2.78183
0,6.43965,0.439727,-0.647716,0.0187879,6.25646e-05,2.27299e-05,3.98347e-05,0.912838,17.7383,0.000201607,3.8491e-05,0.144071,0.160174,2.72183
0,6.3125,0.21202,-0.61069,0.0091211,0.47003,1.5463e-05,0.47002,0.72493,4.5329,6.6127e-05,4.9277e-05,0.14407,0.032034,2.6021
0,46.033543,0.223834872,-1.60045846,0.0125030258,0.787603097,0.554364358,0.233238739,0.244123412,1.91792268,2.5029272,11.9410696,0.144070667,13369.5672,6.85297048
0,37.153034,0.33871283,-1.3574724,0.017221856,0.15111042,0.11886848,0.032241943,0.79170827,11.599467,0.81212622,0.38237883,0.14407067,1099.7246,4.0990307
0,5.9432,0.22074,-0.78365,0.020572,0.00014891,0.00011895,2.996e-05,0.84017,8.9039,0.00052963,0.00020149,0.14407,0.50069,2.9164
0,5.9474956,0.84892535,-1.4220417,0.021160176,0.046676392,0.0051205558,0.041555837,-1.8559971,32.648634,0.087682268,0,0.14407067,-3026.1843,0.93438467
0,18.6691929,0.504523306,-1.72820515,0.0115368546,0.815956475,0.703879607,0.112076868,0.382086439,3.74590658,7.16316222,0,0.144070667,86083.3194,21.1962393
0,7.147272,0.9148685,-1.388265,0.01324143,0.06892662,0.009694854,0.05923177,4.468628,34.36353,0.1789061,0,0.1440707,857.2564,4.069942
0,39.453443,0.25024104,-1.3953833,0.011824867,0.30488243,0.23431011,0.070572314,0.65586971,7.017331,1.1827004,0.9062783,0.14407067,1306.9217,4.1860453
0,25.4586,0.368827,-1.09146,0.0198902,0.00647533,0.00629952,0.000175809,0.893774,14.7828,0.0468658,0.0108636,0.144071,40.7361,3.45803
0,5.11261,0.347035,-0.512895,0.0106623,7.24468e-05,7.08855e-06,6.53583e-05,0.892073,13.999,4.96199e-05,1.20031e-05,0.144071,0.0228917,2.48702
0,35.7572,0.449705,-1.11196,0.0208812,0.00802061,0.00776953,0.000251075,0.909552,17.9964,0.070477,0.0134655,0.144071,63.4124,3.50568
0,16.7157325,0.404598431,-1.67955305,0.0141044401,0.558887129,0.543120635,0.0157664934,0.96928929,7.19994353,4.43246861,0,0.144070667,34913.7329,11.1649145
1,0.38488,0.85642,-1.9146,0.010022,,,,,,,,,,
0,6.18613,0.641465,-0.760697,0.0216427,0.000122946,8.42008e-05,3.8745e-05,0.938516,25.8747,0.00108947,0.000142621,0.144071,0.969986,2.92751
0,45.93801,0.5644781,-1.188492,0.01564284,0.02767717,0.02635153,0.001325639,0.91294,22.14179,0.3000393,0.04804105,0.1440707,207.7476,3.671215
0,12.67681,0.9337248,-1.106083,0.02182202,0.00734144,0.006888317,0.0004531229,0.9521986,37.39159,0.129735,0.0119486,0.1440707,116.7067,3.541497
1,128.6806,0.8802356,-1.286021,0.02430622,,,,,,,,,,
0,6.37251,0.58793,-0.805262,0.0136018,0.000301334,0.000237415,6.39188e-05,0.933183,23.711,0.00281552,0.000402254,0.144071,1.5846,2.99741
0,7.22182,0.529902,-0.992189,0.018308,0.00203445,0.00193642,9.80277e-05,0.925316,21.3337,0.0206976,0.00329778,0.144071,15.8663,3.30549
0,5.85305,0.385024,-0.664068,0.00854718,0.000146516,6.16383e-05,8.48779e-05,0.901625,15.5303,0.000478701,0.000104384,0.144071,0.175165,2.74278
0,16.6601,0.772728,-1.01852,0.015333,0.00342627,0.00323631,0.000189952,0.946269,31.0664,0.0504432,0.0055226,0.144071,31.6872,3.37044
0,5.24641,0.397196,-0.516848,0.0156728,5.10608e-05,5.07361e-06,4.59872e-05,0.904408,16.0228,4.06488e-05,8.59115e-06,0.144071,0.02719,2.49981
0,6.37824,0.326148,-0.905552,0.0228919,0.000550123,0.000510891,3.92319e-05,0.885655,13.1502,0.003361,0.000866715,0.144071,3.35786,3.13663
2,26.801933,0.50323224,-1.4385502,0.01775505,-0.51208258,-0.52205545,0.0099728752,-0.67685558,30.697226,-5.2991994,0,0.14407067,-9644.9994,-0.39393272
2,1.7354589,0.48030789499,-1.8842379755,0.016577057312,0.017858724082,-0.073667516432,0.091526240513,-0.19728721344,19.030441101,-0.71370859105,0,0.14407066667,-6284840.5289,-1218.822321
0,6.77659,0.87128,-0.938074,0.0206996,0.000934787,0.000857057,7.77299e-05,0.95344,35.1161,0.0150623,0.00145553,0.144071,12.6483,3.2391
1,171.3786,0.8328999,-1.268772,0.009633852,,,,,,,,,,
0,15.2131165,0.8847122005966,-1.77566829739,0.01457456994645,0.5071309187918,0.3541303817475,0.1530005370443,-0.001096492843127,17.59092825457,6.319611409601,0,0.1440706666667,-259165528.9736,-50324.44825455
0,6.48556,0.545237,-0.83187,0.0106313,0.000511405,0.000427389,8.40155e-05,0.928205,21.9846,0.00470039,0.00072434,0.144071,2.07894,3.03807
2,17.8856558,0.8893837269,-1.790338386,0.02009696805,0.009482556516,-0.08204938642,0.09153194293,-1.850649947,35.5391039,-1.471938575,0,0.1440706667,-374552.5582,-71.08929465
0,56.49729,0.7711294,-1.183802,0.01147783,0.03637967,0.03380112,0.002578556,0.9245596,29.97701,0.5257551,0.06164574,0.1440707,261.4892,3.688782
0,5.33056,0.753337,-0.698378,0.019545,8.39617e-05,4.18812e-05,4.20806e-05,0.947178,30.3884,0.000636404,7.09276e-05,0.144071,0.506951,2.83176
0,5.7179,0.450561,-0.613779,0.0186347,5.48044e-05,1.48201e-05,3.99842e-05,0.91476,18.1754,0.000134688,2.50958e-05,0.144071,0.10591,2.66663
0,44.8516,0.5383509,-1.195567,0.02319159,0.02039309,0.01942443,0.0009686611,0.914575,21.27514,0.2109302,0.03548639,0.1440707,218.2141,3.682847
0,5.40183,0.738266,-0.699572,0.0222031,7.43916e-05,3.74372e-05,3.69544e-05,0.946165,29.7808,0.000557496,6.34015e-05,0.144071,0.505033,2.83276
0,19.2319986,0.9599335274,-1.708617388,0.01646006163,0.9500640483,0.7534199081,0.1966441403,0.1140354784,1.933791547,14.58825757,0,0.1440706667,115777.4784,26.9580028
0,16.5457794,0.361347106,-1.67043061,0.0139114263,0.394386043,0.329602274,0.0647837691,1.13914949,8.82827033,2.4023703,0,0.144070667,32398.6163,10.6635556
0,35.77233,0.4856786,-1.252514,0.01456406,0.06466029,0.05961317,0.00504712,0.8784393,18.32625,0.5840047,0.1174325,0.1440707,406.6959,3.808385
0,44.6000552,0.537743033,-1.62211186,0.0112395604,0.861943335,0.629659823,0.232283512,0.198419025,2.99493455,6.82976791,0,0.144070667,33922.828,10.9135762
0,12.6533,0.638621,-1.02551,0.021411,0.0026608,0.00253402,0.000126782,0.936626,25.6945,0.0326421,0.00432639,0.144071,28.9652,3.37228
0,39.8949137,0.756844317,-1.62620805,0.0196942599,0.567196455,0.38380442,0.183392035,0.59325116,13.2145546,5.85924552,0,0.144070667,52765.7777,14.5993669
2,15.3934583,0.761599247,-1.41014957,0.0124759016,-10.0260231,-13.6983492,3.67232601,-0.712262284,338.766589,-210.435937,0,0.144070667,-70230.9445,-12.2891529
0,45.6392,0.3020905,-1.351477,0.01743002,0.1465373,0.1140576,0.03247972,0.7877176,10.40104,0.6950027,0.3498091,0.1440707,917.6402,4.048377
0,6.34439,0.554478,-0.859182,0.0109424,0.000676685,0.000589534,8.71511e-05,0.929207,22.3535,0.00659353,0.000999485,0.144071,2.99889,3.08438
0,6.33892,0.981517,-0.858506,0.010997,0.000683747,0.000581519,0.000102227,0.958552,39.5691,0.011513,0.00098592,0.144071,5.10144,3.11141
0,49.77478,0.69524947,-1.5066281,0.015019794,0.232723,0.14590604,0.086816953,1.2049867,21.520285,2.0461578,0,0.14407067,9106.1288,5.911517
0,6.36407,0.944097,-0.790975,0.0129315,0.000279906,0.00020787,7.20365e-05,0.957259,38.0759,0.00395852,0.000352169,0.144071,2.0647,2.99682
2,10.8693198,0.369168817,-1.59584899,0.0148042709,-0.570581187,-0.571117296,0.000536109419,-0.538259567,23.3905572,-4.25280523,0,0.144070667,-69699.6827,-11.9999009
0,88.0320693,0.492477659,-1.55814698,0.0216203186,0.599113329,0.195026846,0.404086483,0.503689763,7.96458803,1.93734115,0,0.144070667,15626.5676,7.25694708
0,29.8048671,0.742175214,-1.64607408,0.0155170947,0.485365402,0.327041905,0.158323496,0.831956575,15.4085081,4.89592799,0,0.144070667,56626.5197,15.3725548
0,24.4341,0.952476,-1.0602,0.0168719,0.00531967,0.00499603,0.000323648,0.954331,38.2202,0.0959851,0.00857246,0.144071,66.0239,3.4565
2,10.1431906,0.646894484123,-1.47060291057,0.0221661687987,0.399801847512,-0.227326548697,0.627128396209,-0.000401886816639,15.6633000861,-2.96625700615,0,0.144070666667,-12510741.7856,-2428.24032788
0,7.21472,0.36554,-1.01395,0.012712,0.00381157,0.00367933,0.00013224,0.894626,14.6903,0.0271287,0.0062814,0.144071,14.945,3.324
0,20.9421797,0.93354058643,-1.682063957,0.021928513743,0.1770033127,0.12003775679,0.056965555909,-0.12477224242,30.994630068,2.2603528807,0,0.14407066667,-1205857.5779,-232.68359162
0,5.50448,0.84496,-0.677908,0.0113469,0.000128169,5.54613e-05,7.27077e-05,0.952601,34.0828,0.00094526,9.3926e-05,0.144071,0.434635,2.80337
0,6.23452,0.95383,-0.89122,0.0105114,0.00104719,0.000925531,0.000121662,0.957175,38.4389,0.0178069,0.00157018,0.144071,7.55484,3.16478
0,6.37347,0.345423,-0.929756,0.0176011,0.00096305,0.000906035,5.70147e-05,0.891068,13.9216,0.0063128,0.0015383,0.144071,4.82168,3.17971
1,0.33414,0.52102,-1.9938,0.021755,,,,,,,,,,
0,39.33123,0.2190511,-1.327753,0.01517359,0.1308703,0.1223431,0.008527174,0.758051,7.680422,0.5405678,0.2962774,0.1440707,519.1714,3.918011
0,6.02959,0.884891,-0.660061,0.0140814,9.39821e-05,3.55368e-05,5.84453e-05,0.954661,35.6948,0.000634299,6.01808e-05,0.144071,0.361157,2.77599
0,45.81056,0.6360931,-1.218694,0.01167853,0.05452367,0.05037366,0.004150009,0.9023997,24.262,0.6463227,0.09484628,0.1440707,339.448,3.75222
0,50.66184,0.8299256,-1.258624,0.02132516,0.05127247,0.04142107,0.009851398,0.9179677,31.76405,0.693403,0.08674848,0.1440707,729.6255,3.907234
0,6.31995,0.434186,-0.865904,0.0218777,0.000362595,0.000321478,4.11162e-05,0.911635,17.5095,0.00281548,0.000544982,0.144071,2.61021,3.0839
0,38.5291002,0.381728967,-1.64552886,0.023411933,0.762300337,0.42914112,0.333159217,0.301575891,3.66048684,3.30430721,0,0.144070667,36851.9687,11.5100403
0,6.3421,0.695466,-0.823344,0.0167098,0.000299561,0.000243751,5.58101e-05,0.942898,28.048,0.00341938,0.000413041,0.144071,2.34012,3.03567
0,35.2658,0.684759,-1.0658,0.0114856,0.00825451,0.00787299,0.000381521,0.936919,27.3964,0.108743,0.0135307,0.144071,51.7967,3.44687
0,6.8766266,0.213865887,-1.84485558,0.0099609828,0.0209122202,0.00101266282,0.0198995573,-10.9242671,8.4473077,0.00436849207,0,0.144070667,-30379.3031,-4.07284488
0,52.4208,0.5201101,-1.218113,0.01838106,0.03386476,0.03200035,0.00186441,0.9034916,20.27162,0.3357184,0.05981264,0.1440707,281.1676,3.730642
0,5.271,0.338074,-0.685053,0.0209692,6.66012e-05,3.28974e-05,3.37038e-05,0.889533,13.6376,0.000224336,5.57106e-05,0.144071,0.204142,2.77164
0,5.65268,0.329099,-0.669044,0.0234435,5.36247e-05,2.39567e-05,2.9668e-05,0.88687,13.2757,0.00015903,4.05685e-05,0.144071,0.162273,2.74383
0,5.42054,0.692377,-0.632159,0.0156736,7.33809e-05,2.23111e-05,5.10698e-05,0.942805,27.9297,0.000311593,3.77818e-05,0.144071,0.199955,2.71768
0,36.7729,0.490852,-1.08938,0.0106584,0.0118321,0.0114267,0.000405375,0.913683,19.5676,0.113135,0.0197389,0.144071,51.3562,3.46992
1,0.24146,0.66516,-1.8577,0.011808,,,,,,,,,,
0,12.7243,0.854045,-1.00836,0.0204571,0.00226999,0.00213135,0.000138644,0.951689,34.3755,0.0367165,0.0036327,0.144071,30.5961,3.35826
0,6.51999,0.47456,-0.939623,0.0177166,0.0010899,0.00102141,6.84948e-05,0.91806,19.1237,0.00977722,0.00173477,0.144071,7.29729,3.21135
0,15.6442804,0.215229053,-1.73133153,0.0181066128,0.977085829,0.872774943,0.104310886,0.0396607834,0.198957449,3.78903254,0,0.144070667,45852.4944,13.3548272
0,28.6612937,0.4677370776,-1.769765587,0.0109838548,0.9978419608,0.7016842962,0.2961576646,0.004162912936,0.04072079983,6.620163652,0,0.1440706667,146482.3503,32.99362583
0,59.15544,0.2539555,-1.246124,0.01100959,0.07544756,0.07370029,0.001747271,0.8112652,9.472059,0.3775305,0.1431042,0.1440707,209.6728,3.729694
0,12.2068,0.299349,-1.13754,0.0247922,0.00919442,0.00899471,0.000199705,0.871344,11.9652,0.0543113,0.0157529,0.144071,61.1284,3.52893
2,14.4404047,0.388233521,-1.61956306,0.0168981818,-0.0357343021,-0.0611646775,0.0254303754,3.42387482,16.2217072,-0.478981668,0,0.144070667,10305.0086,6.26361006
0,13.8358107,0.574948318,-1.67261462,0.0238262651,0.778810275,0.453958605,0.32485167,0.582357263,5.13037279,5.26465881,0,0.144070667,37876.8933,11.7375594
1,160.8842,0.9412956,-1.256879,0.01052976,,,,,,,,,,
2,16.0579888,0.400497713411677,-1.80346133953273,0.0103587248261153,-6258.1477512899,-6258.41717970251,0.269428412602792,-0.0348914451351497,101127.765325733,-50557.9808152844,0,0.144070666666667,-66909488992.1433,-12992736.001968
0,6.25608,0.373854,-0.634968,0.0248036,4.35077e-05,1.4617e-05,2.88907e-05,0.899049,15.0813,0.000110226,2.47518e-05,0.144071,0.117385,2.6931
0,5.57521,0.804606,-0.708475,0.0238685,7.41084e-05,3.90433e-05,3.50651e-05,0.95038,32.4568,0.000633659,6.61226e-05,0.144071,0.614358,2.85175
0,0.441177,0.3204534840087045,-1.988967455097837,0.02228255457831135,0,0,0,-7.341200850207227e-25,12.92766721091929,0,0,0.1440706666666666,-4.404789211890774e+30,-8.553385893862194e+26
1,0.34399,0.69079,-1.9833,0.011685,,,,,,,,,,
0,37.2415,0.86447612,-1.3048182,0.017036424,0.10396117,0.075791999,0.028169175,0.88414813,31.248919,1.3216046,0.19654704,0.14407067,1348.9388,4.1052651
0,6.28267,0.443418,-0.745059,0.0104339,0.000216765,0.000142873,7.38915e-05,0.913403,17.8844,0.00127788,0.000241999,0.144071,0.563519,2.88389
1,0.25286,0.70426,-1.8666,0.016274,,,,,,,,,,
0,6.35407,0.761623,-0.753546,0.0202188,0.000124563,8.22222e-05,4.23406e-05,0.947696,30.7214,0.00126315,0.000139268,0.144071,1.04043,2.92397
0,6.00079,0.811962,-0.66254,0.00999597,0.000133756,5.16795e-05,8.20765e-05,0.950769,32.7516,0.000846407,8.752e-05,0.144071,0.343501,2.77589
0,6.02816,0.90577,-0.658223,0.0248056,5.29203e-05,1.97028e-05,3.32175e-05,0.955685,36.5385,0.000359974,3.33655e-05,0.144071,0.360678,2.77408
2,8.0546609,0.90267513,-1.5069655,0.015273257,0.64024056,-0.02589374,0.66613431,1.753214,13.100831,-0.47146715,0,0.14407067,3826.6121,4.842111
0,6.44742,0.449059,-0.843192,0.01041,0.000587844,0.000504734,8.31093e-05,0.914161,18.1052,0.00457185,0.000855537,0.144071,2.01051,3.04766
0,32.323547,0.93189492,-1.4775637,0.0091770499,0.11513894,0.08750568,0.027633259,2.158487,33.26574,1.6448578,0,0.14407067,5409.8027,5.1379293
0,6.3443,0.592029,-0.795591,0.00998838,0.000371576,0.000285541,8.60353e-05,0.933569,23.8747,0.00340986,0.000483785,0.144071,1.40856,2.98165
0,6.36655,0.316249,-0.874551,0.0122997,0.000705233,0.000638819,6.64141e-05,0.882409,12.7491,0.00407505,0.00108324,0.144071,2.19415,3.08354
0,33.8015,0.520849,-1.0747,0.0176501,0.00596358,0.00574459,0.000218992,0.921623,20.8867,0.0603526,0.00987158,0.144071,45.0078,3.44723
0,44.577062,0.80531186,-1.3509801,0.020418694,0.13956282,0.095372882,0.044189935,0.85821264,27.953644,1.5492238,0.29670766,0.14407067,2249.2492,4.3525235
0,7.02885,0.627284,-0.975831,0.0203948,0.00149626,0.00141027,8.5988e-05,0.936332,25.2679,0.017844,0.00239932,0.144071,15.0517,3.28626
0,40.07841,0.3741013,-1.242178,0.01744983,0.04632084,0.04440376,0.001917077,0.8697135,14.39285,0.3350689,0.08582617,0.1440707,282.5002,3.755209
0,5.04588,0.457173,-0.521258,0.0219691,3.76783e-05,3.83044e-06,3.38479e-05,0.915899,18.4425,3.53228e-05,6.48607e-06,0.144071,0.0327042,2.51371
0,6.19975,0.276502,-0.841331,0.0132509,0.000442089,0.000387198,5.48911e-05,0.867953,11.1496,0.00215951,0.000656236,0.144071,1.27323,3.02218
0,25.3611,0.741423,-1.0792,0.019639,0.00574246,0.0054619,0.000280558,0.942712,29.7386,0.0816836,0.00940044,0.144071,66.3814,3.47585
0,6.15042,0.886739,-0.834731,0.00890634,0.00064299,0.000529209,0.000113781,0.954395,35.7496,0.00946559,0.000896993,0.144071,3.4109,3.06663
0,165.7737,0.763096,-1.287249,0.02061568,0.07143354,0.05528549,0.01614805,0.9006849,28.5856,0.8509724,0.1296095,0.1440707,966.5986,3.996326
0,34.706063,0.43072719,-1.350208,0.015351064,0.16745695,0.12766968,0.03978727,0.80037872,14.466523,1.1092137,0.39076079,0.14407067,1235.8206,4.124189
0,5.20417,0.34065,-0.502622,0.0112575,9.76735e-05,5.88375e-06,9.17897e-05,0.890273,13.7411,4.04285e-05,9.96311e-06,0.144071,0.019732,2.46911
0,7.32638,0.501513,-0.998076,0.0173192,0.00231126,0.00220642,0.000104844,0.921309,20.1852,0.02232,0.00375987,0.144071,16.2617,3.31272
2,1.1093295,0.5693557379,-1.756673875,0.01585462431,0.1068865574,-1.231603068,1.338489626,-0.8133621163,20.51377057,-14.14424057,0,0.1440706667,-319224.6923,-60.37097259
0,6.97225,0.418822,-0.652844,0.0144837,8.26821e-05,3.14918e-05,5.11903e-05,0.908873,16.8946,0.000266043,5.33288e-05,0.144071,0.163653,2.72806
0,14.9466,0.651214,-1.1206,0.021609,0.00873843,0.00835204,0.000386384,0.933819,26.0416,0.109709,0.0145405,0.144071,99.8751,3.54475
0,65.392795,0.30790064,-1.5441962,0.021207072,0.37989137,0.27044703,0.10944434,1.0564785,7.7025323,1.6796468,0,0.14407067,6022.9992,5.3291518
0,11.0847499,0.52076215,-1.55226683,0.0244654776,0.000176986463,0.000176625763,3.60699882e-07,-0.570268226,21.0047592,0.00185531917,0,0.144070667,-33752.0261,-5.02577119
0,33.434807,0.78842356,-1.3219757,0.013231494,0.15822007,0.11361685,0.044603222,0.84243901,26.774004,1.8068725,0.31546287,0.14407067,1512.061,4.1599639
0,30.4976959,0.6340086254,-1.761497991,0.01067850245,0.9993248717,0.7011856275,0.2981392442,0.00135284384,0.01726778496,8.967127449,0,0.1440706667,171883.8046,37.92612524
2,4.7751588,0.795163742,-1.6511655766,0.0085705987695,-0.28575652,-0.29481590178,0.009059381781,-0.041544452414,41.244920444,-4.7286007208,0,0.14407066667,-3240559.7295,-627.87142558
0,5.69636,0.9711,-0.705684,0.0132243,0.000132162,6.79865e-05,6.41756e-05,0.958489,39.1707,0.00133172,0.000115143,0.144071,0.709286,2.85636
0,35.5615,0.870632,-1.06568,0.0198913,0.00481727,0.00454581,0.000271459,0.950882,34.9537,0.079831,0.00780168,0.144071,65.0212,3.46101
0,5.1164,0.327043,-0.510899,0.0205767,3.68932e-05,3.5802e-06,3.3313e-05,0.88625,13.193,2.36177e-05,6.06225e-06,0.144071,0.0211658,2.48099
0,6.23459,0.399624,-0.820299,0.0114793,0.000411368,0.000341203,7.01644e-05,0.904707,16.1149,0.00275036,0.000578186,0.144071,1.34753,3.00407
1,0.24725,0.47672,-1.8622,0.012608,,,,,,,,,,
2,17.0339458,0.8848740055,-1.743500317,0.02489136373,-0.2963692227,-0.4151394936,0.1187702709,2.994955866,46.27701258,-7.409700581,0,0.1440706667,165128.4231,36.59428191
0,5.39383,0.282467,-0.682734,0.0143972,9.27616e-05,4.65083e-05,4.62533e-05,0.870591,11.3942,0.000264986,7.87599e-05,0.144071,0.169156,2.75965
0,19.8904,0.699626,-1.0275,0.0222757,0.00263193,0.00249894,0.000132996,0.941711,28.1499,0.0352652,0.00426566,0.144071,32.3753,3.38065
0,44.32305,0.7665031,-1.246207,0.01699606,0.05459781,0.04630363,0.008294178,0.9120649,29.23383,0.7159029,0.09279735,0.1440707,576.2104,3.852896
2,34.9261679,0.53194161,-1.55813179,0.0135504689,0.139009143,-0.319287998,0.458297141,1.53650707,18.4764133,-3.42587669,0,0.144070667,11881.2399,6.51557063
0,53.39858,0.8101986,-1.186127,0.01056127,0.04098332,0.03780116,0.003182162,0.9238163,31.34533,0.6177628,0.06902681,0.1440707,281.9413,3.698948
0,49.510202,0.45824112,-1.3818991,0.021839969,0.16046713,0.11348465,0.046982481,0.8126174,15.519829,1.0489538,0.41265294,0.14407067,1961.892,4.3206191
0,41.1335735,0.867104585,-1.53569086,0.0240136567,0.455100745,0.315246606,0.139854138,0.60501837,19.0608763,5.51375003,2.70581128,0.144070667,23332.8307,8.75152087
0,5.84996,0.283793,-0.709437,0.0148859,0.000108496,6.33829e-05,4.51132e-05,0.871108,11.4475,0.000362827,0.000107341,0.144071,0.239341,2.8042
0,6.14513,0.328101,-0.632583,0.0200241,5.21219e-05,1.75596e-05,3.45623e-05,0.886566,13.2355,0.000116211,2.97347e-05,0.144071,0.101317,2.68315
0,5.14494,0.392718,-0.539976,0.0239183,3.45523e-05,4.47462e-06,3.00777e-05,0.903434,15.8424,3.54456e-05,7.57683e-06,0.144071,0.0362225,2.53768
0,11.89902,0.763272,-1.126933,0.02135763,0.009639307,0.009132431,0.0005068754,0.941627,30.49495,0.1406018,0.01595767,0.1440707,125.8082,3.567972
0,6.36904,0.976621,-0.911358,0.0119109,0.00117818,0.00105743,0.000120748,0.958032,39.3522,0.0208306,0.00179475,0.144071,10.0087,3.19985
0,6.14196,0.541745,-0.871701,0.0171728,0.000498233,0.000441149,5.70837e-05,0.927786,21.8441,0.00482064,0.000747967,0.144071,3.44704,3.10414
0,37.9661,0.801188,-1.05506,0.0246141,0.00339282,0.00321237,0.000180449,0.948026,32.2117,0.0519141,0.00550014,0.144071,52.4311,3.43687
0,24.429,0.930329,-1.03107,0.0206433,0.00300631,0.00282089,0.000185419,0.95488,37.4183,0.0529356,0.0048192,0.144071,44.4352,3.40283
0,5.48868,0.998488,-0.715394,0.0243088,7.7143e-05,4.18987e-05,3.52444e-05,0.959615,40.2777,0.000843855,7.09596e-05,0.144071,0.825238,2.87387
0,7.10772,0.71459,-0.978584,0.00969217,0.00327066,0.00307139,0.000199271,0.942417,28.7335,0.0442708,0.00523049,0.144071,17.6176,3.2976
0,19.7586912,0.996592692,-1.62382668,0.0243794943,0.136370454,0.101336665,0.0350337886,1.83105299,34.7216501,2.03708653,0,0.144070667,43566.5818,12.8008075
0,5.87628,0.341242,-0.824002,0.0225971,0.000215865,0.000181788,3.4077e-05,0.890353,13.7634,0.00125127,0.000308023,0.144071,1.22641,3.00291
0,7.6298784,0.348732123,-1.66533372,0.0204401584,0.387987366,0.359268616,0.02871875,2.03031049,8.61008634,2.52718133,0,0.144070667,16605.1916,7.55728785
0,40.71332,0.3524307,-1.296492,0.0174265,0.08615575,0.0780243,0.008131448,0.8384895,12.99275,0.5546625,0.1726576,0.1440707,531.4183,3.890325
1,0.25425,0.94296,-1.9882,0.024939,,,,,,,,,,
0,4.9443,0.619039,-0.574043,0.0122596,7.71625e-05,1.35217e-05,6.36408e-05,0.936462,24.9712,0.000168839,2.28971e-05,0.144071,0.0853186,2.61578
2,44.1059581,0.853299313,-1.754342135,0.02427829286,-2.975982706,-3.292197492,0.3162147856,7.957353596,136.8677251,-56.66468073,0,0.1440706667,211280.7018,45.57981128
0,6.40996,0.942206,-0.730847,0.00930274,0.000226617,0.000133509,9.31077e-05,0.957212,38.0016,0.00253736,0.000226135,0.144071,0.951943,2.89669
0,49.39135,0.22734084,-1.4846288,0.014437747,0.42253754,0.42253594,1.5961033e-06,0.56093345,5.2961024,1.9376096,2.3356581,0.14407067,3629.0342,4.7786839
0,6.5163,0.22403,-0.88527,0.021749,0.00044303,0.00041043,3.2598e-05,0.84196,9.0336,0.0018547,0.00070303,0.14407,1.8699,3.086
1,0.52285,0.82558,-1.8679,0.016934,,,,,,,,,,
0,4.6095,0.991462,-0.516363,0.0111229,7.98875e-05,7.10437e-06,7.27831e-05,0.95934,39.9942,0.000142078,1.20302e-05,0.144071,0.063585,2.54299
0,6.24672,0.321848,-0.812792,0.0109741,0.000391947,0.000324126,6.78205e-05,0.884406,12.9788,0.00210421,0.000549206,0.144071,1.00815,2.98159
2,0.7179421,0.3686775412,-1.955822895,0.0200779777,0.00760479461,-0.001428111786,0.009032906396,10.46850989,14.76000505,-0.01062023328,0,0.1440706667,230397.9331,49.49799892
0,52.00733,0.6747133,-1.191498,0.01353714,0.03359626,0.03148893,0.002107333,0.9195602,26.30468,0.4285508,0.0576991,0.1440707,254.6749,3.693798
0,9.76504,0.417135,-1.14803,0.0164101,0.0159143,0.0154451,0.000469273,0.898503,16.5602,0.129955,0.0272332,0.144071,93.8845,3.56783
0,47.0662,0.9284926,-1.15726,0.01496328,0.02039839,0.01886393,0.001534465,0.9433805,36.69299,0.3532936,0.03362591,0.1440707,223.0665,3.646613
2,13.3365475,0.488799495,-1.62747043,0.0202235545,0.000833900899,-0.00127553538,0.00210943628,2.46330992,19.7026029,-0.0125761708,0,0.144070667,19256.8418,8.04194437
2,1.7744274,0.6920055087,-1.7884517976,0.022775275776,0.00079647897439,-0.0046577540143,0.0054542329887,-0.19243012052,27.894505931,-0.065014656294,0,0.14407066667,-2759637.0412,-534.33850269
0,9.6263675,0.786495443,-1.75792052,0.0235327535,0.135569535,0.0197563934,0.115813142,7.50768693,27.427198,0.313421689,0,0.144070667,46985.5742,13.6026962
0,5.11576,0.673586,-0.686611,0.0130603,0.000115676,5.38842e-05,6.17914e-05,0.941277,27.1705,0.000732116,9.12553e-05,0.144071,0.392129,2.80677
0,18.755459,0.208446307,-1.71414049,0.0156169605,0.499716167,0.396955305,0.102760862,0.789810615,4.20693538,1.66901787,0,0.144070667,39039.8044,12.0064575
0,35.25347,0.4207978,-1.256987,0.01351885,0.07182107,0.06731984,0.004501229,0.8629718,15.75652,0.5714019,0.1339929,0.1440707,376.9836,3.80319
0,4.82208,0.86594,-0.509894,0.01943,4.50341e-05,3.74273e-06,4.12914e-05,0.953748,34.932,6.53736e-05,6.33764e-06,0.144071,0.0514077,2.52559
1,0.46809,0.21456,-1.9234,0.0088156,,,,,,,,,,
0,0.7890567,0.24678604956116,-1.98632649367678,0.0166776491925903,0.00539009570132915,0.00539003324249384,6.245883531035e-08,-0.000214104047577808,9.90212836169741,0.0268310222984482,0,0.144070666666667,-11182612780.4346,-2171480.63484829
0,6.4773,0.21887,-0.96653,0.023027,0.0011491,0.0011092,3.9843e-05,0.83842,8.8196,0.004897,0.0018857,0.14407,5.2064,3.2205
0,5.03026,0.361828,-0.689207,0.013468,0.000107312,5.40257e-05,5.32867e-05,0.896003,14.5952,0.0003943,9.14931e-05,0.144071,0.228785,2.78165
0,6.1488,0.915931,-0.832146,0.013839,0.000402798,0.000329506,7.32918e-05,0.955928,36.9354,0.00608767,0.000558428,0.144071,3.4035,3.06393
0,39.983629,0.46265005,-1.3936224,0.02205815,0.17889676,0.12272736,0.056169402,0.79722442,15.325179,1.1452998,0.47496907,0.14407067,2295.6026,4.405215
0,5.34044,0.75232,-0.67549,0.0198491,7.17833e-05,3.07363e-05,4.1047e-05,0.947119,30.3477,0.000466422,5.20513e-05,0.144071,0.37734,2.79367
0,5.01982,0.450859,-0.523098,0.0165248,5.00318e-05,5.21423e-06,4.48176e-05,0.914814,18.1876,4.74194e-05,8.82929e-06,0.144071,0.0330629,2.51611
0,6.5556,0.23174,-0.95467,0.011944,0.0019119,0.0018365,7.5395e-05,0.84552,9.3309,0.0085844,0.003122,0.14407,4.6906,3.2032
0,13.17768,0.9063232,-1.106409,0.01680611,0.009543669,0.008972301,0.0005713681,0.9495208,36.21376,0.1640258,0.01557984,0.1440707,113.8247,3.539978
2,21.41339,0.728787600651786,-1.65971799959123,0.0197812258913851,-21.5116061599375,-39.6830738591302,18.1714676991927,-4.03996821635771e-05,661.85464845413,-583.353020482276,0,0.144070666666667,-59683805005.8981,-11589625.5593236
0,44.74211,0.6367157,-1.167863,0.009452713,0.03553645,0.03379009,0.001746357,0.9150855,24.77345,0.4339704,0.06099441,0.1440707,177.9134,3.636826
0,5.98162,0.504613,-0.649102,0.0181833,6.61568e-05,2.39075e-05,4.22493e-05,0.923178,20.3557,0.000243342,4.04854e-05,0.144071,0.185015,2.73063
0,36.150635,0.82093954,-1.3091328,0.023269375,0.079495011,0.0579386,0.021556411,0.89858804,30.485441,0.95941022,0.15209998,0.14407067,1368.6206,4.1141459
0,39.378112,0.81216674,-1.3510021,0.023612665,0.11387966,0.077851167,0.036028493,0.87563205,29.033077,1.2753679,0.25664604,0.14407067,2290.2786,4.3614416
2,17.2744466,0.2922517483,-1.834428409,0.0125265885,-1.418790625,-1.55428517,0.1354945447,4.539089232,28.51744159,-9.162478985,0,0.1440706667,215886.8635,46.55544758
0,21.2396,0.872457,-1.01605,0.0131802,0.00388247,0.00364672,0.000235744,0.951582,35.0598,0.0641759,0.00622338,0.144071,34.4469,3.37279
1,0.23894,0.76818,-1.9978,0.020468,,,,,,,,,,
0,47.66218,0.922029,-1.201068,0.01480374,0.03636025,0.03228043,0.004079816,0.9324269,35.84383,0.6003564,0.05966329,0.1440707,387.0041,3.750564
0,47.0343553,0.8255097942,-1.709918551,0.0243016118,0.9126838247,0.6594318984,0.2532519263,0.1277256968,2.907850675,10.98037954,0,0.1440706667,158054.4402,35.18479772
0,6.04885,0.86616,-0.834411,0.0236223,0.000241387,0.00019875,4.26373e-05,0.953632,34.934,0.0034724,0.00033681,0.144071,3.32209,3.06493
1,0.10883,0.92772,-1.9962,0.015764,,,,,,,,,,
1,0.34737,0.61882,-1.9851,0.016818,,,,,,,,,,
0,0.327573,0.207717,-0.632456,0.0150788,0,0,0,10.1649,8.37969,0,0,0.144071,0.00558559,2.53409
0,25.2620761,0.709873559,-1.71152896,0.0244690759,0.855664035,0.269201451,0.586462584,0.354550708,4.13343133,3.85463772,0,0.144070667,82628.3074,20.5065511
0,32.7268,0.888642,-1.05708,0.0230444,0.0037343,0.00351893,0.000215372,0.952475,35.7155,0.0630758,0.0060293,0.144071,59.3846,3.44664
2,15.1815308,0.572778773,-1.64298738,0.0220602619,-0.382567976,-0.384402348,0.00183437161,3.15904556,31.9468891,-4.44117736,0,0.144070667,29717.5954,10.1110634
0,41.49727,0.864558,-1.155627,0.01534078,0.01935067,0.01803481,0.001315853,0.9410549,34.20291,0.3145074,0.0321177,0.1440707,204.1161,3.636738
0,25.55366,0.89476,-1.146807,0.01853893,0.01438489,0.01341131,0.000973581,0.9458003,35.57698,0.2420489,0.02373038,0.1440707,188.6238,3.620854
0,5.6688197,0.6324615,-1.4608132,0.01416179,6.9058753e-05,6.9041527e-05,1.7225852e-08,6.9724866,25.512867,0.00088078448,0,0.14407067,1035.7716,4.1868744
0,5.03844,0.43662,-0.551615,0.00871999,9.8709e-05,1.42521e-05,8.44569e-05,0.91225,17.6123,0.000125519,2.41339e-05,0.144071,0.0463109,2.56195
2,0.7610843,0.3903463363,-1.960452546,0.02362113457,0.01235165117,0.01235165117,-2.428612866e-17,-22.32986204,15.55276521,0.09725239292,0,0.1440706667,-120788.274,-21.58412509
0,6.4596,0.21556,-0.9083,0.024554,0.00054092,0.00049342,4.75e-05,0.83672,8.6913,0.0021454,0.0008371,0.14407,2.4336,3.1227
0,24.1694394,0.799683756,-1.54989987,0.0132133231,0.0537050331,0.0323106087,0.0213944244,2.30185498,30.5281137,0.521181012,0,0.144070667,11789.0654,6.48903973
0,5.15684,0.723613,-0.636911,0.0203789,5.75861e-05,1.82398e-05,3.93464e-05,0.945147,29.1902,0.000266226,3.08874e-05,0.144071,0.221583,2.72771
0,5.6418,0.23335,-0.77159,0.014402,0.00018927,0.00014554,4.3727e-05,0.84746,9.4121,0.00068504,0.00024652,0.14407,0.44945,2.8988
0,49.552288,0.54313692,-1.3584519,0.01316293,0.21056525,0.1515563,0.059008953,0.78497967,17.297396,1.6603838,0.50662373,0.14407067,1674.9342,4.2333239
0,28.0515,0.727802,-1.05586,0.0212426,0.00395271,0.00375832,0.00019439,0.942925,29.2448,0.0551737,0.00643911,0.144071,48.3551,3.43273
0,27.1367,0.863518,-1.07471,0.00833739,0.01282,0.0121083,0.000711701,0.945302,34.3893,0.210902,0.0209006,0.144071,72.2569,3.47686
0,4.80645,0.659978,-0.559133,0.0167769,5.49567e-05,8.15879e-06,4.67979e-05,0.940179,26.6232,0.000108613,1.38156e-05,0.144071,0.0748114,2.59411
0,5.34897,0.596091,-0.701814,0.0113432,0.000145754,7.54176e-05,7.03363e-05,0.934135,24.0439,0.000906798,0.000127727,0.144071,0.425059,2.82612
0,40.12468,0.2075853,-1.261833,0.01153318,0.08571322,0.08403712,0.001676103,0.7794639,7.656569,0.3518787,0.1671502,0.1440707,215.8397,3.74809
0,23.4191472,0.91243793,-1.65929119,0.0122421868,0.827270282,0.697970056,0.129300226,0.386484938,6.35807373,12.8459223,0,0.144070667,59605.1656,15.9668107
0,4.78268,0.946773,-0.58837,0.023343,4.33525e-05,8.53635e-06,3.48161e-05,0.957528,38.1928,0.000163021,1.44551e-05,0.144071,0.153407,2.66026
2,15.8358509,0.2918165736,-1.837323788,0.02069745916,-0.9654157384,-1.02826832,0.06285258143,3.660934953,23.1376661,-6.052594516,0,0.1440706667,225405.0443,48.40883608
0,16.8023002,0.266671047,-1.72469477,0.00994361881,0.201869266,0.0673251479,0.134544118,-3.76994265,8.58628039,0.362141547,0,0.144070667,-19116.6385,-1.9821785
0,19.78808,0.2969411,-1.19604,0.02455103,0.01896393,0.01852909,0.0004348314,0.8644045,11.75196,0.1109813,0.03372599,0.1440707,128.3114,3.638578
0,39.91437,0.417922501,-1.773365475,0.0244638533,0.9458896033,0.6828971105,0.2629924928,0.09153865767,0.9122873196,5.756734493,0,0.1440706667,156305.8409,34.90812342
0,35.5454,0.63836,-1.04844,0.0133865,0.00567944,0.00542386,0.000255572,0.934656,25.6063,0.0698392,0.0092892,0.144071,38.8309,3.41219
0,4.78144,0.722699,-0.582178,0.0101745,9.61574e-05,1.8087e-05,7.80704e-05,0.945056,29.1522,0.000263663,3.06283e-05,0.144071,0.109569,2.63677
2,28.468063,0.53932871,-1.4608179,0.013247442,0.13244056,-0.069154029,0.20159459,1.5410888,18.875912,-0.75230889,0,0.14407067,3467.3598,4.7211368
0,6.3719,0.498915,-0.831466,0.00866191,0.000622488,0.000521822,0.000100666,0.922015,20.1146,0.00525139,0.000884428,0.144071,1.90497,3.03314
0,17.5893069,0.805485232,-1.65555852,0.0142766669,0.285243651,0.197979742,0.0872639096,1.52109239,23.2258047,3.21664776,0,0.144070667,52733.1333,14.6223466
0,5.27226,0.621505,-0.679383,0.0205229,7.00416e-05,3.12512e-05,3.87903e-05,0.936703,25.0709,0.000391775,5.29234e-05,0.144071,0.331354,2.79088
0,6.30501,0.707346,-0.933056,0.0196296,0.000919261,0.00084752,7.17405e-05,0.9434,28.5094,0.0120922,0.00143906,0.144071,9.73018,3.22004
0,6.75612,0.568041,-0.963306,0.0228532,0.00113902,0.00107243,6.65832e-05,0.930474,22.8897,0.0122878,0.00182302,0.144071,11.6819,3.26006
0,23.2517671,0.519506284,-1.6264807,0.0148443036,0.406304676,0.347292598,0.0590120781,1.16939749,12.4425559,3.63924675,0,0.144070667,25293.3769,9.22716257
0,29.762565,0.513288331,-1.58527142,0.0120347453,0.946383632,0.571893114,0.374490518,0.0840326914,1.11023254,5.92108681,0,0.144070667,18498.7036,7.85046341
0,27.101207,0.46248055,-1.3415714,0.010551846,0.21315615,0.16457659,0.048579568,0.77368018,14.680376,1.5352768,0.50879481,0.14407067,1161.1389,4.0978476
0,15.8438,0.550785,-1.12245,0.0222175,0.00864486,0.00831907,0.000325785,0.923659,22.0275,0.0924234,0.0144811,0.144071,87.4557,3.53735
2,32.9787693,0.6290959403,-1.742499294,0.01686306061,0.07252989899,-0.2799804031,0.3525103021,1.576720884,23.53813053,-3.552791225,0,0.1440706667,157499.7748,35.10949081
0,15.83047,0.3950003,-1.190204,0.01686297,0.02581279,0.02501673,0.0007960624,0.8876107,15.52369,0.199321,0.04555579,0.1440707,153.1396,3.646652
0,22.34516,0.652989,-1.149359,0.01045612,0.02563186,0.02442659,0.001205267,0.9230025,25.66753,0.3217318,0.04347656,0.1440707,144.0934,3.600922
0,22.5684,0.387595,-1.07701,0.0217425,0.00494758,0.00480393,0.000143652,0.899189,15.5589,0.0375578,0.00825467,0.144071,35.3977,3.43533
2,36.312296,0.7926732,-1.4732298,0.02042217,0.53339888,-0.12063969,0.65403857,0.85476141,14.920903,-1.9288993,0,0.14407067,5795.727,5.2120764
0,17.3531714,0.2276744005,-1.843720178,0.009109903087,0.504458355,0.3229417755,0.1815165796,0.8917427105,4.551447379,1.483076662,0,0.1440706667,197618.6666,43.01280895
2,14.3371169,0.4340182867745673,-1.817220830960564,0.01154033656200191,-3479.110983430989,-15494.03542982298,12014.92444639199,-2.663545071411479e-05,60933.52301561951,-135643.1115218576,0,0.1440706666666666,-63021549334252.46,-12237762242.94903
2,21.48823,0.9957579,-1.356655,0.01924271,0.7586254,-0.0742495,0.8328749,0.8123087,9.696176,-1.491326,0,0.1440707,886.6027,4.045759
1,13.521,0.684737,-1.3624,0.0230319,,,,,,,,,,
0,34.9773,0.738323,-1.0575,0.00897277,0.00953538,0.00906309,0.000472298,0.940038,29.5012,0.134973,0.0155693,0.144071,49.972,3.43637
2,14.6385494,0.6369637452289549,-1.51299837561587,0.0109486300203122,-110.6637258243105,-110.6797305298711,0.01600470556059008,-3.028931740381861e-06,2869.339880722719,-1422.027442003294,0,0.1440706666666666,-524199816703.0419,-101791097.6883012
0,4.83606,0.590521,-0.617544,0.00907048,0.000117871,3.19539e-05,8.59172e-05,0.933574,23.8199,0.000380614,5.41117e-05,0.144071,0.142741,2.68573
0,4.90784,0.548639,-0.704047,0.0241041,6.92173e-05,3.65247e-05,3.26925e-05,0.9289,22.1315,0.000404203,6.18561e-05,0.144071,0.404906,2.82586
0,4.86751,0.488098,-0.559553,0.00917758,9.69674e-05,1.4995e-05,8.19724e-05,0.920767,19.6888,0.000147631,2.53919e-05,0.144071,0.0567978,2.58037
0,0.45317,0.21161,-0.76494,0.011276,0,0,0,-0.13999,8.5366,0,0,0.14407,-2.2657,1.2343
0,5.67766,0.980121,-0.724766,0.00839576,0.000239427,0.000136817,0.00010261,0.958785,39.5304,0.00270486,0.000231737,0.144071,0.914328,2.88853
0,6.50953,0.846792,-0.913806,0.0099406,0.00144508,0.00130725,0.000137834,0.951843,34.1117,0.0223285,0.00221917,0.144071,9.0111,3.19671
0,45.19833,0.5834106,-1.25819,0.02061859,0.04998642,0.04393763,0.006048786,0.9002953,22.35936,0.5170543,0.08922204,0.1440707,520.7663,3.848915
0,0.4776155,0.9279961692858119,-1.782788044450491,0.01347527887455887,0,0,0,-1.131897067795559e-31,37.43702673929743,0,0,0.1440706666666666,-5.854715801042699e+36,-1.13689080535399e+33
2,0.8725279,0.9332736642552908,-1.957668415160122,0.02104800207873441,-27871011116.42518,-27871011116.42518,0,-7.22875152141217e-67,1049341626908.529,-524670813435.4394,0,0.1440706666666666,-2.428989734781586e+83,-4.716703918028955e+79
2,34.068224,0.593885451,-1.59820114,0.0246455371,0.74833551,-0.648227428,1.39656294,0.534862349,6.02947909,-7.76524672,0,0.144070667,18635.5043,7.89033618
0,68.424393,0.80031755,-1.3890581,0.022063644,0.18918365,0.12557411,0.063609537,0.82117419,26.178213,2.0271581,0.44781179,0.14407067,3590.1683,4.6750128
0,4.82757,0.695321,-0.616776,0.015729,6.87908e-05,1.82466e-05,5.05442e-05,0.943036,28.0485,0.000255913,3.08986e-05,0.144071,0.164763,2.69234
0,43.8905017,0.495478193,-1.55911094,0.0214419592,0.294920063,0.176782708,0.118137355,1.07678545,14.0934743,1.76680857,0,0.144070667,13095.7295,6.75738478
0,10.4007,0.75262,-1.00175,0.0157692,0.00269477,0.00254012,0.000154656,0.945441,30.2802,0.0385616,0.0043288,0.144071,24.9195,3.34
1,0.30585,0.74026,-1.9937,0.021817,,,,,,,,,,
2,2.1077301,0.74933172508237,-1.7058091722248,0.016499948658758,-7.6213000618363,-7.8758640186292,0.25456395679289,-0.0014533805569111,260.61658342831,-119.04125580591,0,0.14407066666667,-1180895962.3017,-229309.68947007
1,0.22408,0.83463,-1.8519,0.019793,,,,,,,,,,
2,8.0241041,0.79144119,-1.60769731,0.0233188011,0.0329719161,-0.00708406926,0.0400559854,4.17489732,30.875422,-0.113090629,0,0.144070667,13811.6104,6.94771834
0,5.83496,0.88018,-0.748996,0.00920029,0.000264929,0.000170425,9.45044e-05,0.954319,35.4986,0.00302573,0.000288682,0.144071,1.1261,2.9235
2,11.4906554,0.714195291,-1.39182032,0.0235250735,0.37112205,-0.0608938625,0.432015912,-0.202485632,18.119179,-0.877234444,0,0.144070667,-10441.5137,-0.599409914
0,43.029022,0.31531325,-1.3989244,0.022890039,0.17477572,0.12585029,0.048925427,0.7691975,10.497101,0.8004268,0.48996477,0.14407067,1744.5372,4.2894042
0,0.4287819,0.2458159214,-1.991584818,0.02427959419,0,0,0,9.052911036,9.916654319,0,0,0.1440706667,283367.3514,59.83019525
2,6.3380259,0.7420386234671852,-1.656290538500773,0.01444777377859062,-5.958164950060001,-6.061768708926595,0.1036037588665941,-7.168312633325909e-09,208.2938259351051,-90.73002762783996,0,0.1440706666666666,-101300451477876.7,-19670903895.95052
0,46.076784,0.30828366,-1.4320309,0.021871314,0.24055636,0.16202893,0.078527432,0.71976727,9.444984,1.0075538,0.78454809,0.14407067,2566.4979,4.5019585
0,0.7134809,0.6994613,-1.79546738,0.0171277576,0.000735950405,0.000735945178,5.22705261e-09,-14.2959303,28.1967543,0.0103832743,0,0.144070667,-41089.3351,-6.21746434
0,4.50477,0.804508,-0.584157,0.0202694,4.88911e-05,9.31288e-06,3.95782e-05,0.950391,32.4537,0.000151126,1.577e-05,0.144071,0.124415,2.64528
0,54.441529,0.73193363,-1.3025883,0.023156636,0.073790322,0.055784662,0.018005659,0.89708844,27.348668,0.82359116,0.14051742,0.14407067,1130.6908,4.0515866
2,13.8674888,0.498141508,-1.61387494,0.0223508568,0.206553445,-0.284131755,0.490685201,2.23635815,15.9450386,-2.85494454,0,0.144070667,14415.278,7.07331652
1,0.22844,0.88722,-1.9068,0.01455,,,,,,,,,,
2,7.3938667,0.63029847838,-1.4931331714,0.0095969388442,-0.17219465281,-0.20237634588,0.030181693068,-0.003415020288,29.805825929,-2.5729490077,0,0.14407066667,-3741926.5955,-725.39415939
0,33.7514591,0.400971320329,-1.720316007578,0.02454540581912,0.7634488693366,0.5583520906004,0.2050967787362,-5.606726805229e-05,3.826427639977,4.515924033676,0,0.1440706666667,-541500224.9167,-105149.3580374
0,10.7579842,0.3227382673,-1.842591525,0.01265617754,0.5969297134,0.07233129095,0.5245984225,0.8542364475,5.247910422,0.470870898,0,0.1440706667,234439.1809,50.17040575
2,14.113611,0.73270345,-1.5379251,0.017032863,-0.20811804,-0.45770891,0.24959087,2.9250063,35.71024,-6.7646102,0,0.14407067,9305.141,5.9825698
0,4.5607,0.620374,-0.519148,0.0144713,5.94422e-05,5.65952e-06,5.37827e-05,0.936602,25.0255,7.08204e-05,9.58341e-06,0.144071,0.0422371,2.52475
0,5.50548,0.957471,-0.772262,0.0233183,0.000129513,9.06605e-05,3.88528e-05,0.957926,38.6211,0.00175093,0.000153571,0.144071,1.64565,2.96636
0,40.4780645,0.564342618,-1.60697762,0.0167272495,0.734676679,0.359331465,0.375345215,0.348857978,6.04050766,4.09037633,9.70511287,0.144070667,32039.611,10.5298171
0,4.40728,0.986324,-0.506195,0.0151228,5.81084e-05,4.5856e-06,5.35228e-05,0.959151,39.7877,9.12307e-05,7.76495e-06,0.144071,0.0555226,2.52585
1,100.4083,0.6184324,-1.28225,0.0218374,,,,,,,,,,
0,5.99655,0.699077,-0.753763,0.0156266,0.000160748,0.00010668,5.40677e-05,0.943265,28.1975,0.00150429,0.000180697,0.144071,0.962118,2.92015
0,42.47854,0.4489566,-1.271692,0.0162806,0.07104895,0.06439126,0.006657688,0.8685885,16.82489,0.583118,0.1343953,0.1440707,483.0923,3.851243
0,31.296148,0.74409358,-1.3367686,0.018633891,0.13129055,0.092581884,0.038708665,0.85853119,26.076979,1.3895646,0.27087876,0.14407067,1747.4994,4.2279108
0,16.5905,0.591942,-1.11794,0.0238723,0.00762602,0.00731929,0.00030673,0.928896,23.6979,0.0873924,0.0127197,0.144071,88.2984,3.53351
2,12.3050058,0.589795665,-1.49494492,0.0230651734,0.136609232,-0.0628306412,0.199439873,-0.309187531,20.5430131,-0.747477697,0,0.144070667,-29156.562,-4.18320818
0,6.05057,0.726408,-0.890047,0.0242959,0.000441965,0.000394563,4.74016e-05,0.945098,29.2916,0.00578126,0.000669168,0.144071,5.74344,3.14917
0,29.73626,0.38536,-1.26541,0.02181704,0.04951907,0.0463811,0.003137965,0.8701475,14.77628,0.3605229,0.09251503,0.1440707,390.6769,3.816105
0,24.010194,0.33607623,-1.634424,0.010416293,0.35054662,0.23799364,0.11255298,8.5662304,8.805235,1.613349,0,0.14407067,2705.9643,4.7341527
0,5.65552,0.328908,-0.860084,0.0146256,0.000501306,0.000446252,5.50541e-05,0.886533,13.2621,0.0029606,0.000756492,0.144071,1.88657,3.06125
0,4.96387,0.345058,-0.545826,0.0182138,4.45713e-05,6.33457e-06,3.82367e-05,0.891539,13.9196,4.40894e-05,1.07263e-05,0.144071,0.0347677,2.54142
0,53.61994,0.7886123,-1.257004,0.0115389,0.08998051,0.07433459,0.01564592,0.8896034,28.95139,1.182442,0.157019,0.1440707,672.0893,3.890221
0,16.08847,0.3891697,-1.165643,0.01622552,0.01993913,0.01937517,0.0005639613,0.8900607,15.38676,0.1520932,0.03453548,0.1440707,110.4152,3.596987
0,27.525141,0.81886966,-1.3668979,0.010241859,0.62690956,0.27117431,0.35573525,0.70602834,12.324919,4.4790767,0,0.14407067,1478.9477,4.1973183
0,19.0018,0.254996,-1.11782,0.0244478,0.0072791,0.00713831,0.000140785,0.854228,10.2121,0.036716,0.0124001,0.144071,41.3088,3.48522
2,9.098222,0.35840221,-1.5898856,0.023072726,-0.00055725874,-0.00062591462,6.8655875e-05,2.9560675,14.466644,-0.0045249204,0,0.14407067,7270.5815,5.6267742
0,5.66476,0.62417,-0.79174,0.0246649,0.000145093,0.000110067,3.50258e-05,0.936908,25.1765,0.00138575,0.00018646,0.144071,1.40864,2.97781
0,37.1316,0.858013,-1.04983,0.0167763,0.0046702,0.00440649,0.000263703,0.950334,34.4521,0.0762627,0.00754555,0.144071,52.3075,3.4315
0,48.65735,0.2625089,-1.332073,0.02271144,0.09094891,0.08087864,0.01007027,0.8055733,9.626923,0.4282556,0.2092364,0.1440707,647.2942,3.958543
0,4.81379,0.632811,-0.708096,0.0242617,7.15055e-05,3.82244e-05,3.32811e-05,0.937762,25.5269,0.000487911,6.47355e-05,0.144071,0.487311,2.83944
0,4.45729,0.671354,-0.616795,0.0243046,4.44065e-05,1.18114e-05,3.25951e-05,0.941139,27.0824,0.000159948,2.00011e-05,0.144071,0.159446,2.69067
0,21.5545,0.319726,-1.12146,0.0187377,0.00998402,0.00975191,0.000232114,0.877752,12.7695,0.0628915,0.0169537,0.144071,52.677,3.50356
2,8.4752393,0.99476974,-1.4622377,0.010371832,0.12640537,-0.0012070254,0.1276124,3.4669781,35.058045,-0.024219443,0,0.14407067,2915.2465,4.6064334
0,44.40488,0.815238,-1.17391,0.02394759,0.01561583,0.01449459,0.001121241,0.9408525,32.37458,0.2383502,0.02602062,0.1440707,244.399,3.672098
0,19.8433287,0.3771156973,-1.676591825,0.009433992505,0.5765381393,0.420196335,0.1563418043,-0.07444311656,6.442346474,3.196333163,0,0.1440706667,-391580.5203,-74.51187956
0,40.3655,0.6755376,-1.16076,0.009245545,0.03340356,0.03169693,0.001706631,0.9197784,26.34207,0.4319087,0.05692371,0.1440707,171.8026,3.626741
0,4.90781,0.775828,-0.619029,0.0212974,5.16262e-05,1.38716e-05,3.77546e-05,0.94865,31.2967,0.000217079,2.34899e-05,0.144071,0.188122,2.70141
2,25.1651021,0.2194021438880116,-1.573565423644284,0.02206836057863177,-106.6470115339325,-106.8436831840421,0.1966716501095931,-5.06254911662638e-06,952.7917996792227,-472.8407400013647,0,0.1440706666666666,-226726932632.5998,-44026690.52641564
0,11.7355,0.9225852,-1.112446,0.02461261,0.007053767,0.006617304,0.0004364637,0.9518908,36.9562,0.1231438,0.01149602,0.1440707,125.2111,3.553125
0,4.6133,0.504593,-0.529343,0.00991576,8.55912e-05,9.41511e-06,7.61761e-05,0.923163,20.3544,9.58278e-05,1.5943e-05,0.144071,0.0397296,2.5318
0,14.2083028,0.450541838,-1.70963848,0.0205186657,0.000850884582,0.000544885472,0.000305999109,5.50013504,18.1601989,0.00495182771,0,0.144070667,22840.089,8.82868934
0,5.30063,0.522482,-0.668581,0.0146994,9.05748e-05,3.79798e-05,5.2595e-05,0.925593,21.0759,0.000400266,6.43177e-05,0.144071,0.245377,2.76463
2,9.0688586,0.8047895585,-1.577044706,0.02276004702,-134.0854971,-134.0862276,0.0007304328825,-51.18981861,4385.773758,-2176.665411,0,0.1440706667,-107930.9437,-19.46506505
0,4.5756047,0.449036969,-1.71684455,0.0147958519,0.0563001804,0.0562745678,2.56126636e-05,8.05617321,17.0950799,0.509705637,0,0.144070667,16102.4336,7.50959147
2,20.2230969,0.8012385135,-1.683447494,0.01921403738,-52.5267304,-52.61865148,0.09192108432,56.03551747,1730.165703,-850.4067541,0,0.1440706667,152570.243,34.09157001
1,0.22639,0.74632,-1.867,0.019901,,,,,,,,,,
0,7.95132,0.55187,-1.00537,0.0127217,0.00345719,0.00329623,0.000160961,0.927117,22.1865,0.0366927,0.00562161,0.144071,19.5072,3.32999
0,19.2111776,0.441382417,-1.63745346,0.0224903678,0.357435727,0.281428891,0.0760068353,1.31440953,11.4416002,2.50558349,0,0.144070667,23824.6406,8.94985676
2,2.1524752,0.890619,-1.3919352,0.02172624,-0.00048958477,-0.00048958484,7.7781158e-11,-1.0597053,35.946755,-0.0087951873,0,0.14407067,-3964.0074,0.70829723
1,0.23342,0.8551,-1.9046,0.01124,,,,,,,,,,
0,31.22205,0.5976864,-1.179076,0.02399336,0.01620889,0.01541394,0.0007949551,0.9239379,23.72091,0.1858284,0.02775284,0.1440707,194.8608,3.656005
2,14.4132061,0.5747591404,-1.602930002,0.0094267975,-0.08109528801,-0.08115683815,6.155013864e-05,-0.0604000267,25.06715389,-0.9408842004,0,0.1440706667,-729039.329,-140.1465023
0,8.4898473,0.5659109,-1.535068,0.01858525,0.00015090968,0.0001507368,1.7287146e-07,-2.2457635,22.826413,0.00172065,0,0.14407067,-7467.7918,0.1385092
2,12.727957,0.576939477,-1.60132456,0.0127324159,0.429640949,-0.0183410608,0.447982009,-0.306667636,13.2749765,-0.213441997,0,0.144070667,-74489.1521,-12.9278773
0,12.569148,0.92136833,-1.5339299,0.012256075,0.18823507,0.11646533,0.071769735,-8.7733309,30.173017,2.1644877,0,0.14407067,-2490.1398,1.1603817
0,4.96236,0.307472,-0.580142,0.0114036,7.51272e-05,1.57216e-05,5.94055e-05,0.879858,12.4031,9.75054e-05,2.66218e-05,0.144071,0.0487788,2.59314
0,30.1689,0.835486,-1.03773,0.016221,0.00414139,0.00390837,0.00023302,0.949483,33.5654,0.0658658,0.00668096,0.144071,43.6676,3.40845
0,13.7395648,0.654182893,-1.64160185,0.0159700654,0.312878397,0.294786122,0.0180922752,1.64284635,18.1337637,3.88983686,0,0.144070667,31864.1894,10.5300952
0,5.76483,0.773228,-0.750529,0.0103271,0.000237672,0.000154851,8.28211e-05,0.948367,31.186,0.00241517,0.000262299,0.144071,1.0153,2.91969
0,41.90131,0.68660125,-1.3369692,0.021349914,0.11595142,0.082621934,0.033329487,0.86506946,24.487017,1.1442611,0.23702922,0.14407067,1632.7521,4.2023396
0,6.03636,0.309795,-0.974631,0.0227136,0.00129898,0.00124724,5.17436e-05,0.879891,12.4814,0.0077938,0.00212142,0.144071,7.7909,3.24982
0,29.6332195,0.2940722338,-1.79044069,0.0197168958,0.9979982322,0.7150283513,0.2829698809,0.003227283337,0.02374777243,4.241333797,0,0.1440706667,143710.0211,32.47497782
2,0.7066868,0.44099791953,-1.7526198588,0.009678951486,0.093589044105,0.093589044105,-1.3877787808e-17,-0.02132697342,16.125636025,0.83250475481,0,0.14407066667,-9084634.1049,-1762.6473515
1,0.1769,0.72437,-1.9085,0.017464,,,,,,,,,,
0,6.44154,0.244519,-1.03804,0.0106166,0.00612872,0.00598299,0.00014573,0.849778,9.80389,0.0295091,0.0102486,0.144071,14.308,3.34573
0,5.70751,0.373023,-0.641561,0.0222656,4.99342e-05,1.77219e-05,3.22123e-05,0.898843,15.0477,0.000133343,3.00098e-05,0.144071,0.127503,2.70394
0,6.63329,0.495201,-1.01498,0.0232004,0.0021331,0.00204408,8.90292e-05,0.920516,19.9347,0.0204176,0.00348734,0.144071,19.9713,3.3409
1,0.31473,0.46441,-1.9828,0.019398,,,,,,,,,,
0,22.033,0.662148,-1.04001,0.0169679,0.00403538,0.00384541,0.000189971,0.937797,26.6044,0.0513597,0.00657627,0.144071,36.0819,3.39945
0,44.690463,0.98754751,-1.2936291,0.0093011358,0.16534981,0.12102619,0.044323616,0.84633909,33.251992,2.4108074,0.31181091,0.14407067,1298.7868,4.0823906
0,5.4528129,0.30525507,-1.5135069,0.011920512,0.19267676,0.0014681319,0.19120863,3.0818934,9.941811,0.0090396817,0,0.14407067,1796.7558,4.4156422
0,23.1534,0.648337,-1.03565,0.0235434,0.00275253,0.0026235,0.000129031,0.937433,26.0831,0.0343089,0.00448162,0.144071,33.4627,3.39071
0,24.173113,0.4351928,-1.4632238,0.013659653,0.33375745,0.0084644659,0.32529299,1.2111988,11.696858,0.074303014,0,0.14407067,2819.6371,4.5871403
1,0.31091,0.48292,-1.9311,0.021532,,,,,,,,,,
0,5.83405,0.487606,-0.894822,0.0203518,0.000550733,0.000500771,4.99621e-05,0.920404,19.6601,0.0049253,0.000849379,0.144071,4.20869,3.13767
0,0.4141227,0.2197077306782397,-1.902658814531483,0.02183307785166799,0,0,0,-3.08855919382987e-22,8.863403169607647,0,0,0.1440706666666666,-2.368910068935037e+27,-4.600038955952544e+23
0,35.4135892,0.617546461,-1.68949937,0.00948214026,0.94820411,0.723192506,0.225011604,0.0949227533,1.29038736,9.00842205,0,0.144070667,72603.1302,18.5311487
0,5.64343,0.711714,-0.787294,0.00852584,0.000403969,0.000300712,0.000103257,0.944058,28.7002,0.00431699,0.000509479,0.144071,1.50518,2.97678
0,5.72943,0.281652,-0.762921,0.0180291,0.000141767,0.000104008,3.77587e-05,0.870235,11.3608,0.000590888,0.000176168,0.144071,0.472615,2.89269
0,16.8853585,0.851879414,-1.54101484,0.00873298279,0.874862284,0.764884377,0.109977907,0.265402752,4.30052538,13.1431385,0,0.144070667,12850.1672,6.69063183
0,20.3185,0.248678,-1.07705,0.0102831,0.010345,0.0101305,0.000214506,0.849288,9.92832,0.0508152,0.0174637,0.144071,23.9286,3.41303
2,37.9025666,0.261397989,-1.59440199,0.015211769,0.243332692,-0.0525213064,0.295853999,1.17586566,7.97925562,-0.276925489,0,0.144070667,10683.5281,6.31380486
2,18.2787708,0.23435784491,-1.7693129677,0.023449089407,-0.1069959324,-11.552557707,11.445561775,-0.057930164954,10.465998953,-54.611337462,0,0.14407066667,-2689783.5912,-520.79191765
0,0.7276816,0.3049277746926,-1.985788773287,0.01408430055904,0.01654390211801,0.0165438144568,8.766120885781e-08,-0.00592221698696,12.09782026591,0.1017554795999,0,0.1440706666667,-490526846.1342,-95250.88445924
0,5.94662,0.83407,-0.773527,0.00874581,0.000347189,0.000245655,0.000101534,0.951871,33.6362,0.00413289,0.000416165,0.144071,1.46599,2.96165
0,16.4993,0.5917,-1.04283,0.0136921,0.00516007,0.00493786,0.000222205,0.930458,23.7471,0.0589339,0.00845039,0.144071,33.6586,3.39823
0,17.8243924,0.4424876205,-1.847796473,0.008443478911,0.9976617332,0.7829236366,0.2147380966,0.005103585583,0.04173979956,6.987884211,0,0.1440706667,333681.6764,69.4650305
0,40.16536,0.4611793,-1.269438,0.01189532,0.09389504,0.08527881,0.008616228,0.8554594,16.8579,0.7932976,0.1786904,0.1440707,477.4398,3.847286
0,4.33081,0.786175,-0.575056,0.0217367,4.453e-05,7.72618e-06,3.68039e-05,0.949296,31.7143,0.000122521,1.30831e-05,0.144071,0.108292,2.62904
0,5.87712,0.382851,-0.863829,0.00964538,0.000798763,0.000709871,8.88916e-05,0.900712,15.4326,0.00548195,0.00120362,0.144071,2.26725,3.07452
0,12.4191274,0.322775071,-1.57755966,0.00886899604,0.0354415069,0.0305647251,0.00487678176,-0.37219437,12.5598288,0.198996597,0,0.144070667,-42792.7187,-6.76822865
2,10.5836023,0.927853108,-1.62226907,0.0191126849,0.279590498,-0.00620732162,0.28579782,-2.07537852,26.9658321,-0.11617392,0,0.144070667,-29260.4844,-4.07624689
0,5.8279,0.844043,-0.866671,0.0173278,0.000473719,0.000409869,6.38501e-05,0.952327,34.0341,0.00697806,0.000694901,0.144071,4.90493,3.11752
0,5.93249,0.741861,-0.882339,0.0223835,0.00043823,0.000387957,5.02735e-05,0.946177,29.9149,0.00580539,0.000657874,0.144071,5.30667,3.13731
2,14.5161098,0.4187661414,-1.578899851,0.01073358435,-79.07457804,-116.218073,37.14349493,-6.309658722,1352.761969,-981.6810347,0,0.1440706667,-276597.1356,-52.26380199
0,29.9252,0.242565,-1.1718,0.0190344,0.0182588,0.0179287,0.000330042,0.841356,9.60683,0.0877207,0.03186,0.144071,78.9265,3.57977
0,6.306408,0.9059633,-1.639296,0.02297359,0.4253012,0.1147898,0.3105114,-75.92391,21.0042,2.09768,0,0.1440707,-775.3105,1.658694
0,5.71406,0.704764,-0.730531,0.0133938,0.000154366,9.23576e-05,6.20085e-05,0.943701,28.427,0.00131293,0.000156427,0.144071,0.719368,2.88193
0,21.4049477,0.212201551,-1.71443889,0.0141813391,0.455376676,0.280708078,0.174668599,0.921021093,4.66229721,1.20151344,0,0.144070667,37244.2939,11.6556777
1,0.2349,0.86934,-1.8592,0.011868,,,,,,,,,,
0,27.5992822,0.892930801,-1.64951302,0.0199472521,0.543232421,0.398564143,0.144668277,0.737017914,16.4538768,7.17862388,0,0.144070667,71340.1594,18.2450122
0,5.76611,0.458329,-0.79396,0.0217236,0.00016583,0.000128583,3.72474e-05,0.916012,18.4868,0.00118873,0.00021783,0.144071,1.08854,2.96672
0,5.91217,0.7458,-0.771012,0.0195277,0.000159221,0.000106533,5.26878e-05,0.94663,30.0821,0.00160263,0.000180463,0.144071,1.27645,2.95199
0,48.3249677,0.304880402,-1.62978919,0.0107567943,0.207946968,0.127063279,0.0808836892,1.21938136,9.74179386,0.781402396,0,0.144070667,19815.9539,8.15430424
2,1.3216816,0.90535504798,-1.8934105167,0.021803491781,0.43377490398,-0.10743001186,0.54120491584,-0.77151069238,20.680603477,-1.9618677204,0,0.14407066667,-1964871.3889,-379.88549757
0,35.671,0.68601,-1.08061,0.0192635,0.00594409,0.00567228,0.00027181,0.938513,27.5104,0.0784898,0.00975897,0.144071,62.8105,3.47373
0,4.8263898,0.611735018363,-1.60753811757,0.0184733821576,0.388588537706,0.388588205219,3.32486931875e-07,-0.000458400058923,15.0887090596,4.79488424256,0,0.144070666667,-61347462.4429,-11911.4837778
0,35.005341,0.4150112,-1.3503807,0.019665617,0.12974501,0.099323249,0.030421763,0.82337027,14.570065,0.83144955,0.30570699,0.14407067,1212.5973,4.1188773
0,5.99638,0.468561,-0.896117,0.0230015,0.000494279,0.000450514,4.37645e-05,0.917485,18.8932,0.00425794,0.000764137,0.144071,4.12547,3.13792
1,0.30118,0.64102,-1.9397,0.01234,,,,,,,,,,
2,13.3684858,0.720145346,-1.57192783,0.0124974232,-0.110046096,-0.230627561,0.120581465,2.54790384,32.2490064,-3.35009047,0,0.144070667,14930.4346,7.13320867
0,27.8753034,0.5003861789,-1.757847808,0.01054369597,0.997940051,0.7179842314,0.2799558196,0.004008419843,0.04158310827,7.246785093,0,0.1440706667,133299.1541,30.41689945
0,43.025211,0.39279501,-1.4424874,0.016868146,0.28501484,0.28501301,1.8361076e-06,0.71104145,11.329693,2.2581657,1.1634769,0.14407067,3564.3936,4.7230668
2,13.12436,0.8284245,-1.372813,0.01863236,0.2030677,-0.02664392,0.2297117,2.858269,26.63358,-0.4452216,0,0.1440707,851.7546,4.053091
0,44.41519,0.7831411,-1.202885,0.02446045,0.02210477,0.02010833,0.001996437,0.9346737,30.89495,0.3176444,0.03696186,0.1440707,340.6302,3.736819
0,0.4251406,0.948066812,-1.72662589,0.0112586998,0,0,0,27.5036037,38.2467124,0,0,0.144070667,11965.1561,6.70072153
0,5.5914,0.34579,-0.724112,0.010579,0.000175363,0.000107679,6.76839e-05,0.891662,13.9474,0.000751052,0.000182373,0.144071,0.34398,2.83753
0,5.37067,0.263794,-0.717869,0.017568,9.68763e-05,5.98492e-05,3.70271e-05,0.862689,10.6409,0.000318454,0.000101358,0.144071,0.250345,2.81494
0,30.49243,0.8221296,-1.158292,0.02046962,0.01497727,0.0140028,0.0009744758,0.9416667,32.66944,0.2322097,0.02490855,0.1440707,201.6229,3.638288
0,21.6460161,0.922607063,-1.53102727,0.0149270923,0.917561186,0.907129069,0.0104321162,0.20226259,3.06834139,16.8814999,0,0.144070667,10581.9498,6.23021441
0,6.21873,0.495932,-0.913292,0.0174919,0.000800985,0.000738279,6.27062e-05,0.921471,19.9907,0.00738528,0.00125287,0.144071,5.41907,3.16936
0,4.62619,0.730461,-0.536714,0.0113321,7.8972e-05,9.05651e-06,6.99155e-05,0.945619,29.4658,0.000133439,1.53359e-05,0.144071,0.0617245,2.56181
1,0.33438,0.99598,-1.9657,0.0088681,,,,,,,,,,
2,0.7478326,0.8699192589630216,-1.800457532927152,0.01581539180638195,-4.540662802805949,-4.540662802805949,0,-6.457286038588022e-07,194.4445756280049,-79.67523770931707,0,0.1440706666666666,-6688450158088.215,-1298788487.870057
0,6.42548,0.465776,-0.964127,0.0189584,0.00137894,0.00130627,7.26692e-05,0.916472,18.7643,0.0122726,0.00222084,0.144071,9.82581,3.25163
0,6.32234,0.651562,-0.808731,0.00942567,0.000453023,0.000358181,9.48416e-05,0.939198,26.2733,0.00470743,0.000606931,0.144071,1.82409,3.00816
0,6.23948,0.393672,-0.672833,0.00875775,0.000151122,6.73236e-05,8.37986e-05,0.903572,15.879,0.000534598,0.000114014,0.144071,0.200008,2.75836
0,26.46532,0.8129221,-1.146114,0.01372984,0.01905997,0.01791673,0.001143243,0.938481,32.16967,0.2937871,0.0317581,0.1440707,170.3642,3.611383
0,46.834783,0.36167672,-1.4267627,0.017692789,0.28975053,0.20464227,0.085108262,0.69963483,10.363027,1.4929356,0.90637836,0.14407067,2707.4372,4.5268053
0,29.3254727,0.300194012,-1.77577803,0.0220126073,0.993341949,0.701561391,0.291780558,-0.047487895,0.0806314239,4.24808186,0,0.144070667,-27468.0495,-3.57142804
0,53.7244617,0.476971346,-1.57680258,0.0150166964,0.892065287,0.230768285,0.661297002,0.167562878,2.07686657,2.22020759,0,0.144070667,15565.5126,7.26354565
0,5.81892,0.894718,-0.866712,0.0108572,0.000758136,0.000654394,0.000103742,0.954705,36.0672,0.01181,0.00110963,0.144071,5.18771,3.1205
0,4.69733,0.646167,-0.517598,0.0244444,3.52448e-05,3.28448e-06,3.19603e-05,0.938992,26.0666,4.28091e-05,5.56164e-06,0.144071,0.0430171,2.52414
2,12.3823706,0.614211502697,-1.59811107461,0.0189256793897,0.349852903706,-0.00349353550846,0.353346439215,-0.000766307352123,16.1095993245,-0.0432820953811,0,0.144070666667,-34712243.3638,-6739.33660329
0,5.8843,0.522061,-0.760476,0.00913805,0.000287348,0.00019884,8.85083e-05,0.925412,21.0548,0.00209387,0.000336826,0.144071,0.798201,2.91724
0,0.4584264,0.6073248483574671,-1.909067196503173,0.01938835356888854,0,0,0,-1.372899587459134e-06,24.50057159707488,0,0,0.1440706666666666,-1599522126690.067,-310601240.9262135
2,8.6371259,0.798593899,-1.37654089,0.0211759021,0.0239837738,-0.000882348092,0.0248661219,-0.234796538,31.4440293,-0.0142131752,0,0.144070667,-12841.927,-1.09144302
0,31.6263,0.849576,-1.04678,0.012866,0.0058534,0.0055244,0.000328995,0.949123,34.0728,0.0946701,0.00946113,0.144071,49.8092,3.42545
0,15.596994,0.59694489,-1.4666548,0.017748288,0.1271021,0.12137836,0.0057237365,1.9071545,21.020975,1.4615063,0,0.14407067,3363.1516,4.7051703
0,4.43614,0.949825,-0.507109,0.0118104,7.42495e-05,5.94099e-06,6.83085e-05,0.957638,38.3148,0.000113822,1.00601e-05,0.144071,0.0541839,2.52551
1,0.28909,0.94712,-1.8198,0.024708,,,,,,,,,,
0,46.201183,0.33174332,-1.4549174,0.010477479,0.44547188,0.44546925,2.628618e-06,0.57643757,7.4213159,2.9808841,2.1973973,0.14407067,3378.5577,4.6966592
0,5.85187,0.841574,-0.821614,0.0143148,0.000345951,0.000278277,6.76739e-05,0.952278,33.9388,0.00472383,0.000471554,0.144071,2.74212,3.04216
0,0.4141525,0.412386153135,-1.77477035745,0.00889392636039,0,0,0,-0.00389419304522,16.6363956585,0,0,0.144070666667,-68222390.8163,-13246.3215355
2,11.457074,0.788108721,-1.60341755,0.023490131,0.00977114319,-0.000443032756,0.0102141759,3.80531223,31.4830557,-0.00704282896,0,0.144070667,14624.7823,7.10428286
2,11.4017025,0.482184757,-1.66756864,0.0224885807,-0.00849848924,-0.0101008623,0.00160237309,4.97528126,19.6175106,-0.0982419785,0,0.144070667,15888.8493,7.41815485
0,6.5766,0.451128,-1.00362,0.0178719,0.00239427,0.00229502,9.92446e-05,0.913373,18.1557,0.0208839,0.00391231,0.144071,15.8418,3.31683
0,25.48141,0.264278,-1.216849,0.02186989,0.02727448,0.02668533,0.0005891568,0.8461428,10.37066,0.1422521,0.04946177,0.1440707,151.1181,3.672222
1,70.8574,0.715718,-1.27333,0.0190651,,,,,,,,,,
0,5.80823,0.895531,-0.744614,0.0150489,0.000156158,9.84946e-05,5.76633e-05,0.955135,36.1217,0.00177917,0.000166828,0.144071,1.08222,2.91707
0,31.05159,0.3167724,-1.302019,0.009191131,0.1669824,0.1543685,0.01261395,0.7746822,10.64527,0.9863501,0.3514491,0.1440707,505.9433,3.888382
2,14.6050561,0.764637659,-1.56956862,0.0237133982,-0.519851579,-0.800094807,0.280243227,3.41603042,46.8826367,-12.340203,0,0.144070667,15706.112,7.28407585
2,0.743057,0.2186269552191,-1.945721153643,0.01805342900026,-0.7392706676723,-0.7392707160711,4.839878553486e-08,-0.006186309653587,15.34002422263,-3.26011094834,0,0.1440706666667,-355892892.181,-69107.17885915
1,0.31413,0.90952,-1.9899,0.024973,,,,,,,,,,
0,9.60732,0.614483,-1.01103,0.023149,0.00204852,0.00194867,9.98573e-05,0.934755,24.7386,0.0241531,0.00332223,0.144071,23.1994,3.34528
0,34.64012,0.7211694,-1.160416,0.01481073,0.02097679,0.01980863,0.001168163,0.9313727,28.48298,0.2881489,0.03537785,0.1440707,182.6448,3.631647
0,34.5078,0.592455,-1.0925,0.0161698,0.00817101,0.00784364,0.000327371,0.928599,23.7054,0.0937343,0.0135434,0.144071,63.7223,3.48653
0,5.6003,0.827325,-0.784139,0.0241179,0.000139427,0.000102097,3.73302e-05,0.951633,33.3711,0.00170378,0.000172953,0.144071,1.66727,2.97892
0,5.52457,0.657898,-0.644756,0.0245374,4.91277e-05,1.67546e-05,3.2373e-05,0.940005,26.5395,0.00022234,2.83724e-05,0.144071,0.224039,2.73612
0,5.773,0.23909,-0.78325,0.016678,0.00018447,0.00014597,3.85e-05,0.85057,9.6436,0.00070397,0.00024727,0.14407,0.53292,2.9192
0,13.9546,0.337268,-1.05845,0.0181479,0.00467184,0.00454325,0.000128594,0.886423,13.5424,0.0309077,0.00779191,0.144071,24.6243,3.39603
0,37.18571,0.5082362,-1.181181,0.01403825,0.02799959,0.02687817,0.001121415,0.9057464,19.92908,0.2755437,0.04873356,0.1440707,171.577,3.647051
1,0.23558,0.87445,-1.9938,0.016336,,,,,,,,,,
0,5.35201,0.481292,-0.726005,0.0186451,0.000104265,6.26019e-05,4.16636e-05,0.919732,19.4142,0.000607745,0.000106024,0.144071,0.475625,2.8561
0,5.56737,0.522936,-0.725556,0.0118848,0.000164035,9.76419e-05,6.63936e-05,0.925606,21.0927,0.00102994,0.000165375,0.144071,0.510512,2.8593
0,40.05259,0.6052255,-1.209522,0.01237322,0.04554028,0.04266949,0.002870788,0.9054958,23.30397,0.5209066,0.07957143,0.1440707,288.8156,3.724915
0,31.88269,0.2060571,-1.298661,0.02002766,0.07536119,0.0730651,0.002296095,0.7848601,7.686255,0.3036845,0.1544776,0.1440707,345.347,3.834217
0,5.92398,0.752465,-0.769404,0.0189272,0.000153591,0.000107669,4.59219e-05,0.947075,30.3511,0.00163418,0.000182381,0.144071,1.26093,2.94975
2,20.4252182,0.932274151621,-1.77844572746,0.0188636916316,0.629563509145,-0.366771351568,0.996334860712,-0.0223668659528,13.9319712859,-6.89706341664,0,0.144070666667,-10427866.4239,-2023.46253113
2,0.7520148,0.341734189,-1.95398669,0.0249543405,-0.00663225441,-0.0474021271,0.0407698726,-89.4812145,13.8776023,-0.326746866,0,0.144070667,-24752.3441,-2.86052439
0,4.82843,0.984214,-0.643037,0.0162328,7.56105e-05,2.47727e-05,5.08378e-05,0.959055,39.702,0.000491799,4.1951e-05,0.144071,0.321322,2.75295
1,0.33144,0.96999,-1.9074,0.01092,,,,,,,,,,
0,0.4289871,0.3861803483518,-1.7709828120485,0.013173542296046,0,0,0,-0.00013898004696467,15.579206580738,0,0,0.14407066666667,-1705098359.2241,-331101.24253501
0,40.4450487,0.279541091,-1.68142472,0.021533421,0.770947276,0.555208981,0.215738295,0.285601904,2.58307064,3.13059804,0,0.144070667,43544.8459,12.8541592
0,19.8558462,0.845967717,-1.53366631,0.0191132214,0.0296248168,0.0201680024,0.0094568144,2.36789077,33.1168208,0.344145303,0,0.144070667,10092.2102,6.13531915
0,24.6571131,0.8438461115,-1.883806188,0.01491486126,0.9947786214,0.6900923493,0.3046862721,0.01157926958,0.1777475433,11.74615254,0,0.1440706667,994622.05,197.9010545
0,12.702555,0.8785849375,-1.76945708,0.01932880119,0.2921717416,0.2321119309,0.06005981076,1.623087386,25.08804479,4.113451568,0,0.1440706667,230552.7219,49.34172509
0,73.013402,0.90145368,-1.3936782,0.012324913,0.33005768,0.2169631,0.11309458,0.72097227,24.363293,3.9450678,0.85067145,0.14407067,4038.3176,4.7727003
2,12.6045166,0.6045683837,-1.838507673,0.02133099502,-4.577656284,-5.208383407,0.630727123,18.01319217,136.0355277,-63.51459729,0,0.1440706667,273465.1539,57.75244436
0,5.86378,0.325295,-0.917371,0.0232474,0.000625492,0.000585378,4.01145e-05,0.885343,13.1148,0.00384095,0.000993393,0.144071,3.89925,3.15624
0,5.75858,0.703718,-0.761374,0.0241179,0.000111555,7.62195e-05,3.53357e-05,0.943649,28.3861,0.00108191,0.000129102,0.144071,1.06759,2.93313
0,33.8365,0.615187,-1.07459,0.0129669,0.00814206,0.00780035,0.000341707,0.930898,24.6157,0.0967935,0.0134182,0.144071,52.4419,3.45642
0,33.5455,0.80739,-1.05575,0.0128846,0.00653053,0.00618174,0.000348787,0.94635,32.3589,0.100674,0.0106015,0.144071,53.2372,3.43851
0,13.8666,0.794356,-0.996801,0.0243905,0.00164182,0.00154254,9.92868e-05,0.948757,31.9931,0.0247158,0.00262644,0.144071,24.6223,3.33438
1,0.23879,0.79019,-1.8554,0.0094368,,,,,,,,,,
0,40.231761,0.69192635,-1.5712378,0.011865556,0.75420015,0.69986544,0.054334707,0.93119538,6.8611459,9.7678636,0,0.14407067,8614.8061,5.8778698
0,5.50798,0.293308,-0.761357,0.0178566,0.000141598,0.000102925,3.86732e-05,0.874743,11.8309,0.000608932,0.000174333,0.144071,0.479902,2.89191
0,49.37064,0.2551212,-1.340376,0.01564628,0.1387969,0.1225655,0.01623144,0.7717517,8.863543,0.6307248,0.3379035,0.1440707,692.1031,3.978987
0,6.05058,0.384366,-0.827176,0.00871997,0.000582746,0.000490588,9.21581e-05,0.901198,15.497,0.00380354,0.000831437,0.144071,1.42105,3.0137
0,45.6628362,0.880269711,-1.53609047,0.0235028957,0.871805483,0.205010182,0.666795301,0.23782194,4.5523996,3.64012552,0,0.144070667,14249.8673,6.96281898
0,63.99956,0.6069799,-1.2496,0.008488292,0.1064977,0.09527687,0.0112208,0.8648741,21.87888,1.166506,0.1940863,0.1440707,475.0341,3.826722
2,41.029159,0.33673722,-1.4914873,0.015561399,-1.3506593,-1.6559065,0.30524714,3.4882435,31.932725,-11.247399,0,0.14407067,3842.6903,4.8299704
1,0.39364,0.20309,-1.9325,0.020077,,,,,,,,,,
0,7.24966,0.478367,-0.589023,0.0141097,6.7489e-05,1.42415e-05,5.32476e-05,0.919305,19.2969,0.000137418,2.41159e-05,0.144071,0.0814118,2.62835
0,8.60654,0.408889,-0.853886,0.0140016,0.000491789,0.000430496,6.12932e-05,0.906609,16.4872,0.00355058,0.000729736,0.144071,2.11791,3.06104
0,40.757105,0.52897516,-1.406382,0.015529863,0.24328815,0.24328588,2.2698555e-06,0.76156594,16.148083,2.5958367,0.7947777,0.14407067,2983.0743,4.5649306
0,4.81497,0.262711,-0.689354,0.0195019,7.07519e-05,3.73812e-05,3.33706e-05,0.862217,10.5975,0.000198087,6.33044e-05,0.144071,0.172955,2.76741
0,5.34391,0.3809,-0.675251,0.0174886,7.64294e-05,3.47782e-05,4.16512e-05,0.90071,15.365,0.000267204,5.88953e-05,0.144071,0.200273,2.76085
0,5.70846,0.597104,-0.77344,0.00903161,0.00033041,0.000237621,9.27894e-05,0.934121,24.0803,0.00286193,0.000402547,0.144071,1.06826,2.94523
0,17.9695,0.238125,-1.14765,0.021261,0.0121294,0.0119139,0.000215459,0.842782,9.48988,0.0572249,0.0209169,0.144071,57.0772,3.53473
0,43.088127,0.45058246,-1.3646396,0.014608014,0.20119763,0.14790585,0.053291779,0.78074904,14.520073,1.3442647,0.49427,0.14407067,1530.559,4.2068446
0,11.39395,0.9864572,-1.102477,0.01613506,0.009503016,0.008889095,0.0006139218,0.9529817,39.41727,0.1768728,0.01542865,0.1440707,117.3648,3.538308
2,0.9830648,0.852988763,-1.82863045,0.0179107086,-0.498239023,-0.49823905,2.74372033e-08,-18.0998234,51.5560434,-8.57247532,0,0.144070667,-90854.4124,-15.8886443
0,4.43185,0.873103,-0.564329,0.0200316,4.75848e-05,7.30471e-06,4.02801e-05,0.954108,35.2209,0.000128645,1.23694e-05,0.144071,0.104257,2.61637
0,4.69866,0.926829,-0.631585,0.0137577,8.49952e-05,2.52311e-05,5.97641e-05,0.956627,37.3868,0.000471695,4.27271e-05,0.144071,0.261855,2.73097
2,8.2292819,0.48668319605,-1.74835653715,0.0189529629309,-0.00109972146119,-0.00307285819998,0.00197313673879,-0.00887772008715,19.6552629438,-0.0301657440387,0,0.144070666667,-25183408.8653,-4888.82483156
0,21.2934,0.274048,-1.13386,0.0165289,0.013162,0.0128964,0.000265664,0.859087,10.9101,0.0712886,0.0225389,0.144071,53.9268,3.51742
0,22.160587,0.44999879,-1.4595769,0.016101614,0.96464214,0.73441353,0.23022861,0.070492974,0.641878,6.6661822,0,0.14407067,2536.8948,4.52316
0,14.3272,0.983601,-1.08776,0.0214661,0.00593807,0.00556344,0.000374624,0.955203,39.4446,0.110379,0.00959966,0.144071,96.9924,3.50984
0,21.047,0.262446,-1.14846,0.0189744,0.0137482,0.0134824,0.000265757,0.853693,10.442,0.0713727,0.0236828,0.144071,62.6497,3.54141
0,24.9826,0.488155,-1.04634,0.0094713,0.00774415,0.00745665,0.000287503,0.915899,19.5405,0.073422,0.0127803,0.144071,29.4359,3.39403
0,15.3683,0.24061,-1.05729,0.00889573,0.00931576,0.00911377,0.000201994,0.845813,9.61622,0.044232,0.0156616,0.144071,18.0544,3.37765
0,0.359921,0.240614,-1.25028,0.0151174,0,0,0,-4.06333,9.7068,0,0,0.144071,-45.2549,1.55742
0,11.62383,0.4386516,-1.172893,0.02272518,0.01565517,0.01514113,0.0005140453,0.9027332,17.41896,0.1339686,0.02706438,0.1440707,135.2712,3.619496
0,6.59906,0.259251,-0.558758,0.0162246,4.73848e-05,8.39618e-06,3.89886e-05,0.860649,10.4581,4.39063e-05,1.42171e-05,0.144071,0.0319487,2.55001
0,25.1931,0.894035,-1.0231,0.0229457,0.00244204,0.00229351,0.000148524,0.953576,35.9789,0.04136,0.00391372,0.144071,38.6207,3.38653
0,6.62073,0.539311,-0.76049,0.022195,0.000118482,8.18884e-05,3.65937e-05,0.927728,21.7542,0.000890813,0.000138703,0.144071,0.822813,2.91882
1,0.49832,0.51805,-1.987,0.021968,,,,,,,,,,
0,6.93319,0.837961,-0.788256,0.0193069,0.000181489,0.000134457,4.70319e-05,0.95219,33.7987,0.00227265,0.00022778,0.144071,1.77927,2.9864
0,15.2288,0.3996893,-1.164711,0.01759847,0.01820518,0.01767672,0.000528453,0.8934615,15.83064,0.1425114,0.03146232,0.1440707,111.8215,3.596979
1,0.27983,0.7711,-1.8449,0.012373,,,,,,,,,,
0,6.64019,0.38135,-0.819073,0.016956,0.000274165,0.000227407,4.67587e-05,0.900691,15.3801,0.00174925,0.000385321,0.144071,1.27164,2.99986
0,15.8189,0.295692,-1.13396,0.0226444,0.00962222,0.00941505,0.000207173,0.869753,11.814,0.0561549,0.0164732,0.144071,57.7532,3.52178
2,49.145777,0.68035368,-1.53902509,0.0217352193,0.667018438,-0.333503256,1.00052169,0.562179528,9.13924018,-4.57677947,0,0.144070667,12566.8959,6.63249003
2,2.6024216,0.318114572,-1.82853902,0.0115729372,-3.93260306e-05,-0.00022772654,0.00018840051,5.53486134,12.833816,-0.00146124279,0,0.144070667,73871.9941,18.9174714
2,7.363007,0.8892494,-1.374782,0.02184429,0.00133298,-0.0002251353,0.001558115,5.573811,35.82609,-0.004038242,0,0.1440707,602.5855,3.988893
0,5.29178,0.96921,-0.563198,0.0232991,4.10117e-05,6.18977e-06,3.48219e-05,0.958471,39.0981,0.000121009,1.04814e-05,0.144071,0.113546,2.61962
0,59.15181,0.893462,-1.247224,0.01158546,0.08159456,0.0668481,0.01474645,0.9007163,33.10287,1.204732,0.1379265,0.1440707,669.385,3.879709
2,16.2313811,0.2077776745,-1.817197391,0.0137992997,-0.658566317,-0.8313267768,0.1727604598,3.125351157,13.90230745,-3.484141793,0,0.1440706667,122503.9648,28.37565906
2,25.3360798,0.884718011,-1.72166317,0.0146464813,-0.717598398,-1.21602026,0.498421863,14.3502928,61.3029905,-21.7005555,0,0.144070667,34486.6111,11.123452
0,7.18156,0.587967,-0.946083,0.0160844,0.00130847,0.00122199,8.64837e-05,0.932541,23.6886,0.0144925,0.00207612,0.144071,9.66867,3.23273
0,5.94935,0.474212,-0.610486,0.0130882,7.78394e-05,2.02263e-05,5.76131e-05,0.918649,19.1291,0.00019347,3.42507e-05,0.144071,0.106397,2.66357
0,22.7760272,0.2561839541,-1.802073818,0.0202333539,0.4992089333,0.3924707171,0.1067382162,0.8854944141,5.17563527,2.028076598,0,0.1440706667,132548.2145,30.31501488
0,5.54254,0.578388,-0.548896,0.022901,3.89406e-05,5.24057e-06,3.37e-05,0.932327,23.3323,6.11397e-05,8.87394e-06,0.144071,0.0579694,2.57077
0,47.209742,0.21817903,-1.4109055,0.014601814,0.26667431,0.19924723,0.067427085,0.66523435,6.4545365,0.87686039,0.89586128,0.14407067,1446.6894,4.2339288
2,26.758826,0.577809793,-1.71847848,0.0177293937,-0.144897841,-0.852358406,0.707460565,2.36496607,26.6874329,-9.93418668,0,0.144070667,87447.1908,21.452162
0,0.5443065,0.5304759030085759,-1.858613887121861,0.02260982459823297,0,0,0,-3.757429535518758e-13,21.40034756907335,0,0,0.1440706666666666,-2.670125903471856e+18,-518495122898029.4
0,56.67712,0.9420696,-1.16177,0.01579391,0.02049678,0.01887676,0.001620012,0.9439085,37.2258,0.3587036,0.03375724,0.1440707,239.6669,3.658034
0,7.82681,0.482757,-0.996674,0.010926,0.00359366,0.0034333,0.000160361,0.917735,19.4053,0.0334322,0.0058535,0.144071,15.4141,3.3084
0,21.75724,0.7230093,-1.154176,0.01696667,0.01696391,0.01604319,0.0009207241,0.9341256,28.6727,0.2339698,0.02850373,0.1440707,169.1995,3.618867
2,6.3392902,0.69749354,-1.5815439,0.010190953,-0.10967927,-0.10967972,4.4532167e-07,6.1939914,31.224309,-1.5430916,0,0.14407067,6728.2762,5.5091425
0,0.9135944,0.3770621351,-1.904226234,0.02170895162,0.1659990787,0.1659990787,0,6.637033352,12.68628953,1.262536,0,0.1440706667,160993.5156,35.95077286
0,23.0293702,0.385041027,-1.65516253,0.0179854763,0.206222587,0.154998513,0.0512240737,1.5383444,12.3299385,1.20381489,0,0.144070667,27540.178,9.69650955
0,10.007772,0.732715174,-1.61644985,0.0121460541,0.541371416,0.0339694322,0.507401984,-2.30893354,13.5566215,0.502051933,0,0.144070667,-12269.9516,-0.73812462
0,44.814314,0.77121826,-1.367649,0.01487833,0.18632677,0.18632405,2.7148933e-06,0.82229592,25.315266,2.8984872,0.50441639,0.14407067,2633.5106,4.4519138
0,6.60391,0.301165,-0.584897,0.0193983,4.43467e-05,9.82438e-06,3.45223e-05,0.877669,12.149,5.96809e-05,1.66356e-05,0.144071,0.0509157,2.6001
0,7.06347,0.294106,-0.97047,0.0207784,0.00134639,0.00129267,5.37173e-05,0.874295,11.8488,0.0076686,0.0021983,0.144071,7.0559,3.24042
0,6.67743,0.736129,-0.743711,0.0238916,9.68417e-05,6.13273e-05,3.55143e-05,0.946003,29.6939,0.000910611,0.000103871,0.144071,0.887875,2.90596
0,6.91604,0.938441,-0.741787,0.0149834,0.00015349,9.53983e-05,5.80921e-05,0.957096,37.8526,0.00180581,0.000161583,0.144071,1.0914,2.91468
1,0.29957,0.83445,-1.9641,0.022661,,,,,,,,,,
0,53.80112,0.2658036,-1.247923,0.01119473,0.07541262,0.07353203,0.001880597,0.8165981,9.914344,0.3942417,0.1440272,0.1440707,223.1264,3.737301
2,52.104014,0.83393467,-1.4063742,0.016241213,-1.0701403,-1.1568348,0.086694478,4.3364687,69.644524,-19.459359,0,0.14407067,2259.2179,4.4100806
0,60.765993,0.25500125,-1.4342843,0.016594597,0.31860155,0.22145866,0.097142888,0.64980857,7.0096868,1.1390955,1.0643837,0.14407067,2171.7779,4.4189831
2,5.484627,0.9974724,-1.410271,0.01304265,0.2841003,-0.002568622,0.286669,4.554899,28.80768,-0.05168045,0,0.1440707,935.3495,4.111592
2,9.3928833,0.91271584,-1.4753561,0.02272775,0.45021594,-0.018391446,0.46860739,2.5379996,20.243374,-0.33859195,0,0.14407067,2721.512,4.5783983
2,17.3090221,0.6870947909,-1.785543216,0.01777313431,0.451853461,-0.2774123216,0.7292657826,1.274751332,15.19387323,-3.844745288,0,0.1440706667,218586.8365,47.03149196
0,39.754625,0.44240249,-1.3306962,0.017443045,0.1195847,0.095000446,0.02458425,0.83540323,15.713044,0.84775114,0.26765921,0.14407067,1000.9352,4.0482349
0,48.1774,0.9862376,-1.234622,0.01807251,0.04665875,0.03821329,0.008445461,0.9282072,37.9302,0.7601884,0.07520407,0.1440707,633.0491,3.857183
0,33.944905,0.26683884,-1.5195298,0.024706983,0.3796801,0.36364044,0.016039658,1.1200765,6.6775927,1.9572504,0,0.14407067,3587.6624,4.804962
0,10.2079018,0.256856877,-1.55816016,0.024755669,0.0266728111,0.00544646503,0.0212263461,-0.942623683,10.0856808,0.0282183157,0,0.144070667,-10575.5697,-0.459757062
0,6.8928,0.530378,-0.853469,0.0169308,0.000408974,0.000354125,5.4849e-05,0.926416,21.3876,0.0037885,0.000600257,0.144071,2.6743,3.07272
0,6.92967,0.488568,-0.892868,0.0191856,0.000570745,0.000518048,5.26965e-05,0.920535,19.6984,0.00510528,0.000878667,0.144071,4.11178,3.1345
0,21.8972081,0.65585001,-1.62961477,0.00842042996,0.21551273,0.12285161,0.0926611202,1.60829693,20.7560924,1.62521399,0,0.144070667,31939.0492,10.5327652
2,19.8741818,0.996895487,-1.716628948,0.02331098691,0.8580839243,-2.25102206,3.109105984,0.3117756543,5.707374747,-45.26416898,0,0.1440706667,138528.9865,31.39320656
0,6.71471,0.662307,-0.735754,0.0191099,0.000112667,6.92247e-05,4.34424e-05,0.94034,26.7156,0.000924796,0.000117245,0.144071,0.725558,2.8876
0,6.6923,0.22204,-0.72043,0.017241,9.7931e-05,6.3023e-05,3.4908e-05,0.84098,8.9568,0.00028227,0.00010673,0.14407,0.22339,2.8116
0,5.55677,0.610651,-0.592786,0.0141034,7.04923e-05,1.49533e-05,5.5539e-05,0.93565,24.633,0.000184185,2.53214e-05,0.144071,0.107165,2.64624
0,4.0218329,0.2569974540656332,-1.705754791903686,0.02319443157767485,4.09972887122673e-05,4.099714784660865e-05,1.408656586559046e-10,-1.709481458557904e-07,10.36731231685324,0.0002125238308138497,0,0.1440706666666666,-399105181453.1418,-77499749.1996267
2,0.971868,0.65339806147221,-1.9662437035338,0.012025730255781,0.1729512222375,0.1729512222375,-5.5511151231258e-17,-0.0036874913929613,21.800383421806,2.2794320355857,0,0.14407066666667,-1104439607.2227,-214462.84208064
2,11.3951722,0.430065934,-1.6297822,0.0167926488,0.0164368493,-0.00783976658,0.0242766159,3.73239954,17.0644564,-0.0680085235,0,0.144070667,11339.1608,6.47955858
2,23.7916766,0.81119340541,-1.713001147,0.022654676519,-22.52911478,-22.645631459,0.11651667894,-1.5426283759,769.99014347,-370.53907848,0,0.14407066667,-3605228.7729,-698.62788022
1,952.1576,0.5945256,-1.292868,0.01563488,,,,,,,,,,
0,6.63545,0.841852,-0.812898,0.0199475,0.000226231,0.000178569,4.76621e-05,0.952371,33.9542,0.00303227,0.000302558,0.144071,2.45257,3.02766
0,40.8654249,0.4823617291,-1.767245158,0.0175612286,0.9676858357,0.5872471603,0.3804386754,-0.02012791511,0.6288121705,5.713719805,0,0.1440706667,-452927.1999,-86.34123417
2,0.8375213,0.2041225158465124,-1.924618472485624,0.01044210309080618,-103.2586779798135,-103.2586780987669,1.18953423111634e-07,-1.707559074325874e-05,858.535568330537,-425.1504508034786,0,0.1440706666666666,-5502845447316.022,-1068563291.455425
0,41.889029,0.94465656,-1.4436703,0.021637541,0.091804551,0.034944194,0.056860357,2.2944803,34.610545,0.66584654,0,0.14407067,3425.9855,4.6953382
1,0.27312,0.47991,-1.8562,0.018474,,,,,,,,,,
0,88.34174,0.75164757,-1.2978134,0.013115,0.12125425,0.092586439,0.028667814,0.8660023,26.646039,1.4037404,0.23334631,0.14407067,1073.2976,4.0329902
0,61.13398,0.8510563,-1.172848,0.01360767,0.02704697,0.02502582,0.002021152,0.9352845,33.40453,0.4296074,0.04517223,0.1440707,250.2386,3.673383
0,6.68962,0.801761,-0.908889,0.0185394,0.00072868,0.000658337,7.0343e-05,0.949789,32.3209,0.0106468,0.00111707,0.144071,8.03289,3.18569
1,0.59282,0.87186,-1.8569,0.023392,,,,,,,,,,
0,6.71636,0.787448,-0.809223,0.0188312,0.000229879,0.000180437,4.94424e-05,0.949254,31.7598,0.00286598,0.000305716,0.144071,2.19547,3.01824
0,16.806536,0.54454831,-1.4619553,0.023380793,0.055242484,0.00015639637,0.055086088,2.3173868,20.754484,0.0017178619,0,0.14407067,2572.6272,4.5331957
2,1.2248588,0.524787029,-1.7952004,0.00847011514,0.0421073253,-0.00724277685,0.0493501022,18.0308415,20.2794004,-0.0766678646,0,0.144070667,23350.2853,9.01445825
0,7.59359,0.611508,-0.967305,0.0104085,0.00263241,0.00247636,0.000156047,0.934088,24.6044,0.0305451,0.00421363,0.144071,13.1676,3.2705
0,54.45008,0.8872863,-1.159985,0.01265035,0.02480253,0.0230174,0.001785136,0.9385827,34.90692,0.4119506,0.04119049,0.1440707,220.8899,3.648411
0,6.75738,0.587951,-0.839761,0.0105471,0.000564489,0.00047671,8.7779e-05,0.933016,23.7056,0.00565354,0.000808001,0.144071,2.468,3.05485
0,15.2063,0.323644,-0.70449,0.0214692,7.38214e-05,4.12442e-05,3.25772e-05,0.88517,13.0554,0.00026925,6.98443e-05,0.144071,0.252085,2.80192
0,5.66371,0.988873,-0.587809,0.0237943,4.25918e-05,8.31434e-06,3.42775e-05,0.959262,39.8912,0.000165842,1.40791e-05,0.144071,0.158791,2.66148
0,33.60481,0.4351574,-1.195764,0.01386767,0.03356861,0.03237851,0.001190098,0.8906212,16.96573,0.2842028,0.05949646,0.1440707,179.1478,3.665323
0,7.23706,0.693016,-0.819432,0.0168067,0.000285441,0.000230479,5.4962e-05,0.942718,27.9495,0.00322181,0.000390539,0.144071,2.21808,3.02898
0,6.01327,0.337177,-0.689878,0.0109286,0.000131522,6.71543e-05,6.43678e-05,0.889231,13.6005,0.000456728,0.000113728,0.144071,0.216676,2.77953
0,39.43124,0.988185,-1.203634,0.01421493,0.03959696,0.03454184,0.005055116,0.9329962,38.28661,0.6885078,0.06421713,0.1440707,426.9725,3.765942
0,54.84487,0.5770572,-1.276997,0.0205294,0.06248206,0.05276118,0.009720877,0.8913975,21.82497,0.6141275,0.1140952,0.1440707,653.6773,3.905211
2,35.50431,0.5539639,-1.432373,0.01038164,0.0638513,-0.07794368,0.141795,4.550637,20.92095,-0.8709386,0,0.1440707,903.1239,4.125634
0,10.49475,0.4898546,-1.152541,0.01584374,0.01749864,0.01688734,0.0006112947,0.9099035,19.41581,0.1668606,0.02988949,0.1440707,115.1791,3.586981
1,0.58394,0.51292,-1.8728,0.019268,,,,,,,,,,
0,5.80711,0.617904,-0.61346,0.0129796,8.15885e-05,2.11895e-05,6.0399e-05,0.93635,24.9253,0.000264099,3.58822e-05,0.144071,0.141312,2.68113
0,2.3239031,0.386578025,-1.83257586,0.0221846482,0.000120104892,0.000115187313,4.91757887e-06,7.88438935,15.5933765,0.000898187449,0,0.144070667,66362.4118,17.4577608
0,6.45958,0.590591,-0.672144,0.00988002,0.000138966,5.91502e-05,7.98156e-05,0.933567,23.8222,0.000704642,0.000100172,0.144071,0.287858,2.7764
0,5.19633,0.738293,-0.504175,0.0204791,4.19611e-05,3.29951e-06,3.86616e-05,0.946188,29.7828,4.91365e-05,5.58711e-06,0.144071,0.0410511,2.50831
0,0.524732,0.9782845301764576,-1.870008135717247,0.02067934297474789,0,0,0,-7.5434835377463e-27,39.46574924230887,0,0,0.1440706666666666,-2.839307054383937e+32,-5.513473571391684e+28
0,24.556062,0.42725218,-1.5202006,0.010449517,0.030520387,0.017171266,0.01334912,2.2451019,16.710065,0.14798298,0,0.14407067,4517.7661,4.9980884
0,44.753232,0.68634912,-1.379754,0.024560061,0.12980457,0.12980299,1.578458e-06,0.85613992,24.094452,1.7970284,0.35697769,0.14407067,2812.4197,4.5021373
2,5.2615788,0.293750302,-1.50146545,0.0164667607,-2.06502742,-2.0745216,0.00949417892,-1.07079779,36.321841,-12.2919689,0,0.144070667,-16185.6054,-1.62769682
0,38.90066,0.2304989,-1.375291,0.01730631,0.1648531,0.1350074,0.0298457,0.7421729,7.765814,0.6276996,0.4783739,0.1440707,987.3952,4.0895
2,43.4508631,0.33760746405,-1.6314425798,0.023670674518,-14.157559591,-14.239033783,0.081474192429,-0.27667691183,206.44125482,-96.965609271,0,0.14407066667,-1890438.2738,-365.69177806
0,0.5346489,0.3129381023338455,-1.971078549530625,0.0213918646691262,0,0,0,-1.073629482946407e-48,12.62448326034948,0,0,0.1440706666666666,-2.337431886218971e+54,-4.538913433014651e+50
0,220.23829,0.8830346,-1.2908428,0.023174194,0.067163828,0.050059044,0.017104785,0.91015916,33.230606,0.89163158,0.12074789,0.14407067,1164.5079,4.0479221
0,16.6273923,0.338978616232,-1.675671752,0.0148807453534,0.550296225973,0.429888407161,0.120407818812,-0.000805750558633,6.14970100215,2.93936288843,0,0.144070666667,-34128905.1744,-6625.98336112
2,35.9077872,0.8161028982,-1.486105845,0.01434582103,-1.48290041,-1.694782336,0.2118819257,-0.1490436443,81.744659,-27.89870338,0,0.1440706667,-214848.2183,-40.35297748
2,4.9057647,0.22221705,-1.6027385,0.01982518,0.00021276099,-0.0012835645,0.0014963255,7.6727212,8.9627264,-0.0057533429,0,0.14407067,2046.9415,4.5601542
0,6.67383,0.915729,-0.8635,0.0241116,0.000329326,0.000282828,4.64983e-05,0.955966,36.93,0.00522414,0.000479454,0.144071,5.09035,3.11629
0,6.75969,0.585207,-0.898861,0.0139434,0.000848777,0.000769659,7.91174e-05,0.932543,23.5882,0.00908517,0.00130578,0.144071,5.24928,3.15326
0,50.696701,0.51554568,-1.4112707,0.012569185,0.29997147,0.29996867,2.7955351e-06,0.71839026,14.559218,3.1193796,1.0456283,0.14407067,3035.9834,4.5809967
1,0.52616,0.95162,-1.7822,0.022743,,,,,,,,,,
0,5.10007,0.811708,-0.506198,0.0248377,3.50085e-05,2.79215e-06,3.22164e-05,0.950818,32.7446,4.57155e-05,4.72798e-06,0.144071,0.0460963,2.51629
2,12.7843419,0.665461325,-1.60720042,0.0237639353,0.185503301,-0.0230200602,0.208523361,2.55314489,21.8658979,-0.30899713,0,0.144070667,15892.6835,7.35854359
0,7.24741,0.566657,-0.923761,0.0138652,0.00115257,0.001065,8.75647e-05,0.930309,22.8336,0.012173,0.00180806,0.144071,7.01329,3.19339
0,5.79345,0.521877,-0.682159,0.0225405,6.38835e-05,2.94872e-05,3.43964e-05,0.925531,21.0521,0.000310403,4.99358e-05,0.144071,0.291822,2.78712
0,31.280479,0.66770379,-1.4118955,0.0094127639,0.19442066,0.16330226,0.031118408,1.5146864,21.69938,2.1993847,0,0.14407067,2163.3768,4.3947638
2,29.779425,0.65159158,-1.4562853,0.012010977,0.73747485,-0.1965,0.93397485,0.51107947,6.9008335,-2.5826359,0,0.14407067,3606.1735,4.7455765
0,7.43663,0.87049,-0.960104,0.024465,0.00103851,0.000961525,7.6987e-05,0.953333,35.0806,0.016883,0.00163429,0.144071,16.77,3.27643
0,4.8417352,0.990461723,-1.76813073,0.0222517864,0.359503791,0.0500223215,0.30948147,4.69573221,25.5923064,0.999370926,0,0.144070667,79919.4432,20.0354226
2,14.484739,0.30148862,-1.5881945,0.016732354,0.67505053,-0.2393008,0.91435133,0.99638863,3.9522275,-1.4552589,0,0.14407067,5766.2694,5.3210591
0,57.81983,0.5798814,-1.26214,0.01683314,0.06385524,0.05582529,0.008029949,0.8907715,21.89966,0.6529731,0.1149753,0.1440707,542.3477,3.859143
0,6.69628,0.434282,-0.769304,0.0109624,0.000256813,0.000185651,7.1162e-05,0.911719,17.5152,0.00162628,0.000314487,0.144071,0.754922,2.92319
2,6.4239173,0.25403361,-1.5062958,0.012446977,0.015515986,-0.01113636,0.026652346,2.0769957,10.08916,-0.057063657,0,0.14407067,2466.2326,4.5547059
0,38.8709,0.920911,-1.03478,0.00917434,0.00707496,0.00664492,0.000430034,0.951805,36.8883,0.123433,0.0113738,0.144071,46.0954,3.40876
2,25.5502817,0.294212369734,-1.70767863882,0.022072186099,-710.915591802,-710.987527759,0.0719359575747,-4.38217820281,8449.7643783,-4219.37456818,0,0.144070666667,-13006852.6156,-2524.34192326
2,21.3203364,0.448433176,-1.70613887,0.023387389,0.481929226,-0.729762384,1.21169161,2.97792699,9.37220965,-6.60091864,0,0.144070667,20814.0249,8.42698802
0,6.96071,0.537994,-0.739334,0.0108919,0.000200571,0.000127164,7.34079e-05,0.927512,21.6993,0.00137996,0.000215386,0.144071,0.625585,2.88354
0,6.73549,0.286978,-0.804181,0.0107624,0.000361695,0.000295918,6.57776e-05,0.872199,11.573,0.00171295,0.000501372,0.144071,0.816088,2.96208
0,50.892287,0.586767725,-1.65515308,0.0133842186,0.832526903,0.575760583,0.25676632,0.243960881,3.9642993,6.81448937,0,0.144070667,55828.1049,15.2258649
0,6.22191,0.408153,-0.619924,0.0182288,5.64471e-05,1.63941e-05,4.0053e-05,0.906731,16.4647,0.00013497,2.77612e-05,0.144071,0.104739,2.6722
0,38.33209,0.3872191,-1.256706,0.01968174,0.04921355,0.04652826,0.00268529,0.8707876,14.85234,0.3634116,0.09170473,0.1440707,350.8935,3.794158
0,7.66103,0.354922,-1.00856,0.0175884,0.00257398,0.00248378,9.01958e-05,0.892651,14.2813,0.0177816,0.00423584,0.144071,13.586,3.31344
1,0.27996,0.96928,-1.8588,0.019746,,,,,,,,,,
0,17.7824,0.633683,-1.0274,0.0154315,0.00377872,0.00360063,0.000178083,0.935455,25.4673,0.0460231,0.00614978,0.144071,29.4486,3.37511
0,53.23895,0.7958351,-1.164512,0.0134404,0.02448774,0.02290974,0.001578006,0.9339176,31.31922,0.3677633,0.04109082,0.1440707,211.1041,3.64871
0,96.98965,0.42107244,-1.3742701,0.020534649,0.15031511,0.10922408,0.041091027,0.81054616,14.433441,0.9276847,0.39791594,0.14407067,1658.4717,4.2454378
0,16.5702367,0.48651959,-1.66940952,0.00933617111,0.00954546593,0.00831269241,0.00123277352,2.30181389,19.4397217,0.081576903,0,0.144070667,34846.1865,11.141555
0,5.96326,0.927259,-0.650222,0.015896,7.95312e-05,2.77319e-05,5.17993e-05,0.95665,37.4043,0.000518688,4.69817e-05,0.144071,0.332829,2.76195
0,6.90854,0.468254,-0.896824,0.0237026,0.000483739,0.000441179,4.25604e-05,0.917442,18.8811,0.00416698,0.000748305,0.144071,4.16063,3.13907
0,6.67196,0.694683,-0.648778,0.0235415,5.23765e-05,1.83893e-05,3.39872e-05,0.942997,28.0233,0.000257677,3.11407e-05,0.144071,0.248318,2.74544
0,35.5054255,0.7771160824,-1.808031129,0.01457058854,0.9985795699,0.7338837667,0.2646958032,0.002853725761,0.04453084287,11.50372122,0,0.1440706667,382012.2254,78.81722377
0,6.60809,0.62945,-0.83247,0.0118496,0.000464699,0.000386423,7.82762e-05,0.937198,25.3814,0.00490625,0.000654901,0.144071,2.39552,3.04601
2,8.1907686,0.36133692754,-1.6831517921,0.014518469161,-1.0512028632,-1.1608173121,0.10961444891,-0.067960588246,29.900340059,-8.4606045069,0,0.14407066667,-2165783.1358,-419.11455973
0,43.720458,0.94565246,-1.2993458,0.010805839,0.15143671,0.110392,0.041044708,0.8547129,32.372107,2.1056895,0.28884112,0.14407067,1347.4279,4.0994418
0,6.76564,0.784709,-0.889112,0.0116202,0.000916384,0.000814927,0.000101457,0.948642,31.6276,0.0128989,0.0013824,0.144071,6.10449,3.15144
2,28.452637,0.95885538,-1.4227352,0.017941675,0.64870561,-0.21697131,0.86567691,-0.25118871,13.58875,-4.1964358,0,0.14407067,-9389.7772,-0.35880974
2,22.2534007,0.256502741,-1.69833142,0.0233834366,0.710000713,-0.0957369055,0.805737619,0.473245025,3.00084875,-0.495332206,0,0.144070667,37934.3594,11.774513
0,6.1616,0.959397,-0.712206,0.0237732,7.69373e-05,4.11241e-05,3.58132e-05,0.958041,38.7008,0.00079583,6.96473e-05,0.144071,0.762367,2.8666
0,31.06333,0.2680734,-1.18599,0.02003946,0.02058909,0.02017354,0.0004155476,0.8519553,10.5919,0.109084,0.03631448,0.1440707,103.1241,3.612408
0,7.04036,0.925344,-0.869979,0.018445,0.000464253,0.000401739,6.25139e-05,0.956314,37.3127,0.00749847,0.000681145,0.144071,5.58744,3.12766
0,56.620545,0.26485272,-1.4527403,0.022398931,0.31015576,0.19140485,0.11875091,0.65655916,7.3707324,1.0225453,0.99952405,0.14407067,2864.8022,4.5862436
0,46.910278,0.50437864,-1.3779886,0.02227592,0.15254887,0.10643468,0.046114184,0.82163544,17.243544,1.0828418,0.38475709,0.14407067,2050.2507,4.3361299
0,13.6596794,0.3803916077,-1.850065708,0.01581720967,0.9987948799,0.8296649709,0.169129909,0.002512007032,0.01849338499,6.36588592,0,0.1440706667,309251.4625,64.71944186
2,16.978122,0.351505545,-1.69450532,0.0159728267,0.00132718066,-0.000132076474,0.00145925714,2.17605787,14.161543,-0.000936446168,0,0.144070667,37065.609,11.6007993
0,37.7590124,0.893091362,-1.666088,0.0223932913,0.706544364,0.160947925,0.545596438,0.438884771,10.572885,2.8993887,0,0.144070667,95246.6056,22.9186812
0,27.2453009,0.606458498,-1.6668368,0.0199390703,0.444475035,0.344590375,0.0998846601,0.975481995,13.5912635,4.21530884,0,0.144070667,55619.1373,15.1967779
0,19.3443911,0.408625509,-1.64553348,0.00840448383,0.523727332,0.396909109,0.126818223,1.0674387,7.85120468,3.27146072,0,0.144070667,22332.5147,8.6648669
0,8.37733,0.834375,-0.970368,0.0176972,0.00162835,0.00151562,0.000112721,0.951056,33.6054,0.0255081,0.00257768,0.144071,18.3728,3.29169
2,25.4567627,0.470504892,-1.70696381,0.0163333029,-13.1310122,-21.0161277,7.88511546,27.2044386,268.220879,-199.453661,0,0.144070667,65899.6124,17.2419211
0,59.375337,0.20007612,-1.5033735,0.011764884,0.54035031,0.54034834,1.9704714e-06,0.45750413,3.7100297,2.1806916,3.6465955,0.14407067,3965.4725,4.867315
0,6.92174,0.899452,-0.749918,0.0228502,0.000107643,6.94374e-05,3.82051e-05,0.955353,36.2816,0.00125979,0.000117617,0.144071,1.16338,2.92611
0,20.5985,0.299552,-1.13527,0.0202742,0.0109462,0.0107077,0.000238455,0.870329,11.9522,0.0646985,0.0187113,0.144071,59.3812,3.52484
1,135.7452,0.7481275,-1.271168,0.01393236,,,,,,,,,,
0,53.6277844,0.7993761094,-1.706578768,0.02402190562,0.8311787364,0.5698997616,0.2612789747,0.241268912,5.444192556,9.189138775,24.29054742,0.1440706667,150077.0202,33.62971128
0,21.8211963,0.629763926977,-1.83693652176,0.0238369317362,0.420941108679,0.331633048895,0.089308059784,-0.0187553600932,14.7114568122,4.21270215295,0,0.144070666667,-27835948.5025,-5403.82155252
0,61.688653,0.2787954,-1.4304272,0.02099674,0.23840097,0.16321477,0.075186198,0.71203103,8.5657846,0.91784686,0.80056447,0.14407067,2304.9088,4.4440348
0,6.19232,0.749814,-0.643244,0.0246863,4.89816e-05,1.63332e-05,3.26484e-05,0.946966,30.2474,0.00024703,2.76587e-05,0.144071,0.248587,2.73996
0,27.8895,0.242279,-1.14203,0.0109317,0.0219121,0.0215184,0.000393727,0.838965,9.55982,0.10516,0.0378482,0.144071,53.7374,3.52536
0,25.2458,0.81172,-1.02564,0.0208523,0.00276269,0.00260686,0.000155823,0.949049,32.6558,0.0426825,0.00444977,0.144071,36.3915,3.38559
0,5.83227,0.407386,-0.684047,0.0222913,6.36618e-05,3.05486e-05,3.31132e-05,0.906567,16.4336,0.000251028,5.17332e-05,0.144071,0.238273,2.77858
2,12.307819,0.44560359,-1.5756127,0.020429977,0.14680496,-0.12043522,0.26724018,2.7506618,15.337415,-1.0824986,0,0.14407067,6896.1993,5.537086
1,0.41384,0.69039,-1.9687,0.012604,,,,,,,,,,
0,6.02598,0.28469,-0.547357,0.0099114,7.79808e-05,1.18719e-05,6.6109e-05,0.87148,11.484,6.81736e-05,2.01027e-05,0.144071,0.029927,2.53525
0,16.0599,0.819124,-0.996419,0.0196968,0.00202544,0.00190041,0.00012503,0.94995,32.978,0.0313995,0.00323637,0.144071,25.2241,3.33536
2,18.3283094,0.5314376829838139,-1.628865551207021,0.01483675236414255,-61343.25792881698,-61343.31915801234,0.06122919535846449,-9.109697189524741e-05,1315168.593708672,-657574.2336314635,0,0.1440706666666666,-35386744037565.5,-6871531478.506686
0,6.24538,0.815405,-0.706914,0.0160332,0.000108992,5.69687e-05,5.20234e-05,0.950982,32.8913,0.00093699,9.6482e-05,0.144071,0.609837,2.84981
0,5.31064,0.605694,-0.55387,0.0139313,6.49422e-05,9.18301e-06,5.57592e-05,0.935162,24.4332,0.000112192,1.555e-05,0.144071,0.0645136,2.58124
2,0.9112246000000001,0.4317680616783555,-1.900750196488622,0.01119527471565264,-71.54427278729634,-71.54427278729634,0,-1.094167803831172e-05,1263.597656127339,-623.0896797906402,0,0.1440706666666666,-9302116119088.871,-1806320006.020126
0,6.76699,0.489549,-0.830269,0.0101448,0.00052411,0.000438775,8.53348e-05,0.920711,19.7389,0.00433275,0.000743631,0.144071,1.84348,3.03024
0,36.4678383,0.9171523464,-1.746409904,0.01979060035,0.4199454464,0.1989606003,0.2209848461,1.178012733,21.46176762,3.680728081,0,0.1440706667,202112.6146,43.78930583
0,18.7075458,0.5484210605,-1.816443138,0.01823508427,0.9645262077,0.2161977477,0.7483284601,0.08171431603,0.7848323737,2.391610547,0,0.1440706667,261958.9724,55.49385734
0,6.38326,0.495559,-0.770502,0.0220715,0.000130119,9.36435e-05,3.64752e-05,0.921844,19.9891,0.000936047,0.00015862,0.144071,0.865295,2.93142
2,24.22601,0.53923119,-1.463692,0.023508485,-1.3697541,-1.4584923,0.088738146,3.7316825,51.550569,-15.863694,0,0.14407067,4057.7036,4.8467246
0,34.2839783,0.7368627946,-1.835041962,0.02160577203,0.9989431542,0.7187600403,0.280183114,0.002073683477,0.03141618249,10.68306138,0,0.1440706667,524708.3749,106.5698196
0,5.66304,0.414011,-0.559063,0.0126802,6.82637e-05,1.0785e-05,5.74787e-05,0.907921,16.7008,9.00652e-05,1.82626e-05,0.144071,0.048553,2.57182
1,0.28186,0.82175,-1.8533,0.020898,,,,,,,,,,
0,34.7075482,0.5927360297,-1.782025138,0.0124662135,0.9206823117,0.6145964063,0.3060859054,0.1866917765,1.896647144,7.348124633,0,0.1440706667,178080.7295,39.15181453
0,5.77373,0.584237,-0.613178,0.0138629,7.58681e-05,1.97678e-05,5.61003e-05,0.932935,23.5674,0.000232956,3.34746e-05,0.144071,0.133618,2.67797
0,7.44024,0.9887,-0.91439,0.00957625,0.00152082,0.00136712,0.000153693,0.958292,39.8253,0.0272645,0.00232097,0.144071,10.5284,3.20558
0,37.28995,0.3164532,-1.262151,0.01295604,0.07746957,0.07448304,0.002986529,0.8338497,11.77729,0.475436,0.1494014,0.1440707,311.6176,3.785876
0,9.998886,0.5765166,-1.404201,0.02211211,0.0834023,0.001991079,0.08141122,3.3515,21.31796,0.02315397,0,0.1440707,870.1441,4.089147
0,59.83394,0.9094203,-1.171351,0.02009944,0.01819287,0.01670981,0.001483057,0.9439671,36.02019,0.3065219,0.03000011,0.1440707,262.2607,3.676632
0,38.9315693,0.848908909,-1.51454607,0.0160832371,0.209920222,0.169717257,0.0402029647,-0.497991389,27.0574711,2.90611146,0,0.144070667,-30669.2711,-4.45994959
0,6.78762,0.943329,-0.793734,0.0238011,0.000156346,0.000117019,3.93269e-05,0.957306,38.0496,0.0022266,0.000198241,0.144071,2.13761,3.00137
0,6.94372,0.391329,-0.846102,0.0146605,0.000428953,0.00037207,5.68834e-05,0.902877,15.7802,0.00293692,0.000630626,0.144071,1.84179,3.04603
0,6.52998,0.605979,-0.727924,0.0197031,0.000102059,6.07174e-05,4.13419e-05,0.935167,24.4438,0.000742157,0.000102834,0.144071,0.603653,2.87029
0,6.20986,0.266049,-0.583199,0.0224073,3.687e-05,8.3217e-06,2.85483e-05,0.863731,10.7325,4.4658e-05,1.4091e-05,0.144071,0.0447189,2.59173
0,18.3779,0.209189,-1.09476,0.0239209,0.00556176,0.00546533,9.64218e-05,0.829568,8.39214,0.0230612,0.00942464,0.144071,25.9957,3.4354
0,41.913,0.559963,-1.05865,0.0124794,0.00689914,0.00662377,0.000275373,0.925857,22.4341,0.0748152,0.0113609,0.144071,39.1568,3.42289
0,5.08732,0.950317,-0.516903,0.0196587,4.51291e-05,4.04772e-06,4.10813e-05,0.957678,38.3358,7.75898e-05,6.8541e-06,0.144071,0.0614791,2.54179
0,43.6896,0.3235892,-1.248578,0.01444806,0.05955727,0.0575043,0.002052964,0.8476022,12.2767,0.3753354,0.1125393,0.1440707,268.4357,3.756254
0,6.44701,0.306256,-0.617495,0.014459,6.69596e-05,2.00339e-05,4.69258e-05,0.879443,12.3541,0.000123758,3.39243e-05,0.144071,0.0785397,2.65497
0,49.27511,0.9771959,-1.203352,0.01974963,0.0285694,0.02495054,0.003618859,0.9399225,38.29557,0.491798,0.04605359,0.1440707,422.3927,3.764217
0,14.2268294,0.913810593125,-1.6173023821,0.0241987872639,0.151285811972,0.0112962837722,0.1399895282,-0.00285425634871,31.2876407784,0.20821736798,0,0.144070666667,-23159994.1394,-4496.03727572
2,8.657707,0.548709835,-1.54950375,0.0201472404,0.00508217902,-0.00484670088,0.0099288799,-1.86645204,22.0234382,-0.0536431327,0,0.144070667,-10435.5629,-0.440541646
0,56.57714,0.9795122,-1.221602,0.01401794,0.05052595,0.04269239,0.007833562,0.9253218,37.51873,0.8435007,0.08202419,0.1440707,531.3966,3.815429
0,59.133218,0.77106664,-1.3642783,0.016492444,0.18587153,0.12582614,0.060045395,0.82358036,25.32445,1.956987,0.43576804,0.14407067,2518.9049,4.4240024
0,11.6198,0.694344,-1.11209,0.00952824,0.0177542,0.0169331,0.000821122,0.931499,27.5137,0.237156,0.0295588,0.144071,94.821,3.53258
1,0.3027,0.97053,-1.9846,0.022107,,,,,,,,,,
0,6.33616,0.440052,-0.624112,0.0128458,8.23443e-05,2.45495e-05,5.77948e-05,0.912885,17.751,0.000217907,4.1572e-05,0.144071,0.118361,2.68267
0,6.81466,0.457051,-0.813391,0.012663,0.000348479,0.000283065,6.54139e-05,0.915682,18.4318,0.00260962,0.000479631,0.144071,1.3935,2.9989
0,14.40138,0.6767241,-1.157426,0.02309152,0.01297242,0.01231004,0.0006623893,0.9332118,26.94611,0.1680336,0.02183614,0.1440707,165.9516,3.620491
2,21.6152982,0.390313398,-1.77891934,0.023334632,0.0684502023,-0.0424806028,0.110930805,21.2085972,14.6681283,-0.334448536,0,0.144070667,11649.1119,6.69026887
1,0.3995,0.7581,-1.8399,0.018195,,,,,,,,,,
0,14.1933221,0.768441469,-1.60450255,0.0156719777,0.604855304,0.603959155,0.000896148763,1.29586131,12.2496059,9.36145885,0,0.144070667,16944.1211,7.5633095
2,14.036619,0.3427940836,-1.658372336,0.0130222156,0.1450627585,-0.009752142558,0.154814901,-0.07439894216,11.8228647,-0.06743083373,0,0.1440706667,-569011.5407,-109.0035262
0,47.5271923,0.813167264,-1.56739616,0.0148516398,0.136536082,0.0549612518,0.0815748298,1.58312064,28.3256084,0.901491575,0,0.144070667,19912.4484,8.11089847
0,14.6188961,0.37536455062,-1.544676905,0.011729689793,0.14872492494,0.040837529498,0.10788739544,-0.0014006924517,12.890754553,0.30919886224,0,0.14407066667,-7649919.5327,-1484.2481732
0,6.4648,0.257002,-0.561558,0.0162609,4.76473e-05,8.6843e-06,3.8963e-05,0.859601,10.3674,4.5019e-05,1.47049e-05,0.144071,0.0328714,2.55427
2,47.8000804,0.221193955,-1.60994097,0.0133441047,-0.158787836,-0.269055692,0.110267856,1.89218094,10.3402811,-1.20044041,0,0.144070667,10504.2022,6.29365188
0,27.6457,0.379705,-1.08335,0.0166907,0.00697105,0.0067746,0.000196453,0.89609,15.2112,0.0518866,0.0116663,0.144071,37.6753,3.44532
2,26.5864701,0.574622487026,-1.82975581295,0.0148492531839,0.181014290571,-0.0406458158588,0.221660106429,-0.0231201539428,18.9851532607,-0.471111421482,0,0.144070666667,-26573082.8112,-5158.59832258
1,0.58812,0.96487,-1.8799,0.014995,,,,,,,,,,
1,0.38485,0.94684,-1.8223,0.014018,,,,,,,,,,
0,6.87477,0.845451,-0.835499,0.0115623,0.000498531,0.000411715,8.68157e-05,0.952387,34.09,0.00702118,0.0006978,0.144071,3.29175,3.06554
0,56.78059,0.7527049,-1.26067,0.02375159,0.04668515,0.03839321,0.008291938,0.9164781,28.94785,0.5829138,0.07996032,0.1440707,683.7521,3.897035
0,0.8687545,0.3343047113483,-1.899928924076,0.02485736005627,0.01908897704574,0.01908893488535,4.216038731325e-08,-0.001671680754652,13.22900797348,0.1287209878848,0,0.1440706666667,-630738568.6566,-122477.8245657
0,6.75837,0.706737,-0.898517,0.024285,0.000488702,0.000440042,4.86601e-05,0.943633,28.4971,0.00627303,0.000746413,0.144071,6.23954,3.16199
0,58.2647,0.4100874,-1.238119,0.0248279,0.03154563,0.03005962,0.001486012,0.887065,16.02178,0.248648,0.05725711,0.1440707,292.6591,3.754938
0,7.24756,0.494326,-0.925743,0.0129979,0.00125417,0.00116526,8.89113e-05,0.920949,19.917,0.0116188,0.00197844,0.144071,6.33899,3.19005
0,6.0623,0.461776,-0.683629,0.0230286,6.24998e-05,2.94126e-05,3.30873e-05,0.916652,18.6277,0.000273962,4.98093e-05,0.144071,0.265687,2.78376
2,26.667853,0.95649794,-1.4814959,0.008842516,-0.011709431,-0.047724177,0.036014747,3.1769946,39.038669,-0.92076257,0,0.14407067,4536.7854,4.9632928
0,8.2956352,0.73698453,-1.5982657,0.021436305,0.040837957,0.0083155233,0.032522433,6.7386709,28.517111,0.12361556,0,0.14407067,7001.5582,5.580977
0,47.654369,0.69363732,-1.3417202,0.010906788,0.21914326,0.1566026,0.062540662,0.79352321,21.850379,2.1910717,0.49317854,0.14407067,1688.2537,4.2195856
0,7.67756,0.661423,-0.970544,0.0100929,0.00283377,0.00266158,0.000172188,0.938511,26.6074,0.0355094,0.00452998,0.144071,14.7745,3.27997
1,0.30071,0.75309,-1.9037,0.021648,,,,,,,,,,
2,41.9780935,0.265885777938194,-1.69199287068874,0.0169745910904848,-354.655831112681,-355.110993964868,0.4551628521873,-0.00103125747415649,3814.87407990564,-1904.51499435264,0,0.144070666666667,-20399923813.6073,-3961333.1953988
0,39.2819,0.900237,-1.04663,0.0130129,0.00579231,0.00545146,0.000340854,0.951688,36.1068,0.0989908,0.00933625,0.144071,52.5385,3.42857
0,43.130495,0.84659736,-1.3332799,0.011362235,0.19880723,0.13943258,0.05937465,0.8166035,27.363339,2.3810381,0.42476963,0.14407067,1843.3695,4.2457828
0,6.67704,0.287504,-0.803399,0.0208005,0.000185576,0.000151594,3.3982e-05,0.872511,11.5963,0.000879126,0.000256822,0.144071,0.809266,2.96087
0,24.1103,0.252493,-1.12078,0.0140343,0.0131316,0.0128812,0.000250348,0.84944,10.0522,0.0656041,0.0224392,0.144071,42.4782,3.48985
0,6.77523,0.632236,-0.78137,0.0121848,0.000265164,0.000195014,7.01504e-05,0.937584,25.4988,0.00248697,0.000330368,0.144071,1.24785,2.96118
0,23.1767547,0.6101712843,-1.769579624,0.02263445185,0.2955706505,0.1886225632,0.1069480873,1.592034003,17.33981156,2.321510102,0,0.1440706667,162712.5235,36.15047542
2,35.7794763,0.601880505,-1.62190863,0.0112046192,0.1763331,-0.789261568,0.965594668,2.13533805,19.9994041,-9.58200523,0,0.144070667,20994.4613,8.37823913
0,5.86819,0.782305,-0.693625,0.021933,7.26799e-05,3.51111e-05,3.75687e-05,0.94904,31.5573,0.000554046,5.94616e-05,0.144071,0.494296,2.8257
0,7.30049,0.828201,-0.942181,0.016123,0.00125949,0.00115958,9.99103e-05,0.950955,33.369,0.0193715,0.00196991,0.144071,12.7032,3.24344
0,6.78053,0.591483,-0.873825,0.0234189,0.000375752,0.000332445,4.33075e-05,0.933509,23.8525,0.00396632,0.000563645,0.144071,3.84437,3.11195
0,25.17881,0.9899334,-1.13513,0.01584994,0.01462544,0.01357336,0.00105208,0.9497509,39.35161,0.2710307,0.0238903,0.1440707,178.8295,3.604535
2,15.4756101,0.325326061495908,-1.64377432736135,0.0126562114097896,-112.525485959389,-113.146077420032,0.620591460643524,-9.3483444327655e-05,1489.93523676564,-742.477894832466,0,0.144070666666667,-47311160635.5577,-9187058.79483759
1,92.9162,0.203986,-1.39509,0.018969,,,,,,,,,,
0,6.55075,0.35276,-0.824202,0.0155453,0.000315019,0.000264916,5.01025e-05,0.893486,14.2265,0.00188501,0.000448902,0.144071,1.26648,3.00477
0,8.1818914,0.64919563,-1.4145392,0.010621177,0.12628277,0.0024388113,0.12384396,-2.1043822,22.882404,0.031935885,0,0.14407067,-1698.7612,1.2143146
0,21.3635764,0.82590186597,-1.783390392,0.020881892464,0.74275598464,0.30063718687,0.44211879777,-0.14328114669,8.5709486543,5.0083689773,0,0.14407066667,-1067115.4591,-205.63451648
0,60.695767,0.58756583,-1.381434,0.018247732,0.18366674,0.12521545,0.058451288,0.80948813,19.349921,1.4840195,0.49094566,0.14407067,2440.8908,4.4243925
0,7.52218,0.877529,-0.962634,0.0150937,0.00173693,0.00160927,0.000127669,0.953231,35.3396,0.0284849,0.00273651,0.144071,17.4539,3.28114
2,12.332729,0.64295249,-1.4711042,0.014004242,-0.023557576,-0.025192624,0.0016350474,3.1498597,26.548887,-0.3267213,0,0.14407067,2723.0474,4.5744736
0,58.74141,0.6990557,-1.268711,0.01830558,0.06543841,0.05387568,0.01156272,0.9003056,26.35572,0.7596783,0.1150371,0.1440707,702.6572,3.910148
0,27.982404,0.8475617,-1.63464988,0.0183121193,0.880066616,0.535411297,0.344655319,0.259940792,4.10078101,9.15343337,0,0.144070667,41650.7469,12.4372959
0,6.8621161,0.4106402457,-1.610796634,0.02336388674,0.8753124767,0.2808223555,0.5944901212,-0.02551212517,2.065568851,2.326046323,0,0.1440706667,-157347.4399,-29.04656419
0,7.09487,0.629847,-0.919949,0.0164957,0.00092816,0.00085257,7.55901e-05,0.936936,25.3856,0.0108315,0.00144712,0.144071,7.37205,3.19222
2,39.452962,0.84516681,-1.4107984,0.0099819839,0.6420001,-0.094807527,0.73680762,0.64413472,12.206201,-1.616257,0,0.14407067,2821.5715,4.5351258
0,30.27413,0.8130128,-1.137611,0.009246169,0.0253344,0.02387348,0.00146092,0.9343757,31.96746,0.3915059,0.04227917,0.1440707,152.4447,3.59369
0,5.05287,0.786911,-0.561524,0.0215822,4.35881e-05,6.54004e-06,3.70481e-05,0.949342,31.744,0.000103808,1.10745e-05,0.144071,0.0910954,2.60662
1,132.4253,0.8681699,-1.268717,0.01188163,,,,,,,,,,
0,29.2993,0.61978,-1.10028,0.0110594,0.0131638,0.012618,0.000545867,0.928096,24.6739,0.157744,0.0218817,0.144071,73.3322,3.50339
0,6.98027,0.815441,-0.813313,0.0144578,0.000313069,0.000247677,6.53914e-05,0.950852,32.8861,0.00407384,0.000419671,0.144071,2.39193,3.02678
2,1.6129807,0.765369182722426,-1.824394193262573,0.01070631651319656,-2.353405087222908,-15.26998837176386,12.91658328454095,-5.621789362494819e-07,103.5409526635091,-235.740851768446,0,0.1440706666666666,-5563481359396.317,-1080337801.75636
0,16.628881,0.62597506,-1.4124512,0.017179763,0.052441503,0.0060982362,0.046343267,2.5164271,23.928652,0.076999242,0,0.14407067,1446.2435,4.235372
0,84.75924,0.71446473,-1.379141,0.022242215,0.17613365,0.11892412,0.057209537,0.82517692,23.746124,1.7138622,0.39108635,0.14407067,2853.2097,4.5101849
0,57.83397,0.4135169,-1.296981,0.00856694,0.1696405,0.150265,0.01937557,0.7962994,13.85207,1.253361,0.3534272,0.1440707,600.3456,3.910466
0,61.99611,0.9070665,-1.167054,0.01125555,0.03061071,0.02822991,0.0023808,0.9356614,35.47256,0.5165041,0.05069565,0.1440707,246.5747,3.66612
0,6.58791,0.306664,-0.626801,0.024423,4.10625e-05,1.33669e-05,2.76956e-05,0.8796,12.3709,8.26837e-05,2.26343e-05,0.144071,0.0886172,2.67048
2,8.8219735,0.548273842,-1.48074203,0.00967719121,0.181606661,-0.00845005893,0.19005672,-0.307481913,18.1015089,-0.0934506732,0,0.144070667,-21525.7981,-2.70004967
2,18.8674918,0.219768204,-1.70030269,0.0118661907,0.317281704,-0.17766608,0.494947784,1.26517066,6.05287308,-0.787579768,0,0.144070667,29355.115,10.0973603
0,6.67257,0.949194,-0.844811,0.0182783,0.000351667,0.000293523,5.81436e-05,0.957431,38.2787,0.00561982,0.000497488,0.144071,4.14386,3.08685
2,8.9638996,0.5971697588,-1.493420734,0.02342209063,-0.06836567172,-0.08548948741,0.01712381568,-0.0333987658,25.73788747,-1.029759222,0,0.1440706667,-331614.8892,-63.04215752
0,5.64851,0.966729,-0.59394,0.00999538,0.000102925,2.14134e-05,8.15116e-05,0.958329,38.9956,0.000417557,3.62617e-05,0.144071,0.168107,2.67054
0,18.9076,0.267151,-1.13291,0.0210649,0.0101948,0.00999337,0.000201453,0.85797,10.6675,0.0538511,0.0174716,0.144071,52.1576,3.51441
0,46.342347,0.64906511,-1.3523191,0.016230038,0.18240833,0.12770431,0.05470402,0.81590331,21.408187,1.6719335,0.37975773,0.14407067,1843.3367,4.2648147
0,1.7779499,0.20025042179,-1.89152266,0.016808218204,0.35212306109,0.3521230219,3.9183762568e-08,-0.046038355832,5.2338482579,1.4223059613,0,0.14407066667,-8133601.4137,-1577.8276504
0,58.40947,0.2199108,-1.217683,0.01701317,0.03547197,0.03484711,0.0006248548,0.8181931,8.5569,0.1545747,0.06426624,0.1440707,130.3365,3.661419
0,8.022,0.20473,-0.97738,0.016379,0.0018476,0.0017911,5.6491e-05,0.82878,8.2439,0.0073966,0.0030476,0.14407,5.6594,3.2357
0,75.66994,0.7825944,-1.199918,0.0152908,0.05835245,0.03005786,0.02829459,0.9256112,29.729,0.4744822,0.05691579,0.1440707,318.6046,3.726139
2,39.8914527,0.540600091,-1.65747895,0.0101150978,0.295653258,-0.179789294,0.475442552,1.13143394,15.3609399,-1.96049217,0,0.144070667,48058.4738,13.7117544
2,0.8712964,0.974668549562918,-1.75623878627471,0.0217748844192972,-0.00692725936566634,-0.00692725936566633,-1.56125112837913e-17,-2.38076686939755e-05,39.5922530773342,-0.136189483096611,0,0.144070666666667,-20931538569.9139,-4064564.09175168
0,26.7378582,0.477802599,-1.72583139,0.0178110489,0.926030391,0.496246303,0.429784089,0.127108558,1.42579469,4.78267601,0,0.144070667,95535.3308,23.0346458
2,42.3234928,0.962694118,-1.6561916,0.0139773453,-0.138624252,-0.411283849,0.272659597,1.73271258,44.220527,-7.98647514,0,0.144070667,88858.179,21.6646886
0,39.249935,0.64995477,-1.3495332,0.012005742,0.22464272,0.15915681,0.065485912,0.7860873,20.330131,2.0865727,0.49533215,0.14407067,1753.0417,4.2419144
0,34.13109,0.4798982,-1.246871,0.02315945,0.03815392,0.0354271,0.002726822,0.8949738,18.62129,0.3429335,0.06868456,0.1440707,377.2457,3.79316
1,0.27763,0.6008,-1.9674,0.0085385,,,,,,,,,,
0,15.9799394,0.3012573818,-1.877355789,0.01722681273,0.705861968,0.4854772078,0.2203847602,0.5680684269,3.574736591,2.950065871,0,0.1440706667,375314.9265,77.58513287
0,6.33845,0.663832,-0.704773,0.0236594,7.18552e-05,3.756e-05,3.42953e-05,0.940495,26.7782,0.000502931,6.36096e-05,0.144071,0.488415,2.83624
0,6.45776,0.74128,-0.75605,0.0117019,0.000219738,0.0001467,7.30375e-05,0.946278,29.898,0.0021935,0.000248494,0.144071,1.04721,2.92681
0,6.54684,0.30264,-0.959636,0.0221664,0.00110335,0.00105494,4.84056e-05,0.877537,12.1956,0.00643993,0.00179296,0.144071,6.29565,3.22358
0,6.18881,0.654819,-0.722095,0.023324,8.26401e-05,4.75926e-05,3.50475e-05,0.939719,26.4144,0.000628616,8.06035e-05,0.144071,0.602333,2.86435
2,0.8013292,0.585228281,-1.87329809,0.0120555082,-0.0887355676,-0.0887355676,4.16333634e-17,-34.0880281,25.7041284,-1.04748595,0,0.144070667,-42689.177,-6.45225963
0,6.56493,0.325709,-0.961501,0.0163936,0.00152926,0.00146058,6.86768e-05,0.884909,13.1196,0.0095958,0.00248311,0.144071,6.87907,3.23012
2,12.935268,0.749458017961,-1.56474525853,0.0101608534885,0.115488985921,-0.00483666944555,0.120325655367,-0.00136384351733,26.7427288855,-0.0731170882173,0,0.144070666667,-21091754.9194,-4094.46653065
0,14.23868,0.6706815,-1.127923,0.02285305,0.009067894,0.008649745,0.0004181487,0.935253,26.81115,0.1170159,0.01510423,0.1440707,112.7889,3.560821
0,33.9982503,0.3811938611,-1.828840129,0.01417037238,0.9964151542,0.7819497759,0.2144653783,0.006962984213,0.05512791152,6.012428544,0,0.1440706667,253213.3449,53.80625067
0,56.30524,0.7211648,-1.245171,0.01694369,0.05366916,0.04626536,0.007403802,0.9096821,27.53168,0.6730009,0.09185443,0.1440707,536.8939,3.840595
0,6.7665,0.288146,-0.876084,0.0141276,0.000623062,0.000567245,5.58174e-05,0.872489,11.6171,0.00329692,0.000961852,0.144071,2.06229,3.08186
0,20.7706,0.415922,-1.06637,0.0239185,0.00394016,0.00381649,0.00012367,0.905858,16.7129,0.0320185,0.00654547,0.144071,32.9234,3.42049
0,5.86547,0.45827,-0.52513,0.0129566,6.41469e-05,6.82606e-06,5.73208e-05,0.916067,18.4862,6.30981e-05,1.15587e-05,0.144071,0.0344475,2.52025
0,6.98759,0.59014,-0.569004,0.0142042,6.56032e-05,1.0939e-05,5.46641e-05,0.933567,23.8058,0.000130215,1.85236e-05,0.144071,0.0764745,2.60511
0,35.6720409,0.312254814,-1.79505018,0.010732768,0.850177312,0.655216576,0.194960735,-0.624747841,1.88730415,4.1268548,0,0.144070667,-62596.8126,-10.4159149
0,93.6234,0.268596,-1.30199,0.0195256,0.927643,0.00669728,0.920946,0.303059,0.784037,0.0362847,0.165376,0.144071,95.2192,3.72278
2,39.599675,0.4470642,-1.4783183,0.013481114,-0.6890526,-0.69755346,0.0085008577,3.1562331,30.462689,-6.2903175,0,0.14407067,3420.9159,4.7289256
0,0.7693886,0.8309251322170166,-1.948982839665909,0.01723065311026357,0,0,0,-7.056289965648395e-17,33.521007330346,0,0,0.1440706666666666,-7.109854356771097e+22,-1.380618346014251e+19
0,0.701456,0.86193971,-1.7979391,0.018399256,0,0,0,-225.35162,34.772191,0,0,0.14407067,-3318.1949,1.248845
0,51.55847,0.2696954,-1.196531,0.02078401,0.02248239,0.02201673,0.0004656511,0.8514873,10.63539,0.119771,0.04009042,0.1440707,118.6267,3.633156
0,69.55406,0.5300955,-1.18991,0.01566557,0.02806961,0.0268208,0.001248814,0.9085707,20.78473,0.2867814,0.04885295,0.1440707,199.5538,3.668974
0,2.1200143,0.826832436,-1.747166904,0.01263608707,0.8997592101,0.0543722558,0.8453869543,-0.2431483837,3.343621829,0.906817781,0,0.1440706667,-154044.6322,-28.26775223
0,8.06909,0.844572,-0.638403,0.00845892,0.000141,4.47908e-05,9.62095e-05,0.952572,34.0668,0.000763045,7.58524e-05,0.144071,0.26155,2.73773
0,8.88134,0.520553,-0.673939,0.0231735,5.91898e-05,2.58079e-05,3.33819e-05,0.925358,20.9988,0.000270984,4.37045e-05,0.144071,0.261962,2.77335
0,42.7081327,0.243676001,-1.73954679,0.0190012711,0.369172565,0.172349585,0.19682298,3.23070094,6.20123939,0.847126314,0,0.144070667,19497.2866,8.20134881
0,19.372653,0.47566139,-1.4020729,0.011238978,0.22351219,0.19415551,0.029356675,1.4532015,14.900049,1.8628281,0,0.14407067,1364.8175,4.2062046
0,8.78659,0.382342,-0.614667,0.0102023,9.78293e-05,2.73792e-05,7.04502e-05,0.901034,15.4229,0.000211153,4.63635e-05,0.144071,0.0922864,2.66044
0,17.9507306,0.8692599617,-1.743228612,0.01789303799,0.1394975684,0.01046241015,0.1290351582,2.14440901,30.17567158,0.1834452996,0,0.1440706667,149858.222,33.6237991
0,7.55234,0.498954,-0.586567,0.0146689,6.5101e-05,1.32732e-05,5.18278e-05,0.922376,20.1274,0.000133586,2.24762e-05,0.144071,0.0820047,2.62626
0,26.9987,0.5746459,-1.430429,0.02097231,0.005077646,0.003080316,0.00199733,6.500997,23.06453,0.03570431,0,0.1440707,679.763,4.065718
2,5.7894044,0.557669499724,-1.65618969608,0.0155081542601,0.612391708455,-0.125561172308,0.737952880763,-0.000548751995343,8.72017332911,-1.41239907636,0,0.144070666667,-55327160.6143,-10742.384894
0,1.603193,0.43039981,-1.7598604,0.011295201,0.78310498,0.050016846,0.73308814,-6.3140066,3.7659696,0.43422372,0,0.14407067,-7864.7123,0.28356521
0,10.6026,0.205143,-0.997161,0.0159623,0.0126769,0.00234247,0.0103345,0.82721,8.17092,0.00969296,0.00403185,0.144071,7.24588,3.26852
0,9.20786,0.775502,-0.658375,0.00956345,0.000136137,5.12028e-05,8.49341e-05,0.948575,31.2809,0.000800943,8.67123e-05,0.144071,0.311702,2.76673
0,146.762447,0.86596586,-1.51249314,0.0136350393,0.537900245,0.345004336,0.192895909,0.547988346,16.1432761,6.02629648,3.53746555,0.144070667,16195.945,7.323696
0,9.32884,0.903826,-0.840396,0.00848355,0.00071945,0.000597464,0.000121985,0.955161,36.4357,0.0108924,0.00101277,0.144071,3.73574,3.07703
1,0.42777,0.48964,-1.9047,0.023028,,,,,,,,,,
0,9.87813,0.580902,-0.953833,0.0233464,0.00099194,0.000929855,6.20852e-05,0.931988,23.4114,0.0108954,0.00158006,0.144071,10.562,3.24519
0,22.7197287,0.978535297,-1.57997306,0.0182007268,0.310810878,0.214683838,0.0961270406,2.73155143,27.2063371,4.23741516,0,0.144070667,13028.0584,6.76484005
0,34.1163,0.228204,-1.14892,0.0138886,0.0187953,0.0184751,0.000320187,0.833251,9.03311,0.0850422,0.0325469,0.144071,55.8554,3.53465
0,24.1588,0.570531,-1.03092,0.0197803,0.00307187,0.0029386,0.000133267,0.929514,22.9455,0.0338178,0.0050197,0.144071,27.9377,3.37563
0,14.8895,0.324392,-1.05423,0.0138323,0.00580411,0.00564653,0.000157582,0.881835,13.0106,0.0369468,0.00968416,0.144071,22.527,3.38683
1,0.34522,0.54917,-1.8687,0.014355,,,,,,,,,,
0,8.7077,0.335327,-0.660763,0.0129582,9.28793e-05,3.89681e-05,5.39112e-05,0.888713,13.5264,0.000263575,6.59898e-05,0.144071,0.148347,2.73093
0,10.4913,0.604701,-0.974945,0.0192931,0.00156247,0.00147404,8.84294e-05,0.934101,24.3566,0.0179794,0.00250764,0.144071,14.3789,3.2829
0,9.56912,0.540581,-0.814786,0.0127164,0.000355007,0.000286967,6.80397e-05,0.927734,21.8002,0.00312909,0.000486252,0.144071,1.65616,3.00922
0,10.0804,0.318961,-1.0273,0.0100544,0.00567979,0.00551021,0.000169575,0.880193,12.7944,0.0354512,0.00942654,0.144071,15.7031,3.34003
0,24.9739393,0.5423640019,-1.846527499,0.008517206374,0.8522993514,0.4443984116,0.4079009398,0.3739280017,3.231680556,4.861704127,0,0.1440706667,346911.6891,72.03481321
0,7.76302,0.596869,-0.579984,0.0171206,5.6034e-05,1.04504e-05,4.55836e-05,0.934273,24.0774,0.000125816,1.76961e-05,0.144071,0.088996,2.62389
0,8.43366,0.970411,-0.690785,0.0166408,9.51466e-05,4.46194e-05,5.05272e-05,0.958485,39.1444,0.000873382,7.55649e-05,0.144071,0.58535,2.83157
0,9.54438,0.995718,-0.938357,0.0106755,0.00182875,0.00166708,0.000161672,0.958366,40.0956,0.0334824,0.00283252,0.144071,14.42,3.24646
0,58.08588,0.6033717,-1.212419,0.008673072,0.06668571,0.06246205,0.004223663,0.8913036,22.71789,0.7601973,0.1178225,0.1440707,296.8799,3.730793
0,7.14659,0.803888,-0.759372,0.0131291,0.000202583,0.000136452,6.6131e-05,0.950255,32.4237,0.00221258,0.000231135,0.144071,1.18021,2.9363
0,7.34519,0.918369,-0.884834,0.0199449,0.000510943,0.000449532,6.14115e-05,0.955968,37.0297,0.00832727,0.000762345,0.144071,6.71318,3.15216
2,10.7248599,0.8480384862764618,-1.67266202418032,0.02050351733373394,-903.9455035445116,-903.9455147217888,1.117727720156836e-05,-5.217425495311042e-13,30959.44415583122,-15462.61657377626,0,0.1440706666666666,-2.552796914209269e+20,-4.957117370553973e+16
0,18.4478089,0.335929564,-1.74358345,0.0099666912,0.331092493,0.226433595,0.104658898,1.39431596,9.06503453,1.53431404,0,0.144070667,69553.496,17.9908384
0,6.1758,0.24086,-0.65763,0.019484,5.6587e-05,2.4895e-05,3.1692e-05,0.85158,9.716,0.00012095,4.2156e-05,0.14407,0.10682,2.7109
2,0.8667816,0.828958656771,-1.83658391308,0.0226033264288,-0.0398668444514,-0.0398668444514,6.24500451352e-17,-0.0124769064158,34.7748902934,-0.666607051442,0,0.144070666667,-98461759.546,-19118.2732935
0,6.60904,0.490877,-0.754615,0.0207309,0.000119566,8.13001e-05,3.82654e-05,0.921165,19.8005,0.000804987,0.000137704,0.144071,0.699425,2.90457
0,8.13943,0.444355,-0.656724,0.0179678,6.84969e-05,2.66827e-05,4.18142e-05,0.913664,17.9249,0.000239158,4.51849e-05,0.144071,0.181549,2.73728
0,1.5226476,0.72370532382463,-1.8791428292208,0.024793990213119,0.39661149112107,0.39661118397696,3.0714410415023e-07,-0.00063448200661232,17.61627043338,5.7896444587771,0,0.14407066666667,-1694400251.5385,-329023.73513495
0,13.92551,0.9632928,-1.115946,0.02247837,0.008096998,0.007564652,0.0005323463,0.9529665,38.5463,0.1469848,0.0131664,0.1440707,136.4502,3.563224
0,58.6064171,0.7696559894,-1.703056487,0.01362097546,0.9513569813,0.7075147798,0.2438422015,0.08105025983,1.510331701,10.98391948,40.9437573,0.1440706667,118454.3896,27.47342913
0,11.2381,0.490798,-0.664382,0.0232369,5.56814e-05,2.27649e-05,3.29165e-05,0.921194,19.7986,0.000225368,3.85501e-05,0.144071,0.219444,2.75468
2,19.334287,0.36515076,-1.5770469,0.012869097,-1.517677,-1.5183391,0.00066216195,19.740565,37.087484,-11.183202,0,0.14407067,2366.8112,4.6040368
0,26.379913,0.44074366,-1.4812065,0.024625114,0.12037005,0.051694877,0.068675168,1.5663614,15.640162,0.4595775,0,0.14407067,3672.8615,4.784389
0,16.4816001,0.780643982,-1.60351299,0.0147816546,0.578484317,0.0671316547,0.511352662,1.45822069,13.2746146,1.05707436,0,0.144070667,16111.4223,7.39803405
0,5.7538,0.22184,-0.83225,0.020643,0.00025259,0.00022126,3.1336e-05,0.84077,8.9471,0.00099004,0.00037489,0.14407,0.93868,2.9974
0,13.3492802,0.609339356,-1.73024275,0.0226745458,0.190327585,0.128665308,0.0616622763,4.22969002,19.9032381,1.58141504,0,0.144070667,42413.6384,12.6819626
0,23.1303,0.927732,-1.02964,0.0247348,0.00246466,0.00231255,0.000152111,0.955118,37.3341,0.0432751,0.00394888,0.144071,43.518,3.40015
0,5.89087,0.746228,-0.785119,0.0207902,0.000197538,0.000119943,7.75944e-05,0.94665,30.0982,0.0018054,0.000203177,0.144071,1.53081,2.97548
0,5.18255,0.353644,-0.582636,0.0139882,6.34724e-05,1.32339e-05,5.02385e-05,0.893881,14.2657,9.44014e-05,2.24093e-05,0.144071,0.0570219,2.60366
0,1.5247248,0.73113129,-1.4296228,0.022948455,0.14783436,0.0078196903,0.14001467,-1.6793212,25.134749,0.11532145,0,0.14407067,-2838.1749,0.98176987
0,24.2235,0.653227,-1.08864,0.010392,0.0121247,0.0115971,0.000527594,0.931804,26.0328,0.152805,0.0200541,0.144071,66.3644,3.48527
0,15.665936,0.88673622,-1.4863615,0.016223427,0.77899879,0.091943742,0.68705505,0.56919164,7.9057718,1.64453,0,0.14407067,5458.8072,5.1567064
0,0.5646192,0.3226257870599268,-1.980426036381118,0.01880996648589794,0,0,0,-4.021962387307223e-109,13.01530180479596,0,0,0.1440706666666666,-7.253380655721801e+114,-1.408488824300231e+111
0,20.2109996,0.366748208754,-1.82563696203,0.0162657436573,0.684411209112,0.506893054918,0.177518154194,-0.00161826187582,4.66922429963,3.74981215694,0,0.144070666667,-88560019.313,-17195.5215147
0,6.72245,0.405131,-0.98014,0.0228506,0.001392,0.00133022,6.17779e-05,0.905259,16.321,0.0108704,0.00226334,0.144071,10.6282,3.27183
0,0.7094734,0.8175455173,-1.754649174,0.02292166221,0.03297023362,0.03297023362,2.081668171e-17,-2.42774776,31.8938502,0.5436997541,0,0.1440706667,-162010.6737,-29.80973667
0,5.42206,0.284376,-0.56319,0.0227102,3.52186e-05,6.34986e-06,2.88687e-05,0.871383,11.4718,3.64235e-05,1.07521e-05,0.144071,0.0366415,2.56148
0,5.68943,0.888117,-0.808857,0.0230991,0.00018769,0.000146411,4.12785e-05,0.954757,35.8215,0.00262283,0.000248061,0.144071,2.45043,3.02357
0,5.94497,0.408274,-0.871337,0.0183263,0.000460154,0.000411471,4.86826e-05,0.906501,16.4629,0.00338857,0.000697624,0.144071,2.6465,3.09005
0,9.2381858,0.45002534,-1.5614404,0.011550213,0.038050194,0.037919407,0.00013078666,3.2309043,17.464033,0.34421016,0,0.14407067,5572.575,5.254937
0,40.81449,0.227048,-1.234886,0.01746447,0.1700509,0.03616486,0.133886,0.7981096,7.601937,0.1656264,0.07808683,0.1440707,148.0582,3.688614
2,13.9284688,0.662393784905,-1.74253033367,0.0105394000277,-32.1498487567,-54.8413972276,22.691548471,-0.462061859775,885.835266759,-732.740051081,0,0.144070666667,-20234328.2155,-3927.7882605
0,4.65697,0.601684,-0.608015,0.0100314,0.000103397,2.55648e-05,7.78325e-05,0.934734,24.2705,0.000310268,4.32917e-05,0.144071,0.128527,2.67081
0,5.97375,0.733624,-0.770864,0.0133174,0.000221015,0.000155914,6.51011e-05,0.945749,29.5891,0.00230719,0.000264114,0.144071,1.25431,2.95094
0,32.70348,0.5553161,-1.177223,0.01807726,0.0208812,0.01996198,0.0009192225,0.9163018,21.93465,0.2235986,0.03596904,0.1440707,177.4152,3.645945
0,65.496625,0.39490532,-1.477138,0.008389476,0.62743603,0.4363877,0.19104834,0.43090927,5.9353864,3.4760871,3.6507935,0.14407067,4808.6437,5.0147157
0,6.19198,0.451587,-0.956079,0.0127046,0.00185965,0.0017579,0.000101745,0.913792,18.1839,0.0160126,0.00298854,0.144071,8.61189,3.23657
1,0.43398,0.47668,-1.9208,0.022992,,,,,,,,,,
0,27.8807532,0.7709814692,-1.770124927,0.02288879241,0.7170827334,0.3925734054,0.324509328,0.5219552567,8.799511424,6.105060688,0,0.1440706667,253627.4017,53.82802253
2,44.435027,0.87230538,-1.463964,0.020850368,0.95645876,-0.16471045,1.1211692,0.07801587,1.5322319,-2.8981101,0,0.14407067,5789.0868,5.2014622
0,47.4787375,0.459381887,-1.70187573,0.0148562329,0.854679166,0.599848098,0.254831069,0.266099847,2.6931275,5.55827876,0,0.144070667,63366.3522,16.7429008
0,43.2011355,0.239250804,-1.61744498,0.00959766111,0.626399411,0.44465571,0.181743702,0.519756755,3.6059203,2.14586526,0,0.144070667,14684.8684,7.13018872
0,5.58427,0.957172,-0.601551,0.0244148,4.30563e-05,9.66732e-06,3.3389e-05,0.95797,38.6123,0.000186647,1.63703e-05,0.144071,0.183621,2.68269
0,35.1947336,0.3444402655,-1.842270681,0.01713529848,0.9981207542,0.7565079275,0.2416128267,0.003456702701,0.02611275385,5.255966266,0,0.1440706667,287093.0749,60.40502734
0,20.9459,0.436001,-1.14689,0.0137175,0.0187545,0.0181784,0.000576083,0.900277,17.2592,0.15987,0.0321042,0.144071,96.2314,3.56841
2,17.7388297,0.842748654,-1.58743536,0.00988735579,-0.043688263,-0.0436883917,1.28779224e-07,3.03209975,35.4833025,-0.742658739,0,0.144070667,16847.1946,7.52712598
0,29.2944,0.316774,-1.09271,0.0104066,0.0125017,0.012202,0.000299695,0.87523,12.6195,0.0779658,0.021102,0.144071,36.09,3.45217
0,54.788983,0.34551599,-1.3902291,0.018487577,0.19652668,0.14259826,0.053928418,0.76284041,11.199401,0.99381961,0.54253187,0.14407067,1678.4316,4.2658874
2,35.676344,0.52398069,-1.4695588,0.02206855,-0.8672991,-1.2526371,0.38533804,-1.4756499,39.471564,-13.239322,0,0.14407067,-8471.8798,-0.12845969
0,5.91829,0.843449,-0.58231,0.0150656,6.57118e-05,1.22358e-05,5.3476e-05,0.95256,34.024,0.000208169,2.07197e-05,0.144071,0.127087,2.64453
0,8.11003,0.431483,-0.949115,0.00919194,0.00235421,0.00222182,0.000132389,0.909871,17.3658,0.0193374,0.00377717,0.144071,7.55313,3.22266
0,20.1196,0.501091,-1.03791,0.0109573,0.00602756,0.0057937,0.000233866,0.918877,20.0931,0.0585595,0.00991276,0.144071,27.0724,3.38084
0,45.4606517,0.427015371,-1.66164539,0.0122666893,0.904326255,0.622370286,0.281955968,0.136633286,1.64812995,5.36065094,26.7090834,0.144070667,45046.2472,13.1276694
0,0.7114849,0.548888017,-1.69294614,0.0168728236,2.97358693e-05,2.97358693e-05,5.74694914e-17,10.6050046,22.1424668,0.000329222538,0,0.144070667,11655.9678,6.6056572
0,29.9646,0.369509,-1.09867,0.0132756,0.0106088,0.0103238,0.00028496,0.891339,14.7485,0.076947,0.0178578,0.144071,44.712,3.47081
0,4.70934,0.543039,-0.538367,0.00839886,0.000103473,1.24815e-05,9.09915e-05,0.928198,21.9049,0.000136717,2.11358e-05,0.144071,0.0477503,2.55027
1,0.3163,0.53523,-1.9831,0.019224,,,,,,,,,,
0,35.1138023,0.3566307017,-1.755233705,0.01603109702,0.9936141833,0.6946174039,0.2989967794,0.01055088998,0.09187351708,4.996772296,0,0.1440706667,108193.7716,25.52850535
0,0.4305253,0.963086764,-1.75660902,0.0189459085,0,0,0,24.3892017,38.8526442,0,0,0.144070667,20146.338,8.34612892
0,0.4582218,0.7415798968,-1.935268895,0.01689180325,0,0,0,15.60479283,29.91666059,0,0,0.1440706667,240587.2864,51.45827558
0,30.1013,0.335146,-1.09433,0.015442,0.00862719,0.00841118,0.000216017,0.883327,13.4038,0.0568613,0.0145189,0.144071,38.7775,3.45799
2,2.377293,0.7034849,-1.555325,0.01331057,-1.156691,-1.156694,3.142344e-06,277.8995,61.20655,-16.4134,0,0.1440707,209.9085,4.038998
0,37.33891,0.2959911,-1.232831,0.01713724,0.04175188,0.04063741,0.001114468,0.8497746,11.44226,0.2426218,0.07750468,0.1440707,203.8516,3.713824
0,6.09956,0.45529,-0.885666,0.0155341,0.00064535,0.000583347,6.20036e-05,0.915195,18.3554,0.00535723,0.000989326,0.144071,3.51327,3.1191
0,6.17883,0.308226,-0.955716,0.0194806,0.00119615,0.00114157,5.45808e-05,0.879421,12.4195,0.00709735,0.00193997,0.144071,6.08334,3.21786
0,76.457427,0.94886465,-1.4240082,0.020725256,0.25471434,0.16930894,0.085405396,0.78002346,28.528714,3.2404799,0.74686135,0.14407067,6452.8527,5.2959764
0,67.40592,0.8540248,-1.254497,0.01596464,0.06483956,0.05265432,0.01218523,0.9101286,32.21898,0.9070468,0.1098937,0.1440707,707.91,3.897338
2,11.4604401,0.294022314,-1.62769767,0.0233883625,0.0804246748,-0.293403718,0.373828393,2.56581447,10.9074383,-1.74008745,0,0.144070667,10264.686,6.26371322
0,6.6794,0.24463,-0.65838,0.02095,5.3052e-05,2.3376e-05,2.9676e-05,0.85354,9.8682,0.00011535,3.9584e-05,0.14407,0.10929,2.7128
1,0.26926,0.45493,-1.9965,0.011541,,,,,,,,,,
0,5.75743,0.378721,-0.518696,0.0132373,6.00083e-05,6.15138e-06,5.3857e-05,0.900206,15.2774,4.69912e-05,1.04161e-05,0.144071,0.0266716,2.50067
0,42.58145,0.35971949,-1.5621604,0.010754253,0.47684324,0.38714821,0.089695035,0.82472858,7.5919087,2.8090948,0,0.14407067,9578.3828,6.0613513
0,5.70098,0.766219,-0.586583,0.0137706,0.302091,9.84924e-06,0.302081,0.924719,21.5728,0.000152223,2.39472e-05,0.144071,0.0876885,2.62972
0,6.55333,0.9529,-0.721381,0.00882761,0.00022205,0.000124589,9.74603e-05,0.957673,38.4332,0.00239471,0.000211022,0.144071,0.852115,2.88151
0,81.265235,0.59135906,-1.446777,0.02441942,0.24412543,0.16347041,0.080655018,0.76639769,18.032509,1.9499146,0.8492186,0.14407067,5561.5281,5.1380266
0,17.5069,0.57335,-1.12715,0.0172488,0.0118081,0.0113441,0.000463994,0.924208,22.8568,0.131194,0.0198133,0.144071,96.3383,3.54875
0,55.99559,0.5718274,-1.182242,0.0122347,0.0326815,0.03115837,0.001523122,0.9105042,22.31463,0.3593891,0.05668509,0.1440707,193.7346,3.658655
0,7.26257,0.760675,-0.756624,0.0197885,0.000130781,8.73967e-05,4.33843e-05,0.947631,30.683,0.00134097,0.000148034,0.144071,1.08111,2.92903
0,38.1704,0.7340848,-1.22181,0.008400474,0.07923509,0.07142942,0.007805675,0.8933626,27.2678,1.057666,0.1372419,0.1440707,401.0977,3.775882
0,9.3080443,0.79039136,-1.5251805,0.0091058877,0.00014049631,0.00014049611,1.9861765e-10,4.0525959,31.881323,0.0022399156,0,0.14407067,5090.5505,5.1204272
0,1.3486986,0.2072789580245,-1.977924666576,0.01843453750399,0.3321415766194,0.3208767196625,0.01126485695687,-0.004108490059451,5.584634962117,1.341586243747,0,0.1440706666667,-295041444.6067,-57290.77332506
2,1.7384802,0.46921480311,-1.8080404268,0.013532977698,-0.11705664953,-0.11705666982,2.028434487e-08,-0.1663830502,21.144726369,-1.1078808107,0,0.14407066667,-3111526.0255,-602.6562114
1,0.65754,0.48197,-1.9694,0.015488,,,,,,,,,,
1,0.42133,0.81194,-1.9339,0.020327,,,,,,,,,,
0,6.53623,0.595404,-0.606614,0.0247963,4.15875e-05,1.01582e-05,3.14293e-05,0.934131,24.0187,0.000121998,1.72014e-05,0.144071,0.125006,2.66798
0,5.5066,0.538498,-0.613695,0.0125944,8.29185e-05,2.19038e-05,6.10147e-05,0.92765,21.7222,0.000237919,3.70917e-05,0.144071,0.124684,2.67493
0,0.4592537,0.9446417529,-1.872925694,0.01952293031,0,0,0,-2.833765363,38.10853938,0,0,0.1440706667,-757700.9156,-145.444103
0,5.23219,0.309471,-0.509777,0.0207375,3.59806e-05,3.50163e-06,3.2479e-05,0.880565,12.4842,2.18582e-05,5.92919e-06,0.144071,0.0198695,2.47662
0,5.92308,0.296831,-0.661717,0.0121425,9.77049e-05,4.20982e-05,5.56067e-05,0.876072,11.9735,0.000252057,7.129e-05,0.144071,0.134852,2.72698
0,3.4064289,0.3812951946,-1.710681247,0.02029057041,0.7319642756,0.02509673992,0.7068675357,-0.04019883915,4.122960554,0.1930206672,0,0.1440706667,-719056.8214,-138.0996016
0,19.5454,0.228403,-1.09859,0.014261,0.00976577,0.00958674,0.000179032,0.838862,9.12421,0.044167,0.0166069,0.144071,29.3617,3.44614
0,0.4624337,0.5265405463547852,-1.982534488103699,0.01274711925697225,0,0,0,-5.020337562326126e-63,21.24158823670454,0,0,0.1440706666666666,-9.744065200713662e+68,-1.892139347137604e+65
0,3.7956666,0.33255637,-1.5080143,0.0096051064,0.68508212,0.070215631,0.61486649,2.07098,4.2249127,0.47100361,0,0.14407067,1058.8701,4.2396941
0,12.5298681,0.317245455,-1.84725328,0.021909608,0.382210368,0.312869612,0.0693407557,-11.4653109,7.9066259,2.00209169,0,0.144070667,-27940.3962,-3.59255093
0,34.3857,0.791302,-1.05869,0.0210143,0.00415718,0.00393916,0.000218019,0.94694,31.7898,0.062874,0.00675053,0.144071,54.282,3.44265
0,30.704,0.783991,-1.0657,0.0243827,0.00391364,0.00371129,0.000202352,0.946653,31.5038,0.0586895,0.00636592,0.144071,58.8778,3.45473
0,4.63887,0.652875,-0.593899,0.0135321,7.39622e-05,1.58089e-05,5.81533e-05,0.939556,26.3362,0.000208188,2.67703e-05,0.144071,0.115741,2.65131
2,16.1492861,0.5724946221,-1.789935243,0.01901573336,0.5204194281,-1.014971011,1.535390439,1.0238256,11.07613292,-11.72061014,0,0.1440706667,209915.1753,45.34990815
0,18.4679239,0.7283913105,-1.78214719,0.009039089956,0.6579274209,0.4456567786,0.2122706423,1.089797268,10.05166913,6.547725184,0,0.1440706667,161930.592,36.01095705
0,6.3964,0.889073,-0.951914,0.0124071,0.00185091,0.00170648,0.000144421,0.953722,35.8004,0.0306031,0.00290081,0.144071,15.399,3.26359
0,24.3904,0.309565,-1.14351,0.0165274,0.0148707,0.0145381,0.000332631,0.871363,12.3027,0.0907789,0.0255159,0.144071,67.8666,3.54159
0,21.1261049,0.2179954333,-1.858423133,0.01953244031,0.3670756226,0.299855664,0.06721995857,1.151014287,5.566143325,1.318514235,0,0.1440706667,226157.6667,48.57625377
0,5.70473,0.906589,-0.532204,0.0173563,5.19839e-05,5.58032e-06,4.64036e-05,0.955724,36.5715,0.000102046,9.44934e-06,0.144071,0.071533,2.56488
0,43.2479,0.823138,-1.05241,0.0180457,0.00447983,0.00423573,0.000244103,0.948581,33.0581,0.0703276,0.00725178,0.144071,51.9829,3.4337
2,23.678191,0.25443541,-1.513962,0.021870767,0.85043199,-0.5828042,1.4332362,0.31394507,1.5352229,-2.9910619,0,0.14407067,2739.6672,4.6208713
0,6.20727,0.756421,-0.622539,0.0226044,4.92075e-05,1.36722e-05,3.55353e-05,0.947405,30.5139,0.000208606,2.31523e-05,0.144071,0.192126,2.706
2,1.2648314,0.4759741680093222,-1.896164446798089,0.02104464829926405,-971.7464710124638,-971.746471070199,5.773529210273409e-08,-1.01931630588643e-13,18678.33728666048,-9329.567818878613,0,0.1440706666666666,-1.391569053179933e+22,-2.702201294371395e+18
0,7.9876,0.22778,-0.84127,0.012807,0.00045208,0.0004003,5.1776e-05,0.84415,9.1848,0.0018392,0.00067843,0.14407,1.0775,3.0135
0,52.09858,0.7853953,-1.160431,0.013375,0.02332895,0.02188729,0.001441664,0.9340587,30.94509,0.3467412,0.03918276,0.1440707,197.8991,3.638745
2,17.1524061,0.2644735247,-1.626504204,0.02281364772,0.0007396638621,-4.015412813e-05,0.0007798179902,-0.04194639544,10.66144372,-0.0002142089312,0,0.1440706667,-604382.4458,-115.9069488
0,9.03126,0.306506,-1.01805,0.0161667,0.00314545,0.00304959,9.58561e-05,0.87762,12.3261,0.0188541,0.00520628,0.144071,13.4742,3.32249
2,12.7862554,0.68140780194034,-1.5645653901335,0.02042891052995,-0.10187559876128,-0.10196333568032,8.7736919040293e-05,-2.684033324899e-05,30.289690351491,-1.4014458022458,0,0.14407066666667,-1211086274.6864,-235172.30078439
0,8.78891,0.96558,-0.965591,0.0147484,0.00185208,0.00171036,0.000141712,0.957142,38.8811,0.0333121,0.00290896,0.144071,19.8647,3.29122
2,5.8308142,0.4178925965,-1.76021583,0.01369865371,0.21142817,-0.006947579563,0.2183757496,-1.717476252,13.29416614,-0.05856300814,0,0.1440706667,-102533.0535,-18.231075
1,0.28354,0.81527,-1.9785,0.0083595,,,,,,,,,,
0,39.92812,0.31662478,-1.5681897,0.022691074,0.22690836,0.20854094,0.018367417,1.2523677,9.8748622,1.3318687,0,0.14407067,8865.1349,5.9249033
1,0.2892,0.71146,-1.889,0.022338,,,,,,,,,,
2,7.6799015,0.6147011287,-1.440860819,0.01315239394,0.5833329068,-0.1549302146,0.7382631214,-0.01747638758,10.33257056,-1.920990882,0,0.1440706667,-129522.6196,-23.80337235
0,52.245604,0.25076015,-1.4607332,0.012981822,0.40415235,0.40415063,1.7216634e-06,0.58435618,6.0276623,2.0442168,1.9110543,0.14407067,2916.8714,4.6052731
0,6.01372,0.733155,-0.804776,0.0187113,0.000220167,0.000171517,4.86497e-05,0.945717,29.5703,0.00253647,0.000290593,0.144071,1.93785,3.00733
0,5.81231,0.776939,-0.853695,0.0139148,0.000506414,0.000432107,7.4307e-05,0.948426,31.3272,0.00677179,0.000732491,0.144071,3.83738,3.09173
0,38.94681,0.8338951,-1.163287,0.0212929,0.01535927,0.01430893,0.001050342,0.9420627,33.12412,0.2406821,0.02553221,0.1440707,217.8839,3.650426
1,0.27051,0.46399,-1.9759,0.010481,,,,,,,,,,
2,0.7426759,0.44185496455,-1.8515918086,0.010995298423,-0.11869048051,-0.11869048051,5.5511151231e-17,-0.17199672061,19.940904224,-1.0578419792,0,0.14407066667,-4966542.4787,-962.85078127
0,5.87528,0.636929,-0.828257,0.0124623,0.000422057,0.000348084,7.39733e-05,0.937913,25.684,0.00447199,0.000589894,0.144071,2.29462,3.03957
0,5.79338,0.62259,-0.84025,0.0244962,0.00024498,0.00020658,3.84002e-05,0.936694,25.1102,0.00259427,0.000350087,0.144071,2.62039,3.05844
1,0.33451,0.77841,-1.9087,0.016846,,,,,,,,,,
0,19.9704,0.338654,-1.12451,0.0229702,0.00846505,0.00825898,0.00020607,0.88445,13.5463,0.0564168,0.0143822,0.144071,57.6729,3.51224
0,15.8999762,0.46824097,-1.73753897,0.00854699865,0.94739319,0.747093413,0.200299777,0.110957686,0.993725746,7.05617736,0,0.144070667,88654.5572,21.7063781
0,41.837214,0.38208489,-1.4195253,0.011647005,0.42682048,0.26028216,0.16653832,0.59964158,8.8349825,2.0059931,1.2546378,0.14407067,2454.0529,4.465316
0,6.3396,0.285393,-1.00274,0.0229789,0.00182344,0.00176555,5.78877e-05,0.87068,11.4923,0.0101636,0.00300864,0.144071,10.4012,3.29328
0,50.21185,0.6719387,-1.200591,0.01778703,0.02882315,0.02684517,0.001977981,0.9224463,26.32589,0.3638488,0.04935328,0.1440707,285.5609,3.71477
0,12.2023352,0.70082698,-1.54874027,0.0158204345,0.325476857,0.0801356089,0.245341248,-0.198486917,19.0705331,1.13282161,0,0.144070667,-84143.297,-14.8614018
0,42.26714,0.2249066,-1.28214,0.02334162,0.05403485,0.05249762,0.001537227,0.8096531,8.582868,0.238159,0.1072019,0.1440707,302.346,3.802513
0,0.5345486,0.2638087935,-1.900196174,0.01702820077,0,0,0,6.013367603,10.64251899,0,0,0.1440706667,141544.4905,32.16344223
1,0.22257,0.66379,-1.9546,0.020142,,,,,,,,,,
0,38.205384,0.8644962,-1.389734,0.0095185432,0.19005884,0.065010716,0.12504812,1.8620792,28.246961,1.1336349,0,0.14407067,1723.2739,4.2754547
0,6.55455,0.915773,-0.635285,0.0130594,9.06341e-05,2.78739e-05,6.27602e-05,0.956123,36.9406,0.000514886,4.72028e-05,0.144071,0.271468,2.73653
0,67.55402,0.2425457,-1.276184,0.01068426,0.1071047,0.1041032,0.003001495,0.7853048,8.736736,0.5093107,0.2169532,0.1440707,293.9402,3.793476
0,28.5057,0.715059,-1.02652,0.0115423,0.00501548,0.00475767,0.000257803,0.941322,28.7021,0.0686218,0.00812959,0.144071,32.6117,3.38009
0,7.55475,0.990698,-0.807767,0.023265,0.00018513,0.000143347,4.17838e-05,0.959241,39.9591,0.00286453,0.000242868,0.144071,2.68287,3.02718
0,7.08152,0.373712,-0.578486,0.0227657,3.90016e-05,7.7095e-06,3.12921e-05,0.899017,15.0756,5.81151e-05,1.30546e-05,0.144071,0.0568052,2.59931
0,20.8915,0.532295,-1.13522,0.00987,0.0226163,0.0217863,0.000829957,0.912398,20.9881,0.233917,0.038407,0.144071,99.3924,3.55902
0,20.9977,0.981456,-1.08382,0.0139867,0.00865374,0.00811209,0.000541658,0.953342,39.2511,0.160594,0.0140063,0.144071,91.9346,3.50217
0,60.298743,0.26366601,-1.48646,0.016250236,0.38436263,0.38436078,1.8497723e-06,0.60391893,6.5483861,2.0441764,2.1245381,0.14407067,4266.946,4.9127077
2,2.3312784,0.61974441,-1.5502206,0.0089061795,0.071444416,-0.010583825,0.082028241,8.9263844,23.215374,-0.13230627,0,0.14407067,2321.382,4.567393
2,19.8088904,0.974372255,-1.66512932,0.0127188102,-17.2023055,-19.3930075,2.19070198,-57.9701959,715.494788,-381.149404,0,0.144070667,-48201.4698,-7.73706631
0,42.1942,0.34611938,-1.439937,0.022348091,0.22525272,0.22525149,1.2292321e-06,0.74338522,10.817855,1.5726018,0.84987991,0.14407067,3150.3772,4.6337769
0,2.4859173,0.41603514,-1.79855608,0.0172049213,0.0987114174,0.00530452114,0.0934068963,5.68530235,15.1268692,0.0445144867,0,0.144070667,57672.4004,15.7290702
0,5.84027,0.255901,-0.819372,0.0138963,0.000327746,0.000278542,4.92036e-05,0.858911,10.3201,0.00143777,0.000471966,0.144071,0.89822,2.98222
0,26.02802,0.8164952,-1.221521,0.01462148,0.04712967,0.04143657,0.005693095,0.9199472,31.38648,0.6824371,0.0785569,0.1440707,446.6762,3.789973
0,46.74499,0.4655009,-1.272253,0.01481067,0.07890723,0.07098488,0.007922349,0.8661232,17.29733,0.6665174,0.148801,0.1440707,501.669,3.85735
0,29.806179,0.45540417,-1.343201,0.019534332,0.124549,0.094984208,0.02956479,0.83390923,16.083628,0.87251636,0.28064879,0.14407067,1205.2144,4.1099503
2,13.1289993,0.62441603317,-1.8110915266,0.013824909676,-146.31993929,-199.44881703,53.128877743,-45.802971069,3710.9981965,-2512.0638926,0,0.14407066667,-2062993.874,-399.02411489
0,5.68061,0.465457,-0.870448,0.0222616,0.000376685,0.000334901,4.17842e-05,0.917057,18.7703,0.00314428,0.000567774,0.144071,2.9488,3.09477
2,15.5501958,0.47050532898998,-1.7509434274968,0.017701232469304,-7.1543061549964,-7.1793393286408,0.025033173644417,-0.0016292231349451,154.77710737914,-68.13561773735,0,0.14407066666667,-1117105245.7126,-216922.51943897
0,44.93589,0.4565995,-1.28473,0.02440662,0.05628245,0.04921561,0.007066845,0.8794697,17.38332,0.4532768,0.1059926,0.1440707,582.8168,3.893288
0,5.77139,0.561251,-0.648753,0.00919658,0.00013167,4.7056e-05,8.46138e-05,0.930345,22.6389,0.000532718,7.96882e-05,0.144071,0.203268,2.73512
0,5.09766,0.713118,-0.634698,0.0150818,7.70386e-05,2.39551e-05,5.30835e-05,0.944372,28.7662,0.000344575,4.05659e-05,0.144071,0.212418,2.72332
0,56.4679,0.539637,-1.08741,0.0166895,0.00741125,0.00713519,0.000276053,0.923098,21.6086,0.0776663,0.0122922,0.144071,54.7379,3.47189
2,35.6848103,0.7663523531,-1.488383256,0.009103753346,0.01213538706,-0.02164718866,0.03378257572,-0.06893182135,30.54084789,-0.3346225218,0,0.1440706667,-178711.1217,-33.32399963
0,49.56152,0.60966137,-1.3653694,0.0086489832,0.31255426,0.22114289,0.091411374,0.71877865,16.907612,2.7194859,0.84267839,0.14407067,1954.1205,4.3023763
0,47.38044,0.5036537,-1.242771,0.01884971,0.04483142,0.04157514,0.003256286,0.8940604,19.40739,0.4223679,0.08005941,0.1440707,373.3832,3.787782
2,33.2462397,0.2562879196951,-1.8916481550679,0.020332919211153,-21814.800417205,-21817.122656108,2.3222389028924,-2.9101562517207,225556.03615483,-112784.85346645,0,0.14407066666667,-5554177792.1028,-1078529.9502333
0,54.19801,0.2055188,-1.280986,0.01984156,0.06204672,0.06057986,0.00146686,0.7927835,7.776566,0.2511337,0.1242574,0.1440707,275.6568,3.791428
0,22.5799394,0.251855186,-1.7201322,0.0137855893,0.647532726,0.430086418,0.217446307,0.59121694,3.58116939,2.18490116,0,0.144070667,47947.6302,13.752765
0,0.4510341,0.6480052071,-1.819456514,0.009938171398,0,0,0,-2.596581975,26.14169009,0,0,0.1440706667,-285427.6864,-53.73960979
0,8.90707,0.975522,-0.961013,0.0182564,0.00141467,0.00130343,0.000111241,0.957834,39.2986,0.0256477,0.00221581,0.144071,18.9179,3.28394
1,0.32375,0.49778,-1.8481,0.023058,,,,,,,,,,
0,7.25191,0.256308,-0.628842,0.0180825,5.3521e-05,1.85331e-05,3.49878e-05,0.859271,10.3394,9.58156e-05,3.13827e-05,0.144071,0.0778306,2.66585
0,15.5885,0.796866,-1.01492,0.0168747,0.00297916,0.00280873,0.000170425,0.948039,32.0512,0.0451462,0.00479115,0.144071,31.1553,3.36586
0,5.72094,0.468352,-0.711603,0.0198332,8.76355e-05,4.89133e-05,3.87221e-05,0.917709,18.8925,0.000462089,8.28383e-05,0.144071,0.38552,2.83089
2,28.8310441,0.483455635,-1.67914757,0.0247630689,0.0450266696,-0.0798971196,0.124923789,1.5838007,18.6252897,-0.779135369,0,0.144070667,54987.1444,15.0857787
0,6.1679,0.20587,-0.56249,0.011507,6.1449e-05,1.2432e-05,4.9017e-05,0.83063,8.3047,5.1624e-05,2.1032e-05,0.14407,0.027579,2.5462
0,5.19479,0.919742,-0.589416,0.00862908,0.000117425,2.34036e-05,9.40214e-05,0.956287,37.0997,0.000434183,3.9632e-05,0.144071,0.151227,2.66057
0,8.6959303,0.730712226,-1.65678276,0.00981167625,0.6560803,0.584428651,0.0716516489,1.57382914,10.1381472,8.61396382,0,0.144070667,22599.4979,8.72857062
0,34.959936,0.55065569,-1.3234403,0.015612013,0.12609477,0.097215686,0.028879084,0.84585497,19.413312,1.0797958,0.27243865,0.14407067,1112.6759,4.0681151
0,23.7863,0.621646,-1.10852,0.0169892,0.00952433,0.00912634,0.000397993,0.930625,24.8395,0.114437,0.0158355,0.144071,81.8484,3.51893
0,24.8085,0.800519,-1.08506,0.0131632,0.00924083,0.00875953,0.0004813,0.944185,31.9959,0.141442,0.0151202,0.144071,76.8764,3.49129
0,6.34265,0.371524,-0.644222,0.0152219,7.39013e-05,2.68238e-05,4.70775e-05,0.898461,14.9868,0.000201016,4.54234e-05,0.144071,0.13146,2.70818
0,11.8064,0.232754,-1.07154,0.0244402,0.00406934,0.00398728,8.20596e-05,0.844772,9.35149,0.0187197,0.00684534,0.144071,21.1096,3.40053
0,12.2972435,0.753462153,-1.57692481,0.0234278443,0.106421234,0.0718274422,0.0345937916,-0.86603982,27.161231,1.0916339,0,0.144070667,-39448.1004,-6.11521129
0,13.631471,0.80073346,-1.5861413,0.01264266,0.13683981,0.1324436,0.0043962095,-5.714901,27.882682,2.1391642,0,0.14407067,-6908.0304,0.30228257
2,1.263633,0.70745731918,-1.7614011344,0.017261728557,0.0085923896753,0.0085923896753,-3.9898639947e-17,-0.16833275829,28.294867109,0.12261380762,0,0.14407066667,-2260709.2114,-437.47161807
0,35.74026,0.50603517,-1.324555,0.016761603,0.11846089,0.092701528,0.025759364,0.84568021,17.996061,0.94622139,0.25741301,0.14407067,1046.5371,4.053238
0,22.7232814,0.8560898663,-1.70901299,0.02291428032,0.8673305372,0.7554338579,0.1118966792,0.2513037316,4.581898805,13.04490655,0,0.1440706667,125114.5501,28.77549143
0,36.484938,0.67014533,-1.3196268,0.024487408,0.082152967,0.060931696,0.021221271,0.88686655,24.813868,0.82364,0.1653909,0.14407067,1291.5997,4.1067076
0,39.888174,0.22635816,-1.3973263,0.011697926,0.31014116,0.24184657,0.068294588,0.64153277,6.2995794,1.1042344,0.93926419,0.14407067,1229.7779,4.1698821
0,18.3237862,0.920295603,-1.56760802,0.0127317889,0.884119728,0.853162851,0.0309568774,0.277541959,4.30221409,15.8374207,0,0.144070667,17298.3496,7.59626351
0,50.339018,0.33251896,-1.3576777,0.0090119422,0.28477739,0.22888395,0.055893441,0.69684697,9.5942895,1.5351716,0.7326573,0.14407067,1036.1724,4.0838366
0,8.1131,0.418649,-0.717777,0.0125052,0.000817378,8.39316e-05,0.000733447,0.908741,16.8752,0.000708762,0.000142226,0.144071,0.376457,2.83584
0,24.720654,0.90410238,-1.401833,0.022826007,0.13785036,0.017649466,0.1202009,1.911014,31.445277,0.32186544,0,0.14407067,2183.5628,4.3890982
0,5.44176,0.788025,-0.693209,0.0228137,6.97091e-05,3.35761e-05,3.61331e-05,0.949393,31.7881,0.000533697,5.68619e-05,0.144071,0.495078,2.82537
0,6.7252,0.388039,-0.906061,0.0133263,0.00095578,0.00088318,7.25998e-05,0.901804,15.6392,0.00691274,0.00149862,0.144071,3.94767,3.14557
2,23.432901,0.75551838,-1.554843,0.024363318,0.030042217,-0.065052165,0.095094382,4.5261134,29.563308,-0.99136131,0,0.14407067,6186.716,5.3729678
0,29.1887,0.571058,-1.07049,0.0215237,0.00465081,0.00446597,0.000184841,0.928559,22.9304,0.0514424,0.00766908,0.144071,46.462,3.44494
0,26.9664,0.828481,-1.07772,0.0224516,0.00495591,0.0046894,0.000266511,0.948569,33.2568,0.0783656,0.00806737,0.144071,72.3817,3.47998
0,74.616917,0.28499508,-1.3732194,0.023540634,0.12623465,0.098604808,0.027629842,0.79132102,10.045865,0.56684018,0.34245177,0.14407067,1166.5129,4.1307764
0,7.4638136,0.4976947,-1.4600124,0.024312322,0.024219894,0.023740193,0.00047970129,4.0958251,19.591611,0.23832656,0,0.14407067,1340.1516,4.2584173
0,6.03941,0.664953,-0.682956,0.0180287,8.20589e-05,3.72451e-05,4.48138e-05,0.940582,26.8232,0.000499557,6.30749e-05,0.144071,0.369634,2.80008
0,34.556446,0.93483379,-1.3156477,0.019514757,0.10302523,0.072596681,0.030428545,0.88802499,33.827492,1.3689145,0.19719396,0.14407067,1670.8548,4.1896022
0,22.6365877,0.896329014,-1.68830494,0.0218777168,0.473935816,0.253618763,0.220317053,1.27837892,19.0222268,4.58536599,0,0.144070667,78260.8045,19.6324385
0,7.01115,0.252159,-0.93195,0.0225488,0.000765817,0.00072748,3.83369e-05,0.856851,10.1647,0.00370016,0.00123509,0.144071,3.76574,3.169
0,36.71784,0.3375684,-1.184793,0.01241029,0.03268228,0.03185454,0.0008277398,0.8688863,13.17304,0.2168994,0.05774419,0.1440707,123.8371,3.624638
1,0.71781,0.74669,-1.9927,0.0106,,,,,,,,,,
0,5.35592,0.583942,-0.698961,0.0143425,0.000112894,5.75018e-05,5.53926e-05,0.932879,23.5546,0.000677293,9.73828e-05,0.144071,0.40197,2.8204
0,6.72082,0.33111,-0.933288,0.0153104,0.0011549,0.00108972,6.51792e-05,0.886794,13.3421,0.00727801,0.00185054,0.144071,4.85875,3.18364
0,38.93468,0.4133499,-1.223007,0.01124647,0.05713758,0.05489161,0.002245975,0.8712237,15.72249,0.4576664,0.1040993,0.1440707,240.8202,3.719742
0,6.18588,0.451742,-0.668078,0.0165875,7.88131e-05,3.34404e-05,4.53727e-05,0.914948,18.2226,0.00030471,5.66296e-05,0.144071,0.213244,2.7569
0,7.4864,0.72198,-0.803086,0.0122811,0.000329382,0.000255696,7.36863e-05,0.944854,29.1164,0.00372369,0.000433231,0.144071,1.86882,3.00377
0,17.7123907,0.955984681,-1.63251832,0.0134315228,0.495892081,0.13700508,0.358887,1.16628095,19.4414933,2.6418781,0,0.144070667,42821.9373,12.6640155
0,7.1462,0.2473,-0.62984,0.022423,4.2923e-05,1.5138e-05,2.7785e-05,0.85489,9.976,7.5512e-05,2.5634e-05,0.14407,0.076451,2.6659
0,51.1459,0.232718,-1.19728,0.00906254,0.1268,0.0466328,0.080167,0.804474,8.19783,0.2189,0.0928302,0.144071,97.7154,3.61988
0,5.29969,0.520455,-0.501089,0.00995283,8.27143e-05,6.52521e-06,7.61891e-05,0.92533,20.9943,6.8502e-05,1.10494e-05,0.144071,0.0284398,2.48636
0,7.5034,0.465615,-0.658139,0.023638,5.26363e-05,2.0654e-05,3.19822e-05,0.917288,18.7827,0.00019398,3.49757e-05,0.144071,0.19296,2.74183
2,13.1114216,0.244181205,-1.67818661,0.0191735248,0.452175042,-0.0342975328,0.486472575,1.20675807,5.39646311,-0.168927472,0,0.144070667,20653.1832,8.36740432
0,11.93347,0.7195854,-1.136151,0.02411356,0.009563788,0.009078984,0.0004848049,0.9386973,28.75173,0.1317786,0.0159105,0.1440707,133.9432,3.58199
0,6.53574,0.68526,-0.876062,0.0153394,0.000592089,0.000522265,6.98248e-05,0.941911,27.6282,0.0072189,0.000885618,0.144071,4.54187,3.12289
0,18.2180135,0.407758247,-1.70950545,0.0117267775,0.704350293,0.269816287,0.434534006,1.22140813,4.86334829,2.21919817,0,0.144070667,27496.852,9.74235836
0,40.15967,0.4186047,-1.203955,0.01472116,0.03488055,0.03364769,0.001232865,0.8866577,16.29823,0.2841087,0.06226474,0.1440707,192.0463,3.67959
0,4.90875,0.919766,-0.570847,0.0127808,7.57784e-05,1.24485e-05,6.33299e-05,0.956315,37.1022,0.00023095,2.10799e-05,0.144071,0.119141,2.62974
0,6.89663,0.654835,-0.939728,0.0193252,0.00101077,0.000937695,7.30747e-05,0.939122,26.3905,0.0123856,0.00159253,0.144071,9.85766,3.22741
0,11.56752,0.8200129,-1.117935,0.02097764,0.008799761,0.008311697,0.0004880643,0.9455915,32.78969,0.1374788,0.01447348,0.1440707,120.0054,3.555422
0,5.4158,0.802168,-0.639522,0.019125,6.24849e-05,2.00985e-05,4.23864e-05,0.950245,32.3589,0.000325203,3.40352e-05,0.144071,0.252652,2.73707
0,7.25525,0.257688,-0.944945,0.013492,0.00150376,0.00143557,6.81908e-05,0.859032,10.38,0.00746183,0.00243914,0.144071,4.5325,3.19167
0,7.08913,0.369778,-0.942749,0.0149577,0.00133238,0.00125913,7.32499e-05,0.897241,14.8976,0.00939155,0.00213893,0.144071,6.05488,3.20465
0,9.246735,0.4385561,-1.161297,0.0235121,0.01313233,0.01271431,0.0004180215,0.9043239,17.4598,0.1124716,0.02253873,0.1440707,116.6201,3.596656
0,6.9899,0.612633,-0.926727,0.0130488,0.00127305,0.0011754,9.76547e-05,0.935073,24.6832,0.0145248,0.00199577,0.144071,7.83567,3.20222
0,47.750356,0.30905875,-1.3828166,0.013478356,0.23135169,0.17539172,0.055959974,0.7278633,9.5834942,1.0933905,0.6765788,0.14407067,1368.5691,4.1878178
0,6.66397,0.772638,-0.763551,0.0158956,0.000173451,0.000118919,5.45314e-05,0.948371,31.1642,0.00185333,0.000201436,0.144071,1.19931,2.94131
0,6.97642,0.344675,-0.944212,0.0210915,0.000960585,0.000910023,5.05623e-05,0.89086,13.8914,0.00632684,0.00154566,0.144071,5.79425,3.2038
0,0.5539734,0.2109707028,-1.992148933,0.01015577706,0,0,0,4.791447033,8.510935824,0,0,0.1440706667,462839.4822,94.70654501
0,96.582546,0.490794203,-1.56099394,0.0129748131,0.604223599,0.381724409,0.22249919,0.47909045,7.83618147,3.77897941,6.93117027,0.144070667,16766.0971,7.48468881
0,6.38051,0.263398,-0.653966,0.0185905,5.94114e-05,2.48919e-05,3.45194e-05,0.862534,10.6253,0.00013225,4.21512e-05,0.144071,0.110028,2.70877
0,59.50148,0.4221978,-1.315034,0.0231339,0.07903235,0.06565771,0.01337464,0.8587526,15.68612,0.5591481,0.1650388,0.1440707,794.9134,3.980725
0,19.61475,0.3020944,-1.191592,0.02196105,0.02011821,0.01965373,0.0004644795,0.8655193,11.94185,0.1197603,0.03560932,0.1440707,122.984,3.630916
0,26.3068843,0.2144843664,-1.786344953,0.01767676982,0.9918986391,0.7293644281,0.262534211,0.01242652966,0.0700985099,3.155479705,0,0.1440706667,104523.1168,24.8450615
0,5.62797,0.52185,-0.652198,0.0110327,0.00011077,4.09995e-05,6.97703e-05,0.925497,21.05,0.000431569,6.94312e-05,0.144071,0.198587,2.73736
0,6.49251,0.406596,-0.998869,0.0211544,0.00190127,0.00182526,7.60012e-05,0.905243,16.3716,0.0149697,0.00310974,0.144071,13.5609,3.30365
0,5.08541,0.8494,-0.678824,0.0100915,0.000144905,6.30973e-05,8.18075e-05,0.952826,34.2614,0.00108106,0.000106859,0.144071,0.441974,2.80514
0,5.31329,0.263828,-0.683913,0.0232551,5.71266e-05,2.92334e-05,2.78932e-05,0.862728,10.6427,0.00015557,4.95044e-05,0.144071,0.161874,2.75857
1,56.0928,0.267404,-1.38937,0.0211968,,,,,,,,,,
2,1.100768,0.47295768862,-1.9662797002,0.010027655353,-0.4358904858,-0.4358904858,0,-0.57586368941,27.396732794,-4.1583864804,0,0.14407066667,-8891780.6411,-1724.9835758
0,66.49054,0.3106215,-1.35159,0.009900451,0.232727,0.1927016,0.04002533,0.7285467,9.614719,1.207375,0.6167397,0.1440707,918.4877,4.048701
1,9.4394,0.68291,-1.2633,0.018166,,,,,,,,,,
1,2.0152,0.37106,-1.8997,0.0098833,,,,,,,,,,
1,0.38906,0.37684,-1.5659,0.02444,,,,,,,,,,
1,0.070594,0.86477,-1.5372,0.020329,,,,,,,,,,
1,0.11979,0.63916,-0.88265,0.022849,,,,,,,,,,
1,0.07706,0.32896,-1.1743,0.015732,,,,,,,,,,
1,0.35198,0.69177,-1.3921,0.019511,,,,,,,,,,
0,9.32734,0.301915,-0.92662,0.0133511,0.00121695,0.00114726,6.96902e-05,0.87721,12.165,0.00698668,0.00194792,0.144071,4.11086,3.16824
0,6.6175,0.24299,-0.82835,0.014171,0.00035411,0.00030649,4.7614e-05,0.85251,9.7992,0.0015022,0.00051936,0.14407,0.96426,2.9949
0,41.500496,0.6323609,-1.3589118,0.020341442,0.14644687,0.10239669,0.044050179,0.84189438,21.774627,1.3060991,0.32977816,0.14407067,1977.58,4.3010874
0,48.06824,0.6298946,-1.251271,0.01787194,0.05355698,0.04698699,0.006569989,0.9024563,24.05014,0.596995,0.09418052,0.1440707,511.2833,3.83921
0,12.994694,0.27341176,-1.5222188,0.019295626,0.6704526,0.13540998,0.53504262,0.87574585,3.6348815,0.7467806,0,0.14407067,2585.5467,4.5962254
0,35.596516,0.60750597,-1.3858234,0.023629906,0.16156053,0.11779196,0.043768567,0.82691294,20.548373,1.4434155,0.40111285,0.14407067,2684.6245,4.4810015
2,0.8994022,0.514768054,-1.88435561,0.0146288754,-0.351289323,-0.351289342,1.92118249e-08,104.9583,28.0617725,-3.64755402,0,0.144070667,17446.1215,7.94214309
0,23.68645,0.84018881,-1.4360351,0.024663127,0.80098151,0.11591259,0.68506891,0.43639107,6.7456762,1.9644125,0,0.14407067,3182.8685,4.6367115
0,45.1978408,0.602673544,-1.66282685,0.0138606543,0.876855108,0.593919064,0.282936045,0.182031296,2.99401309,7.2199562,23.9990098,0.144070667,62362.2842,16.5080575
0,5.50619,0.427999,-0.739075,0.0195602,0.000109548,7.05789e-05,3.8969e-05,0.910635,17.2643,0.000609316,0.000119538,0.144071,0.505269,2.87228
0,83.4957839,0.616544334,-1.55105746,0.00896166291,0.846202198,0.593515693,0.252686505,0.216321041,3.82533617,7.38111017,0,0.144070667,15954.5942,7.31462244
0,5.79677,0.356029,-0.797026,0.0199537,0.000183543,0.000145609,3.79334e-05,0.894441,14.3602,0.00104568,0.000246677,0.144071,0.900737,2.96002
0,37.1954322,0.308736526,-1.75367854,0.00985952901,0.998121754,0.732439106,0.265682648,0.00341537755,0.0233935207,4.56125873,0,0.144070667,83422.362,20.7033846
0,6.52545,0.493543,-0.511416,0.00846882,9.75755e-05,8.75645e-06,8.88191e-05,0.921571,19.9084,8.71722e-05,1.48277e-05,0.144071,0.0309202,2.50099
0,8.91576,0.478509,-0.976588,0.0215331,0.00141908,0.00134884,7.02388e-05,0.918467,19.2765,0.0130189,0.0022947,0.144071,11.8205,3.27398
0,33.100543,0.45413649,-1.4530155,0.012298561,0.48984921,0.14086567,0.34898354,1.057336,9.3463088,1.2903773,0,0.14407067,2263.7071,4.4576956
0,13.470453,0.78903976,-1.4308234,0.016450136,0.12672178,0.0072702866,0.11945149,3.6227681,27.79756,0.11571125,0,0.14407067,1477.6172,4.2609392
0,0.6443701,0.9348470966,-1.878398313,0.009387338204,0,0,0,-19.02956669,37.71340541,0,0,0.1440706667,-119793.9694,-21.47267679
0,1.5930682,0.534745133,-1.89596052,0.00959996556,0.233468741,0.171447201,0.0620215399,80.0975549,16.5360538,1.84927888,0,0.144070667,15636.8959,7.59680016
0,7.7562,0.23645,-0.68599,0.021688,6.0702e-05,3.2194e-05,2.8508e-05,0.84923,9.538,0.00015354,5.4518e-05,0.14407,0.15137,2.7572
0,6.74724,0.837152,-0.519572,0.0186117,4.74412e-05,4.42448e-06,4.30168e-05,0.952233,33.7706,7.47123e-05,7.49209e-06,0.144071,0.0563668,2.54
2,10.0992598,0.7761847341039,-1.586799643556,0.008622012166549,-0.1312801117191,-0.132416545923,0.00113643420393,-6.366321343823e-05,35.42341402451,-2.073158575553,0,0.1440706666667,-794515893.446,-154281.0484511
0,10.6121,0.463186,-1.01572,0.0104714,0.00475575,0.00456618,0.00018957,0.913901,18.5969,0.0426613,0.0078006,0.144071,18.9457,3.33873
0,15.1335,0.329361,-1.05644,0.0124368,0.00663851,0.00645791,0.000180601,0.882843,13.1988,0.0429032,0.0110809,0.144071,23.4839,3.39137
1,0.70588,0.97593,-1.9449,0.020303,,,,,,,,,,
0,6.69364,0.85121,-0.558557,0.0135731,6.92244e-05,1.00101e-05,5.92143e-05,0.95297,34.3369,0.00017187,1.69507e-05,0.144071,0.09449,2.60554
0,78.37422,0.7001165,-1.188143,0.01414098,0.03093459,0.02894441,0.001990175,0.92329,27.37024,0.4087523,0.05290523,0.1440707,252.7876,3.689694
0,7.96663,0.45539,-0.574482,0.0187899,4.85325e-05,8.8723e-06,3.96602e-05,0.915591,18.3704,8.14977e-05,1.50237e-05,0.144071,0.0645589,2.60188
2,0.8123561,0.217132899,-1.55086415,0.024296113,0.623436955,-0.00292434802,0.626361303,-0.0882270484,3.29851524,-0.0128079569,0,0.144070667,-33647.5376,-5.00672459
0,7.23198,0.610368,-0.963066,0.0152914,0.00170058,0.0015974,0.000103176,0.934575,24.5815,0.0196667,0.00271615,0.144071,12.4518,3.26325
0,0.7619152,0.5065802645025248,-1.955153894833255,0.02015483936165838,0.3608527484607261,0.01380735845157645,0.3470453900091496,-1.205082584612587e-11,13.06183996003691,0.1410860376314022,0,0.1440706666666666,-1.756032329847185e+17,-34099298369906.07
0,0.4292437,0.7382945206830682,-1.942472114352762,0.02023552672403727,0,0,0,-2.941274406940863e-18,29.78412263658402,0,0,0.1440706666666666,-1.393957720410208e+24,-2.706839698528718e+20
1,0.44238,0.38214,-1.9949,0.016377,,,,,,,,,,
0,45.00891,0.9160783,-1.147252,0.008597316,0.03099327,0.0288539,0.002139368,0.9358472,35.81084,0.5331658,0.05146431,0.1440707,192.9816,3.623318
0,11.18977,0.6470909,-1.135402,0.01596293,0.01419587,0.01355657,0.0006392984,0.929924,25.73422,0.1769458,0.02380434,0.1440707,119.8587,3.572797
2,11.7104598,0.450171673,-1.53870646,0.0199480293,0.653529624,-0.033164545,0.686694169,-0.261986183,6.29215535,-0.301146193,0,0.144070667,-18489.9851,-2.04476831
0,44.89331,0.6215829,-1.225097,0.01774054,0.03901083,0.0358358,0.003175031,0.9113109,24.09754,0.4493051,0.06778841,0.1440707,362.4647,3.766462
0,6.36352,0.514657,-0.93968,0.0170664,0.00113491,0.00106108,7.38233e-05,0.923882,20.7386,0.0110152,0.00180219,0.144071,7.86942,3.2154
0,51.459848,0.30685236,-1.3689343,0.013392457,0.20761854,0.16330897,0.044309563,0.74482812,9.8088693,1.0107987,0.56970873,0.14407067,1145.2844,4.1214253
2,21.112901,0.48342681,-1.6401048,0.016264958,-1.4670845,-3.8274471,2.3603626,27.530954,48.113829,-37.322016,0,0.14407067,4948.9091,5.2063971
