Error,time,CO2share,E_appl,v,X_tot,X_het,X_hom,FE,CO2_out,CO_out,H2_out,delP,CD,Vcell
0,20.3759,0.250112,-1.10027,0.0213125,0.00670006,0.0065684,0.000131657,0.852226,10.0224,0.0331375,0.0113542,0.144071,32.4374,3.45353
0,6.6361,0.31529,-0.881304,0.020729,0.000453392,0.000413412,3.99803e-05,0.88225,12.7136,0.00262917,0.000701001,0.144071,2.38676,3.09466
2,1.107046,0.95917583903,-1.9521728568,0.016667788977,-6.1830146148,-8.9978971505,2.8148825357,-11.939787073,277.94581984,-174.08623221,0,0.14407066667,-3629768.8146,-703.15433496
2,23.0134677,0.3134452418,-1.759714823,0.01714340555,-0.3942072891,-0.5944729622,0.2002656731,-0.4120394274,17.62967055,-3.758538115,0,0.1440706667,-563124.0942,-107.7584027
0,33.7994566,0.3790528692,-1.854174077,0.02045686307,0.3471891201,0.1957005201,0.1514886,-1.65276941,9.982569406,1.496294015,0,0.1440706667,-267463.5427,-50.21320687
0,1.1746771,0.3998363139,-1.84050132,0.01940445302,0.06620996199,0.06607179015,0.0001381718444,-2.830094263,15.06213853,0.5328727099,0,0.1440706667,-197718.597,-36.6680183
0,49.29866,0.7606396,-1.16712,0.01163635,0.0290954,0.02730195,0.001793445,0.9287147,29.79276,0.4188879,0.04907787,0.1440707,208.8182,3.650314
0,12.7363,0.358723,-1.06058,0.0166648,0.00523372,0.00508418,0.000149542,0.891984,14.3958,0.0367879,0.00872094,0.144071,26.7349,3.4028
2,15.2611433,0.6127414619732,-1.441806973744,0.02163855790421,-11.81094457913,-11.81295048826,0.002005909123641,-0.0004688962268221,316.6748598426,-146.0026782994,0,0.1440706666667,-149762757.5386,-29080.51097944
0,17.5629821,0.229466133,-1.72031275,0.0106630331,0.362287713,0.254143901,0.108143812,1.10241913,5.90335019,1.17631452,0,0.144070667,42486.2245,12.6862155
0,54.07818,0.7470615,-1.176626,0.009082239,0.04176069,0.03910252,0.002658169,0.9194662,28.87922,0.589232,0.07104603,0.1440707,231.0042,3.669317
0,0.5071921,0.8412727738716204,-1.823472536383134,0.01870931369564605,0,0,0,-1.025095767270909e-30,33.93844971872375,0,0,0.1440706666666666,-9.883145682286982e+35,-1.919146519830214e+32
0,4.78684,0.861995,-0.574402,0.017983,5.40822e-05,9.26082e-06,4.48214e-05,0.95354,34.7725,0.00016102,1.56818e-05,0.144071,0.117218,2.63246
0,17.6901053,0.616966884,-1.73132677,0.00909996454,0.385075921,0.246707556,0.138368366,1.50804695,15.3051827,3.07021985,0,0.144070667,92760.0832,22.4997184
0,18.6096,0.294203,-1.08277,0.0163811,0.00701338,0.00685071,0.000162669,0.870823,11.7854,0.0406545,0.0117985,0.144071,29.8144,3.43119
0,39.6980971,0.517832448,-1.57741775,0.0136667076,0.265008751,0.164291714,0.100717037,1.35923028,15.3541788,1.7160506,0,0.144070667,14298.7448,7.01381341
0,21.4869,0.581238,-1.11431,0.0108991,0.0158738,0.0152512,0.000622604,0.922445,23.076,0.178806,0.0265905,0.144071,82.6368,3.52537
0,35.8258639,0.2776186,-1.61235106,0.0165911273,0.323558027,0.243229746,0.0803282811,1.06777693,7.57590071,1.36204174,0,0.144070667,14066.6819,7.00284312
0,44.61305,0.4108947,-1.23213,0.01642669,0.04402959,0.04212352,0.001906077,0.8792142,15.84638,0.3491245,0.08013255,0.1440707,270.4157,3.740568
0,5.94135,0.71379,-0.719685,0.0107025,0.00017804,0.000100553,7.74874e-05,0.944357,28.7904,0.00144774,0.000170306,0.144071,0.633377,2.86453
0,36.9040371,0.7247351676,-1.753377438,0.01920499595,0.8703213039,0.6033670454,0.2669542585,0.3138399955,3.791430828,8.820355564,0,0.1440706667,146568.5444,32.99400541
2,3.4390647,0.6090466995,-1.838764962,0.01065321657,-4.106914465,-4.934438375,0.8275239107,-11.57801407,125.4770628,-60.61965971,0,0.1440706667,-393736.6809,-74.76867998
1,0.12829,0.89611,-1.9965,0.014097,,,,,,,,,,
0,7.18161,0.739841,-0.947523,0.00962997,0.00224141,0.00207801,0.000163408,0.944872,29.7796,0.0310106,0.00353237,0.144071,12.2201,3.2467
0,57.30145,0.9860655,-1.189587,0.02487928,0.01893914,0.01685781,0.002081329,0.9466962,39.02626,0.3352988,0.03063356,0.1440707,358.112,3.729487
0,5.57514,0.261336,-0.679785,0.00918435,0.000140105,7.01936e-05,6.99118e-05,0.86155,10.5413,0.000370017,0.000118872,0.144071,0.152257,2.75129
0,6.43404,0.382556,-0.895844,0.0137575,0.000818163,0.000750481,6.76823e-05,0.900631,15.4204,0.00579108,0.00127311,0.144071,3.41814,3.12785
0,6.8636,0.354198,-0.972425,0.015615,0.00184337,0.00176332,8.00437e-05,0.892915,14.2626,0.012598,0.00299962,0.144071,8.52778,3.2524
0,38.2475,0.744809,-1.06829,0.00945745,0.0103655,0.00985434,0.000511116,0.93994,29.7355,0.148046,0.0169677,0.144071,57.864,3.45623
0,7.02713,0.398523,-0.978114,0.0155026,0.00199889,0.00190989,8.89976e-05,0.903469,16.045,0.0153528,0.00325039,0.144071,10.2001,3.26761
2,7.106373,0.5377387,-1.460089,0.01074834,0.6310899,-0.01985908,0.650949,3.330099,8.002894,-0.2154049,0,0.1440707,673.9706,4.093814
0,17.0099,0.340457,-1.0666,0.014152,0.00663882,0.00645948,0.00017934,0.886113,13.6435,0.0443594,0.0110958,0.144071,27.5582,3.41054
0,10.2436,0.299031,-1.05368,0.0184314,0.00432205,0.00421098,0.00011107,0.874255,12.0113,0.0253995,0.00721617,0.144071,20.8284,3.38192
0,6.04846,0.838242,-0.673803,0.0225308,6.3041e-05,2.64977e-05,3.65432e-05,0.952282,33.814,0.000448026,4.48732e-05,0.144071,0.409197,2.79616
0,13.6260863,0.524914218,-1.61872341,0.016220689,0.0332670237,0.00424144647,0.0290255772,2.55481135,20.4715174,0.0449083912,0,0.144070667,17241.5745,7.63618517
0,5.34681,0.582608,-0.630409,0.0123927,9.07674e-05,2.75904e-05,6.3177e-05,0.93275,23.5013,0.000324235,4.67221e-05,0.144071,0.166285,2.70645
2,0.7912499,0.528934927,-1.75392458,0.0216845144,0.0421320464,0.0421320464,-6.9388939e-18,-3.20518315,20.4391606,0.449510633,0,0.144070667,-77912.7111,-13.4423858
0,6.7042,0.54187,-0.950717,0.0173646,0.0012802,0.00120116,7.90463e-05,0.927302,21.832,0.0131287,0.002041,0.144071,9.51085,3.23649
0,7.12952,0.828968,-0.937509,0.0191665,0.00100046,0.000918919,8.15394e-05,0.951166,33.4086,0.0153653,0.00156059,0.144071,11.9748,3.23559
0,34.416141,0.5257894,-1.3309775,0.013434348,0.15796667,0.12103033,0.036936345,0.82092358,17.860609,1.2836044,0.34878413,0.14407067,1161.9948,4.0874577
0,6.5092,0.553972,-0.86756,0.0153337,0.000532094,0.000468486,6.36084e-05,0.929239,22.3363,0.00523491,0.000794286,0.144071,3.33693,3.09831
1,0.25231,0.24418,-1.9382,0.018861,,,,,,,,,,
0,30.79025,0.2223187,-1.300393,0.01917105,0.07992311,0.07698226,0.002940847,0.792048,8.251925,0.3452167,0.1650113,0.1440707,375.6649,3.84616
0,39.38507,0.3267401,-1.176959,0.01381472,0.02669958,0.02605595,0.0006436321,0.8694692,12.82935,0.1717254,0.04690824,0.1440707,108.988,3.607358
0,6.20776,0.339765,-0.59852,0.0167994,5.49236e-05,1.35134e-05,4.14102e-05,0.890029,13.706,9.2612e-05,2.28826e-05,0.144071,0.0674749,2.62819
0,16.5826,0.413167,-1.14877,0.0144757,0.0181689,0.0176381,0.000530801,0.896281,16.3651,0.146995,0.0311683,0.144071,93.8994,3.56858
0,55.42124,0.9797608,-1.223702,0.01723382,0.04234409,0.03559271,0.006751382,0.9308519,37.85164,0.7034064,0.06854279,0.1440707,547.5008,3.822191
0,22.4009325,0.7456059081,-1.761856764,0.008610277004,0.90361312,0.6243585278,0.2792545922,0.2054437622,2.899228395,9.390064145,0,0.1440706667,190913.5972,41.62715623
0,5.0082,0.614914,-0.53713,0.014885,5.92026e-05,6.93181e-06,5.22708e-05,0.936075,24.8053,8.59777e-05,1.17378e-05,0.144071,0.0527726,2.55417
0,6.42352,0.704554,-0.769778,0.0186207,0.000156206,0.000109967,4.62385e-05,0.943684,28.4185,0.0015628,0.000186275,0.144071,1.19059,2.94716
0,0.5162904,0.4787252594501651,-1.988234583587214,0.01905384419404176,0,0,0,-2.701995734406876e-196,19.31263396551064,0,0,0.1440706666666666,-1.771090033247739e+202,-3.439169453613522e+198
0,15.9123,0.844867,-1.09592,0.0242229,0.00578772,0.00546827,0.000319448,0.948915,33.8862,0.0931887,0.00944731,0.144071,93.1467,3.51518
2,0.7669611,0.4188014836002,-1.92040802905257,0.0149123159538439,-5.16935286365615,-5.16935299371787,1.30061713399243e-07,-0.000142755048897243,104.232460212701,-43.6686304180523,0,0.144070666666667,-75705693375.9909,-14700816.0486026
1,0.30207,0.99071,-1.8484,0.008954,,,,,,,,,,
0,52.7467263,0.661714939,-1.53547537,0.019398611,0.244522746,0.168085317,0.0764374283,1.13225293,20.1672879,2.24349904,0,0.144070667,13155.129,6.74551615
0,31.1215804,0.7199859906,-1.804212409,0.01722308872,0.9774579747,0.7050597059,0.2723982688,0.04376636219,0.6547449326,10.23941422,0,0.1440706667,348704.6657,72.34092996
0,29.95376,0.2632142,-1.291806,0.01287353,0.1077115,0.1031259,0.00458566,0.7947676,9.474794,0.5475227,0.2200693,0.1440707,384.9677,3.840636
0,63.527295,0.81976287,-1.288755,0.010008644,0.14395796,0.11047639,0.03348157,0.8543171,28.309911,1.8267659,0.27218375,0.14407067,1028.9497,4.0131519
0,5.64994,0.352237,-0.5585,0.0205755,4.06722e-05,6.59878e-06,3.40734e-05,0.893517,14.2093,4.6884e-05,1.11737e-05,0.144071,0.041673,2.56341
2,0.836554,0.6227301825,-1.946070321,0.01178205156,0.04890747118,-0.01206475737,0.06097222856,13.51091233,23.8933944,-0.1515457212,0,0.1440706667,254956.3949,54.26230538
0,5.21152,0.953901,-0.638624,0.0143326,8.38662e-05,2.65107e-05,5.73555e-05,0.957805,38.4789,0.000510094,4.48942e-05,0.144071,0.294644,2.74408
0,132.28452,0.99518103,-1.2812404,0.019527259,0.073001421,0.054152021,0.0188494,0.91092223,37.216568,1.087031,0.12667076,0.14407067,1151.8873,4.035309
0,6.44438,0.442417,-0.787559,0.0108838,0.000309663,0.000236381,7.32828e-05,0.913166,17.8424,0.00210945,0.000400462,0.144071,0.970697,2.95441
1,0.65603,0.75562,-1.9488,0.024083,,,,,,,,,,
2,43.492709,0.92730058,-1.4572824,0.014511589,-0.51822771,-0.78078185,0.26255414,2.8776075,56.795328,-14.604121,0,0.14407067,5339.2071,5.1032646
2,13.7403378,0.790812601,-1.5645042,0.0198272059,-0.0133128367,-0.0630871241,0.0497742874,2.88561057,32.3275127,-1.00632783,0,0.144070667,12013.2742,6.54814981
0,40.473245,0.81299874,-1.3001582,0.0087347759,0.18172488,0.13686733,0.044857554,0.82729977,26.837644,2.2444753,0.3610753,0.14407067,1166.1874,4.0576376
0,6.056,0.22752,-0.57419,0.013244,5.7552e-05,1.254e-05,4.5012e-05,0.84424,9.1781,5.7551e-05,2.1234e-05,0.14407,0.034848,2.5699
0,53.29916,0.73762711,-1.3635163,0.020038644,0.15319756,0.10416379,0.049033764,0.84438001,25.198468,1.5498113,0.35515734,0.14407067,2420.8209,4.4021532
0,18.7233828,0.4555216021,-1.804306731,0.01478011282,0.9234895328,0.8383561064,0.08513342647,0.1639980454,1.405998952,7.703049341,0,0.1440706667,200077.6406,43.45152377
0,0.4937726,0.7029748416818677,-1.799323043332171,0.01388211107625954,0,0,0,-1.599111118207928e-95,28.35926355746847,0,0,0.1440706666666666,-3.882105242917355e+100,-7.538418440914297e+96
0,47.176772,0.7041611,-1.3650895,0.016971043,0.17964653,0.12290964,0.056736892,0.82381805,23.303879,1.7457544,0.4279146,0.14407067,2341.5309,4.3866185
0,29.08333,0.3602276,-1.210611,0.01514452,0.03651983,0.03541651,0.001103329,0.8725884,14.00151,0.2573403,0.06592651,0.1440707,182.6074,3.681824
0,5.52789,0.335752,-0.546825,0.0181741,4.46421e-05,6.43041e-06,3.82117e-05,0.888868,13.5442,4.35494e-05,1.08885e-05,0.144071,0.0343696,2.54183
0,4.90718,0.732164,-0.500639,0.0151619,5.64277e-05,4.25872e-06,5.2169e-05,0.945753,29.5351,6.28945e-05,7.2114e-06,0.144071,0.0389198,2.50203
2,9.7126618,0.81848005,-1.4603593,0.021102506,0.37809055,-0.0061893402,0.38427989,-1.217469,20.534797,-0.10218276,0,0.14407067,-4746.7077,0.61547473
0,5.878,0.22723,-0.66304,0.022579,4.9622e-05,2.3028e-05,2.6594e-05,0.84408,9.1666,0.00010555,3.8995e-05,0.14407,0.10899,2.7174
0,5.3862,0.639015,-0.691288,0.0155579,9.96185e-05,4.80346e-05,5.15839e-05,0.93831,25.7764,0.000619142,8.13486e-05,0.144071,0.39629,2.81199
0,15.158428,0.49874212,-1.5370087,0.022144748,0.068558107,0.068558107,4.917669e-11,-6.9431946,18.740751,0.6896997,0,0.14407067,-2033.1636,1.2626154
0,23.3547,0.820463,-1.07169,0.0199216,0.00517195,0.00489567,0.000276273,0.947981,32.9278,0.0810208,0.00841404,0.144071,66.3635,3.46832
0,44.1149,0.8493266,-1.20572,0.01856734,0.03058216,0.02735233,0.00322983,0.9327815,33.21551,0.4685913,0.05049857,0.1440707,380.5634,3.753103
0,20.417037,0.9265404939,-1.698918416,0.01773324846,0.3613859516,0.245853096,0.1155328556,1.425178415,23.87030889,4.594785658,0,0.1440706667,100957.3699,24.06344129
0,33.8331,0.875718,-1.02322,0.0131197,0.0042707,0.00401489,0.000255805,0.951492,35.1772,0.0709191,0.00685522,0.144071,37.8999,3.38554
2,18.442517,0.819524487,-1.64988694,0.0128196848,-0.298703017,-0.468155139,0.169452122,7.55640448,42.9365307,-7.7388584,0,0.144070667,18244.9034,7.86508521
0,5.20079,0.642184,-0.695854,0.0234322,6.81522e-05,3.38196e-05,3.43326e-05,0.938616,25.9051,0.00043808,5.72742e-05,0.144071,0.42219,2.81982
0,5.34704,0.316679,-0.515782,0.0218126,3.48622e-05,3.59596e-06,3.12663e-05,0.882965,12.775,2.29699e-05,6.08893e-06,0.144071,0.0219029,2.48763
0,6.96968,0.361687,-0.986584,0.019637,0.00175088,0.00168065,7.0228e-05,0.894937,14.5656,0.0122613,0.00286101,0.144071,10.4224,3.27723
0,6.47354,0.848954,-0.830266,0.0142342,0.000382375,0.000312723,6.96516e-05,0.952648,34.2352,0.00535512,0.000529971,0.144071,3.09003,3.05702
0,24.8383,0.906192,-1.06473,0.0148406,0.0063842,0.00601266,0.000371544,0.951581,36.324,0.109904,0.0103291,0.144071,66.6963,3.46168
0,6.40907,0.640681,-0.806597,0.0149138,0.000279803,0.000220276,5.95276e-05,0.938345,25.839,0.00284665,0.000373215,0.144071,1.74701,3.00379
2,13.056775,0.21300055,-1.6065133,0.013483657,0.036821309,-0.11972434,0.15654565,2.1282538,8.2764245,-0.51438505,0,0.14407067,7153.0603,5.6197439
2,26.662376,0.27433429848,-1.7272658244,0.016735559899,-0.10954150864,-0.33456180493,0.22502029629,-0.044784774401,12.279447557,-1.8513206158,0,0.14407066667,-2378658.7758,-460.41225806
0,6.22615,0.477166,-0.760333,0.0206355,0.000126273,8.78984e-05,3.83745e-05,0.919081,19.2473,0.00084601,0.000148883,0.144071,0.733358,2.91273
0,50.381625,0.42069338,-1.3994492,0.01881096,0.20407267,0.1413896,0.062683076,0.77377152,13.5081,1.1997985,0.60024477,0.14407067,2246.7678,4.4004541
0,5.39531,0.762757,-0.630617,0.0108813,0.000105465,3.15065e-05,7.39588e-05,0.947782,30.7677,0.000484743,5.33544e-05,0.144071,0.21482,2.71982
0,16.40149,0.3496428,-1.186382,0.02192792,0.01897022,0.01846556,0.0005046545,0.8809292,13.83764,0.1302304,0.0333549,0.1440707,130.953,3.63048
0,5.83451,0.257332,-0.718382,0.0129884,0.000131349,8.14862e-05,4.98632e-05,0.859704,10.3799,0.000422963,0.000138003,0.144071,0.246674,2.8147
0,42.113602,0.78472694,-1.3471077,0.020034905,0.14279653,0.097873023,0.044923509,0.85241777,27.136739,1.5491973,0.28771842,0.14407067,2091.6905,4.3143242
0,42.92248,0.32597857,-1.4420576,0.020642314,0.24354564,0.24354439,1.2553659e-06,0.72531644,9.9477976,1.6013724,0.94551719,0.14407067,3051.157,4.6149862
0,1.4511237,0.6145137669,-1.827041107,0.02313142501,0.01013018021,0.009994947615,0.0001352325917,-3.292286055,24.53945234,0.1238903014,0,0.1440706667,-232938.8998,-43.529113
0,43.90466,0.4156505,-1.281384,0.01859477,0.06922076,0.06246222,0.006758543,0.863784,15.60738,0.5236859,0.1332685,0.1440707,510.3647,3.869052
0,7.34989,0.353708,-0.649738,0.0235631,4.87809e-05,1.86007e-05,3.01802e-05,0.893907,14.2685,0.000132709,3.1498e-05,0.144071,0.135033,2.71507
2,3.561676,0.43654646,-1.5984707,0.011392261,0.082853746,-0.029792613,0.11264636,5.0895092,16.151923,-0.26233983,0,0.14407067,5264.4781,5.2292175
0,37.9240738,0.7120504659,-1.762578477,0.01931138593,0.8933259766,0.6338033253,0.2595226514,0.1881830217,3.064252976,9.103124005,0,0.1440706667,222340.0012,47.73820566
0,6.22007,0.352612,-0.666815,0.0102728,0.000122493,5.31266e-05,6.93663e-05,0.893566,14.2233,0.000377863,8.99684e-05,0.144071,0.167682,2.74328
0,34.25464,0.9120155,-1.218991,0.02138879,0.032053,0.02758993,0.004463071,0.9348241,35.61303,0.507549,0.05198495,0.1440707,482.8146,3.798458
0,5.3162,0.422427,-0.566013,0.017593,5.01308e-05,8.4993e-06,4.16315e-05,0.909601,17.0406,7.24202e-05,1.4392e-05,0.144071,0.0540672,2.5843
0,5.72164,0.610576,-0.637516,0.0172761,6.73557e-05,2.16834e-05,4.56723e-05,0.935645,24.6301,0.000267049,3.67188e-05,0.144071,0.190339,2.7205
0,53.34604,0.860319,-1.177115,0.01223112,0.03174984,0.0292629,0.00248694,0.9326466,33.60487,0.5078109,0.05308776,0.1440707,266.6755,3.684111
0,4.82334,0.853366,-0.528637,0.0235654,3.79592e-05,3.92595e-06,3.40332e-05,0.953103,34.425,6.7578e-05,6.6479e-06,0.144071,0.0644956,2.55599
0,9.6211,0.2028,-0.90718,0.0086073,0.65611,0.00046689,0.65564,0.61906,2.8135,0.0019099,0.0023537,0.14407,1.0495,3.0781
0,39.224978,0.72936017,-1.3099001,0.019962864,0.09178539,0.068392791,0.023392599,0.88471858,26.72303,1.0061843,0.17904891,0.14407067,1230.5872,4.0826469
0,35.6586807,0.3008588676,-1.782421235,0.0178871802,0.9944329118,0.7043668191,0.2900660927,0.008981281327,0.06756878077,4.274515303,0,0.1440706667,132547.9335,30.29530764
0,50.3633,0.872597,-1.174255,0.02458526,0.01537867,0.01416309,0.001215581,0.9440567,34.66076,0.2492854,0.02545832,0.1440707,261.9281,3.679406
2,15.0937809,0.3657146146663,-1.610129686298,0.02248519522419,-329.2581041105,-329.2765035118,0.01839940136199,-0.03880381768532,4872.490101645,-2429.00398824,0,0.1440706666667,-241948324.7696,-46981.30858441
0,6.26861,0.416474,-0.814482,0.0224893,0.000197632,0.000161645,3.59865e-05,0.908334,16.798,0.00135793,0.000273876,0.144071,1.29831,2.99634
0,0.4424226,0.8088170740889526,-1.823690038587884,0.009359245412122489,0,0,0,-3.841801703511257e-20,32.62912868829164,0,0,0.1440706666666666,-2.5424445709117e+25,-4.937014799722475e+21
0,16.88529,0.8345243,-1.146467,0.02077925,0.01272802,0.01193607,0.0007919547,0.9438259,33.2377,0.200921,0.02107965,0.1440707,175.8205,3.614416
0,5.09647,0.561273,-0.535992,0.0151181,5.75549e-05,6.72591e-06,5.0829e-05,0.930395,22.6414,7.61465e-05,1.13891e-05,0.144071,0.0477599,2.54791
0,5.8798,0.24556,-0.58918,0.010963,7.4813e-05,1.8367e-05,5.6446e-05,0.854,9.9056,9.0973e-05,3.1101e-05,0.14407,0.045078,2.5981
2,0.7918537,0.646948384491,-1.8300340523,0.0108466197262,0.546061915088,-0.0851527234272,0.631214638515,-0.019226104376,11.8473554884,-1.11120284768,0,0.144070666667,-20012475.9211,-3884.62007469
0,6.52017,0.532904,-0.752078,0.00938516,0.000259761,0.000173815,8.59463e-05,0.926833,21.4927,0.00186836,0.000294423,0.144071,0.730364,2.90426
0,32.494,0.929097,-1.06376,0.0213049,0.0044041,0.00414191,0.00026219,0.953914,37.3164,0.0776225,0.00710661,0.144071,67.5101,3.4615
0,6.21084,0.991781,-0.792314,0.0175937,0.000208971,0.000155439,5.35316e-05,0.959268,40.0019,0.00310958,0.000263335,0.144071,2.20213,3.00149
0,6.45894,0.963458,-0.894842,0.0150984,0.000761681,0.000675089,8.65917e-05,0.957764,38.838,0.0131195,0.0011452,0.144071,7.99189,3.17138
0,41.75911,0.346979,-1.342286,0.01024576,0.2106765,0.1736959,0.03698053,0.753418,11.04876,1.215676,0.5288289,0.1440707,905.6783,4.036189
2,16.7123476,0.527759656,-1.72894821,0.0223341763,0.395584663,-0.824023399,1.21960806,1.23286812,12.8684675,-8.77204603,0,0.144070667,92529.248,22.4523874
0,11.70889,0.5200239,-1.15509,0.0137943,0.02074256,0.01996746,0.0007751012,0.9120218,20.54354,0.2094456,0.03547267,0.1440707,125.6322,3.596023
0,21.4588,0.421029,-1.04552,0.00834948,0.00865782,0.00836756,0.000290254,0.903878,16.838,0.0710618,0.0143456,0.144071,25.4329,3.38492
1,17.8407,0.623537,-1.3639,0.0203982,,,,,,,,,,
0,21.0013699,0.560869974,-1.70801392,0.0139220179,0.588275891,0.377050278,0.211225613,0.782284203,9.31587507,4.26566384,0,0.144070667,80676.5063,20.1227996
0,42.3421205,0.2883820968,-1.787343882,0.01157706793,0.7396134822,0.6039501417,0.1356633405,0.4384021294,3.0292977,3.513132689,0,0.1440706667,129686.628,29.74348983
0,21.056884,0.91383098,-1.4495189,0.017992651,0.0069969413,0.0069968779,6.345769e-08,7.0654751,36.607631,0.12897197,0,0.14407067,1268.5801,4.2312056
0,10.5085,0.677317,-0.994512,0.0220904,0.00175045,0.00165369,9.67602e-05,0.940527,27.2763,0.0225929,0.00281587,0.144071,20.5622,3.32204
1,0.2651,0.6635,-1.8605,0.024554,,,,,,,,,,
0,6.34554,0.553664,-0.811581,0.0167525,0.000260754,0.000209058,5.16964e-05,0.929377,22.33,0.00233474,0.000354214,0.144071,1.6251,3.00503
0,6.94621,0.294623,-1.01309,0.0240151,0.00198873,0.00192802,6.07067e-05,0.87409,11.862,0.0114579,0.00328847,0.144071,12.2157,3.31225
0,6.10037,0.664705,-0.753512,0.0189345,0.000132018,8.77605e-05,4.42571e-05,0.940529,26.8118,0.00117667,0.000148648,0.144071,0.914543,2.91729
0,46.50756,0.7386543,-1.175984,0.01768813,0.02143571,0.02007612,0.001359597,0.93228,29.15988,0.2991205,0.03618007,0.1440707,228.154,3.667484
2,30.889478,0.32835991,-1.5119417,0.01911751,-3.3752019,-3.8948315,0.51962954,5.0868011,57.956666,-25.796689,0,0.14407067,6219.6878,5.3367422
0,0.7953327,0.2350897559,-1.927090564,0.02411853641,0.00466904824,0.004667859255,1.188984799e-06,5.60106876,9.439660624,0.0221348523,0,0.1440706667,190406.017,41.6936894
0,6.70584,0.259062,-0.938227,0.0114259,0.00163384,0.00155525,7.85881e-05,0.859591,10.4339,0.00812699,0.00264208,0.144071,4.17667,3.18068
0,23.91,0.944037,-1.02293,0.0211512,0.00264978,0.0024821,0.000167682,0.955712,37.9832,0.0472643,0.00423636,0.144071,40.591,3.38929
0,40.72437,0.8816476,-1.223471,0.01670173,0.0428035,0.03686737,0.005936135,0.9262523,34.04484,0.6556353,0.07051643,0.1440707,493.4136,3.806112
0,6.31653,0.695874,-0.732372,0.0136558,0.000153528,9.27532e-05,6.07746e-05,0.943024,28.0685,0.00130192,0.000157097,0.144071,0.727814,2.88438
0,45.459956,0.64513735,-1.3051892,0.0094611053,0.17323357,0.13535241,0.037881154,0.82213303,21.51742,1.7613406,0.35560933,0.14407067,1003.692,4.0234045
0,6.47404,0.501823,-0.838528,0.0234316,0.000249027,0.000211243,3.77838e-05,0.922668,20.2394,0.00213825,0.000357988,0.144071,2.0973,3.04518
0,42.69897,0.2940453,-1.196932,0.01178296,0.0395967,0.03870778,0.0008889192,0.8504352,11.39261,0.2295819,0.07108132,0.1440707,127.8878,3.639218
0,23.1478,0.610886,-1.04043,0.0122117,0.00561775,0.00536863,0.000249117,0.932106,24.5058,0.0661529,0.00918698,0.144071,33.6193,3.39576
0,30.85796,0.9702227,-1.128306,0.008481534,0.02485536,0.02316894,0.001686415,0.9422285,38.16767,0.4534222,0.04089822,0.1440707,160.1605,3.58842
0,5.77582,0.291888,-0.590632,0.0138912,6.25014e-05,1.47678e-05,4.77335e-05,0.87426,11.7746,8.69476e-05,2.50067e-05,0.144071,0.0533259,2.60821
0,21.1274843,0.210923077,-1.7052557,0.0148976867,0.577160942,0.283318814,0.293842127,1.08284472,3.59794368,1.20538195,0,0.144070667,21726.4925,8.60549584
0,27.13556,0.8837715,-1.150864,0.0203095,0.01382726,0.01288396,0.0009432998,0.9456353,35.15994,0.2296754,0.02282026,0.1440707,196.4182,3.628505
0,14.75528,0.49778627,-1.610403,0.014925359,0.044366195,0.04371288,0.00065331542,-4.5728771,19.190645,0.43891205,0,0.14407067,-8114.6671,0.083962952
0,28.9082,0.827465,-1.07401,0.0131276,0.00807709,0.00764341,0.000433682,0.946482,33.1118,0.127574,0.013156,0.144071,68.8679,3.47303
0,12.96175,0.9660549,-1.096576,0.01299828,0.01092324,0.01023983,0.0006834131,0.9512299,38.54668,0.1995352,0.01775381,0.1440707,106.5899,3.525366
0,5.40243,0.314635,-0.519878,0.0180513,4.20984e-05,4.57996e-06,3.75185e-05,0.88229,12.6924,2.90666e-05,7.75514e-06,0.144071,0.0229545,2.49414
0,6.31875,0.956128,-0.786618,0.0107976,0.000321201,0.000235401,8.58004e-05,0.957745,38.5595,0.00453993,0.000398812,0.144071,1.97613,2.99019
2,0.7901341,0.4623828479,-1.912160101,0.02364721427,0.1153844745,-0.05700636313,0.1723908376,8.868840755,16.50104463,-0.5316798739,0,0.1440706667,173520.5802,38.39510959
0,13.647841,0.33715163,-1.4807311,0.010013468,0.12919126,2.2411952e-05,0.12916885,1.9492653,11.844131,0.00015241584,0,0.14407067,2221.4453,4.4762364
0,12.675856,0.52864813,-1.4435642,0.014969897,0.64779673,0.022807998,0.62498874,1.0904679,7.5113024,0.24320866,0,0.14407067,1562.3267,4.2929935
0,0.4933291,0.8587725064328671,-1.90216779340442,0.01942488919846846,0,0,0,-1.763507778044619e-126,34.64442025772946,0,0,0.1440706666666666,-1.611464648409937e+132,-3.129202858324868e+128
2,15.3102348,0.3143266784,-1.658935667,0.01833417762,-0.01705217539,-0.01924877126,0.00219659587,-0.1513434699,12.89673103,-0.1220420307,0,0.1440706667,-307343.1805,-58.15956505
0,6.50267,0.605942,-0.740924,0.0141615,0.000157523,9.98236e-05,5.76995e-05,0.935127,24.4409,0.00122008,0.000169076,0.144071,0.713309,2.89189
0,18.1039656,0.398445,-1.6975427,0.016954762,0.655378762,0.137695682,0.51768308,0.672603938,5.53943646,1.10665914,0,0.144070667,48773.178,13.8913606
0,6.9468,0.23699,-0.61944,0.011314,8.0463e-05,2.6249e-05,5.4213e-05,0.84951,9.5598,0.00012548,4.4449e-05,0.14407,0.064506,2.6468
1,0.51111,0.34597,-1.9827,0.018227,,,,,,,,,,
0,49.20943,0.3562487,-1.32415,0.00844217,0.2126917,0.1838206,0.02887108,0.7549155,11.31497,1.320908,0.5084328,0.1440707,733.2971,3.973731
2,1.4560322,0.877449116723,-1.890849256919,0.008901525159539,-2.430300782816,-2.430300782816,0,-0.02955644545198,121.4253348288,-43.01373333886,0,0.1440706666667,-291395021.7155,-56582.78360573
0,6.03527,0.424092,-0.73851,0.0181643,0.000117548,7.54532e-05,4.20952e-05,0.909881,17.1066,0.000645451,0.000127794,0.144071,0.497445,2.87092
0,44.877544,0.38688105,-1.3827713,0.012139909,0.2719758,0.19843213,0.073543671,0.71893119,11.362619,1.5485122,0.75073539,0.14407067,1641.8397,4.2501915
0,1.0835575,0.523897994,-1.88042339,0.020988121,0.0228856029,0.0228855463,5.66352632e-08,-31.9814426,20.6512961,0.241842815,0,0.144070667,-40060.2962,-5.93138247
0,6.2288,0.658507,-0.792406,0.0226332,0.000159616,0.000120978,3.86384e-05,0.939986,26.5611,0.0016069,0.000204945,0.144071,1.49398,2.98151
0,8.56842,0.563614,-1.00162,0.00867185,0.00483649,0.00460515,0.000231336,0.927601,22.6272,0.0523541,0.00785844,0.144071,18.9477,3.32463
0,37.1709749,0.2757229907,-1.776861648,0.01814637363,0.9953303477,0.7403263015,0.2550040463,0.007431481565,0.05194128503,4.117383594,0,0.1440706667,114653.8401,26.80755363
0,14.8439001,0.7382255522,-1.743035038,0.01946246217,0.1528296036,0.08332667094,0.0695029327,2.030381679,25.22986989,1.240789973,0,0.1440706667,132004.5002,30.1501844
0,36.8166,0.881312,-1.06352,0.0234731,0.0039751,0.00374858,0.000226517,0.951961,35.4124,0.066638,0.00642974,0.144071,63.9936,3.45782
0,31.054584,0.89123259,-1.3250544,0.016135259,0.13778039,0.096299527,0.041480864,0.86196954,31.000173,1.7311727,0.26912608,0.14407067,1780.0872,4.223474
2,0.8298405,0.3688582859854666,-1.943994399104646,0.01887033145541235,-10.00354239853664,-10.00354239853664,0,-3.161843365866047e-09,163.7371516498576,-74.42837403720119,0,0.1440706666666666,-7269410545086685,-1411601568700.76
0,15.984929,0.44724467,-1.4608038,0.012748586,0.075958779,0.072904196,0.0030545832,2.0150355,16.672153,0.65769246,0,0.14407067,2341.7939,4.4823896
2,14.6155018,0.882248001,-1.5491992,0.0180666639,-0.372913212,-0.372913212,1.46826162e-10,3.81273817,48.8639908,-6.63626354,0,0.144070667,11290.1747,6.38924083
0,9.798809,0.83860897783,-1.6090056003,0.0096406646322,0.0038944591502,0.0026680901123,0.0012263690378,-0.036152839493,33.699234019,0.04513206151,0,0.14407066667,-1770325.2888,-342.38684938
0,6.25301,0.472238,-0.792161,0.0236234,0.000149972,0.000115544,3.44282e-05,0.918291,19.0481,0.00110061,0.000195738,0.144071,1.09326,2.96514
0,12.52163,0.9836329,-1.103647,0.02265602,0.006879456,0.006434412,0.0004450445,0.9545872,39.40853,0.1276636,0.01115419,0.1440707,118.9142,3.540452
0,25.4449438,0.954457884,-1.58756601,0.00840543153,0.994052071,0.912244799,0.0818072719,0.0115361905,0.229022283,17.562783,0,0.144070667,28628.0107,9.84214302
0,46.79084,0.3015588,-1.219538,0.008568344,0.07074331,0.06899862,0.001744688,0.8333169,11.3048,0.4196987,0.1306823,0.1440707,173.1425,3.686178
0,42.16714,0.6011175,-1.170025,0.0122384,0.02821324,0.02689978,0.001313464,0.9164929,23.56598,0.3261619,0.04843799,0.1440707,173.7419,3.63696
0,30.78825,0.2991587,-1.283074,0.01268515,0.0999181,0.0951272,0.004790906,0.8135323,10.86273,0.574026,0.1996406,0.1440707,385.4305,3.832056
0,50.88856,0.9663007,-1.174231,0.02292381,0.01669896,0.01517776,0.0015212,0.9474098,38.33134,0.2958319,0.0272952,0.1440707,288.5536,3.689527
2,40.8923492,0.753085472987886,-1.80098254637399,0.0245453364044858,-3369.49398568317,-3588.99946789375,219.505482210577,-0.123579850793404,102398.358049244,-54518.3664639352,0,0.144070666666667,-18529076440.4695,-3598044.87943945
0,5.94015,0.391534,-0.635991,0.010749,0.000101607,3.4174e-05,6.7433e-05,0.903129,15.7936,0.000269892,5.78708e-05,0.144071,0.123993,2.69694
0,6.26684,0.785365,-0.785538,0.0132842,0.000256023,0.00018871,6.73131e-05,0.94911,31.6749,0.00298945,0.000319695,0.144071,1.6155,2.97868
0,33.3562,0.790325,-1.03056,0.0115279,0.00530617,0.00501588,0.000290291,0.946136,31.7139,0.079961,0.00857302,0.144071,37.7587,3.39266
0,6.09258,0.777781,-0.736253,0.0244525,8.90239e-05,5.44478e-05,3.45761e-05,0.948749,31.3743,0.000854208,9.22171e-05,0.144071,0.849952,2.89625
0,37.340274,0.64891649,-1.3134251,0.013477205,0.13440049,0.10239998,0.032000512,0.84950552,22.660056,1.3403365,0.27749697,0.14407067,1137.0778,4.063953
2,34.750242,0.83357855,-1.3964033,0.023431515,-2.1505201,-2.1588969,0.0083767589,5.2570332,105.94585,-36.299748,0,0.14407067,2494.1838,4.4508202
0,27.9939862,0.3559950276,-1.860484347,0.0110092174,0.9993074778,0.7835674947,0.2157399831,0.001412704115,0.009945641761,5.626593161,0,0.1440706667,338078.551,70.33219272
0,5.34266,0.898451,-0.634827,0.0223051,5.28755e-05,1.62245e-05,3.66509e-05,0.955341,36.2432,0.00029403,2.74746e-05,0.144071,0.264997,2.73483
0,7.11356,0.387537,-0.993476,0.0246193,0.00152508,0.00146403,6.10507e-05,0.901332,15.6101,0.0114443,0.00249322,0.144071,12.117,3.2922
0,6.71355,0.377641,-0.959809,0.0188982,0.00130377,0.00123998,6.37973e-05,0.899168,15.2148,0.00944534,0.00210769,0.144071,7.68231,3.23425
0,37.12654,0.2276389,-1.372641,0.0105458,0.2628877,0.2203434,0.04254426,0.6750569,6.769169,1.011747,0.758772,0.1440707,914.5834,4.068776
2,25.2881996,0.408972246,-1.69909046,0.0128646038,0.0396441026,-0.217594494,0.257238596,1.71103887,15.8445975,-1.79501015,0,0.144070667,55941.008,15.2918301
0,40.95548,0.5937726,-1.309019,0.008842736,0.1883326,0.1490031,0.03932955,0.8071461,19.44256,1.784598,0.3996606,0.1440707,970.3234,4.019017
2,46.3876683,0.2212505048,-1.747774716,0.02136733525,-1.312069406,-1.386828178,0.07475877233,-2.030609305,20.6367025,-6.189165527,0,0.1440706667,-114737.4994,-20.61920001
0,3.20776,0.52491691,-1.5559939,0.018372484,0.0049453786,0.0039254177,0.0010199609,-10.531833,21.071364,0.041562495,0,0.14407067,-1923.2739,1.3057944
0,6.1594,0.683123,-0.724441,0.0198859,9.91469e-05,5.75279e-05,4.1619e-05,0.942059,27.5557,0.000792688,9.74314e-05,0.144071,0.645974,2.8703
0,6.6318,0.686601,-0.928606,0.010562,0.0016155,0.0014873,0.000128207,0.941357,27.654,0.0205981,0.00252593,0.144071,8.93318,3.21104
0,30.6090507,0.609142626,-1.58054421,0.0140120307,0.513654089,0.260544228,0.253109861,0.736799321,11.9514177,3.20129443,0,0.144070667,21373.4853,8.41139437
0,6.327,0.812645,-0.774172,0.0186938,0.000163252,0.000115896,4.73559e-05,0.950789,32.7782,0.00189973,0.000196321,0.144071,1.44213,2.96145
1,0.26122,0.81367,-1.8724,0.024347,,,,,,,,,,
0,5.49284,0.729802,-0.698709,0.0129194,0.00012705,6.3628e-05,6.34216e-05,0.945541,29.4378,0.000936652,0.000107759,0.144071,0.494037,2.83076
0,5.27542,0.943251,-0.648695,0.0154402,8.13834e-05,2.80072e-05,5.33762e-05,0.957351,38.0493,0.000532871,4.74288e-05,0.144071,0.331749,2.76025
1,0.24855,0.75605,-1.84,0.013049,,,,,,,,,,
0,18.6921,0.369254,-1.16105,0.0167365,0.0182499,0.017764,0.000485895,0.886455,14.6245,0.132309,0.0315648,0.144071,99.3411,3.58482
2,14.7040228,0.6058399187,-1.733951914,0.01370566533,-0.4638723023,-0.6723694947,0.2084971925,3.24620764,35.77801529,-8.216579419,0,0.1440706667,104188.9461,24.7276134
2,0.7698241,0.565339080055656,-1.89863236781574,0.0101205263591464,-0.00724018201596838,-0.00724032862963022,1.46613661843042e-07,-4.93982443250059e-05,22.9719158568691,-0.0825643292561321,0,0.144070666666667,-36452589658.7962,-7078500.24258076
0,48.5798,0.3759164,-1.303557,0.01190212,0.1315877,0.1164882,0.01509951,0.8142637,13.16959,0.8832801,0.2768127,0.1440707,607.3723,3.919004
0,31.524722,0.37562735,-1.5536546,0.024658007,0.09733361,0.065292507,0.032041103,1.4501026,13.678537,0.49470434,0,0.14407067,8799.2072,5.8971825
0,29.2868107,0.6835152022,-1.769541532,0.01502510247,0.1082028459,0.1071841167,0.001018729156,3.446288729,24.59061705,1.477759575,0,0.1440706667,106545.2812,25.22191417
2,15.2753392,0.8091291931703322,-1.58479386968237,0.01042823060325033,-4090.902818570644,-4090.912086701396,0.009268130751934223,-3.609682245613555e-08,133566.7466061349,-66767.20370686713,0,0.1440706666666666,-5149214738057545,-999893946935.3746
2,1.4159884,0.31016340615,-1.875245407,0.017797734541,0.018304183277,-0.0042753389554,0.022579522232,-0.088480627779,12.283515095,-0.026747689916,0,0.14407066667,-8058500.9004,-1563.2601499
0,38.59796,0.5715643,-1.272611,0.01430804,0.08654187,0.07404063,0.01250124,0.8744598,21.06245,0.8536117,0.1547392,0.1440707,607.8367,3.888188
0,6.25491,0.658333,-0.658754,0.0206782,6.23647e-05,2.37973e-05,3.85674e-05,0.940034,26.5567,0.000316009,4.02994e-05,0.144071,0.268336,2.7594
0,7.60236,0.920013,-0.966498,0.008605,0.00320105,0.00296376,0.00023729,0.954292,36.9962,0.055,0.00504418,0.144071,19.1803,3.29019
2,13.5384307,0.556119946571,-1.62190787235,0.0165821238368,0.317415061285,-0.912244852767,1.22965991405,-0.00116749746463,15.3137072265,-10.2330492528,0,0.144070666667,-29401837.683,-5708.10966279
0,54.37937,0.9871534,-1.16208,0.01559714,0.02096035,0.01919397,0.001766384,0.945449,38.98882,0.3821858,0.03431971,0.1440707,251.61,3.663163
0,5.10862,0.857278,-0.61355,0.00951402,0.000114137,2.8941e-05,8.51957e-05,0.953258,34.5802,0.00050045,4.90097e-05,0.144071,0.192797,2.69719
0,36.09368,0.4170383,-1.334534,0.01161175,0.1788358,0.1436233,0.03521254,0.7905409,13.81533,1.208164,0.4223894,0.1440707,976.9782,4.046175
0,6.7142644,0.54764252,-1.6931285,0.017239102,0.36277036,0.14785079,0.21491957,10.367516,14.078238,1.6332248,0,0.14407067,7598.4346,5.7959471
0,36.05288,0.4546419,-1.253501,0.02159283,0.04420269,0.04103682,0.003165874,0.8870254,17.53034,0.3763296,0.08021634,0.1440707,390.1792,3.804034
0,32.3434,0.344066,-1.08911,0.0143234,0.00871334,0.00848851,0.000224832,0.885835,13.7593,0.0589112,0.0146388,0.144071,37.1221,3.45022
0,37.7528,0.5661145,-1.177211,0.01744506,0.02165036,0.02067424,0.0009761176,0.9170379,22.34362,0.2360799,0.03726675,0.1440707,180.55,3.647442
0,12.0912454,0.66297013971,-1.5532537009,0.018886493486,0.0010969440109,0.00067097806559,0.0004259659453,-0.018154193256,26.716064056,0.0089727891376,0,0.14407066667,-1365721.1306,-263.86170642
0,5.7149,0.305607,-0.587669,0.00973158,8.97987e-05,2.02926e-05,6.95061e-05,0.879204,12.3276,0.000125091,3.43624e-05,0.144071,0.0534432,2.60536
0,5.10211,0.775294,-0.610475,0.0249769,4.27507e-05,1.05975e-05,3.21533e-05,0.948623,31.2754,0.000165727,1.79454e-05,0.144071,0.168437,2.68717
1,0.50595,0.83078,-1.9769,0.0093115,,,,,,,,,,
0,52.3968,0.7275567,-1.203797,0.02315179,0.02339614,0.02149611,0.001900033,0.9301898,28.66424,0.3154655,0.03951136,0.1440707,321.3015,3.730976
0,6.48224,0.602196,-0.916589,0.00997321,0.00147101,0.00135034,0.000120666,0.933907,24.2579,0.0164024,0.00229243,0.144071,6.76891,3.18435
2,41.3907595,0.7206390312,-1.772459137,0.01851813986,-0.1418127297,-1.462455122,1.320642392,1.152978245,33.19462963,-21.25815156,73.44419373,0.1440706667,446312.3142,91.27567903
0,5.62767,0.826182,-0.644207,0.0109492,0.000111596,3.72822e-05,7.43142e-05,0.951588,33.3259,0.000621302,6.31362e-05,0.144071,0.275952,2.74629
0,26.391,0.871251,-1.06834,0.0184766,0.00536053,0.00505892,0.000301609,0.950559,34.9594,0.0889051,0.00869006,0.144071,67.3079,3.46588
1,0.24968,0.7214,-1.9616,0.01374,,,,,,,,,,
0,38.4321763,0.656252183,-1.65907169,0.0187030462,0.662226547,0.45560734,0.206619208,0.502586091,8.94234539,6.03096271,0,0.144070667,64284.6633,16.8791571
0,5.47,0.344621,-0.545876,0.0159662,5.08401e-05,7.23088e-06,4.36093e-05,0.891413,13.9019,5.02641e-05,1.22441e-05,0.144071,0.0347503,2.54145
0,35.6747,0.862231,-1.06397,0.0179334,0.00522479,0.00493254,0.000292245,0.95019,34.6022,0.0857866,0.00846482,0.144071,63.0101,3.45728
2,8.1201743,0.526479804692145,-1.59910661288437,0.0132368831180302,0.619370257115594,-0.0264260610789984,0.645796318194592,-7.37348258992025e-07,8.08424756343872,-0.280633376506857,0,0.144070666666667,-18336710860.793,-3560690.80668067
0,6.56857,0.770258,-0.772628,0.00907581,0.000330543,0.000234009,9.65333e-05,0.948118,31.0633,0.00363575,0.00039643,0.144071,1.34361,2.95625
2,0.8126915,0.230944606299035,-1.97188634992641,0.0092498754555248,-0.615468603408599,-0.615468792443114,1.89034515374331e-07,-5.04120373234786e-05,15.0508667858276,-2.86707484947404,0,0.144070666666667,-59967137153.827,-11644643.7529568
0,5.43943,0.809975,-0.688764,0.018988,8.15717e-05,3.81021e-05,4.34697e-05,0.950688,32.6732,0.000622509,6.45268e-05,0.144071,0.479965,2.81933
0,5.40402,0.807506,-0.707479,0.0210295,8.3368e-05,4.37511e-05,3.96169e-05,0.950544,32.5735,0.000712624,7.40958e-05,0.144071,0.60863,2.85027
0,6.61555,0.294393,-0.972763,0.010411,0.00276337,0.00265491,0.000108468,0.873526,11.8435,0.0157653,0.00451856,0.144071,7.27,3.24429
0,12.8452,0.901894,-0.982621,0.0181881,0.00185299,0.00172533,0.00012766,0.954333,36.3166,0.0313873,0.00293559,0.144071,23.1593,3.31677
0,6.19729,0.344052,-0.831191,0.0248363,0.000212791,0.000181389,3.14027e-05,0.891152,13.8767,0.00125881,0.000307365,0.144071,1.35492,3.01525
0,6.3914,0.23619,-0.84229,0.017443,0.00033657,0.00029778,3.8788e-05,0.84892,9.525,0.0014187,0.00050467,0.14407,1.1258,3.0168
0,5.54774,0.300272,-0.696194,0.0151483,9.73783e-05,5.25436e-05,4.48348e-05,0.877317,12.1123,0.000318244,8.89826e-05,0.144071,0.212118,2.78475
0,40.67007,0.9801146,-1.137931,0.01077587,0.02217164,0.02058125,0.001590381,0.9443907,38.66292,0.4068871,0.03642676,0.1440707,183.1695,3.609411
0,14.8605,0.89484,-1.09419,0.00945844,0.0144706,0.0136338,0.000836821,0.94576,35.5771,0.246087,0.0236608,0.144071,95.9567,3.51551
0,5.38241,0.59521,-0.609348,0.0142192,7.31667e-05,1.83475e-05,5.48193e-05,0.934091,24.0101,0.000220278,3.10693e-05,0.144071,0.129433,2.67251
0,35.9024,0.270853,-1.17069,0.0165862,0.0206586,0.0202456,0.00041296,0.853103,10.701,0.110609,0.0360476,0.144071,85.4834,3.58404
0,21.7732564,0.4902467973,-1.754698139,0.01688109526,0.3492883069,0.1905214703,0.1587668366,1.27468284,12.86940719,1.884012848,0,0.1440706667,124586.1579,28.71835392
1,0.46533,0.63165,-1.9768,0.02155,,,,,,,,,,
0,4.95911,0.71181,-0.584249,0.0151841,6.47307e-05,1.24466e-05,5.22841e-05,0.944284,28.7138,0.000178707,2.10767e-05,0.144071,0.110922,2.63947
0,41.88942,0.60582442,-1.3897578,0.015860347,0.20931002,0.20930774,2.2789257e-06,0.79383478,19.324496,2.5577449,0.62858453,0.14407067,2766.2521,4.5023257
2,16.6407824,0.601235459,-1.69362485,0.0169214851,0.0910547094,-0.795228361,0.88628307,2.69644259,22.0463905,-9.64409804,0,0.144070667,46043.2196,13.3543695
0,16.7377692,0.9801814624,-1.773553045,0.01257817183,0.4619592424,0.3345843509,0.1273748915,3.055955501,21.27535554,6.615113187,0,0.1440706667,109452.1414,25.79177385
2,8.9829066,0.7396837075503,-1.632791956703,0.01868327524891,0.9850189694543,-0.1123396656635,1.097358635118,-1.27357920217e-06,0.4470364221805,-1.676117075324,0,0.1440706666667,-904863993.3811,-175708.8195537
0,13.7745,0.8437495,-1.118569,0.01102817,0.01681803,0.01586108,0.0009569444,0.9416524,33.46591,0.2699426,0.0277561,0.1440707,123.997,3.558511
0,57.597304,0.29835474,-1.4179396,0.018984326,0.24613456,0.17224232,0.073892241,0.71464007,9.0736483,1.0365684,0.75420901,0.14407067,2072.1386,4.3808768
1,77.4002,0.898851,-1.28817,0.0133908,,,,,,,,,,
2,12.2866685,0.9283913993874,-1.5562935613758,0.016460694670051,0.0121669293687,-0.00096972383001688,0.013136653198716,-9.2164197640295e-06,36.997283375965,-0.018159519255937,0,0.14407066666667,-3873751820.6056,-752218.81131784
0,11.0563189,0.3899998625,-1.875404592,0.01804686622,0.00405908694,0.004049654668,9.432271677e-06,3.726841162,15.66942982,0.03185720095,0,0.1440706667,244557.0034,52.17010678
0,24.093727,0.4978913121,-1.846386882,0.01318112777,0.9979997278,0.7455975201,0.2524022077,0.00415680651,0.04017712179,7.48797134,0,0.1440706667,387269.311,79.87712254
0,6.49646,0.536409,-0.925145,0.0115052,0.00141001,0.00130628,0.000103734,0.92654,21.6092,0.0141338,0.00221801,0.144071,6.78375,3.19302
0,10.9385,0.674896,-1.11412,0.00902795,0.019184,0.0183194,0.00086465,0.929034,26.7042,0.249387,0.0320227,0.144071,94.718,3.53454
1,0.35977,0.97497,-1.9734,0.024749,,,,,,,,,,
0,49.38672,0.29239047,-1.4758491,0.021978404,0.27669786,0.27669664,1.2236016e-06,0.69190953,8.5317502,1.6318952,1.3706794,0.14407067,4234.0714,4.8953157
0,6.26656,0.686755,-0.647955,0.0141063,8.70132e-05,3.03657e-05,5.66475e-05,0.942355,27.7025,0.00042064,5.14226e-05,0.144071,0.243058,2.74351
0,1.1894398,0.528461014,-1.8833444,0.0118192947,0.00273629397,0.00268832546,4.79685091e-05,-91.4170093,21.2607281,0.0286562904,0,0.144070667,-14979.9621,-1.00772403
2,14.7790781,0.459906516,-1.52086484,0.0171518811,-0.15945415,-0.16038513,0.000930979954,-0.432303555,21.5118771,-1.48784892,0,0.144070667,-30463.2681,-4.41328209
0,9.70939,0.871045,-0.975974,0.0179727,0.00172274,0.00160346,0.000119281,0.952916,35.079,0.0281724,0.00272769,0.144071,20.5702,3.30353
0,5.68824,0.760878,-0.675162,0.0107322,0.000132571,5.66058e-05,7.59649e-05,0.947643,30.6911,0.000868762,9.58637e-05,0.144071,0.379796,2.79368
0,6.21343,0.554263,-0.759324,0.0192798,0.000135172,9.28683e-05,4.23032e-05,0.929528,22.3569,0.00103827,0.000157302,0.144071,0.831429,2.91819
0,25.1398,0.699102,-1.04913,0.0221123,0.00348252,0.00331482,0.000167706,0.941121,28.1048,0.0467439,0.00567367,0.144071,42.7042,3.41851
0,6.17946,0.939969,-0.865328,0.0172032,0.000471961,0.000405783,6.61784e-05,0.956955,37.9021,0.00769365,0.000687961,0.144071,5.34297,3.12066
0,6.5219,0.24343,-0.95086,0.022057,0.00098884,0.00094746,4.1382e-05,0.85235,9.8105,0.0046521,0.0016097,0.14407,4.6581,3.199
0,7.9660147,0.322770418,-1.68587196,0.0111955324,0.000540813673,0.000156100668,0.000384713005,3.1176105,13.0140945,0.00101630405,0,0.144070667,21279.547,8.4982545
0,13.79392,0.7075879,-1.116859,0.01998246,0.009045128,0.008613735,0.0004313935,0.9381575,28.28716,0.1229411,0.01498571,0.1440707,102.9146,3.543132
2,17.4522519,0.487697365,-1.804837394,0.02019105767,0.3553341077,-0.8830371455,1.238371253,1.388889715,12.68353374,-8.686694584,0,0.1440706667,214577.9093,46.27136641
0,50.26943,0.7819957,-1.235083,0.0200384,0.04060475,0.03506487,0.005539875,0.9223341,30.26614,0.5530976,0.06822859,0.1440707,511.3703,3.823047
0,6.45749,0.677613,-0.861404,0.0140164,0.000546211,0.000473581,7.26295e-05,0.941328,27.3212,0.00647293,0.000802872,0.144071,3.72288,3.09786
2,4.3283936,0.27778646243,-1.8070477324,0.021402577117,0.30754428281,-8.9088237947,9.2163680775,-0.18481580874,7.7599379506,-49.917935648,0,0.14407066667,-1014990.2946,-195.48642478
1,0.24687,0.85379,-1.9993,0.011586,,,,,,,,,,
0,47.195004,0.47333654,-1.4086576,0.022399497,0.23754239,0.14229014,0.095252246,0.75717372,14.559314,1.3585324,0.56737409,0.14407067,2785.4185,4.525302
0,63.80069,0.5149637,-1.286501,0.01087493,0.1242067,0.1063845,0.01782219,0.8427806,18.19422,1.105046,0.2433538,0.1440707,651.2096,3.914042
2,33.430499,0.78922017,-1.4030586,0.0087628713,0.70112505,-0.21631694,0.91744199,0.5767743,9.5157465,-3.4436093,0,0.14407067,2224.0692,4.399134
0,6.51563,0.286674,-0.922142,0.0221661,0.000692912,0.000652628,4.02837e-05,0.871876,11.5569,0.00377381,0.00110769,0.144071,3.70966,3.15841
2,13.2649931,0.6770999281,-1.726198434,0.02429943193,-28.51317403,-29.46536247,0.952188437,-41.74838938,806.1648394,-402.4294232,0,0.1440706667,-165239.3424,-30.46615639
0,6.27106,0.355765,-0.751572,0.0216104,0.000108858,7.50044e-05,3.38534e-05,0.894418,14.3506,0.000538238,0.000127037,0.144071,0.502066,2.88445
0,6.89999,0.542497,-0.9357,0.00855443,0.00215834,0.00201059,0.000147749,0.926817,21.8381,0.0220012,0.00341625,0.144071,7.84872,3.21128
0,27.46519,0.4204933,-1.176137,0.009782251,0.03736714,0.03619899,0.001168149,0.8854288,16.32958,0.3070299,0.06554875,0.1440707,134.7913,3.622464
0,5.04881,0.471008,-0.579761,0.00938737,9.87785e-05,1.90046e-05,7.97739e-05,0.918128,18.9994,0.000180556,3.21818e-05,0.144071,0.0712573,2.61224
0,5.51268,0.380862,-0.69637,0.0123818,0.000123264,6.44269e-05,5.88374e-05,0.900672,15.3628,0.000494949,0.00010911,0.144071,0.262656,2.79591
0,5.83261,0.440927,-0.626468,0.0147814,7.22575e-05,2.19903e-05,5.02672e-05,0.913049,17.7865,0.000195579,3.72381e-05,0.144071,0.122219,2.68668
0,6.41137,0.58443,-0.905109,0.022437,0.000568678,0.00051827,5.04076e-05,0.932639,23.5636,0.00610962,0.000879271,0.144071,5.68136,3.16366
0,5.8878,0.24368,-0.7461,0.018527,0.00011583,8.1555e-05,3.4273e-05,0.85301,9.8294,0.00040087,0.00013813,0.14407,0.33612,2.8583
0,6.22292,0.829406,-0.787232,0.0184806,0.000187606,0.000138634,4.89718e-05,0.951718,33.4535,0.00231933,0.000234856,0.144071,1.73895,2.98419
0,6.17471,0.305947,-0.839683,0.0231282,0.000249919,0.000217214,3.27048e-05,0.879223,12.3394,0.00134048,0.000368105,0.144071,1.3619,3.02401
0,6.61938,0.349656,-0.917254,0.0139492,0.00104291,0.000973894,6.90119e-05,0.892188,14.091,0.00686875,0.00165306,0.144071,4.15107,3.15938
0,6.39675,0.590959,-0.888653,0.0174553,0.000600442,0.000539414,6.10282e-05,0.93331,23.826,0.0064299,0.000914876,0.144071,4.64679,3.13668
0,14.229879,0.99273747,-1.4595961,0.01788732,0.0011899586,0.0010760939,0.00011386465,2.6270592,40.00115,0.021548139,0,0.14407067,4243.3171,4.8809701
0,4.84092,0.881226,-0.553132,0.0185693,5.02051e-05,6.82436e-06,4.33807e-05,0.95451,35.5485,0.000121304,1.1556e-05,0.144071,0.0910919,2.59823
2,47.7510125,0.607660681,-1.51088012,0.020025897,-6.18351428,-6.49398496,0.310470685,-3.35347175,176.097529,-79.5971623,0,0.144070667,-28277.8492,-3.99506885
0,6.27402,0.664018,-0.783962,0.0226187,0.000146883,0.000108617,3.82665e-05,0.940462,26.7837,0.0014548,0.000183997,0.144071,1.35097,2.96787
0,49.69737,0.4952077,-1.232762,0.02133673,0.03471926,0.03260671,0.002112551,0.8995059,19.28396,0.3257014,0.0621948,0.1440707,324.2735,3.76099
0,53.23346,0.7772981,-1.204575,0.01878668,0.02933565,0.02667764,0.002658006,0.9295389,30.4377,0.4182733,0.04918072,0.1440707,344.8471,3.73996
0,6.6381,0.21109,-0.7643,0.017059,0.00096839,0.00011182,0.00085657,0.83396,8.5074,0.00047611,0.00018951,0.14407,0.37589,2.8823
0,50.582239,0.92669673,-1.3415386,0.024416834,0.11576264,0.077965893,0.037796747,0.87768411,33.056864,1.4573621,0.21978529,0.14407067,2303.821,4.3549107
0,6.31191,0.257516,-0.903732,0.0187093,0.000653392,0.000610669,4.27228e-05,0.859472,10.3819,0.00317202,0.00103598,0.144071,2.66865,3.12287
0,12.58987,0.4557462,-1.180111,0.02352217,0.01652292,0.01594128,0.0005816404,0.9051583,18.08183,0.1465451,0.02868768,0.1440707,153.6484,3.636828
0,6.63508,0.345683,-0.93756,0.00918413,0.0020308,0.001918,0.000112801,0.890473,13.9172,0.0133737,0.00325893,0.144071,5.33189,3.19278
0,6.25904,0.987471,-0.747796,0.0230888,0.000105054,6.68764e-05,3.81771e-05,0.959166,39.8322,0.00133206,0.000113273,0.144071,1.23795,2.92719
0,43.31631,0.9246577,-1.157373,0.01993872,0.01534984,0.01419744,0.001152398,0.9465369,36.72976,0.2647989,0.02527164,0.1440707,222.8684,3.646642
0,21.725681,0.51474344,-1.4945917,0.0085018281,0.97409356,0.48315436,0.4909392,0.11412006,0.53796465,5.0165125,0,0.14407067,2059.2807,4.4547123
1,0.23714,0.92453,-1.8245,0.013943,,,,,,,,,,
0,56.45189,0.9439883,-1.183814,0.01485331,0.02896372,0.02618814,0.002775581,0.9383518,36.97918,0.4986507,0.04764372,0.1440707,317.876,3.709776
0,6.69328,0.920327,-0.757751,0.0118226,0.000223144,0.000148409,7.47356e-05,0.956245,37.1193,0.00275503,0.000251391,0.144071,1.31501,2.94026
0,20.2441019,0.298872814,-1.72354331,0.0170943537,0.446981419,0.367577992,0.0794034278,1.07120934,6.66778062,2.21595575,0,0.144070667,51478.3729,14.4454399
2,23.1055067,0.906237206,-1.8395053,0.0226270743,0.000342843249,-0.104522345,0.104865189,-14.9612263,36.5466971,-1.9106283,0,0.144070667,-89595.5543,-15.6326027
0,23.9696,0.697705,-1.04163,0.0230092,0.00304479,0.00289627,0.000148521,0.941298,28.0609,0.0407601,0.00495196,0.144071,38.7161,3.40521
0,30.207033,0.24117857,-1.4602161,0.021376204,0.52627663,0.20948127,0.31679537,0.59012957,4.6091271,1.0190819,0,0.14407067,2193.9791,4.4497485
1,0.33462,0.82887,-1.8927,0.0084493,,,,,,,,,,
0,6.35931,0.550001,-0.814631,0.0116265,0.000387961,0.000313239,7.47228e-05,0.928859,22.1794,0.00347507,0.000530776,0.144071,1.67957,3.00979
0,49.35486,0.4797567,-1.234066,0.02056501,0.03655841,0.03442156,0.002136855,0.8960349,18.64668,0.3331016,0.06561892,0.1440707,320.0899,3.760815
0,23.9758,0.723268,-1.03983,0.0219921,0.00311804,0.00296127,0.000156764,0.943143,29.0869,0.0432019,0.00506245,0.144071,39.1368,3.40404
0,34.56677,0.263109,-1.265169,0.01894793,0.05504365,0.0534028,0.001640856,0.8282763,10.03004,0.2834164,0.106194,0.1440707,277.7324,3.776399
0,19.032906,0.21926772,-1.5463136,0.012853072,0.66770685,0.023261123,0.64444572,0.99181806,2.9393497,0.1028799,0,0.14407067,2515.7683,4.6053646
0,44.69752,0.2234618,-1.331275,0.017194,0.1190481,0.1099887,0.009059346,0.7683048,7.941648,0.4957658,0.273561,0.1440707,554.1733,3.931681
0,34.8577,0.454075,-1.11094,0.0242172,0.00683159,0.00661576,0.000215836,0.911058,18.1931,0.0605944,0.0114596,0.144071,63.1668,3.50441
1,0.282,0.68427,-1.9259,0.013577,,,,,,,,,,
0,14.442035,0.35878678,-1.6160365,0.011441095,0.0011930512,0.00119283,2.212236e-07,-4.5422863,14.456833,0.0086325709,0,0.14407067,-6615.9982,0.39110501
0,11.33254,0.6419054,-1.146921,0.02111697,0.01240681,0.01183405,0.0005727558,0.9306229,25.57433,0.153225,0.02086364,0.1440707,138.0033,3.595082
0,36.16036,0.3619924,-1.174968,0.01241032,0.02902957,0.02825593,0.0007736411,0.8778089,14.17949,0.2063166,0.05089797,0.1440707,116.3004,3.610124
2,4.0639818,0.21452951,-1.7161686,0.010416654,-0.022882738,-0.022921036,3.829755e-05,7.7945644,8.8525433,-0.099185103,0,0.14407067,8543.8704,6.0086012
0,6.29066,0.460406,-0.859126,0.0191201,0.000384364,0.000337199,4.71651e-05,0.91622,18.5664,0.0031315,0.000571586,0.144071,2.52429,3.07538
0,24.8634,0.522881,-1.11422,0.0150569,0.0114683,0.0110591,0.000409237,0.918363,20.852,0.11664,0.0192243,0.144071,74.9133,3.51874
0,6.30729,0.441835,-0.803894,0.0103174,0.000386126,0.000307533,7.85929e-05,0.913013,17.8175,0.0027408,0.000521069,0.144071,1.19584,2.9815
0,36.306608,0.86017669,-1.4429136,0.0086798499,0.93470751,0.025906759,0.90880075,0.13474064,2.2657192,0.44949609,0,0.14407067,3782.2301,4.7688414
0,0.4937441,0.825099000987,-1.897289201168,0.01061000595428,0,0,0,-0.005880642089129,33.28597076677,0,0,0.1440706666667,-436100295.4951,-84682.2139496
1,0.24326,0.77688,-1.9658,0.015462,,,,,,,,,,
2,10.6960178,0.5529278597,-1.614568619,0.01344798027,0.03751646365,-0.09773974953,0.1352562132,-0.06650778096,21.46925372,-1.090096299,0,0.1440706667,-658495.7039,-126.4312072
0,51.7919573,0.7226023009,-1.809128864,0.02242967487,0.8829267145,0.7800707652,0.1028559492,0.275953384,3.412811588,11.3699489,0,0.1440706667,307063.9456,64.25336
2,24.5016089,0.728525198,-1.71244955,0.0123959869,-0.715870127,-0.925567005,0.209696878,11.1295509,50.4294413,-13.6012121,0,0.144070667,32496.6388,10.7247641
2,16.2023096,0.483176665,-1.59083195,0.020264158,-4.4764264,-4.47942714,0.00300073501,10.6380882,106.747662,-43.6569709,0,0.144070667,15090.0096,7.18364591
0,40.5653,0.2218746,-1.303994,0.01864868,0.08582159,0.08243757,0.003384025,0.7880316,8.182645,0.3689418,0.1776635,0.1440707,392.1333,3.855163
0,0.4509407,0.739210889,-1.78820082,0.0187699945,0,0,0,16.5057977,29.8210906,0,0,0.144070667,34284.1418,11.1503708
0,18.74478,0.7944275,-1.148341,0.01705038,0.01579646,0.01486282,0.0009336327,0.9395391,31.54237,0.2381666,0.02631542,0.1440707,171.6963,3.614269
0,61.6807315,0.5484412661,-1.734347886,0.02018018589,0.5328206349,0.3240105447,0.2088100902,0.8563089958,10.33639133,3.584383252,0,0.1440706667,114690.9218,26.77225715
0,5.81744,0.456029,-0.622823,0.0194708,5.43334e-05,1.59308e-05,3.84026e-05,0.915695,18.396,0.00014654,2.69768e-05,0.144071,0.120278,2.68221
0,5.25772,0.901633,-0.646328,0.0133198,9.31053e-05,3.14936e-05,6.16117e-05,0.955465,36.3701,0.000572765,5.3333e-05,0.144071,0.308219,2.7541
0,41.646051,0.52979442,-1.4029139,0.02342018,0.16425527,0.16425379,1.4710332e-06,0.81755554,17.862251,1.7552863,0.50405331,0.14407067,2939.835,4.5523158
0,6.45543,0.736562,-0.873566,0.0193374,0.000457441,0.00040125,5.61905e-05,0.9458,29.7007,0.00596142,0.000680341,0.144071,4.70901,3.12228
0,6.6972,0.24507,-0.97009,0.023211,0.0011948,0.0011517,4.3179e-05,0.85307,9.8748,0.005693,0.0019583,0.14407,5.9972,3.2315
0,10.455213,0.6915223237944,-1.619855704172,0.01819242209913,0.6580935244782,0.0192568813999,0.6388366430783,-0.0001507936269415,9.5382499059,0.2686070027194,0,0.1440706666667,-138098157.0247,-26815.25262336
2,33.0534456,0.9213439862044706,-1.445925065101319,0.01187379146020162,-31151.67914482069,-31151.71072397298,0.03157915229530772,-4.856939392140079e-06,1157903.518826282,-578933.7619577367,0,0.1440706666666666,-55737722382558.84,-10823361242.38152
0,6.83615,0.258921,-0.934883,0.0103102,0.00173714,0.00165119,8.59412e-05,0.859462,10.4272,0.00862364,0.0028049,0.144071,3.99908,3.17507
0,20.38062,0.4869968,-1.147364,0.009412345,0.02743205,0.02649478,0.0009372709,0.9030984,19.10738,0.2602625,0.04707586,0.1440707,106.8562,3.576334
0,84.847358,0.97029906,-1.4400734,0.0095537973,0.50801956,0.33846859,0.16955098,0.57580783,19.257886,6.6244397,1.9915119,0.14407067,7253.1608,5.4734559
0,2.0293918,0.977140254,-1.84371983,0.0130258391,0.0092848069,0.00928403516,7.71735321e-07,52.9777041,39.0535838,0.182986416,0,0.144070667,28541.9635,10.0814332
0,6.30423,0.505708,-0.739919,0.0124834,0.000176472,0.000111789,6.46825e-05,0.923262,20.3976,0.00114031,0.000189343,0.144071,0.595215,2.88156
1,82.6803,0.59958,-1.28749,0.0145827,,,,,,,,,,
0,45.235015,0.26332629,-1.5610357,0.0085910831,0.83012235,0.5734909,0.25663145,0.21183892,1.8046194,3.0461124,10.473519,0.14407067,8736.9075,5.892101
0,6.43028,0.864266,-0.753883,0.0167175,0.000152042,9.98723e-05,5.21693e-05,0.953593,34.8607,0.00174108,0.000169166,0.144071,1.17841,2.93074
0,28.4598261,0.4396679654,-1.83623417,0.01930446419,0.9996748423,0.7293271592,0.2703476831,0.0006074203677,0.005767320437,6.468035288,0,0.1440706667,333920.0128,69.49978595
0,5.03221,0.958994,-0.551284,0.0204867,4.57421e-05,6.04061e-06,3.97015e-05,0.958044,38.6858,0.000116848,1.02288e-05,0.144071,0.0964492,2.59932
0,33.257846,0.4217253093,-1.802848327,0.0221285046,0.8503053869,0.580249402,0.2700559849,0.265636522,2.546777496,4.935936199,0,0.1440706667,219593.6707,47.24454407
0,6.4036,0.23048,-0.81463,0.014358,0.00035903,0.00025365,0.00010538,0.84578,9.2947,0.0011792,0.00042981,0.14407,0.77301,2.9697
0,27.0008,0.717286,-1.05049,0.0194136,0.00403883,0.00384094,0.000197888,0.942116,28.8197,0.0555719,0.00657636,0.144071,44.5158,3.42236
0,6.72457,0.309622,-0.950056,0.0196052,0.00110798,0.00105505,5.293e-05,0.879951,12.4769,0.00658918,0.00179247,0.144071,5.67948,3.20859
1,0.26102,0.74866,-1.9173,0.012395,,,,,,,,,,
0,6.6722,0.43614,-0.7444,0.0088067,0.000255132,0.000167842,8.72897e-05,0.912063,17.5902,0.00147656,0.000284296,0.144071,0.550384,2.88201
2,13.0150793,0.9690065666,-1.740850448,0.009056797348,0.02650887621,-0.00617321775,0.03268209396,3.131038801,38.05518892,-0.1206600461,0,0.1440706667,125542.3422,28.89057456
0,16.5996096,0.3907788987,-1.791853984,0.01737072511,0.3975107048,0.3147693552,0.08274134955,1.367561785,9.498075243,2.481125427,0,0.1440706667,138125.5139,31.38993388
0,13.6948629,0.6671069322,-1.554495954,0.009086173881,0.850277812,0.01563664715,0.8346411648,-0.01630603737,4.029366627,0.2104089748,0,0.1440706667,-233015.4414,-43.81653816
0,20.2877707,0.878185833,-1.64635051,0.0139653898,0.190457808,0.0757020594,0.114755748,2.02000237,28.6801278,1.34097071,0,0.144070667,43564.3453,12.8228944
0,8.67987,0.34346,-1.0405,0.0113038,0.00597798,0.00580072,0.000177265,0.887379,13.773,0.0401868,0.00993439,0.144071,19.8665,3.36613
0,31.7423933,0.324282824,-1.791917918,0.01422143758,0.9999564469,0.7598323231,0.2401241238,7.580237297e-05,0.000569768639,4.970120076,0,0.1440706667,149608.9762,33.62400338
0,53.8367067,0.672093366603,-1.7474763477,0.0217800937092,0.935405404978,0.58142161771,0.353983787268,-0.000320976194556,1.75138229461,7.88217285526,0,0.144070666667,-61367036.0712,-11915.144737
0,35.04821,0.7684589,-1.224222,0.01191516,0.05879196,0.05216596,0.006626001,0.9093063,29.1784,0.8085987,0.09980343,0.1440707,434.9445,3.789029
0,6.40863,0.684086,-0.763238,0.0146816,0.000186331,0.000128236,5.80951e-05,0.94208,27.5921,0.00176948,0.000217219,0.144071,1.06465,2.93485
0,9.7264018,0.73929579,-1.5534404,0.013346206,0.0039984643,5.4653214e-05,0.0039438111,7.5707814,29.705263,0.00081500281,0,0.14407067,3650.0647,4.8518762
1,0.25725,0.97403,-1.8058,0.023023,,,,,,,,,,
0,5.309,0.378591,-0.697702,0.0177404,8.67658e-05,4.57435e-05,4.10222e-05,0.900159,15.2717,0.000349321,7.74673e-05,0.144071,0.265759,2.79785
0,37.4322,0.779436,-1.06049,0.011605,0.00768258,0.00728589,0.000396686,0.943925,31.2023,0.114548,0.0125098,0.144071,54.699,3.44493
0,15.11272,0.410427,-1.178876,0.01774493,0.02145004,0.02078571,0.0006643275,0.8936345,16.2022,0.1720782,0.03742924,0.1440707,137.2577,3.626615
0,8.29238,0.292322,-1.04512,0.0142211,0.00502353,0.00489182,0.000131709,0.871355,11.7336,0.0288441,0.00837912,0.144071,18.2895,3.36619
0,202.77494,0.84179856,-1.2888694,0.012590595,0.11654038,0.088579596,0.027960781,0.87440097,30.001989,1.5040665,0.21668521,0.14407067,1066.9701,4.0225137
1,0.26594,0.50032,-1.8614,0.0093819,,,,,,,,,,
0,6.5973,0.21592,-0.85894,0.0139,0.00051028,0.00046277,4.7511e-05,0.83696,8.706,0.0020155,0.00078441,0.14407,1.2927,3.0406
0,5.418,0.716638,-0.635113,0.0136588,8.53003e-05,2.6592e-05,5.87083e-05,0.944625,28.908,0.000384393,4.50315e-05,0.144071,0.214548,2.72425
0,17.5720213,0.598026086,-1.725377716,0.0231173637,0.4647106725,0.3177152029,0.1469954696,1.051386879,12.91409209,3.83250999,0,0.1440706667,104004.5466,24.6831408
1,0.25458,0.61098,-1.9182,0.020805,,,,,,,,,,
0,5.72501,0.260578,-0.65576,0.00835006,0.000133229,5.6709e-05,7.65204e-05,0.861208,10.5108,0.000298068,9.60326e-05,0.144071,0.111551,2.71127
0,25.8538,0.395482,-1.08485,0.0186073,0.00637921,0.00619409,0.000185115,0.900043,15.8527,0.0494117,0.0106682,0.144071,39.852,3.45013
0,6.45849,0.374917,-0.910958,0.024027,0.000562062,0.000521688,4.03749e-05,0.898981,15.1163,0.00394522,0.000885152,0.144071,4.07616,3.15214
0,19.00984,0.3615174,-1.179812,0.01858921,0.02065959,0.02010054,0.0005590419,0.8829898,14.28296,0.1465758,0.03616108,0.1440707,123.9373,3.619718
0,8.8419251,0.50421527,-1.5221393,0.011190913,0.00045544721,0.00045426107,1.1861372e-06,3.5017352,20.331682,0.0046200501,0,0.14407067,3613.1565,4.8128859
0,16.1294,0.360241,-1.13543,0.0175719,0.012684,0.0123598,0.00032416,0.887693,14.3484,0.0898111,0.0216323,0.144071,70.0328,3.53554
0,0.5012844,0.5446455506099905,-1.885163111912668,0.01959050803356056,0,0,0,-1.357765852913973e-22,21.97197651938339,0,0,0.1440706666666666,-1.066963133717661e+28,-2.071869271876964e+24
2,41.3416586,0.8945235464765824,-1.66135692053031,0.02151513204106187,-63743.43776219727,-63743.63535709573,0.1975948984618299,-0.000320328840253435,2300325.204658803,-1150148.12426085,0,0.1440706666666666,-26718228276325.02,-5188246379.759443
0,6.35392,0.468332,-0.811093,0.0190116,0.000226771,0.000183071,4.36997e-05,0.917618,18.8891,0.00172941,0.000310177,0.144071,1.38361,2.99623
0,5.0711,0.578688,-0.583965,0.0121335,7.93053e-05,1.55191e-05,6.37862e-05,0.932333,23.3435,0.00018115,2.62797e-05,0.144071,0.0909993,2.62901
1,0.25491,0.5347,-1.9018,0.014043,,,,,,,,,,
0,5.92342,0.333105,-0.707281,0.0176695,9.18108e-05,5.19396e-05,3.98712e-05,0.888054,13.4368,0.000348984,8.79616e-05,0.144071,0.268048,2.80787
0,12.33146,0.648056,-1.151352,0.02208439,0.01254728,0.01195281,0.0005944657,0.9310752,25.8157,0.1562456,0.02111811,0.1440707,147.393,3.604719
0,41.529579,0.58750461,-1.379212,0.015003952,0.21931588,0.15024702,0.069068861,0.78415641,18.502985,1.7805014,0.58028512,0.14407067,2341.6583,4.4007686
0,5.99018,0.319168,-0.597115,0.023209,3.90234e-05,9.60658e-06,2.94168e-05,0.883769,12.8753,6.18463e-05,1.62669e-05,0.144071,0.0626928,2.62301
0,5.8242,0.24169,-0.72286,0.0095591,0.00018325,0.00011727,6.5977e-05,0.85194,9.7486,0.00057172,0.00019861,0.14407,0.24762,2.8194
0,6.54005,0.572544,-0.924735,0.0106013,0.00152567,0.00141012,0.000115551,0.93073,23.0622,0.0162851,0.00239448,0.144071,7.16944,3.19553
0,6.9686476,0.54154424,-1.5953164,0.011500692,0.52542415,0.15100154,0.37442261,2.2220461,10.367994,1.6494551,0,0.14407067,7432.8066,5.6648404
0,12.9151311,0.346893574,-1.68631165,0.00888784517,0.497265283,0.374579644,0.122685639,1.59613964,7.03542436,2.62099141,0,0.144070667,22596.5668,8.75752367
0,49.77537,0.7115426,-1.198532,0.00882011,0.05609705,0.05210877,0.003988277,0.9074953,27.09464,0.7478886,0.09693033,0.1440707,290.9445,3.714716
0,19.5329742,0.36007915,-1.59421106,0.0212482516,0.0711953018,0.0589060867,0.0122892151,1.68181762,13.4920377,0.427841904,0,0.144070667,12599.2172,6.69408424
0,36.042971,0.59286341,-1.3283474,0.021850259,0.097487775,0.072839195,0.02464858,0.86964768,21.585539,0.87105375,0.20732179,0.14407067,1281.6174,4.1130911
0,1.0743667,0.7560163713,-1.939930905,0.01723973494,0.5003711099,0.09561694587,0.404754164,7.856337284,15.23820841,1.458113189,0,0.1440706667,258427.1407,54.93082323
0,46.67551,0.36463272,-1.4483018,0.016583908,0.29933494,0.29933317,1.7763195e-06,0.69484756,10.306739,2.201586,1.2751866,0.14407067,3575.4416,4.7311856
0,5.69308,0.663678,-0.714173,0.0160741,0.000113343,6.23765e-05,5.09669e-05,0.940455,26.7709,0.000835033,0.000105642,0.144071,0.550966,2.85184
0,5.44443,0.428431,-0.694219,0.0176008,8.66296e-05,4.40887e-05,4.25409e-05,0.910731,17.2822,0.000381007,7.46648e-05,0.144071,0.284246,2.79783
0,31.1995,0.460729,-1.11378,0.0224552,0.00763961,0.00739548,0.000244129,0.911661,18.4446,0.0687286,0.012819,0.144071,66.381,3.51043
2,16.2843804,0.88908018251,-1.6570342655,0.018024183178,-97.467799485,-97.469207026,0.0014075411906,-5.2694944593,3531.7530488,-1747.9682235,0,0.14407066667,-2358968.4856,-456.65852767
0,14.78061,0.9317824,-1.109703,0.01121279,0.01489031,0.01397061,0.0009196955,0.9471709,37.03005,0.262576,0.02436071,0.1440707,121.7213,3.548252
0,22.6493202,0.557229349,-1.67823351,0.0172509989,0.675705485,0.570894295,0.10481119,-1.99344163,7.29002053,6.4167461,0,0.144070667,-16899.9277,-1.5918576
1,89.1018,0.223597,-1.41991,0.0204692,,,,,,,,,,
0,5.47228,0.57501,-0.70489,0.0160293,0.000105317,5.55209e-05,4.97959e-05,0.931914,23.1945,0.000643957,9.40288e-05,0.144071,0.427585,2.82951
0,6.59694,0.845943,-0.822295,0.0142613,0.000349891,0.000281776,6.81151e-05,0.952509,34.1149,0.00480806,0.000477485,0.144071,2.77991,3.04356
0,7.06316,0.75919,-0.955133,0.0156889,0.00151365,0.00140654,0.000107109,0.946639,30.5807,0.0215391,0.00239084,0.144071,13.8116,3.26091
0,6.38245,0.327897,-0.909544,0.0129658,0.00101945,0.000949182,7.02711e-05,0.885901,13.2145,0.00627787,0.00161076,0.144071,3.55085,3.14353
2,28.3813049,0.860973145722,-1.83152627565,0.0185336771091,0.323443219558,-0.171883775152,0.49532699471,-0.00861288990084,23.498980604,-2.98503659649,0,0.144070666667,-90322325.8554,-17537.7279718
0,43.20525,0.2928281,-1.262985,0.0226586,0.04500281,0.04341102,0.001591788,0.8465213,11.28158,0.2564118,0.08634698,0.1440707,297.2007,3.781477
0,38.200053,0.73370202,-1.3090467,0.0094671183,0.18071574,0.13639724,0.044318504,0.82337502,24.249874,2.0186008,0.37343576,0.14407067,1186.8145,4.0714325
0,6.26465,0.764657,-0.770639,0.0104367,0.000281973,0.00019837,8.3603e-05,0.947791,30.8389,0.00305961,0.000336043,0.144071,1.30071,2.95259
0,12.8894,0.881491,-0.981815,0.0187551,0.00177726,0.0016561,0.000121152,0.9534,35.4977,0.0294463,0.00281753,0.144071,22.4259,3.31417
2,28.1704571,0.74760029455,-1.460682257,0.023994245728,-8.4880265866,-8.5468869707,0.058860384125,-0.016116663287,286.15446246,-128.88506501,0,0.14407066667,-5017496.9127,-973.13673954
0,38.7872814,0.863811715,-1.54773136,0.0109042191,0.612133792,0.453569006,0.158564786,0.801639605,13.5162495,7.90292081,0,0.144070667,14575.9698,7.0389463
0,52.006722,0.22378944,-1.4937474,0.012773603,0.4874963,0.48749441,1.8991043e-06,0.50975651,4.6269175,2.200566,2.9679952,0.14407067,3922.319,4.8487469
0,46.68549,0.7503083,-1.170064,0.01534457,0.02295133,0.02152659,0.001424747,0.932071,29.57407,0.3257918,0.03865179,0.1440707,214.4983,3.65574
0,6.1986,0.21456,-0.59572,0.012378,0.0058146,1.7596e-05,0.005797,0.83555,8.6055,7.6155e-05,2.9959e-05,0.14407,0.043531,2.6029
0,46.43919,0.6624592,-1.210477,0.008929664,0.06392568,0.059304,0.00462168,0.8984403,25.01639,0.7924435,0.1116169,0.1440707,316.3282,3.735888
0,20.6673,0.503905,-1.05105,0.0211646,0.00368739,0.00354889,0.000138494,0.920769,20.2535,0.0360717,0.0060755,0.144071,32.2387,3.40395
0,29.970941,0.35800368,-1.5582777,0.010314365,0.88998429,0.40388783,0.48609647,0.22151028,1.5889028,2.9165768,0,0.14407067,7100.614,5.5609459
0,17.4171148,0.691708692,-1.70837196,0.0090626933,0.377137811,0.252603844,0.124533966,2.16987733,17.3808242,3.5244257,0,0.144070667,54515.5623,15.0229869
0,6.71363,0.358204,-0.911233,0.0122843,0.00110122,0.00102369,7.75219e-05,0.89444,14.4347,0.0073965,0.0017374,0.144071,3.92594,3.15045
0,43.96236,0.3894137,-1.320488,0.008739661,0.201897,0.1721211,0.02977589,0.7697112,12.53792,1.351981,0.4685555,0.1440707,760.3097,3.977172
0,6.36999,0.43188,-0.849428,0.0177978,0.000368518,0.000319859,4.8659e-05,0.911202,17.4164,0.00278642,0.000542137,0.144071,2.10212,3.0562
0,46.43423,0.5472366,-1.187249,0.01353002,0.03140757,0.0299801,0.001427469,0.908515,21.38314,0.3309279,0.05466326,0.1440707,198.4133,3.665797
0,6.39211,0.783046,-0.790011,0.0127589,0.000278595,0.000208091,7.05044e-05,0.948953,31.5807,0.00328674,0.00035254,0.144071,1.70623,2.98598
0,39.14614,0.4874749,-1.253824,0.02043472,0.04708442,0.04321709,0.003867323,0.8902847,18.73967,0.4249453,0.08511595,0.1440707,417.3015,3.813077
0,47.929546,0.34604087,-1.3930123,0.013648341,0.26509977,0.19283894,0.072260832,0.71509907,10.25914,1.3460069,0.76164317,0.14407067,1699.8612,4.2734838
0,5.42003,0.266067,-0.521701,0.0113197,6.41644e-05,7.47662e-06,5.66878e-05,0.863722,10.7329,4.01255e-05,1.266e-05,0.144071,0.0202978,2.48964
0,47.649814,0.27869614,-1.4565918,0.015608019,0.33475532,0.3347538,1.5128867e-06,0.64569908,7.4794134,1.8818355,1.5071554,0.14407067,3105.8504,4.6410539
2,1.1421498,0.44006210032327,-1.9394831977298,0.015235560393907,0.66317622165182,-0.21853260133875,0.88170882299057,-0.00019122797228383,5.979596467476,-1.9397929347534,0,0.14407066666667,-4142354677.7753,-804376.74787475
1,113.7454,0.6219647,-1.294855,0.02220194,,,,,,,,,,
0,6.0672,0.22442,-0.53201,0.01821,3.7767e-05,5.3055e-06,3.2462e-05,0.84244,9.0531,2.4016e-05,8.9833e-06,0.14407,0.020038,2.4993
0,4.93549,0.995869,-0.597435,0.0161611,6.43852e-05,1.38523e-05,5.05329e-05,0.959522,40.1725,0.00027826,2.34573e-05,0.144071,0.180909,2.67781
0,30.090286,0.82904336,-1.3187228,0.01970131,0.10421695,0.074411058,0.029805893,0.88216881,29.959548,1.2443424,0.20319634,0.14407067,1549.6438,4.1652705
0,45.839577,0.21076666,-1.383812,0.015928195,0.19572378,0.16016342,0.035560361,0.7119991,6.8385228,0.6809111,0.57988429,0.14407067,1011.1791,4.103863
0,25.547472,0.40270993,-1.5656361,0.019668338,0.4735464,0.33571462,0.13783178,1.0371143,8.5527858,2.7270165,0,0.14407067,8972.6757,5.943852
0,20.3029062,0.364962644,-1.62437945,0.0191963138,0.237117031,0.13735404,0.0997629909,1.36062651,11.2321139,1.01114869,0,0.144070667,19101.1815,8.00820964
0,23.9333581,0.5250438833,-1.80111588,0.008378303291,0.9972604797,0.7269042361,0.2703562435,0.005752842164,0.05802635606,7.698355699,0,0.1440706667,225941.0186,48.47682773
0,41.86348,0.2279307,-1.257479,0.02448665,0.03856122,0.03768448,0.0008767367,0.8210158,8.840555,0.1732569,0.07444548,0.1440707,223.7346,3.747115
2,36.4502,0.3574587219848,-1.572809022983,0.01284602119038,-0.6562702297272,-0.9769015849157,0.3206313551885,-0.0001018255348856,23.88428585126,-7.043716744979,0,0.1440706666667,-279840373.4192,-54339.37436264
0,26.4353525,0.978356858,-1.842607444,0.009161700354,0.9914577521,0.676519276,0.3149384761,0.01950539613,0.3371511404,13.35065704,0,0.1440706667,659751.7348,132.812382
0,14.7390641,0.93550999,-1.57226814,0.01705675,0.025858263,0.000879286846,0.0249789762,3.67463496,36.7642531,0.0165922077,0,0.144070667,11853.5668,6.52421349
0,6.35158,0.791115,-0.841117,0.0233787,0.00026174,0.000218873,4.28668e-05,0.949456,31.9066,0.00349267,0.000370931,0.144071,3.32168,3.07163
0,5.23741,0.512979,-0.685338,0.0167097,8.77563e-05,4.14338e-05,4.63225e-05,0.924322,20.6927,0.000428726,7.01683e-05,0.144071,0.299185,2.79158
0,6.69065,0.97623,-0.921545,0.0237031,0.000670136,0.000605613,6.45231e-05,0.958347,39.3565,0.0119254,0.00102794,0.144071,11.4053,3.21702
0,5.88469,0.445864,-0.627639,0.00970086,0.000110785,3.40142e-05,7.67706e-05,0.913904,17.9849,0.000305906,5.76004e-05,0.144071,0.125338,2.68914
0,6.46981,0.940936,-0.801225,0.0210482,0.000190773,0.000145679,4.50947e-05,0.95718,37.9518,0.00276491,0.000246809,0.144071,2.34775,3.01372
0,53.14685,0.8779741,-1.169162,0.0162918,0.02168063,0.02003159,0.001649043,0.9401822,34.65114,0.3547499,0.03598548,0.1440707,246.2858,3.668112
2,26.0471813,0.291985931283,-1.72565970859,0.00900503245486,-2.08206085502,-2.37570880929,0.293647954262,-0.0270941822192,36.3043196264,-13.9920163826,0,0.144070666667,-11386921.6608,-2209.75280261
0,44.554631,0.20118698,-1.4345457,0.011342485,0.42487712,0.30640448,0.11847265,0.54506988,4.6678369,1.2434266,1.5624806,0.14407067,1729.9106,4.3217526
0,7.4205627,0.729382424,-1.64245386,0.0151562966,0.00504787597,0.0010589811,0.00398889488,4.61564505,29.276061,0.0155800437,0,0.144070667,18511.6451,7.91019482
2,14.7831132,0.7018406093929908,-1.773079282744996,0.01244378735248065,-5.107669391812929,-7.133692437583454,2.026023045770525,-9.893907380994035e-06,172.9295376141367,-100.9899239443439,0,0.1440706666666666,-273119646945.4939,-53035402.65147848
0,5.88141,0.27126,-0.749813,0.019039,0.000118276,8.32333e-05,3.50426e-05,0.865947,10.9418,0.000455417,0.000140972,0.144071,0.386557,2.86924
0,6.18486,0.531958,-0.737058,0.0179168,0.000119548,7.50812e-05,4.44665e-05,0.926802,21.4576,0.000805627,0.000127165,0.144071,0.601253,2.87922
0,35.9856,0.4820006,-1.25626,0.009732456,0.09886499,0.09115064,0.007714351,0.8552113,17.52236,0.8862015,0.1843921,0.1440707,419.1036,3.816084
0,17.13035,0.5584353,-1.174012,0.02346332,0.01551015,0.01483147,0.0006786783,0.9201334,22.17886,0.1670637,0.02659261,0.1440707,171.4258,3.639807
0,0.499316,0.8757849998932301,-1.964915700436793,0.0105166725042163,0,0,0,-1.518344979890567e-50,35.33073469916503,0,0,0.1440706666666666,-4.273491786546276e+56,-8.298427599192745e+52
0,4.7769,0.699374,-0.505132,0.0139804,6.1212e-05,4.893e-06,5.6319e-05,0.943352,28.2123,6.90257e-05,8.28546e-06,0.144071,0.0394856,2.50727
2,6.6629,0.21012,-0.77311,0.010552,-0.019337,-0.019395,5.8293e-05,0.83613,8.6405,-0.082202,0.00034311,0.14407,0.42644,2.8976
0,6.04813,0.366686,-0.615017,0.00867785,0.000114316,3.23335e-05,8.19827e-05,0.897234,14.7911,0.000239151,5.47536e-05,0.144071,0.0892803,2.65908
2,11.2690194,0.721229627,-1.44805655,0.00894112262,-0.000148931033,-0.0001489312,1.66118444e-10,-0.0740742559,29.1000275,-0.00216662832,0,0.144070667,-94396.5209,-16.9590033
0,15.16159,0.7860349,-1.106967,0.02059368,0.007790499,0.007384247,0.0004062516,0.9442589,31.46302,0.1170774,0.0128059,0.1440707,100.1592,3.531311
0,50.497152,0.26303628,-1.3975269,0.022460732,0.1645367,0.12249187,0.042044833,0.75711361,8.8653971,0.6499023,0.4904467,0.14407067,1470.2466,4.2259545
0,14.44918,0.8712274,-1.12662,0.01303372,0.01579937,0.01484763,0.0009517329,0.9437333,34.59157,0.2609239,0.02604397,0.1440707,141.8188,3.576923
0,9.714394,0.4130818,-1.170928,0.02192243,0.01581386,0.01533071,0.0004831452,0.8977569,16.40093,0.127739,0.02735645,0.1440707,124.8807,3.611408
0,24.0335,0.783854,-1.02292,0.00870563,0.00637426,0.00602177,0.00035249,0.945049,31.4205,0.0952104,0.0102923,0.144071,33.9553,3.37883
0,54.44291,0.7520571,-1.267149,0.01378875,0.08460962,0.06893395,0.01567567,0.8910157,27.77233,1.045705,0.1496875,0.1440707,733.2882,3.916727
0,6.56025,0.880241,-0.809817,0.0141571,0.000309169,0.000241836,6.73324e-05,0.954293,35.4995,0.00429387,0.000409764,0.144071,2.45973,3.02473
0,6.33951,0.770532,-0.742312,0.0179992,0.000127093,7.99535e-05,4.71398e-05,0.948267,31.0807,0.00124266,0.000135421,0.144071,0.910614,2.90587
2,34.9540988,0.9078111804464619,-1.69924068946376,0.01898147803491916,-173231908.9434167,-265938480.0880746,92706571.14465788,-4.658169562034335e-05,6344225145.623914,-4869696331.105666,0,0.1440706666666666,-8.243474619716755e+17,-160074900606718.7
1,102.9572,0.7865485,-1.267385,0.01734387,,,,,,,,,,
0,37.775507,0.46137068,-1.5318942,0.01706589,0.94382634,0.0584821,0.88534424,0.16594559,1.0455334,0.54424961,0,0.14407067,4444.1226,4.9946372
0,6.8273,0.401003,-0.965238,0.0221485,0.00119212,0.00113423,5.78923e-05,0.90451,16.1579,0.00917434,0.00192828,0.144071,8.69607,3.24625
0,20.4319,0.274702,-1.15425,0.0222344,0.0126049,0.0123513,0.000253576,0.859706,10.9423,0.0684383,0.0217717,0.144071,70.2283,3.55454
0,39.98883,0.5363435,-1.222157,0.009250225,0.06984363,0.06577152,0.004072111,0.8818994,20.12585,0.7115511,0.1251899,0.1440707,301.2271,3.742122
0,32.5017,0.419449,-1.11339,0.0103092,0.0164471,0.0159637,0.00048347,0.898617,16.643,0.135063,0.027782,0.144071,60.4619,3.50409
0,6.15748,0.501656,-0.788694,0.0246747,0.000139109,0.000105806,3.3303e-05,0.922714,20.2349,0.00107063,0.000179236,0.144071,1.10547,2.96225
2,12.1361186,0.3549898026767,-1.8706078814132,0.013812295253477,-9949.6585146562,-9949.6587761326,0.00026147639619012,-1.001309307655,142502.6256503,-71244.154235374,0,0.14407066666667,-7783308030.8875,-1511390.9093688
0,20.90592,0.4707857,-1.160684,0.009824016,0.03092475,0.0298758,0.001048959,0.8983635,18.405,0.2837056,0.05351917,0.1440707,122.7777,3.599882
1,0.24846,0.99051,-1.8901,0.018535,,,,,,,,,,
0,10.87008,0.5498093,-1.15607,0.02367241,0.01233066,0.01183646,0.0004942041,0.9211699,21.90679,0.131268,0.02093228,0.1440707,134.3183,3.602125
0,29.4075327,0.2440907419,-1.782905894,0.0107466862,0.9937975604,0.7685686368,0.2252289236,0.01061013386,0.06107577901,3.784069777,0,0.1440706667,102050.9314,24.36033426
2,38.626556,0.44128464,-1.5060029,0.011893284,0.73357285,-0.097254345,0.8308272,0.44560095,4.7429926,-0.86567124,0,0.14407067,5383.775,5.1610666
1,0.46305,0.78252,-1.7905,0.013691,,,,,,,,,,
0,5.95286,0.308603,-0.722892,0.0213388,8.4929e-05,5.25571e-05,3.23718e-05,0.880239,12.4486,0.000327158,8.90083e-05,0.144071,0.306166,2.83032
0,39.07144,0.3787571,-1.340504,0.01511329,0.1453523,0.1171258,0.02822653,0.8057708,13.05879,0.894826,0.3503959,0.1440707,978.243,4.052458
0,6.51927,0.502631,-0.912312,0.0200795,0.000689836,0.000635138,5.4698e-05,0.922501,20.2631,0.00643936,0.00107775,0.144071,5.41811,3.16838
0,11.48292,0.7636605,-1.420563,0.01902099,0.3293304,0.02132609,0.3080043,8.458812,20.66161,0.328501,0,0.1440707,412.301,3.978226
0,0.4706969,0.68027373,-1.694912,0.024149571,0,0,0,16.919785,27.44346,0,0,0.14407067,9286.3266,6.1357993
0,5.30354,0.358688,-0.66947,0.0100521,0.000127092,5.61764e-05,7.09154e-05,0.895177,14.4683,0.00040644,9.51338e-05,0.144071,0.176172,2.74848
2,0.7763611,0.84237576,-1.6383588,0.012139289,-0.0004646582,-0.00046470768,4.9475486e-08,14.370871,33.998737,-0.007896068,0,0.14407067,6550.8883,5.5301387
2,0.8350626,0.868210159,-1.83758042,0.0107356645,0.00522337687,0.00522337687,-2.51534904e-17,36.2394233,34.8422025,0.0914747845,0,0.144070667,34402.6614,11.2229423
0,15.8301,0.845635,-1.09303,0.00985534,0.0136515,0.0129032,0.000748244,0.943828,33.6487,0.220093,0.022373,0.144071,89.6001,3.5096
0,40.6176,0.336705,-1.15407,0.00864451,0.0322545,0.0314795,0.000775003,0.868905,13.1452,0.213798,0.0558673,0.144071,83.278,3.56565
0,43.41166,0.418486,-1.322626,0.01128151,0.1637842,0.135536,0.02824825,0.8013273,14.11739,1.144091,0.3730927,0.1440707,845.2129,4.001237
0,25.3442,0.958203,-1.06664,0.0224206,0.00434712,0.00408171,0.000265415,0.955207,38.4876,0.0788905,0.00700712,0.144071,72.1518,3.46869
0,5.92513,0.394347,-0.726947,0.0166217,0.000115768,7.1077e-05,4.46908e-05,0.903744,15.9068,0.000565371,0.000120378,0.144071,0.401422,2.84831
0,48.51949,0.5401242,-1.196071,0.01499557,0.03156939,0.03007158,0.001497809,0.9075478,21.10169,0.3276235,0.05523859,0.1440707,219.5284,3.683915
0,6.79035,0.783216,-0.80325,0.0132705,0.000306438,0.000237135,6.93038e-05,0.948945,31.5867,0.00374629,0.000401779,0.144071,2.0229,3.00803
2,19.9803914,0.625466215,-1.58911085,0.0200145763,-0.279773521,-1.17843472,0.898661204,2.40436269,32.2917917,-14.867384,0,0.144070667,19755.4005,8.10171015
0,0.490446,0.6819180440111778,-1.928442271744082,0.02467170484707356,0,0,0,-3.218171388244696e-13,27.50979464419884,0,0,0.1440706666666666,-9.826837999890366e+18,-1908212481601389
0,6.32643,0.700956,-0.854763,0.023027,0.000308513,0.000264745,4.37684e-05,0.943313,28.2691,0.00374321,0.000448743,0.144071,3.52964,3.08844
0,54.97334,0.9765454,-1.181478,0.01570452,0.02678855,0.02414726,0.002641294,0.9411322,38.34024,0.4756478,0.04372921,0.1440707,318.8877,3.7078
0,1.4778158,0.83394463384,-1.7921313012,0.014604930173,0.045959097603,0.018075618277,0.027883479325,-0.15457538203,32.096625809,0.3040573809,0,0.14407066667,-4144301.142,-803.23501683
0,0.4857584,0.68745161945,-1.78221414732,0.0222528239274,0,0,0,-0.0169582176044,27.7330289835,0,0,0.144070666667,-28736048.7296,-5578.66276847
0,17.3081,0.621465,-1.02448,0.0102035,0.00550034,0.00524242,0.000257919,0.933204,24.9331,0.0657164,0.00895911,0.144071,27.8387,3.369
0,5.42373,0.417594,-0.584775,0.0225079,4.10381e-05,8.45375e-06,3.25843e-05,0.908656,16.8458,7.1208e-05,1.43149e-05,0.144071,0.0680853,2.61491
0,4.77628,0.970614,-0.519034,0.0173979,5.1257e-05,4.70056e-06,4.65564e-05,0.958522,39.1543,9.20282e-05,7.95959e-06,0.144071,0.0644767,2.54637
0,5.10367,0.471977,-0.551659,0.00974182,8.95093e-05,1.27645e-05,7.67449e-05,0.918288,19.0387,0.00012152,2.16147e-05,0.144071,0.0497606,2.56568
0,27.593939,0.505275995,-1.7718181,0.0177812087,0.758124079,0.504928656,0.253195423,1.25762308,4.93033545,5.14616677,0,0.144070667,60275.6783,16.2101151
2,18.9478695,0.723802198,-1.6143616,0.0105665409,-0.0749824519,-0.12728341,0.0523009582,2.25293435,31.3889247,-1.85830446,0,0.144070667,28345.3302,9.81353676
2,17.9758406,0.278371696,-1.67466505,0.0112941346,0.0841050708,-0.0356204292,0.1197255,1.68493375,10.2855116,-0.200008933,0,0.144070667,26946.1174,9.59953465
1,0.31179,0.51392,-1.926,0.011407,,,,,,,,,,
0,46.50946,0.5348368,-1.185991,0.01447856,0.02886506,0.02759983,0.001265227,0.9086583,20.95347,0.2977508,0.05026322,0.1440707,191.2796,3.661272
0,5.68055,0.480362,-0.623807,0.0100401,0.0001065,3.12866e-05,7.52131e-05,0.919588,19.3766,0.000303146,5.29813e-05,0.144071,0.127757,2.68629
2,8.777166,0.7274299,-1.525626,0.01229723,-0.000231263,-0.0002314235,1.604521e-07,-26.65306,29.35261,-0.003395657,0,0.1440707,-716.7154,1.560441
0,42.66229,0.5206479,-1.313144,0.0101513,0.1701888,0.1370957,0.03309313,0.8120008,17.42924,1.43977,0.3670889,0.1440707,911.7006,4.008557
1,0.37447,0.66401,-1.9457,0.01214,,,,,,,,,,
1,0.30441,0.55402,-1.9255,0.021937,,,,,,,,,,
0,18.37732,0.4652471,-1.157296,0.01147263,0.02545024,0.0246026,0.0008476476,0.9010066,18.29123,0.2308818,0.0438768,0.1440707,116.4796,3.592565
2,21.9150481,0.4335928499,-1.59056579,0.01055339166,-25.78483724,-26.16088218,0.3760449337,-1.063522949,468.5180099,-228.8019215,0,0.1440706667,-660221.0949,-126.7903874
1,0.36237,0.82191,-1.8607,0.016707,,,,,,,,,,
0,56.45123,0.8437685,-1.177952,0.009011896,0.04333491,0.04003579,0.003299117,0.9240997,32.56405,0.6813917,0.07283004,0.1440707,263.6232,3.683763
0,70.809061,0.23716661,-1.5528844,0.016501278,0.46638514,0.30813979,0.15824535,-2.8636724,5.1054806,1.4740985,0,0.14407067,-1646.7195,1.3643641
0,6.37633,0.493734,-0.737121,0.012365,0.000172466,0.000108877,6.35897e-05,0.921551,19.9147,0.00108431,0.000184408,0.144071,0.561649,2.87578
0,50.5827,0.886327,-1.05252,0.0140511,0.00577601,0.00544211,0.000333894,0.951033,35.5495,0.0972941,0.00932674,0.144071,55.836,3.43824
0,18.8070776,0.8177770955,-1.775241541,0.01593171458,0.3993757354,0.2097541389,0.1896215964,1.361968545,19.81495006,3.459956608,0,0.1440706667,233743.5033,49.96781376
0,40.89741,0.525411,-1.249684,0.0156963,0.0582897,0.05323097,0.005058724,0.8880833,19.96051,0.5641424,0.105071,0.1440707,422.5086,3.810585
0,40.448511,0.56344239,-1.3142051,0.014352682,0.12632456,0.098996969,0.027327589,0.84711691,19.858883,1.1251142,0.26319439,0.14407067,1009.3888,4.0338175
2,25.1441321,0.471799785,-1.65997566,0.0178104364,-0.49863998,-1.76111965,1.26247967,2.72625977,28.5239863,-16.7599135,0,0.144070667,38243.0179,11.7965102
0,27.4206486,0.4008321774,-1.778400716,0.02162469407,0.8736245905,0.6053955382,0.2682290523,0.2127567241,2.043526716,4.89470998,0,0.1440706667,160706.6886,35.76915856
0,17.5131361,0.902105273,-1.66570157,0.0137284898,0.11799081,0.114232857,0.00375795229,2.32631068,32.0985562,2.07861201,0,0.144070667,54283.5987,14.9350538
1,0.45081,0.78581,-1.8588,0.0093265,,,,,,,,,,
2,11.6021606,0.569921929,-1.58871063,0.0140235516,0.103456255,-0.0573051768,0.160761432,2.84913471,20.6130387,-0.658770882,0,0.144070667,10587.4194,6.28898641
0,41.15985,0.3390976,-1.292096,0.01720564,0.08287209,0.07629212,0.006579962,0.8370613,12.54613,0.5218306,0.1652738,0.1440707,485.8081,3.872462
0,35.5368,0.579286,-1.06772,0.0091692,0.0105193,0.0100957,0.000423613,0.925689,23.1236,0.117966,0.0173736,0.144071,45.3576,3.44072
0,6.96401,0.932198,-0.932996,0.0164669,0.00110712,0.00100938,9.77348e-05,0.956201,37.5649,0.0189797,0.00171412,0.144071,12.6393,3.23399
0,6.36821,0.888989,-0.855306,0.013167,0.000548183,0.000466177,8.20056e-05,0.954565,35.8437,0.00835934,0.000790277,0.144071,4.45361,3.10111
0,18.5452398,0.985637913,-1.62839599,0.0124171944,0.196016485,0.152399759,0.0436167268,2.18348129,31.9683124,3.02988992,0,0.144070667,35670.8878,11.261887
0,4.95257,0.94782,-0.520796,0.0136305,6.53607e-05,6.1371e-06,5.92236e-05,0.957558,38.2343,0.000117331,1.03922e-05,0.144071,0.0644681,2.54813
2,13.7496997,0.9388434746,-1.513468996,0.01213296641,0.02702373623,-0.004643747983,0.03166748421,-0.1084801138,36.85111254,-0.08794011011,0,0.1440706667,-189116.8197,-35.32243956
2,10.2908628,0.578933957,-1.66023746,0.010071331,-0.0174142436,-0.0519968933,0.0345826498,3.95902326,23.7619459,-0.607199759,0,0.144070667,22012.2066,8.61662995
2,15.6075058,0.292541448,-1.717798871,0.01935783726,0.1265628466,-0.1445793079,0.2711421545,-0.1401992684,10.30799584,-0.8531368846,0,0.1440706667,-564808.6079,-108.1275774
0,5.3373,0.46826,-0.550016,0.0101488,8.55884e-05,1.19966e-05,7.35918e-05,0.917696,18.8888,0.000113311,2.03145e-05,0.144071,0.0483688,2.56258
0,8.60863,0.536365,-1.00364,0.00910658,0.00471835,0.00450115,0.000217197,0.924418,21.5358,0.0486978,0.0076802,0.144071,18.572,3.32555
2,0.8305554,0.764981474,-1.82976076,0.024860634,0.0670665856,-0.00494089946,0.0720074851,13.3247878,28.7909988,-0.0762398626,0,0.144070667,69926.6261,18.1497464
0,1.1025485,0.787991989,-1.83222851,0.0202162086,0.435741538,0.428472941,0.00726859635,9.73449367,17.9372165,6.81036476,0,0.144070667,61553.6855,16.5197718
2,34.8946522,0.410598278816,-1.76235265828,0.0197267821561,-62.321881121,-62.5804780327,0.258596911653,-0.907174804386,1048.88071097,-518.299955162,0,0.144070666667,-15741598.3966,-3055.34030912
0,14.82658,0.8476856,-1.103228,0.01227384,0.01247978,0.01178542,0.0006943611,0.9446999,33.77038,0.201514,0.02047877,0.1440707,102.4151,3.529154
0,36.0389883,0.602847572,-1.73555002,0.0217708746,0.628599355,0.396139898,0.232459457,-1.19303771,9.03244522,4.81705131,0,0.144070667,-73054.6403,-12.5140938
0,6.15094,0.648599,-0.72711,0.0201066,9.95871e-05,5.88807e-05,4.07064e-05,0.939165,26.163,0.000770325,9.97231e-05,0.144071,0.636673,2.87222
0,12.58514,0.5919688,-1.166342,0.02345725,0.0141593,0.01351781,0.0006414942,0.92468,23.54294,0.1614099,0.02410388,0.1440707,164.0857,3.628463
0,54.2858,0.2658084,-1.332769,0.01745331,0.116917,0.103928,0.01298895,0.7903318,9.469463,0.5572198,0.2747207,0.1440707,654.8206,3.961295
0,6.35244,0.368018,-0.803282,0.0214325,0.000182809,0.000146901,3.59076e-05,0.897525,14.8438,0.00109048,0.000248874,0.144071,1.00551,2.97195
0,36.30999,0.7929141,-1.220309,0.0102544,0.0650427,0.05780803,0.007234668,0.90659,29.90702,0.9245693,0.1102821,0.1440707,425.2211,3.782066
0,31.812651,0.82320208,-1.4039156,0.012554054,0.12379788,0.020380249,0.10341763,2.7836899,29.098187,0.33840838,0,0.14407067,1424.7443,4.221892
0,5.42293,0.390214,-0.678409,0.0111678,0.000122075,5.67158e-05,6.53588e-05,0.90282,15.74,0.000446408,9.60481e-05,0.144071,0.213156,2.76721
0,20.841242,0.82870642,-1.3904692,0.0085840564,0.98822219,0.0050014471,0.98322074,0.043404378,0.3937498,0.083602941,0,0.14407067,1040.3248,4.11764
0,30.644013,0.81274332,-1.3327538,0.024938018,0.10214356,0.071056743,0.031086815,0.88263291,29.438486,1.1648872,0.19222965,0.14407067,1822.4474,4.2406075
0,13.95499,0.9297919,-1.111981,0.01545188,0.01114459,0.01045235,0.0006922413,0.9495373,37.09144,0.196031,0.01820265,0.1440707,125.2319,3.552673
0,24.1160766,0.265507082,-1.69892886,0.0083822186,0.593803336,0.395426203,0.198377133,0.674697716,4.35078505,2.11771116,0,0.144070667,38874.5969,11.9589474
0,53.05559,0.5671585,-1.229354,0.02492615,0.02913373,0.02696168,0.002172054,0.9122264,22.21361,0.3084441,0.05095887,0.1440707,352.5564,3.767372
0,26.3197379,0.66845766,-1.67387582,0.0170186161,0.512528028,0.345851655,0.166676373,0.924715126,13.1455488,4.66325251,0,0.144070667,62118.5409,16.4715742
0,15.8909,0.253548,-0.640591,0.012193,8.3943e-05,3.19623e-05,5.19807e-05,0.857938,10.2277,0.000163464,5.41228e-05,0.144071,0.0896705,2.68488
0,6.45084,0.989664,-0.835725,0.0103776,0.000560665,0.000460035,0.00010063,0.958956,39.9025,0.00918341,0.000779718,0.144071,3.83773,3.07376
0,28.62146,0.6910968,-1.38907,0.01155503,0.1552223,0.05912889,0.09609342,-3.449242,23.55247,0.824259,0,0.1440707,-769.1117,1.410085
2,0.8080717,0.32782063579,-1.9289396331,0.020777868383,-0.019223045899,-0.02893597141,0.009712925511,-0.72901464516,13.47909361,-0.19133724895,0,0.14407066667,-2139117.09,-413.69002195
0,42.891344,0.53108199,-1.4088967,0.019862667,0.19796118,0.19795939,1.7940414e-06,0.79416284,17.18352,2.1206199,0.64180593,0.14407067,3143.9902,4.601392
0,6.1252,0.609848,-0.726758,0.0181003,0.00010992,6.51119e-05,4.48084e-05,0.935546,24.5997,0.000800954,0.000110277,0.144071,0.598234,2.86866
0,41.42143,0.756762,-1.201175,0.009148014,0.05655496,0.05198217,0.004572795,0.9101958,28.80256,0.7934853,0.09668291,0.1440707,319.0143,3.727542
2,39.039556,0.62163773,-1.5668971,0.014961202,-0.29937058,-0.6033772,0.30400662,6.2411278,32.585588,-7.5657403,0,0.14407067,5773.4874,5.3012276
1,0.48465,0.60357,-1.9776,0.011108,,,,,,,,,,
0,1.0885644,0.53895659,-1.7557639,0.019717865,0.0030332563,0.0011928371,0.0018404193,76.551226,21.676523,0.012967614,0,0.14407067,3542.3878,5.031752
0,5.46505,0.824921,-0.714316,0.0248039,7.44615e-05,4.0498e-05,3.39635e-05,0.951542,33.2763,0.000673863,6.85871e-05,0.144071,0.67812,2.86268
0,5.14307,0.808429,-0.605011,0.0204609,5.14149e-05,1.20595e-05,3.93554e-05,0.950618,32.6118,0.000196652,2.04213e-05,0.144071,0.163386,2.68014
0,55.24376,0.6020172,-1.219611,0.0224195,0.02881531,0.02673669,0.002078626,0.9161264,23.58663,0.3246696,0.04999114,0.1440707,328.9022,3.749466
0,5.24983,0.779419,-0.626596,0.0104942,0.000107903,3.1024e-05,7.68794e-05,0.948838,31.4398,0.000487746,5.25372e-05,0.144071,0.208229,2.7142
0,46.73253,0.244461,-1.305544,0.01883709,0.08491102,0.08059325,0.004317778,0.8008606,9.024601,0.397405,0.1794237,0.1440707,434.1124,3.870091
0,10.87042,0.6781443,-1.137943,0.02186956,0.01074582,0.01023263,0.0005131822,0.9347726,27.06358,0.1399699,0.01795154,0.1440707,129.5562,3.581219
0,6.60542,0.65566,-0.905249,0.0217441,0.000590166,0.000535759,5.44074e-05,0.939465,26.4349,0.00708555,0.000908923,0.144071,6.33874,3.16955
2,41.4618389,0.3724452478,-1.681743103,0.02271755192,-5.680930166,-5.922426633,0.2414964665,-2.491881165,100.3816975,-44.49255,0,0.1440706667,-194744.3563,-36.24844842
0,33.696216,0.290475243,-1.58806488,0.0154639552,0.263533808,0.0508163979,0.21271741,-0.146337489,8.63012538,0.297740677,0,0.144070667,-85589.465,-15.1037751
0,20.5173807,0.3120562304,-1.88612757,0.01513021067,0.5351850964,0.2992031196,0.2359819767,0.9306802973,5.851511579,1.883320119,0,0.1440706667,419713.4568,86.22112369
0,34.879622,0.64594655,-1.3206377,0.01106272,0.1721253,0.12984835,0.042276954,0.82312399,21.573289,1.6918357,0.3708784,0.14407067,1225.6935,4.0922294
0,14.686515,0.38051732487,-1.5437629913,0.019213365866,0.60888527637,0.011173098842,0.59771217753,-0.001782110873,6.0039043734,0.085757723944,0,0.14407066667,-2767719.9512,-536.15291173
0,5.65393,0.619537,-0.682174,0.0136696,0.000106933,4.86305e-05,5.83023e-05,0.936491,24.9906,0.000607717,8.23567e-05,0.144071,0.342425,2.79536
0,28.1328,0.650048,-1.08419,0.01087,0.0109669,0.0104902,0.000476733,0.932278,25.9365,0.137548,0.0181081,0.144071,62.4175,3.47691
0,20.4008727,0.973917926,-1.58273302,0.00839347685,0.741944976,0.651346468,0.0905985081,0.547405381,10.1388768,12.7955687,0,0.144070667,25101.2918,9.14572339
0,6.50256,0.876352,-0.909701,0.0100785,0.00135819,0.00122333,0.000134857,0.953419,35.3056,0.0216245,0.0020764,0.144071,8.83288,3.19154
0,44.16051,0.5633719,-1.245521,0.01779645,0.04956128,0.04494722,0.004614058,0.8983712,21.60103,0.5107674,0.08784701,0.1440707,428.466,3.808299
2,17.126021,0.8255246,-1.6913953,0.023305312,-1.4447814,-3.3090652,1.8642838,65.824662,81.418899,-55.101132,0,0.14407067,6768.9058,5.6271929
0,6.5152,0.688303,-0.909389,0.0193798,0.000697286,0.000633859,6.34276e-05,0.942084,27.748,0.0088003,0.00107552,0.144071,6.99756,3.1789
0,23.5959,0.718936,-1.0228,0.0100584,0.00549141,0.00520531,0.000286099,0.941296,28.8439,0.0754853,0.00889405,0.144071,31.2459,3.37391
0,51.57418,0.61376387,-1.3760509,0.017007886,0.18390495,0.12612456,0.057780388,0.81316719,20.206785,1.561443,0.49154423,0.14407067,2367.9234,4.4032808
0,38.963863,0.73593504,-1.3478686,0.022471895,0.12866892,0.088738901,0.039930023,0.8593411,25.868893,1.3172818,0.2590358,0.14407067,1997.3266,4.2943891
0,5.61895,0.410839,-0.6665,0.0124764,0.000102648,4.35669e-05,5.90814e-05,0.907255,16.5723,0.000361039,7.37789e-05,0.144071,0.191651,2.74984
0,5.95807,0.345653,-0.61943,0.0168031,5.93493e-05,1.76728e-05,4.16764e-05,0.891697,13.9434,0.000123217,2.99263e-05,0.144071,0.0896256,2.66369
0,20.2494181,0.412900151,-1.57954518,0.0201153333,0.721255771,0.264511694,0.456744076,-0.484054479,4.64307921,2.20300301,0,0.144070667,-12477.9706,-0.816287024
2,33.921142,0.93341493,-1.4805498,0.012772265,0.25243051,-0.11975522,0.37218573,1.7574764,28.150199,-2.2547291,0,0.14407067,5842.2983,5.228851
0,10.5801051,0.5715273005,-1.818358844,0.02277842216,0.2139530302,0.1706679549,0.04328507525,1.786452257,18.12344042,1.967497257,0,0.1440706667,283589.674,59.70018101
0,6.53649,0.864126,-0.741063,0.0126003,0.000180721,0.000112391,6.83307e-05,0.953567,34.8541,0.00195899,0.000190366,0.144071,0.999329,2.90941
0,54.42433,0.9888523,-1.190776,0.01386063,0.03433358,0.03054277,0.003790815,0.9365683,38.52244,0.6092071,0.05583243,0.1440707,362.8115,3.732259
0,5.6281,0.783418,-0.674917,0.0177575,8.01584e-05,3.41043e-05,4.60541e-05,0.949104,31.6019,0.000538924,5.77554e-05,0.144071,0.389234,2.7947
0,6.18416,0.756814,-0.782168,0.0224012,0.000146684,0.000107205,3.94794e-05,0.947368,30.5268,0.00163655,0.00018155,0.144071,1.49371,2.97126
0,38.2807,0.78331445,-1.3103463,0.0094451364,0.18322482,0.13627567,0.04694915,0.82462036,25.810347,2.1531766,0.38060563,0.14407067,1282.5094,4.095299
0,42.653776,0.75244195,-1.3767343,0.012927081,0.50135963,0.0086649732,0.49269466,0.89835939,15.136156,0.131512,0,0.14407067,1619.676,4.2391523
0,17.1504,0.207471,-1.07021,0.0113721,0.00875132,0.00840046,0.000350859,0.826589,8.29651,0.0351549,0.0144623,0.144071,18.8158,3.39284
0,6.5647135,0.65085918,-1.6084357,0.021774146,0.19635628,0.19541405,0.00094223596,6.2176653,21.101132,2.5654762,0,0.14407067,6398.4494,5.4694047
0,1.1412142,0.756770643,-1.78842161,0.0223234784,0.00262621708,0.00262621222,4.86192318e-09,-14.7928427,30.4493054,0.0400884499,0,0.144070667,-39170.9123,-5.84952673
2,16.7090804,0.9125226263,-1.748345538,0.01170088329,-2.554503774,-3.431951198,0.8774474235,7.847663305,130.8512234,-63.1698602,0,0.1440706667,189632.6765,41.36456508
0,5.29341,0.342213,-0.680178,0.0112611,0.000120173,5.75384e-05,6.26347e-05,0.890689,13.8038,0.000397173,9.74411e-05,0.144071,0.193835,2.7641
2,13.1134978,0.6563549894,-1.813711653,0.02453239317,0.8337344128,-0.5857196238,1.419454037,0.592409598,4.402469213,-7.754498855,0,0.1440706667,195700.223,42.60976856
2,0.8075931,0.778079535,-1.82939934,0.0155931185,0.172435447,-0.0053456101,0.177781057,17.728957,25.9765242,-0.0838970021,0,0.144070667,47198.4591,13.7157461
0,37.338257,0.34790712,-1.4943452,0.013942251,0.4963372,0.34357325,0.15276395,0.53741422,7.0690062,2.411059,2.740177,0.14407067,5727.9347,5.2194231
0,95.3057352,0.908503653,-1.50131696,0.0090082649,0.682579717,0.443189434,0.239390283,0.408205508,11.6336641,8.12159347,4.63833107,0.144070667,13573.0634,6.79412085
2,0.9321922,0.58238179073,-1.4762341052,0.023010566813,0.043877003674,-0.0012359600393,0.045112963713,-0.007554215142,22.46346346,-0.014519022807,0,0.14407066667,-1026134.3696,-197.98179802
0,6.77664,0.440324,-0.890584,0.0097773,0.00108578,0.000986968,9.88131e-05,0.912298,17.7442,0.00876598,0.00167435,0.144071,3.62928,3.12571
0,7.1976979,0.225787148,-1.71829018,0.0240273286,0.116906528,0.0279504134,0.0889561144,2.65750889,8.04379618,0.127295375,0,0.144070667,23399.1405,8.94714231
0,5.29278,0.611986,-0.605307,0.0208604,4.93418e-05,1.18737e-05,3.74681e-05,0.935795,24.6874,0.000146572,2.01064e-05,0.144071,0.126122,2.66713
0,30.9651688,0.536499371,-1.67096548,0.0126588783,0.651665541,0.466245054,0.185420487,1.40383035,7.53912289,5.04555129,0,0.144070667,22605.8824,8.74400762
0,13.13357,0.9339924,-1.10115,0.01452238,0.01034405,0.00971288,0.0006311706,0.9502473,37.28917,0.1829854,0.01685225,0.1440707,109.4659,3.531867
1,0.24211,0.99283,-1.8885,0.015166,,,,,,,,,,
0,21.7190707,0.485824836,-1.736920521,0.009090274619,0.3577825314,0.1358884222,0.2218941092,1.201532778,12.58684816,1.331641555,0,0.1440706667,102878.1816,24.47540228
0,47.709422,0.3306944,-1.4564423,0.015748679,0.32653884,0.32653709,1.7493832e-06,0.666944,8.9845134,2.1781337,1.490829,0.14407067,3605.0765,4.7455048
0,37.76935,0.7979735,-1.222438,0.01021442,0.06717829,0.05940673,0.007771567,0.9054285,30.0291,0.9562012,0.1137829,0.1440707,439.3557,3.78862
0,5.46401,0.398567,-0.686924,0.0156199,9.22887e-05,4.52367e-05,4.7052e-05,0.90468,16.0774,0.000363678,7.66084e-05,0.144071,0.24239,2.78234
0,23.9314,0.500302,-1.05614,0.02035,0.00408883,0.00393798,0.00015085,0.920002,20.1005,0.0397402,0.00674585,0.144071,34.1867,3.41244
0,6.68409,0.933293,-0.669243,0.0141322,9.85596e-05,3.98406e-05,5.87189e-05,0.956905,37.647,0.000750014,6.747e-05,0.144071,0.427582,2.79386
2,15.03742,0.35451914,-1.5853708,0.024066693,-9.3755381,-11.310559,1.9350205,39.363542,148.39029,-80.881447,0,0.14407067,5284.9554,5.2202935
0,5.37277,0.351228,-0.516373,0.0208522,3.73761e-05,3.79024e-06,3.35859e-05,0.893245,14.1686,2.68523e-05,6.41794e-06,0.144071,0.0241959,2.49334
0,8.38661,0.963329,-0.961781,0.0108989,0.00238987,0.00220382,0.000186051,0.956698,38.7696,0.0428228,0.00374844,0.144071,18.8706,3.28457
0,54.21119,0.4377371,-1.27273,0.02162923,0.05439619,0.04933469,0.005061508,0.877536,16.69851,0.4356031,0.1025184,0.1440707,480.9424,3.851634
0,5.64351,0.554045,-0.682122,0.0183672,7.90037e-05,3.61694e-05,4.28343e-05,0.929538,22.3494,0.000404214,6.12526e-05,0.144071,0.308322,2.78991
1,0.24085,0.83235,-1.9688,0.014131,,,,,,,,,,
0,7.3042,0.227964,-1.03431,0.0130898,0.0047394,0.00463002,0.000109381,0.84166,9.15288,0.0212899,0.00792292,0.144071,12.8551,3.33621
0,26.0356,0.420755,-1.07363,0.0116409,0.00885217,0.00857707,0.000275101,0.903701,16.8238,0.0727937,0.0147632,0.144071,36.4673,3.43369
0,5.84108,0.456453,-0.632187,0.016829,6.52735e-05,2.0787e-05,4.44865e-05,0.91576,18.4129,0.000191387,3.52005e-05,0.144071,0.135764,2.6978
0,4.77786,0.846307,-0.563057,0.0174881,5.42014e-05,8.2315e-06,4.59699e-05,0.95272,34.1397,0.000140518,1.39388e-05,0.144071,0.0995635,2.61273
0,38.34634,0.2912061,-1.304598,0.01570836,0.1006526,0.09330791,0.007344686,0.8104627,10.56533,0.5480802,0.2125621,0.1440707,496.1399,3.888052
1,0.48013,0.40027,-1.9778,0.018775,,,,,,,,,,
0,5.465,0.412641,-0.695359,0.0245632,6.24476e-05,3.20582e-05,3.03894e-05,0.907648,16.6456,0.000266831,5.42905e-05,0.144071,0.278759,2.79796
2,1.4761417,0.4893191630285,-1.959909087758,0.01689446910649,-27.46260702876,-28.20390611486,0.7412990861031,-0.111695043749,561.8521758574,-278.3727084856,0,0.1440706666667,-866282836.4027,-168216.6555606
0,6.49322,0.266391,-0.964337,0.0170542,0.00151596,0.00145597,5.9989e-05,0.862975,10.7304,0.00782342,0.00247547,0.144071,5.98335,3.22561
2,0.7952425,0.2830046978,-1.930646172,0.0145150617,-0.2162234579,-0.2162235571,9.921864694e-08,-6.026092525,13.88552122,-1.234303109,0,0.1440706667,-272493.6245,-51.1144524
0,28.5164378,0.267931459,-1.801644167,0.01534457312,0.9908221282,0.7134296308,0.2773924974,0.01556067926,0.09920209939,3.855671475,0,0.1440706667,143777.713,32.49935014
0,39.50602,0.92061773,-1.2978098,0.010168339,0.15714093,0.11563206,0.041508865,0.84978754,31.303253,2.1472508,0.30095346,0.14407067,1284.8896,4.08332
0,6.31413,0.718922,-0.844012,0.00924832,0.000680665,0.000574116,0.000106549,0.944406,28.9828,0.00832542,0.0009732,0.144071,3.14836,3.07174
0,5.33811,0.478107,-0.712224,0.0175323,9.97513e-05,5.5776e-05,4.39752e-05,0.919244,19.2858,0.000537896,9.44612e-05,0.144071,0.396037,2.8329
0,57.201414,0.3370612,-1.3792614,0.021448911,0.14902727,0.11096007,0.038067203,0.79198857,11.571231,0.7543982,0.40617879,0.14407067,1450.8432,4.2032386
0,6.97004,0.971725,-0.946034,0.0157032,0.00136551,0.00125077,0.000114738,0.957711,39.1476,0.0245158,0.00212518,0.144071,15.5486,3.25823
2,0.8019268,0.778564567,-1.83828187,0.00892552874,0.605396294,-0.174246232,0.779642526,-6.03037562,12.3939848,-2.7364228,0,0.144070667,-74207.4181,-12.6360172
0,14.6426,0.771099,-1.00138,0.0200563,0.00211169,0.0019884,0.00012329,0.947018,31.0418,0.0309271,0.00338739,0.144071,25.3829,3.34067
2,6.5876425,0.4541420931,-1.454224964,0.01703925615,0.1830074533,-0.08065406212,0.2636615155,-0.01811503572,14.96804285,-0.738827706,0,0.1440706667,-214914.5838,-40.39776133
2,40.6484393,0.4459185692,-1.58759802,0.01679151999,-0.8455106847,-1.734254831,0.8887441467,-0.1148297041,33.19917472,-15.59888806,0,0.1440706667,-417087.7841,-79.55721261
0,5.8876,0.21673,-0.78869,0.024595,0.00013105,0.00010615,2.4907e-05,0.8377,8.7422,0.00046403,0.0001798,0.14407,0.52602,2.924
0,5.8476,0.24385,-0.53932,0.0083605,8.6297e-05,1.2694e-05,7.3603e-05,0.85312,9.8365,6.2437e-05,2.1494e-05,0.14407,0.023617,2.515
0,17.5702201,0.725884702,-1.71428246,0.0208186067,0.375652092,0.33841661,0.0372354819,1.90506038,18.2830847,4.95500943,0,0.144070667,70468.8906,18.139964
0,38.163753,0.38856517,-1.4059939,0.015132294,0.26749891,0.18552647,0.081972438,0.72169221,11.482258,1.4541022,0.81160337,0.14407067,2227.2103,4.4027518
0,35.42721,0.854016,-1.211954,0.0138513,0.04414057,0.03911331,0.005027253,0.9239708,32.93178,0.6737764,0.07333576,0.1440707,412.6679,3.769733
0,5.34812,0.561806,-0.685739,0.01568,9.44972e-05,4.43821e-05,5.01151e-05,0.930433,22.6621,0.000502944,7.51619e-05,0.144071,0.327188,2.79658
0,6.63048,0.865481,-0.743433,0.0107524,0.000216008,0.000135773,8.02348e-05,0.953614,34.9075,0.00237026,0.000229976,0.144071,1.03174,2.91343
2,18.027662,0.603601058,-1.621230557,0.01392185515,-1.798586257,-2.227404946,0.4288186897,-0.1563538459,68.1465471,-27.11904193,0,0.1440706667,-968516.4572,-186.6453686
0,32.83,0.884908,-1.01664,0.0101081,0.00510159,0.00478921,0.000312386,0.951404,35.5167,0.0854844,0.00817643,0.144071,35.1673,3.37458
0,15.7247815,0.677055979,-1.619582,0.0166208471,0.834019456,0.481325063,0.352694393,0.424709201,4.53353453,6.57337221,0,0.144070667,23223.1197,8.81386576
0,11.2029,0.37474,-1.04217,0.020869,0.00331792,0.0032139,0.000104016,0.897206,15.0675,0.0242934,0.00549756,0.144071,21.9614,3.37336
0,52.59184,0.4823065,-1.227485,0.02044286,0.03392847,0.03208828,0.001840188,0.898141,18.79696,0.3121726,0.06066008,0.1440707,295.8183,3.745469
2,0.8266429,0.40590442888,-1.9453583297,0.023681798907,-0.032552314298,-0.07091771344,0.038365399142,-0.58716630154,16.907952558,-0.58063563354,0,0.14407066667,-4113683.058,-797.13587369
0,25.8348,0.833713,-1.0393,0.0203818,0.0033607,0.0031725,0.000188198,0.949894,33.5205,0.0533511,0.00542502,0.144071,44.4751,3.41111
0,6.37803,0.928606,-0.842317,0.0220025,0.000283811,0.000236167,4.76434e-05,0.956577,37.451,0.00442361,0.000400252,0.144071,3.92994,3.08159
0,31.15906,0.8503421332,-1.845703203,0.01706651084,0.9922375301,0.698261082,0.293976448,0.01623373412,0.2662862826,11.97668717,0,0.1440706667,651494.228,131.2113567
0,4.97316,0.692376,-0.579492,0.0221705,4.37136e-05,8.01917e-06,3.56944e-05,0.942824,27.9305,0.000111994,1.35792e-05,0.144071,0.101656,2.63023
0,6.63318,0.595984,-0.876706,0.0248617,0.000366215,0.000324953,4.12619e-05,0.933982,24.0343,0.00390643,0.000550954,0.144071,4.01769,3.11713
0,7.8515964,0.71980075163,-1.6009305003,0.02469816668,0.26168952086,0.058344743439,0.20334477742,-0.0041786093193,21.439097263,0.84710881446,0,0.14407066667,-8784229.5208,-1704.4636174
0,4.93829,0.81987,-0.558914,0.0150429,6.23606e-05,9.07365e-06,5.32869e-05,0.951266,33.0729,0.000150056,1.53649e-05,0.144071,0.0915943,2.6043
0,79.207865,0.96219703,-1.3590089,0.02202245,0.15333452,0.101799,0.051535527,0.85425705,32.864803,1.9757531,0.30498576,0.14407067,2945.269,4.509561
0,61.07135,0.2932196,-1.342212,0.0203506,0.1094255,0.09232416,0.01710136,0.8059266,10.53461,0.5460515,0.2659919,0.1440707,806.5027,4.010897
2,37.686194,0.20143153,-1.5719305,0.024619318,-0.0105341,-0.13636572,0.12583162,1.028647,8.2117097,-0.55406132,0,0.14407067,9417.1887,6.0389481
2,1.4557979,0.342988063173094,-1.92195662881825,0.0208797302606851,-5386.42891814804,-5386.428918179,3.09655661112629e-08,-0.151303851845499,74544.5204177389,-37265.3418328461,0,0.144070666666667,-52110057285.8204,-10118926.3804412
0,30.6282658,0.8191527963,-1.756616132,0.01050074862,0.9706148014,0.6422737303,0.3283410711,0.05591633361,0.9710659237,10.61231782,0,0.1440706667,219645.7647,47.20843987
0,44.52772,0.5590929,-1.227898,0.01326105,0.05304863,0.0493807,0.003667936,0.8956292,21.35831,0.5568861,0.09401008,0.1440707,338.8662,3.761222
2,27.577653,0.83049301,-1.4120234,0.023713012,-0.2497909,-0.55742569,0.3076348,2.7344664,41.872463,-9.3378767,0,0.14407067,2316.2033,4.4280754
0,29.9184948,0.528703785,-1.66729315,0.0128684303,0.585005039,0.39112777,0.193877269,0.673427489,8.85136824,4.17115417,0,0.144070667,52777.5148,14.6427426
0,44.473097,0.46729439,-1.3871689,0.018166837,0.18154134,0.12684448,0.054696859,0.79715258,15.429167,1.1956038,0.5308294,0.14407067,2127.5151,4.3622145
0,5.986,0.21801,-0.50273,0.016608,3.9011e-05,3.9941e-06,3.5017e-05,0.83855,8.7945,1.7564e-05,6.7627e-06,0.14407,0.013426,2.4494
0,16.7431899,0.6258758465,-1.812893801,0.01184022311,0.8105191888,0.4230042926,0.3875148962,0.4364196514,4.784191922,5.340207555,0,0.1440706667,285666.3122,60.0983403
0,4.88822,0.892948,-0.535238,0.0124889,7.25142e-05,8.06326e-06,6.4451e-05,0.955065,36.0205,0.000145232,1.36539e-05,0.144071,0.0733056,2.56917
0,27.653,0.387503,-1.10058,0.0205323,0.00704213,0.00684575,0.000196377,0.897847,15.5225,0.0535083,0.0118323,0.144071,47.8745,3.47684
0,5.33634,0.878423,-0.699976,0.0226238,7.40967e-05,3.69322e-05,3.71646e-05,0.954356,35.4345,0.000654385,6.25463e-05,0.144071,0.598855,2.84193
0,34.304578,0.49400001,-1.359714,0.023515668,0.13044659,0.093962485,0.036484102,0.83548857,17.329195,0.93628189,0.28821804,0.14407067,1602.3363,4.2182119
0,24.18745,0.9196944,-1.131666,0.01001338,0.02192023,0.02049836,0.001421878,0.9420084,36.28883,0.3802662,0.03616984,0.1440707,159.0314,3.591198
0,5.30986,0.573205,-0.704551,0.0227342,7.39006e-05,3.89769e-05,3.49237e-05,0.931734,23.1224,0.000450653,6.60092e-05,0.144071,0.424485,2.82879
0,0.51069,0.873968155273245,-1.969736833129419,0.009258562617918993,0,0,0,-3.792383304196907e-24,35.25743993473526,0,0,0.1440706666666666,-1.816492625472917e+30,-3.527333920334261e+26
0,5.79177,0.390942,-0.606774,0.0198404,4.91026e-05,1.27219e-05,3.63808e-05,0.903029,15.7705,0.00010032,2.15425e-05,0.144071,0.08508,2.64836
2,17.2817255,0.885416718,-1.55051459,0.0124866072,0.389823137,-0.613827913,1.00365105,-0.524107685,21.7950877,-10.9627503,0,0.144070667,-37258.4348,-5.71348965
0,11.26706,0.6602819,-1.143392,0.01461485,0.01712264,0.0163191,0.0008035377,0.9291607,26.18086,0.2173455,0.02880994,0.1440707,135.2282,3.589971
0,58.981212,0.6125621,-1.3850387,0.0129952,0.24456459,0.24456186,2.72736e-06,0.76902291,18.668208,3.0217882,0.72205075,0.14407067,2596.2791,4.4613421
0,26.281,0.542473,-1.10178,0.0177721,0.00833241,0.00802437,0.000308032,0.922856,21.702,0.0878041,0.0138821,0.144071,66.1296,3.49818
0,54.13207,0.2220126,-1.273199,0.01665015,0.06805801,0.06640257,0.001655442,0.7993207,8.346833,0.2973635,0.1339808,0.1440707,265.5208,3.779748
0,36.2336,0.984542,-1.02963,0.0106722,0.00572061,0.00535171,0.000368898,0.955385,39.491,0.10628,0.00915055,0.144071,46.0105,3.40348
2,3.5949737,0.7026309553,-1.416544864,0.01832812028,-0.009084602991,-0.009128719986,4.411699512e-05,-0.02490829399,28.60289719,-0.1293785667,0,0.1440706667,-184081.3161,-34.44016392
0,43.71794,0.8124691,-1.2554,0.02118376,0.04962161,0.04058423,0.009037385,0.9181045,31.15004,0.6651036,0.08378465,0.1440707,686.3906,3.892475
0,6.27117,0.385978,-0.756499,0.0208894,0.000118588,8.26601e-05,3.59281e-05,0.901861,15.5692,0.000643552,0.000140007,0.144071,0.575491,2.89641
1,63.9318,0.575919,-1.28757,0.0242388,,,,,,,,,,
0,35.112924,0.64282443,-1.3182213,0.0090549513,0.20049209,0.15289789,0.047594206,0.80283682,20.733389,1.9825266,0.4392661,0.14407067,1170.8309,4.0768066
0,6.47604,0.340884,-0.856947,0.014873,0.000476074,0.00042152,5.45533e-05,0.890088,13.7453,0.00289834,0.000714535,0.144071,1.8706,3.05768
0,13.52692,0.7420142,-1.117696,0.01518865,0.01203188,0.0114304,0.000601478,0.9386648,29.57402,0.1710799,0.0199284,0.1440707,108.6998,3.547902
0,17.0673,0.487577,-1.04944,0.0141421,0.00539892,0.00520027,0.000198649,0.91731,19.5635,0.051144,0.00890617,0.144071,30.6178,3.39938
0,48.18529,0.264996,-1.242882,0.0164459,0.04899992,0.04779637,0.001203556,0.8328975,10.16658,0.2554814,0.09189273,0.1440707,210.2615,3.726711
0,5.8023,0.22711,-0.67566,0.013609,8.9379e-05,4.4926e-05,4.4453e-05,0.84398,9.1613,0.00020581,7.6078e-05,0.14407,0.1281,2.7383
1,0.46872,0.39439,-1.9917,0.016565,,,,,,,,,,
2,21.2221538,0.7294730015,-1.595827159,0.01538025429,-8.188299044,-8.22083509,0.03253604623,-0.5494180591,270.3955316,-120.9623818,0,0.1440706667,-789145.0098,-151.8292236
0,6.47735,0.972411,-0.759738,0.0102427,0.000262857,0.000175724,8.7133e-05,0.958458,39.2185,0.00344672,0.000297668,0.144071,1.42201,2.94629
0,5.19098,0.649764,-0.605377,0.0247945,4.17587e-05,9.99873e-06,3.176e-05,0.939305,26.2115,0.000131046,1.69314e-05,0.144071,0.133528,2.67013
2,15.4783475,0.705233023,-1.61072403,0.021516256,-0.361448091,-0.903570779,0.542122688,3.84604843,38.7336919,-12.8534582,0,0.144070667,19554.0074,8.08368957
0,6.54881,0.970246,-0.853318,0.0214587,0.000330112,0.000278866,5.12467e-05,0.958325,39.1285,0.0054576,0.000472685,0.144071,4.72057,3.10216
0,5.93979,0.649201,-0.72316,0.0188847,0.000102857,5.95889e-05,4.32684e-05,0.939216,26.1872,0.000780315,0.000100922,0.144071,0.6057,2.8657
0,44.623355,0.52505006,-1.4072201,0.011077571,0.32460583,0.32460267,3.1611871e-06,0.7009519,14.305834,3.4377791,1.1262746,0.14407067,2902.3591,4.5486857
0,23.0359,0.272929,-1.09788,0.0249805,0.00556255,0.00544474,0.000117803,0.863308,10.9492,0.0299746,0.0093946,0.144071,33.926,3.45374
0,0.4996737,0.6124749867143181,-1.988125370019309,0.0119655466908001,0,0,0,-5.461271738644538e-120,24.70833739801013,0,0,0.1440706666666666,-1.119500478413795e+126,-2.17388827015543e+122
1,0.2529,0.7662,-1.9005,0.011516,,,,,,,,,,
0,0.8544788,0.957755627,-1.85656922,0.0130851764,0.00447117285,0.00447117285,8.50014503e-17,36.075835,38.4648213,0.0863776417,0,0.144070667,48690.3665,14.0342192
0,49.098994,0.37707553,-1.3703986,0.013316407,0.22318918,0.16785987,0.05532931,0.75155836,11.81677,1.2767339,0.58384118,0.14407067,1393.3338,4.1811302
0,5.87875,0.295789,-0.72572,0.013414,0.00013774,8.66958e-05,5.1044e-05,0.875665,11.931,0.000517257,0.00014683,0.144071,0.305881,2.8331
0,5.49572,0.465001,-0.689503,0.0104171,0.000143484,7.01126e-05,7.3371e-05,0.91713,18.7563,0.000657621,0.00011874,0.144071,0.288334,2.79385
0,4.99395,0.971708,-0.544581,0.0235548,3.92076e-05,4.82037e-06,3.43872e-05,0.958575,39.1989,9.44803e-05,8.16246e-06,0.144071,0.0896162,2.58884
0,0.4680091,0.5224372164,-1.877539652,0.02184205553,0,0,0,10.68166442,21.07605256,0,0,0.1440706667,117958.2864,27.55136145
0,6.36065,0.709643,-0.726382,0.0152443,0.000131334,7.69364e-05,5.43976e-05,0.94408,28.6245,0.00110128,0.000130305,0.144071,0.686491,2.87537
2,19.814322,0.94266401,-1.5957659,0.0241353,-9.4338572,-9.6781067,0.24424944,108.61413,396.78659,-184.02317,0,0.14407067,5853.1442,5.3462685
0,37.753889,0.51615689,-1.3414095,0.013993502,0.1693056,0.12686886,0.042436748,0.81171761,17.297294,1.3208756,0.382861,0.14407067,1301.3019,4.1307588
0,12.03893,0.8340138,-1.115869,0.02335873,0.007710892,0.007277511,0.0004333807,0.9470765,33.38617,0.1224281,0.01265771,0.1440707,118.8019,3.552604
0,22.2333848,0.4521966156,-1.869141999,0.02196499669,0.2853224735,0.1265781658,0.1587443077,1.4301371,13.0374483,1.154546094,0,0.1440706667,489268.4232,99.71846287
0,11.98931,0.5986521,-1.139921,0.01663776,0.0143695,0.01376662,0.0006028781,0.9252337,23.80367,0.1662367,0.02420374,0.1440707,118.0883,3.576208
0,6.00969,0.357627,-0.594403,0.0247792,3.71511e-05,8.68974e-06,2.84613e-05,0.894955,14.4268,6.26848e-05,1.47145e-05,0.144071,0.0669941,2.62371
1,57.2388,0.893371,-1.27009,0.0103944,,,,,,,,,,
0,25.4527035,0.6221306627,-1.81683058,0.01874622583,0.5024659412,0.4090301783,0.0934357629,1.141662831,12.48704247,5.132892027,0,0.1440706667,299804.1023,62.85008852
0,7.66313,0.939928,-0.784502,0.0105464,0.000321818,0.000234545,8.72731e-05,0.957051,37.9062,0.00444679,0.000397359,0.144071,1.89191,2.98582
0,7.31648,0.35171,-0.984718,0.00866683,0.00386884,0.00371433,0.000154507,0.890978,14.1337,0.0263506,0.00632885,0.144071,9.91772,3.27272
0,41.830488,0.87284905,-1.3167463,0.014540963,0.1329512,0.095119357,0.037831844,0.86466972,30.530777,1.6746853,0.26840595,0.14407067,1570.7614,4.1680902
0,13.758942,0.54283172,-1.4644266,0.020270976,0.00040665838,4.7519784e-05,0.00035913859,2.8207973,21.889898,0.0005203132,0,0.14407067,2301.024,4.4771931
0,14.1472,0.79431,-1.1,0.0123222,0.0119009,0.0112811,0.000619837,0.942083,31.6625,0.180745,0.01957,0.144071,92.3795,3.51868
0,1.1175091,0.686732117193,-1.88626042095,0.0232004506821,0.00197830969209,0.00197830969209,4.81385764584e-17,-0.0592592873798,27.6491958767,0.0274035487969,0,0.144070666667,-31199851.6696,-6056.99350033
0,166.4863,0.7329006,-1.271996,0.01625563,0.07612135,0.06160996,0.01451139,0.8955332,27.31588,0.9107961,0.1351277,0.1440707,763.6933,3.929566
2,45.2355293,0.54225444354,-1.5391510808,0.020690777519,-63.202083593,-63.392745939,0.19066234662,-0.20401973983,1404.4536413,-693.37448169,0,0.14407066667,-5330046.8214,-1033.7534963
0,5.39224,0.391841,-0.551044,0.0192742,4.37711e-05,6.40096e-06,3.73702e-05,0.903233,15.8069,5.05919e-05,1.08388e-05,0.144071,0.0416717,2.55595
0,6.32394,0.459271,-0.852652,0.0151984,0.000448803,0.000390375,5.84287e-05,0.91599,18.5195,0.0036164,0.000661705,0.144071,2.31759,3.06448
0,18.00584,0.5335471,-1.173253,0.01962401,0.0182977,0.01754444,0.0007532632,0.9153346,21.1304,0.1888154,0.03148687,0.1440707,162.5857,3.634611
0,43.54764,0.98415854,-1.4025321,0.010167548,0.90701921,0.5717269,0.33529232,0.17741468,3.6915899,11.349556,0,0.14407067,2786.109,4.5193233
0,0.8207103,0.528839433908,-1.91055906251,0.0109324687582,0.609439884576,0.0895433375454,0.519896547031,-0.0249878000501,8.33233818263,0.955173532787,0,0.144070666667,-30465897.0342,-5914.44589804
0,5.39044,0.50054,-0.598708,0.0103449,9.52569e-05,2.19971e-05,7.32598e-05,0.922583,20.1908,0.00022209,3.72496e-05,0.144071,0.0961243,2.64657
0,6.35948,0.679032,-0.861461,0.014078,0.000544239,0.000471856,7.23835e-05,0.941444,27.3785,0.00646286,0.000799946,0.144071,3.73296,3.09805
0,6.30622,0.855248,-0.796612,0.0216121,0.000176492,0.000133721,4.27711e-05,0.953112,34.4962,0.00230683,0.000226542,0.144071,2.01981,3.00131
0,5.96058,0.26649,-0.587502,0.0152092,5.50615e-05,1.29567e-05,4.21047e-05,0.863914,10.7501,6.96468e-05,2.19396e-05,0.144071,0.0473275,2.59895
2,14.30609,0.721950144,-1.55399919,0.0115152448,-19.295471,-19.3351485,0.0396775231,-18.1339091,591.100747,-281.565792,0,0.144070667,-30541.8438,-4.39553823
1,0.26408,0.76215,-1.9892,0.014318,,,,,,,,,,
0,36.83938,0.577215,-1.177586,0.01934676,0.01965034,0.01873929,0.0009110454,0.9195586,22.82831,0.2181805,0.03376574,0.1440707,184.8487,3.649861
0,30.2431762,0.6057109915,-1.745963986,0.01730477094,0.5058370996,0.3858334625,0.1200036371,-1.292617779,12.07510061,4.714010173,0,0.1440706667,-103041.2276,-18.34426003
0,6.5942,0.574858,-0.916723,0.0115466,0.00127077,0.00116845,0.000102318,0.93115,23.1613,0.0135487,0.00198345,0.144071,6.49319,3.1823
0,38.081126,0.37881286,-1.4030906,0.020965835,0.20024744,0.1391459,0.061101543,0.76753047,12.22181,1.063213,0.56433963,0.14407067,2147.484,4.3824939
0,64.2471677,0.6518814117,-1.752034418,0.008595396552,0.9842780412,0.7122061104,0.2720719308,0.0324533538,0.413457066,9.364820624,0,0.1440706667,151923.4444,34.03434085
0,5.36021,0.536814,-0.673208,0.0119562,0.000114577,4.95522e-05,6.50252e-05,0.927419,21.6536,0.000536552,8.39167e-05,0.144071,0.267014,2.7736
0,25.2660304,0.7790010256,-1.779130397,0.02261054121,0.6320965466,0.4255197919,0.2065767547,0.8879241046,11.5618428,6.68625545,0,0.1440706667,219916.9124,47.28367001
0,5.54566,0.723604,-0.720422,0.0209825,9.1274e-05,5.17783e-05,3.94957e-05,0.945124,29.1888,0.000755742,8.76929e-05,0.144071,0.647718,2.86642
0,6.28097,0.848554,-0.773222,0.02084,0.000145427,0.0001027,4.27272e-05,0.95278,34.2272,0.00175782,0.000173967,0.144071,1.4845,2.962
2,10.2934465,0.9181103145260499,-1.563586379946318,0.01098708735573781,-15.34123456761062,-15.7705042195196,0.4292696519089834,-3.878094955013785e-06,605.2501373986082,-292.0556524116168,0,0.1440706666666666,-165395334698.8891,-32117089.41605176
0,23.8616192,0.544706447,-1.71576602,0.0166441925,0.219304016,0.159249582,0.0600544331,1.72991952,17.1553517,1.74970965,0,0.144070667,74217.5101,18.8720317
0,6.37992,0.406508,-0.92706,0.015032,0.00109583,0.00102477,7.10548e-05,0.905734,16.3813,0.00840276,0.00173989,0.144071,5.3917,3.18287
0,7.08977,0.279334,-0.652116,0.00958596,0.000115648,4.7139e-05,6.8509e-05,0.869316,11.2675,0.000265601,7.9826e-05,0.144071,0.11305,2.70832
0,31.5467693,0.5760542,-1.63567035,0.00936756003,0.832295609,0.411987122,0.420308487,0.321271408,3.89729202,4.78709624,0,0.144070667,32449.9611,10.638847
0,34.7822,0.220665,-0.636674,0.0173469,5.55092e-05,2.13646e-05,3.41446e-05,0.840175,8.90152,9.5094e-05,3.61755e-05,0.144071,0.0757824,2.67231
0,5.17656,0.462748,-0.56677,0.00909268,9.86354e-05,1.66051e-05,8.20304e-05,0.916789,18.6663,0.000154992,2.81184e-05,0.144071,0.0593345,2.58984
0,46.31978,0.2187033,-1.292618,0.01211417,0.1138759,0.110575,0.003300901,0.7685415,7.81817,0.4877953,0.2363154,0.1440707,331.941,3.823536
0,8.06543,0.825926,-0.972176,0.0144603,0.00203698,0.001898,0.000138979,0.950324,33.2515,0.0316201,0.0032288,0.144071,18.6207,3.29424
0,5.16754,0.439862,-0.561807,0.0243192,3.61756e-05,5.82523e-06,3.03503e-05,0.91288,17.7442,5.16839e-05,9.86391e-06,0.144071,0.053147,2.57921
0,33.605055,0.57584033,-1.3316357,0.014091806,0.15272233,0.1144193,0.038303024,0.83007213,19.682624,1.3290048,0.33533471,0.14407067,1277.1728,4.1153378
0,6.45179,0.349867,-0.898918,0.0146298,0.00079608,0.000734121,6.19587e-05,0.8924,14.103,0.00518078,0.00124541,0.144071,3.28201,3.12881
2,1.1405282,0.9126671286116377,-1.902372677675046,0.02256611099259764,-1763.580441987338,-1770.290804306918,6.710362319580099,-0.0007027087171607192,64969.4269820996,-32589.83733775453,0,0.1440706666666666,-7603989264140.854,-1476571325.914868
1,0.28521,0.55117,-1.8562,0.012279,,,,,,,,,,
0,0.495875,0.8535681800818717,-1.968521410777498,0.02277772815309723,0,0,0,-5.341191171021321e-208,34.43446841610474,0,0,0.1440706666666666,-1.240138479225529e+214,-2.408147692064041e+210
2,0.7774824,0.96828194028,-1.7193338489,0.014544937709,0.10538022531,0.10538022531,-2.7755575616e-17,-0.028674512696,34.945840592,2.0581931338,0,0.14407066667,-9548497.9178,-1852.7580218
0,37.58461,0.2069183,-1.28942,0.01061034,0.1239943,0.1209551,0.00303921,0.7549601,7.312419,0.5048337,0.2589501,0.1440707,303.3332,3.810152
0,38.3344,0.866372,-1.05506,0.00997362,0.00838059,0.00790694,0.000473647,0.948344,34.6581,0.138178,0.0135754,0.144071,56.4002,3.4414
2,10.496526,0.54762499,-1.4347101,0.024196094,0.23284239,-0.0040906486,0.23693304,2.4972169,16.948178,-0.045185657,0,0.14407067,1373.865,4.2409381
2,6.7420972,0.896000865,-1.77172147,0.0209186607,0.0757297182,-0.139922592,0.21565231,5.23926008,33.4089314,-2.52884052,0,0.144070667,97919.6212,23.544793
0,51.609044,0.27049605,-1.3917293,0.023778516,0.15276739,0.11454499,0.038222394,0.76753171,9.2452522,0.62497439,0.43002044,0.14407067,1403.8917,4.2048989
0,47.7846109,0.4113745807,-1.73783405,0.01948529663,0.9596547403,0.7126995552,0.2469551851,0.06170714575,0.6695532687,5.913833742,44.73975789,0.1440706667,107817.1021,25.4377834
0,14.552306,0.53611185,-1.5458652,0.021218211,0.064438934,0.034103097,0.030335837,4.0625642,20.234045,0.36878597,0,0.14407067,4203.7062,4.9590654
0,7.56358,0.204483,-1.04504,0.0143798,0.00493221,0.00483218,0.00010003,0.826763,8.20854,0.0199308,0.00827787,0.144071,13.4708,3.34946
0,18.6615293,0.23309072958,-1.8936057844,0.014696682979,0.79051841443,0.5739849766,0.21653343783,-0.064549396994,1.9698176286,2.6986756912,0,0.14407066667,-2242518.2758,-433.80661378
0,16.8678,0.825224,-1.08981,0.0245674,0.00527534,0.00499174,0.000283598,0.94818,33.1154,0.08309,0.00861146,0.144071,84.2194,3.50215
0,134.50729,0.99729971,-1.2842445,0.012150546,0.11754233,0.0871801,0.030362226,0.88053855,35.503792,1.7537522,0.21158268,0.14407067,1181.5159,4.0453715
0,6.26539,0.302884,-0.792909,0.0178352,0.000194559,0.000154518,4.00413e-05,0.878186,12.2165,0.000944019,0.000261763,0.144071,0.740263,2.94579
0,50.2254765,0.4825431946,-1.732054921,0.02250636926,0.9269466046,0.6998014163,0.2271451883,0.1101471395,1.42210534,6.811396826,35.96306128,0.1440706667,119112.6715,27.63053996
0,6.26457,0.567135,-0.796676,0.0151786,0.000246711,0.00019055,5.61611e-05,0.930944,22.8736,0.00217982,0.000322827,0.144071,1.3723,2.98139
0,21.5416654,0.8056352152,-1.734472882,0.01427264875,0.4798985391,0.3723306711,0.1075678681,1.115506395,16.9036963,6.050516158,0,0.1440706667,144210.7071,32.51641381
0,26.7647092,0.848778233,-1.6865104,0.0116104581,0.694582738,0.47279939,0.221783348,0.89718673,10.4578637,8.09461711,0,0.144070667,59908.9803,16.053287
0,44.37897,0.3035608,-1.34011,0.02009867,0.1098215,0.09183637,0.0179851,0.8095779,10.90129,0.5623226,0.2621509,0.1440707,808.6774,4.009356
2,36.135343,0.38537076,-1.5376672,0.024352493,-0.094117301,-0.41852517,0.32440787,1.7318393,17.009745,-3.2533105,0,0.14407067,7461.1932,5.6128992
0,6.16093,0.641744,-0.753277,0.0235304,0.000105814,7.04069e-05,3.54067e-05,0.938552,25.8864,0.000911386,0.000119253,0.144071,0.882165,2.91519
0,5.51947,0.539287,-0.700995,0.00900818,0.000181504,9.39715e-05,8.75321e-05,0.927685,21.7519,0.00102221,0.000159152,0.144071,0.383163,2.81997
0,74.84643,0.38354951,-1.4901211,0.014924745,0.45462742,0.30856139,0.14606603,0.57767131,8.4385902,2.3871966,2.4246031,0.14407067,6025.2352,5.27553
0,24.7272229,0.5787808795,-1.771690039,0.008697941814,0.9482143851,0.6316480439,0.3165663411,0.1076067584,1.209145264,7.374193026,0,0.1440706667,172480.781,38.05241858
0,84.2765755,0.827833243,-1.49888425,0.0239644914,0.31101389,0.204028026,0.106985863,0.73238658,23.0095696,3.40688804,1.68991138,0.144070667,14502.3236,6.97553802
0,7.18981,0.246763,-1.02263,0.0121114,0.00442684,0.00431237,0.000114474,0.851953,9.91078,0.0214645,0.00737,0.144071,11.8356,3.32009
0,18.69333,0.9861558,-1.124006,0.01199671,0.016732,0.01558957,0.001142432,0.9482214,39.11764,0.3101022,0.02736091,0.1440707,154.3452,3.581091
0,6.20162,0.297453,-0.668637,0.0174619,7.07373e-05,3.19957e-05,3.87416e-05,0.876315,11.9989,0.000191971,5.4182e-05,0.144071,0.147661,2.73857
0,37.976,0.644901,-1.07688,0.0205652,0.00530049,0.00506938,0.000231115,0.935486,25.8786,0.0659436,0.00871275,0.144071,56.4975,3.46332
2,1.8135151,0.246675811,-1.87121975,0.00939336495,0.000127872997,0.000127872997,-1.6211533e-16,5.82290122,9.95007132,0.000636254077,0,0.144070667,94191.049,22.9182683
0,14.9823,0.805477,-0.997074,0.0162259,0.00247673,0.00232583,0.000150901,0.948873,32.4139,0.0377883,0.00396187,0.144071,25.0305,3.33558
0,4.94039,0.742775,-0.608808,0.0105104,0.000100724,2.46495e-05,7.60749e-05,0.946457,29.9619,0.00036931,4.17418e-05,0.144071,0.158306,2.68232
0,38.273745,0.84440559,-1.3058137,0.017735048,0.10048041,0.073432476,0.027047932,0.88550726,30.641985,1.2507325,0.19123441,0.14407067,1337.7055,4.1036496
0,5.25226,0.974577,-0.639642,0.0215831,5.60107e-05,1.7837e-05,3.81737e-05,0.95868,39.314,0.000350642,3.02055e-05,0.144071,0.304725,2.74683
0,31.66845,0.4240274,-1.250673,0.018388,0.04947436,0.04655727,0.002917089,0.8781709,16.25971,0.3982049,0.0908376,0.1440707,352.5098,3.788675
0,6.66382,0.537331,-0.956647,0.0204175,0.00117159,0.0011022,6.9396e-05,0.926808,21.6515,0.0119461,0.00187322,0.144071,10.1842,3.24606
0,29.1119,0.360765,-1.1245,0.00957231,0.0202696,0.0197503,0.000519322,0.883036,14.2589,0.143722,0.0345106,0.144071,60.8015,3.51556
0,5.69298,0.817805,-0.644307,0.0134422,9.08921e-05,3.04072e-05,6.0485e-05,0.95113,32.9887,0.000501592,5.1493e-05,0.144071,0.273642,2.74596
0,6.06348,0.326419,-0.716268,0.0124759,0.000138878,8.25601e-05,5.63183e-05,0.885994,13.1665,0.000543589,0.000139824,0.144071,0.295481,2.82187
2,3.3555934,0.28929676,-1.5983125,0.020057576,0.24368248,-0.13264802,0.3763305,8.2302737,8.8267922,-0.77405087,0,0.14407067,1775.4701,4.4957021
0,6.2964,0.443556,-0.830618,0.0119448,0.000444925,0.000374344,7.05817e-05,0.913283,17.8859,0.00334922,0.000634407,0.144071,1.69156,3.02614
1,0.48184,0.65363,-1.9836,0.01374,,,,,,,,,,
2,13.449748,0.61685378,-1.5478399,0.01602426,0.98532857,-0.054457526,1.0397861,0.04082764,0.36509826,-0.67758738,0,0.14407067,7741.4359,5.6793851
0,5.37811,0.718635,-0.699613,0.0176421,9.35007e-05,4.71401e-05,4.63606e-05,0.944765,28.9883,0.00068332,7.98344e-05,0.144071,0.492579,2.83151
2,16.2180212,0.3470724782666592,-1.888414957158076,0.01511222092295056,-52453.8978395739,-52924.85090245316,470.9530628792636,-0.001572283013976061,734448.5682882362,-370514.3139450526,0,0.1440706666666666,-32112644989810.42,-6235754571.266052
0,28.5279642,0.205648147,-1.75422708,0.0154522253,0.878557835,0.61446364,0.264094195,0.183276078,1.00751024,2.54886105,0,0.144070667,67426.2936,17.5868178
0,7.01296,0.776899,-0.939472,0.0117597,0.0016656,0.00153533,0.000130267,0.947672,31.2893,0.0240598,0.00260847,0.144071,11.544,3.23559
0,5.3561,0.643742,-0.702602,0.0192139,8.69902e-05,4.4978e-05,4.20122e-05,0.938743,25.9674,0.000584033,7.61728e-05,0.144071,0.461461,2.83114
2,0.7811486,0.65710526097,-1.7952204079,0.013671877835,0.7036106159,-0.0049538357472,0.70856445165,-0.10237376035,7.8569276631,-0.065660126862,0,0.14407066667,-1593781.4527,-307.91328841
0,22.2267336,0.5261988385,-1.810401125,0.02124684109,0.8636057022,0.7107259925,0.1528797097,0.2776098316,2.895351301,7.543575724,0,0.1440706667,263218.1897,55.73258129
0,39.619746,0.24562897,-1.5221271,0.012469041,0.60403645,0.40034794,0.20368851,0.4206007,3.9236473,1.9835463,4.3778222,0.14407067,5804.2816,5.2627107
2,15.1072539,0.845714174399,-1.54386442725,0.0216786878914,-3.13155096262,-3.78725966615,0.655708703529,-0.00716547242809,140.958701316,-64.6061501985,0,0.144070666667,-16182142.2059,-3141.10667474
0,6.44368,0.816519,-0.782737,0.0110397,0.000300228,0.00021905,8.11788e-05,0.950922,32.93,0.00360773,0.000371098,0.144071,1.61707,2.97593
2,25.5296797,0.42983752,-1.886357889,0.01829780025,0.4435378429,-0.9648758621,1.408413705,1.108400258,9.649284758,-8.365673955,0,0.1440706667,582865.9358,117.9197912
0,51.83785,0.989534,-1.245813,0.01893901,0.05089168,0.04063542,0.01025626,0.925525,37.888,0.8110743,0.08285722,0.1440707,732.2147,3.895107
0,4.6879,0.988976,-0.512797,0.0211114,4.18942e-05,3.57555e-06,3.83186e-05,0.959266,39.8954,7.13269e-05,6.05455e-06,0.144071,0.0605927,2.53694
0,8.1551368,0.56860039,-1.4344456,0.013833363,0.38121299,0.0045682205,0.37664477,-0.65717455,14.193958,0.052393737,0,0.14407067,-4357.3707,0.66956138
2,33.150988,0.66909605,-1.5191797,0.012478338,-0.19987501,-0.2199462,0.020071184,2.5955829,32.387665,-2.9684524,0,0.14407067,7475.3504,5.5972583
0,8.9398082,0.953713843,-1.57088612,0.0192128983,0.82086004,0.0206505842,0.800209455,0.733459567,6.89232466,0.397260695,0,0.144070667,10937.4864,6.34081069
0,6.31294,0.95241,-0.746522,0.0145055,0.000165127,0.000104719,6.04082e-05,0.957689,38.4156,0.00201176,0.000177374,0.144071,1.17637,2.92328
2,5.3620565,0.202510732,-1.54132074,0.00951157906,-0.972430668,-0.972433906,3.23768583e-06,-0.129726299,16.1140592,-3.97222011,0,0.144070667,-98895.3905,-17.7417389
0,14.212361,0.80148878,-1.5679971,0.019809539,0.043169052,0.031042976,0.012126076,13.734219,30.937686,0.50186391,0,0.14407067,2526.3638,4.6293215
0,15.7098,0.500188,-1.03508,0.0181975,0.00350446,0.00336739,0.000137068,0.920359,20.1078,0.0339744,0.00575587,0.144071,26.0836,3.37591
0,37.85167,0.4072081,-1.283676,0.01636506,0.07998409,0.07225333,0.007730752,0.8550757,15.11356,0.5934709,0.1559503,0.1440707,514.1664,3.872464
0,0.455401,0.8791473659328106,-1.785440383793393,0.01881981283572632,0,0,0,-3.241776778433064e-206,35.46637856440636,0,0,0.1440706666666666,-2.003738640859893e+211,-3.890935298209362e+207
1,0.27942,0.80913,-1.9064,0.020244,,,,,,,,,,
1,0.28743,0.48973,-1.9326,0.014101,,,,,,,,,,
0,6.7103,0.2456,-0.98723,0.021536,0.0015964,0.0015453,5.1076e-05,0.85309,9.8922,0.0076554,0.0026303,0.14407,7.4871,3.2603
2,4.7399467,0.2703602343,-1.881103281,0.01677862845,0.003542540569,-0.007009471805,0.01055201237,-1.395078395,10.86817801,-0.03822550907,0,0.1440706667,-487546.1717,-92.95360311
0,5.84175,0.849153,-0.674848,0.0124361,0.000114954,4.86535e-05,6.63e-05,0.952832,34.2524,0.000833346,8.23957e-05,0.144071,0.419857,2.79853
0,6.01059,0.539056,-0.717893,0.0245313,7.52577e-05,4.28737e-05,3.2384e-05,0.927724,21.7448,0.000466176,7.26095e-05,0.144071,0.475871,2.84802
0,5.01266,0.657191,-0.554782,0.02257,4.04883e-05,5.73506e-06,3.47532e-05,0.93995,26.5112,7.60246e-05,9.71131e-06,0.144071,0.0704646,2.58668
0,40.106376,0.95291425,-1.444877,0.015173416,0.18659239,0.17064566,0.015946729,1.7567598,31.269232,3.280003,0,0.14407067,4105.801,4.8378548
0,36.0469,0.395861,-1.08724,0.00996635,0.0122492,0.0118956,0.00035356,0.896413,15.7741,0.0949849,0.0205376,0.144071,41.0545,3.45428
0,6.41347,0.977252,-0.792389,0.00849583,0.00043273,0.000322168,0.000110562,0.958544,39.407,0.00635058,0.000545856,0.144071,2.17312,3.00088
0,6.33016,0.845919,-0.827119,0.0201903,0.000260445,0.000211752,4.86933e-05,0.952566,34.117,0.00361311,0.000358823,0.144071,2.95758,3.0516
0,5.71078,0.286769,-0.735206,0.0187228,0.000106275,7.01628e-05,3.61124e-05,0.872275,11.5675,0.000405848,0.000118829,0.144071,0.336295,2.84746
0,5.07962,0.478477,-0.544322,0.0199372,4.3257e-05,5.67621e-06,3.75808e-05,0.919337,19.3018,5.47828e-05,9.61158e-06,0.144071,0.0458582,2.55415
0,92.1041,0.3210826,-1.319858,0.01280346,0.1421126,0.1256002,0.01651242,0.7933484,11.11225,0.8134525,0.3172602,0.1440707,648.5128,3.946661
2,27.6834793,0.25450758463,-1.77051391494,0.0242663914537,-15.9063914987,-16.175599602,0.269208103287,-0.0362181909335,173.582851009,-83.039798762,0,0.144070666667,-72463765.9529,-14069.9351187
0,29.489229,0.33802028,-1.3554438,0.02292879,0.11570438,0.091018827,0.024685553,0.81511481,12.058558,0.62058197,0.27981844,0.14407067,1081.8609,4.0926918
2,8.728921,0.4463481,-1.460051,0.01182219,0.008497241,-0.005613845,0.01411109,-125.5235,17.85348,-0.0505428,0,0.1440707,-39.86935,1.774746
0,0.4685819,0.8409332822421061,-1.804720909708257,0.01876805129101299,0,0,0,-7.033029074065708e-11,33.92475401864163,0,0,0.1440706666666666,-1.131714808205906e+16,-2197606516618.384
0,15.8392941,0.265539112033,-1.88360580851,0.0183874283481,0.206543111526,0.104284023528,0.102259087998,-0.0115315608485,8.49976658652,0.558562079156,0,0.144070666667,-47636159.6087,-9248.68219226
0,6.2879,0.2253,-0.81393,0.020716,0.00020507,0.00017424,3.0826e-05,0.84286,9.0871,0.00079185,0.00029521,0.14407,0.75152,2.9676
0,43.165,0.3935262,-1.331386,0.01624344,0.1254754,0.102349,0.0231264,0.8222418,13.88356,0.8124236,0.2899844,0.1440707,906.5494,4.025507
0,44.74303,0.5666437,-1.275192,0.0167131,0.07486924,0.0638909,0.01097834,0.8820412,21.14795,0.7302545,0.1369374,0.1440707,625.4548,3.895658
0,6.56532,0.511824,-0.891586,0.016123,0.00066983,0.00060637,6.34603e-05,0.923793,20.634,0.00626013,0.0010285,0.144071,4.2218,3.1346
0,28.9760339,0.597095178,-1.6943807,0.0147678745,0.591906648,0.377459464,0.214447184,1.5704992,9.8301071,4.54610072,0,0.144070667,35592.3243,11.3125027
0,6.00539,0.30252,-0.599837,0.0205092,4.41445e-05,1.1258e-05,3.28865e-05,0.87815,12.2036,6.86975e-05,1.90634e-05,0.144071,0.0619307,2.6251
0,6.97767,0.752225,-0.963265,0.0174049,0.00150917,0.001407,0.000102171,0.946182,30.3003,0.0213484,0.00239241,0.144071,15.1991,3.27423
2,6.1477348,0.56501777,-1.5479712,0.012821013,-0.052890228,-0.057380272,0.0044900442,-2.1381392,23.999399,-0.65395804,0,0.14407067,-9733.3539,-0.3021373
0,18.0804711,0.6320042683,-1.737641423,0.01047436363,0.5799821556,0.4538565725,0.1261255831,0.9128726117,10.70885207,5.785805245,0,0.1440706667,116277.6288,27.08436941
0,5.00504,0.600677,-0.519318,0.0175559,4.87783e-05,4.67536e-06,4.41029e-05,0.934666,24.2312,5.66476e-05,7.91686e-06,0.144071,0.0410707,2.52348
0,5.39177,0.375291,-0.58704,0.0101335,8.98122e-05,1.93308e-05,7.04814e-05,0.899368,15.1385,0.000146333,3.2734e-05,0.144071,0.0636418,2.61371
0,0.7356469,0.309353678,-1.7225596,0.0182906565,0.289744237,0.289744237,0,4.79715454,8.86390753,1.80798683,0,0.144070667,15089.3943,7.315252
2,4.7096405,0.6359108356,-1.522592998,0.01566949536,0.1653535733,-0.03792574805,0.2032793213,-0.09821597425,21.41183706,-0.4864694268,0,0.1440706667,-136458.0742,-25.07107312
2,8.0892906,0.283948312,-1.80318764,0.0102543686,0.0375488275,-0.00265714442,0.0402059719,3.06314526,11.024862,-0.0152187724,0,0.144070667,82797.0742,20.6310863
0,20.1394636,0.399335655,-1.72690134,0.016558964,0.379721631,0.273565122,0.10615651,1.15728031,9.99263192,2.20355546,0,0.144070667,74557.5721,18.9494365
0,4.87344,0.847929,-0.528983,0.017878,5.00478e-05,5.19793e-06,4.48499e-05,0.952809,34.2053,8.89028e-05,8.80182e-06,0.144071,0.0643895,2.55625
0,5.90523,0.333481,-0.733606,0.0108491,0.000184169,0.000118615,6.55533e-05,0.888109,13.4507,0.000797878,0.000200899,0.144071,0.37626,2.85164
0,4.91841,0.723118,-0.522382,0.0102342,8.55949e-05,8.34199e-06,7.7253e-05,0.945093,29.1694,0.000121676,1.4126e-05,0.144071,0.050858,2.53753
0,17.42014,0.9079943,-1.116006,0.008590912,0.02094299,0.01966904,0.001273944,0.9421263,35.86297,0.3602396,0.03447683,0.1440707,128.5112,3.558663
0,6.44556,0.506863,-0.812683,0.0180811,0.000243442,0.000196461,4.69808e-05,0.92338,20.4428,0.00200859,0.000332869,0.144071,1.51878,3.00264
0,47.615764,0.72804027,-1.384926,0.0089129295,0.22560269,0.19466968,0.030933012,1.3207447,22.744396,2.8587678,0,0.14407067,1839.1412,4.2964899
0,6.40449,0.82762,-0.825235,0.0147905,0.000348003,0.000282142,6.58607e-05,0.951515,33.3761,0.00471003,0.000478117,0.144071,2.82731,3.04738
0,6.62677,0.366129,-0.954645,0.0120388,0.0019173,0.00182137,9.59342e-05,0.895963,14.742,0.0134511,0.00309627,0.144071,6.99079,3.22411
1,0.24337,0.53768,-1.9039,0.022036,,,,,,,,,,
0,40.1275,0.61149,-1.05321,0.00931763,0.00863865,0.00826653,0.000372122,0.930218,24.4555,0.101962,0.01419,0.144071,39.6204,3.41815
0,23.024751,0.5237784201,-1.876983756,0.02174357084,0.722096393,0.5097864906,0.2123099024,0.569049412,5.872147435,5.385934831,0,0.1440706667,612525.3253,123.6723395
0,5.20795,0.33567,-0.522772,0.00915559,8.48213e-05,9.37172e-06,7.54496e-05,0.888819,13.5404,6.34537e-05,1.58693e-05,0.144071,0.0252289,2.50189
0,6.02943,0.953748,-0.708315,0.0168412,0.000105586,5.52203e-05,5.03661e-05,0.957785,38.4719,0.00106233,9.35212e-05,0.144071,0.721098,2.85984
1,0.25002,0.74427,-1.8441,0.020057,,,,,,,,,,
0,15.7283,0.257773,-1.11979,0.0185564,0.00982412,0.00963341,0.000190707,0.853974,10.2969,0.0500891,0.0167554,0.144071,42.7313,3.48921
1,0.18071,0.57563,-1.9151,0.016199,,,,,,,,,,
0,5.07975,0.488008,-0.518638,0.00897729,9.28393e-05,9.06339e-06,8.37759e-05,0.920756,19.6853,8.92161e-05,1.53474e-05,0.144071,0.033575,2.51244
0,30.69878,0.2999214,-1.2117,0.01578941,0.03542529,0.03456413,0.0008611576,0.8551564,11.67074,0.2091021,0.06412467,0.1440707,157.5003,3.670438
0,12.8352,0.844354,-1.09857,0.0165114,0.00876387,0.00828003,0.000483846,0.946949,33.7642,0.14102,0.0143383,0.144071,96.2167,3.52008
0,41.883715,0.43945431,-1.4201532,0.023917297,0.18442413,0.18442281,1.3200606e-06,0.79083071,14.458834,1.6347582,0.61591862,0.14407067,3069.8878,4.5970335
0,5.15831,0.577711,-0.610096,0.00851692,0.000122052,3.09263e-05,9.11259e-05,0.932199,23.3031,0.000360383,5.23713e-05,0.144071,0.127092,2.67231
0,6.9223743,0.7442235,-1.4110376,0.020244163,3.7654141e-05,2.5160889e-05,1.2493252e-05,-3.1618232,30.022178,0.00037770656,0,0.14407067,-1418.1628,1.274577
1,0.26509,0.9754,-1.9116,0.014492,,,,,,,,,,
0,39.9964,0.48553,-1.07987,0.0124232,0.00900986,0.00869995,0.000309917,0.914697,19.4107,0.0852035,0.0149881,0.144071,45.0381,3.45244
0,0.4549237,0.8452384862921962,-1.879697655700386,0.02433423247039506,0,0,0,-5.340938501346508e-09,34.09843365706664,0,0,0.1440706666666666,-392403860026741.4,-76198462163.86316
1,0.24628,0.674,-1.9115,0.0085402,,,,,,,,,,
0,7.48936,0.358384,-0.658967,0.0132655,9.08721e-05,3.71973e-05,5.36748e-05,0.89512,14.4565,0.000268896,6.29906e-05,0.144071,0.153823,2.731
0,6.95316,0.948292,-0.924575,0.0148251,0.00111012,0.00100646,0.000103661,0.956898,38.2133,0.0192515,0.00170876,0.144071,11.5309,3.22063
0,17.6146,0.780783,-1.01459,0.0163897,0.00305148,0.00287926,0.000172219,0.947016,31.4021,0.0453457,0.00491189,0.144071,30.427,3.36417
0,20.1199619,0.8643995233,-1.883849082,0.02297839669,0.9812019456,0.8419653431,0.1392366025,0.04889691491,0.655514929,14.68026532,0,0.1440706667,869112.6197,173.5222717
0,5.84183,0.951324,-0.656174,0.0233552,5.57777e-05,2.03828e-05,3.53949e-05,0.957714,38.376,0.000391128,3.45172e-05,0.144071,0.368197,2.7731
1,261.1279,0.8313037,-1.271428,0.01361922,,,,,,,,,,
0,56.31622,0.84571889,-1.3001848,0.012290988,0.13271858,0.098669603,0.034048975,0.86344515,29.589746,1.6831956,0.25669135,0.14407067,1232.372,4.0733526
0,29.788242,0.91291288,-1.3121252,0.011363356,0.1658859,0.11863547,0.047250426,0.84327443,30.719205,2.1845856,0.32366842,0.14407067,1527.1626,4.1535566
0,0.4956868,0.2005846366,-1.946803807,0.01634864303,0,0,0,4.521004428,8.091943323,0,0,0.1440706667,260484.7771,55.33766323
2,7.0301739,0.2953629,-1.5331728,0.023933869,0.66291156,-0.095891108,0.75880267,1.1526503,4.0165666,-0.57129373,0,0.14407067,2498.6398,4.5885467
0,17.7222,0.462963,-1.05065,0.0192523,0.00402247,0.00388032,0.000142145,0.914331,18.6016,0.0362359,0.00664471,0.144071,29.665,3.39878
0,41.605642,0.60481716,-1.3845814,0.015944249,0.19985731,0.19985514,2.1730736e-06,0.8004741,19.523007,2.4381734,0.58505403,0.14407067,2593.2048,4.460227
0,52.85459,0.7771198,-1.234401,0.01644608,0.04872335,0.0422507,0.006472652,0.916649,29.82291,0.6622882,0.08240667,0.1440707,502.5843,3.819769
0,7.20371,0.977338,-0.96218,0.0194414,0.00134771,0.00124235,0.000105363,0.957951,39.3744,0.0244914,0.00211217,0.144071,19.2382,3.28604
0,6.43264,0.687549,-0.768767,0.013008,0.000221135,0.000155382,6.57524e-05,0.942331,27.7308,0.00215492,0.000263211,0.144071,1.14845,2.94429
0,15.6543974,0.8386795502,-1.711421967,0.02011564869,0.3154368516,0.2492414557,0.06619539587,1.467074276,23.16139622,4.216397074,0,0.1440706667,111740.9201,26.17514985
2,19.374084,0.37766179,-1.6700523,0.023191839,-3.9683727,-6.5871055,2.6187328,-35.358369,75.695905,-50.179097,0,0.14407067,-8906.3796,-0.0149089
2,11.565181,0.45921489,-1.5048236,0.012775609,-3.9713302,-3.9720202,0.00068994645,23.487403,92.096631,-36.791931,0,0.14407067,1953.4879,4.4416911
0,5.30257,0.939146,-0.697046,0.00838891,0.000196169,9.5916e-05,0.000100253,0.957099,37.8794,0.00181698,0.000162448,0.144071,0.614756,2.84035
0,6.47933,0.286579,-0.886965,0.0175065,0.000572411,0.00052636,4.60513e-05,0.871914,11.5545,0.00304265,0.000892639,0.144071,2.36043,3.09974
2,19.4108845,0.5592638648,-1.730625026,0.02100652618,-25.79117177,-27.51941803,1.728246263,35.00574603,604.454527,-310.4425023,0,0.1440706667,156403.739,34.88442535
0,5.11972,0.544892,-0.567082,0.0238701,3.8548e-05,6.35085e-06,3.21972e-05,0.928466,21.9811,6.9802e-05,1.0754e-05,0.144071,0.0692701,2.59811
0,5.47709,0.334538,-0.523305,0.0131363,5.91022e-05,6.57675e-06,5.25254e-05,0.888501,13.4951,4.43794e-05,1.11364e-05,0.144071,0.0253263,2.50262
0,5.31226,0.934167,-0.680281,0.0243896,6.07807e-05,2.66017e-05,3.41789e-05,0.956968,37.6837,0.000501256,4.50497e-05,0.144071,0.493162,2.81224
0,6.08787,0.510458,-0.784277,0.0237814,0.000138248,0.000103726,3.45218e-05,0.923945,20.59,0.00106801,0.00017571,0.144071,1.0614,2.95573
2,17.4264471,0.225674992,-1.70745967,0.010659408,-0.188873828,-0.206884427,0.0180105991,5.63637672,10.8236657,-0.941751687,0,0.144070667,12917.2632,6.87037319
0,24.7349,0.561319,-1.10949,0.00918979,0.0176853,0.0170155,0.000669795,0.919067,22.2441,0.192655,0.0296405,0.144071,75.1445,3.51421
0,0.4893858,0.387155427147,-1.96266426527,0.0242113820213,0,0,0,-0.0613331455021,15.6185430049,0,0,0.144070666667,-45434571.1546,-8821.08794936
0,12.30649,0.8180939,-1.110662,0.01958116,0.008599557,0.008130722,0.0004688356,0.9456143,32.71956,0.1341706,0.01412258,0.1440707,109.0645,3.541111
2,17.85738,0.44878615,-1.4371595,0.015483405,-0.0032000855,-0.01535263,0.012152544,1.6924127,18.162774,-0.13897843,0,0.14407067,2241.9046,4.4371086
0,5.45892,0.665569,-0.695343,0.0115352,0.000138645,6.82476e-05,7.03972e-05,0.940598,26.8465,0.000916232,0.000115583,0.144071,0.433752,2.8207
0,41.84328,0.2474094,-1.252249,0.01791493,0.04971156,0.04852705,0.001184507,0.8244102,9.484769,0.2421727,0.09514281,0.1440707,223.5176,3.741793
0,38.6977,0.74118,-1.05983,0.024575,0.00359829,0.00341946,0.000178837,0.944085,29.7929,0.0511218,0.0058576,0.144071,51.779,3.44088
0,16.407198,0.745086964,-1.61942221,0.0226515692,0.0470152249,0.0373609335,0.00965429139,2.36575964,28.6449517,0.561500122,0,0.144070667,26288.2362,9.4152719
2,20.0010719,0.859707873,-1.67460883,0.010608431,-0.631991178,-1.20843288,0.576441705,3.93906499,56.6009704,-20.955528,0,0.144070667,63382.6313,16.7188082
0,6.66195,0.911141,-0.747242,0.0105388,0.000228198,0.000145468,8.27301e-05,0.955821,36.7487,0.00267349,0.000246402,0.144071,1.13799,2.92229
1,0.30417,0.63206,-1.8308,0.0096054,,,,,,,,,,
0,6.47057,0.284763,-0.793049,0.012175,0.00028411,0.000226753,5.7357e-05,0.871382,11.4846,0.00130245,0.000384151,0.144071,0.70261,2.94324
0,7.131071,0.8610687,-1.446877,0.02230305,0.01244646,0.01244646,7.608681e-11,-8.660427,34.3047,0.2161766,0,0.1440707,-937.4896,1.425024
0,5.31201,0.464854,-0.559653,0.0213858,4.13168e-05,6.44346e-06,3.48733e-05,0.917171,18.7523,6.04172e-05,1.09108e-05,0.144071,0.0543779,2.57824
2,0.7886482,0.97073405,-1.7181434,0.012719919,-0.096110606,-0.096110606,5.5511151e-17,83.41368,42.924951,-1.8819009,0,0.14407067,3970.7026,5.0831682
0,49.609571,0.74471156,-1.3552785,0.022399736,0.12759362,0.087633751,0.039959872,0.86252931,26.209703,1.3163903,0.28581985,0.14407067,2217.4858,4.3499232
0,21.5248,0.270043,-1.12665,0.0236962,0.00839317,0.00822478,0.000168388,0.860335,10.8026,0.0448005,0.0143308,0.144071,48.6014,3.50383
0,0.7958786,0.2324064032,-1.929446631,0.02209616003,0.6962357128,0.08197921367,0.6142564992,-0.3429675457,2.847999896,0.3843058613,0,0.1440706667,-966997.4468,-186.0421047
0,43.823175,0.218216,-1.4726817,0.023504275,0.2662298,0.26622892,8.7959784e-07,0.66823641,6.4595433,1.1718364,1.2305972,0.14407067,3186.9248,4.6742112
2,10.143457,0.6297068434,-1.5620963139,0.01262976203,-0.55073552191,-0.55426906132,0.0035335394146,-0.0079164275827,39.394111916,-7.0401874223,0,0.14407066667,-5173644.88,-1003.3583016
0,14.4570228,0.325212986,-1.69206013,0.0230354315,0.220499941,0.220494379,5.56244201e-06,-3.88710234,10.2267867,1.44640719,0,0.144070667,-14521.2452,-1.10833489
0,44.9258972,0.216877363164,-1.74126636312,0.0185599458845,0.141470811954,0.137241168161,0.00422964379313,-0.00446203164004,7.5114616675,0.60037666057,0,0.144070666667,-17481422.3023,-3393.21235268
2,25.7574902,0.356003406,-1.71580442,0.0182530161,0.0515621335,-10.0601195,10.1116817,1.88114063,13.6212889,-72.2407864,0,0.144070667,54218.0434,14.9723648
0,45.03211,0.2534378,-1.240397,0.01629231,0.04768854,0.04660733,0.001081211,0.8285484,9.736561,0.2382598,0.08984512,0.1440707,196.066,3.717878
0,39.1364806,0.902495326,-1.53406883,0.0216496544,0.829014031,0.752185461,0.0768285693,0.327458922,6.22530455,13.6928883,0,0.144070667,13789.5006,6.86971418
0,40.2658261,0.5519625186,-1.81280368,0.02471351131,0.9594799454,0.637812057,0.3216678884,0.07789994925,0.9022663818,7.10113032,0,0.1440706667,301473.82,63.17057908
2,15.0780084,0.45954185259,-1.7730237073,0.010784332916,0.030854472624,-0.05026084496,0.081115317583,-0.12981250278,17.966737915,-0.46588639336,0,0.14407066667,-2161196.6587,-418.13395946
2,63.096232,0.31699596,-1.6010849,0.0085217298,-0.75312788,-2.0204519,1.2673241,-13.908754,22.419323,-12.918956,0,0.14407067,-2765.188,1.1687435
2,10.376873,0.74974567,-1.5178641,0.0087571056,0.54557292,-0.01412013,0.55969305,2.1544547,13.744639,-0.21353931,0,0.14407067,3757.8856,4.8387328
0,0.4720359,0.5922676377857454,-1.768747853416525,0.01000502643348687,0,0,0,-1.500011367187036e-23,23.89313676765463,0,0,0.1440706666666666,-2.354331307048893e+28,-4.571729366033849e+24
0,6.37501,0.627562,-0.85373,0.0132349,0.000528125,0.000454513,7.36118e-05,0.93698,25.3036,0.00575345,0.000770471,0.144071,3.13882,3.0813
0,6.43826,0.599455,-0.893561,0.0135832,0.000818413,0.000738158,8.02551e-05,0.934048,24.1633,0.00892546,0.00125218,0.144071,5.01529,3.14558
0,0.4904654,0.438528593922,-1.96845076864,0.0130918409709,0,0,0,-0.0614066507421,17.6910285193,0,0,0.144070666667,-55367959.8413,-10749.9952186
2,29.6778126,0.5283157969295,-1.547775149495,0.01715100156936,-0.5621929976811,-0.5897976892207,0.02760469153961,-0.0001184132142949,33.2953396449,-6.285239536193,0,0.1440706666667,-243213671.7615,-47227.08106028
2,13.2558097,0.9010464551,-1.727653879,0.01237588538,0.05764047484,-1.728066699,1.785707174,2.851616094,34.25460573,-31.4074628,0,0.1440706667,104731.2685,24.82689234
2,15.208941,0.63975963,-1.4214213,0.01250332,0.20818359,-0.017346392,0.22552999,2.2234475,20.436028,-0.22384694,0,0.14407067,1568.6135,4.2722778
0,44.4655809,0.507985778,-1.71734501,0.0207708675,0.906469865,0.573720405,0.332749459,0.155132362,1.91671827,5.8786421,0,0.144070667,94361.9353,22.7976701
0,6.19303,0.487816,-0.793872,0.0161206,0.000224013,0.000173075,5.09387e-05,0.920644,19.675,0.001703,0.00029321,0.144071,1.15138,2.96953
0,40.93937,0.3408045,-1.181379,0.01236494,0.03139829,0.03060261,0.0007956853,0.8706335,13.31698,0.2103725,0.05546958,0.1440707,119.5789,3.6186
0,4.98317,0.937712,-0.624991,0.0138685,8.21844e-05,2.29971e-05,5.91873e-05,0.95711,37.8259,0.000434979,3.89437e-05,0.144071,0.243294,2.7206
1,0.445,0.45945,-1.9926,0.0095465,,,,,,,,,,
0,35.2768,0.4423421,-1.19219,0.01518554,0.02945406,0.02840431,0.001049753,0.8945532,17.31927,0.2534356,0.05189509,0.1440707,173.9071,3.659205
1,0.25912,0.90243,-1.9313,0.012979,,,,,,,,,,
0,4.90762,0.972547,-0.516739,0.0111256,7.97784e-05,7.13704e-06,7.26414e-05,0.958583,39.2312,0.000140008,1.20855e-05,0.144071,0.0627233,2.54266
2,0.7528787,0.3174950662,-1.92477548,0.01092618416,-0.04215362914,-0.04456524647,0.002411617336,-2.693801407,13.34823649,-0.2854029542,0,0.1440706667,-543424.1478,-103.7661024
0,6.39708,0.550782,-0.846677,0.0200015,0.000320924,0.000274749,4.61758e-05,0.928996,22.2124,0.00305239,0.000465657,0.144071,2.53833,3.06322
0,6.93544,0.895572,-0.932276,0.0221116,0.00081595,0.000744927,7.10236e-05,0.954708,36.0995,0.0134567,0.00126479,0.144071,12.0534,3.23071
0,52.71673,0.9142257,-1.167445,0.01458288,0.02379194,0.02190837,0.001883567,0.9404976,36.00402,0.4040068,0.03932532,0.1440707,250.2339,3.667978
0,35.09503,0.46837414,-1.3307713,0.014518015,0.1414184,0.11129073,0.030127674,0.82474604,16.222943,1.051422,0.32189611,0.14407067,1047.7791,4.0597564
0,55.85873,0.9570745,-1.177139,0.02336835,0.01701676,0.01544354,0.00157322,0.9468155,37.95308,0.2981383,0.02779506,0.1440707,296.7664,3.695472
0,56.3555,0.8953141,-1.192927,0.01171553,0.04094619,0.03697578,0.003970405,0.9281867,34.63965,0.6677562,0.06790504,0.1440707,338.407,3.726092
0,45.38472,0.6446289,-1.256274,0.01838785,0.05578462,0.04813797,0.00764665,0.902283,24.55478,0.6259256,0.09761446,0.1440707,556.7698,3.857425
0,6.25279,0.424424,-0.743619,0.0174508,0.00012758,8.38629e-05,4.37176e-05,0.909939,17.1198,0.000717952,0.00014204,0.144071,0.531559,2.87944
0,6.23537,0.59334,-0.776112,0.0222387,0.000137628,9.98809e-05,3.77467e-05,0.933855,23.9331,0.0011954,0.000169191,0.144071,1.09912,2.94937
0,16.6207128,0.55821584,-1.67956832,0.0161994012,0.139161768,0.0874043044,0.0517574633,1.81608715,19.3855831,0.984147394,0,0.144070667,50181.9948,14.1484188
2,20.4462168,0.2984687074,-1.88161659,0.01713066508,0.09988051959,-0.1448736052,0.2447541248,2.014125191,10.8381244,-0.8721942974,0,0.1440706667,338991.464,70.5307364
0,5.36003,0.457165,-0.508667,0.0230631,3.52611e-05,3.10393e-06,3.21572e-05,0.915899,18.4422,2.86227e-05,5.25585e-06,0.144071,0.0278204,2.49281
0,6.76677,0.717357,-0.943183,0.0160376,0.00127486,0.00118085,9.40054e-05,0.943909,28.9026,0.0170866,0.00200606,0.144071,11.2286,3.23782
0,25.694178,0.37856853,-1.5189009,0.015184508,0.95183066,0.3793734,0.57245725,0.088497152,0.73564859,2.8969204,0,0.14407067,4962.1774,5.0879072
0,7.04375,0.713327,-0.968103,0.00942842,0.00295026,0.00276142,0.000188836,0.942531,28.692,0.0397326,0.00469959,0.144071,15.3745,3.27969
0,27.0672,0.285273,-1.15849,0.0176218,0.0167698,0.0164203,0.000349461,0.86138,11.3154,0.0944862,0.029009,0.144071,76.5418,3.56443
0,12.864043,0.63977533,-1.4360044,0.022119085,0.056771955,0.026260675,0.03051128,3.7702893,24.344416,0.33888984,0,0.14407067,1328.9924,4.2318127
0,6.59021,0.44795,-0.958522,0.023662,0.00102947,0.000974256,5.5213e-05,0.913688,18.0525,0.00880295,0.00165576,0.144071,8.82323,3.2403
0,31.7212186,0.2621923807,-1.813470626,0.02006057992,0.9949049668,0.7407326976,0.2541722692,0.008203099959,0.05389174551,3.917479687,0,0.1440706667,172471.2727,38.09234997
0,54.861602,0.25414952,-1.5005904,0.017384226,0.40121748,0.40121583,1.650487e-06,0.58783436,6.1392253,2.0568022,2.3811934,0.14407067,4927.7193,5.0625475
0,7.07438,0.352513,-1.00202,0.011948,0.00348788,0.00336189,0.000125986,0.891433,14.1714,0.0239047,0.00573338,0.144071,12.4128,3.30204
0,6.2614,0.838896,-0.806949,0.0220002,0.000192677,0.000150005,4.26722e-05,0.952233,33.836,0.00253828,0.000254147,0.144071,2.26457,3.01758
2,2.0927732,0.95430500829,-1.8508680877,0.016220500446,-1.5845995682,-1.7710183673,0.18641879908,-0.45608684411,99.502876688,-34.090662318,0,0.14407066667,-9259346.3052,-1796.4763563
2,5.6002457,0.5583663496,-1.552027046,0.01583775879,-0.1207355056,-0.1207355057,9.330754225e-11,-0.1253726856,25.24512552,-1.359813703,0,0.1440706667,-183949.3616,-34.27902148
0,29.6835902,0.2749308053,-1.863064881,0.02268087639,0.9972511886,0.7465778357,0.2506733529,0.004786205484,0.03048761921,4.140222366,0,0.1440706667,316201.2305,66.08311514
0,0.442278,0.974973793834877,-1.87158154015428,0.02409439283258137,0,0,0,-4.280743058748013e-07,39.33218821151076,0,0,0.1440706666666666,-5088268908515.872,-988059254.9133817
2,20.790534,0.48979362,-1.5444131,0.018123039,-0.20619866,-0.2147374,0.0085387381,2.5654248,23.833462,-2.1215144,0,0.14407067,7696.2188,5.6668768
0,53.95756,0.8041864,-1.176359,0.01491029,0.02570334,0.02387283,0.001830506,0.9335984,31.60844,0.387245,0.04312743,0.1440707,248.1534,3.676059
0,42.5878,0.4525646,-1.242763,0.02450736,0.03393008,0.03189701,0.002033068,0.8933732,17.63779,0.2911761,0.0615714,0.1440707,339.566,3.776329
2,11.1149871,0.66228836871,-1.4340229949,0.010651048621,-0.0078152557208,-0.062670863797,0.054855608076,-0.0035190010385,26.92670561,-0.83721688585,0,0.14407066667,-1535353.2134,-296.92675077
0,5.0095,0.379006,-0.50223,0.0169041,4.62628e-05,3.89879e-06,4.23641e-05,0.900282,15.2891,2.98058e-05,6.60178e-06,0.144071,0.0216019,2.47337
2,1.4183953,0.9001576459,-1.881168606,0.02264529284,0.008858606711,-0.007195373797,0.01605398051,12.43602327,35.99227968,-0.1306462972,0,0.1440706667,181279.988,39.873117
0,5.7264,0.24202,-0.70393,0.0085251,0.00017629,0.00010311,7.318e-05,0.85212,9.7618,0.00050336,0.00017462,0.14407,0.19439,2.788
0,12.0813507,0.6323959961,-1.771076002,0.02227287289,0.5519642688,0.4801016454,0.0718626234,-1.179310681,11.43028156,6.124173367,0,0.1440706667,-147606.3723,-26.99144385
0,5.12999,0.350394,-0.687382,0.0117792,0.000120725,6.03402e-05,6.03852e-05,0.892966,14.1338,0.00042647,0.000102187,0.144071,0.217157,2.77714
0,22.8979,0.456076,-1.12375,0.00986789,0.0195506,0.0189349,0.000615693,0.903281,18.0392,0.174191,0.0331557,0.144071,74.4757,3.52789
0,20.856,0.570138,-1.04285,0.0189157,0.00373366,0.00357708,0.000156575,0.929046,22.9145,0.0411371,0.0061187,0.144071,32.5381,3.39629
1,0.18775,0.91311,-1.8407,0.011566,,,,,,,,,,
0,51.34667,0.7013172,-1.21223,0.02426277,0.02477891,0.02267232,0.002106597,0.9273634,27.59134,0.320727,0.04201496,0.1440707,345.7041,3.747908
0,49.36798,0.7438336,-1.208575,0.02323349,0.02487397,0.02265404,0.002219936,0.9303222,29.26117,0.3398964,0.04186399,0.1440707,348.699,3.745278
1,0.25415,0.74835,-1.8691,0.022668,,,,,,,,,,
0,12.0381802,0.240740577,-1.77894658,0.0182415549,0.525870027,0.348012834,0.177857193,0.868521687,4.60470565,1.68993393,0,0.144070667,89331.2055,21.8795705
0,6.34386,0.38512,-0.853115,0.0154151,0.000441697,0.000387185,5.4512e-05,0.901461,15.5296,0.00300773,0.000656294,0.144071,1.98653,3.05696
2,6.0408984,0.435418143,-1.67882366,0.0210275747,0.0218961271,-0.00303162816,0.0249277552,4.34915601,17.1809299,-0.026626104,0,0.144070667,18394.7285,7.92353574
0,15.9127,0.377652,-1.04565,0.0106234,0.00680521,0.0065936,0.000211618,0.895709,15.1315,0.0502273,0.0112938,0.144071,23.1022,3.37966
0,6.27215,0.452731,-0.650632,0.00847902,0.000141113,5.2285e-05,8.8828e-05,0.915079,18.2614,0.000477466,8.85436e-05,0.144071,0.170772,2.72804
1,0.33204,0.74025,-1.8652,0.017348,,,,,,,,,,
0,46.79282,0.2771437,-1.194267,0.01134917,0.04003742,0.03919665,0.0008407721,0.8436347,10.73284,0.2191186,0.07131456,0.1440707,117.3653,3.630098
0,6.19777,0.887673,-0.837772,0.0154989,0.000382234,0.000316257,6.59774e-05,0.954609,35.7966,0.00566263,0.000535985,0.144071,3.55065,3.07176
0,36.45517,0.55331805,-1.3202527,0.01162959,0.1598045,0.12466225,0.035142255,0.82304529,18.75471,1.3913455,0.35105981,0.14407067,1060.3994,4.0523036
0,31.41252,0.5707651,-1.246841,0.008659518,0.1011008,0.09188446,0.009216324,0.8647721,20.69777,1.057851,0.1836243,0.1440707,433.7936,3.811288
0,41.3898513,0.484214382,-1.71778416,0.0130710254,0.781604922,0.415034831,0.366570091,1.37807611,4.26614583,4.05366075,0,0.144070667,23776.7906,9.02079246
0,31.1034811,0.228976498,-1.61143294,0.00953811528,0.205220578,0.101818253,0.103402326,1.26059785,7.34163332,0.470263985,0,0.144070667,11411.2282,6.47552918
0,42.91134,0.2377714,-1.309109,0.02488968,0.06676209,0.06317128,0.003590818,0.8088792,8.951733,0.3029733,0.1421555,0.1440707,446.3174,3.877451
0,159.51464,0.86414138,-1.287162,0.018883793,0.078257409,0.059085783,0.019171626,0.90165776,32.132878,1.029895,0.14133903,0.14407067,1084.1679,4.0249675
0,6.12768,0.4674,-0.715974,0.0116988,0.000153416,8.77104e-05,6.57059e-05,0.917514,18.8529,0.000826923,0.000148549,0.144071,0.407018,2.83805
0,25.10087,0.2583639,-1.198172,0.02491394,0.01917206,0.01878981,0.0003822446,0.8484954,10.22303,0.09792182,0.03415714,0.1440707,116.8669,3.633687
0,42.7053,0.296474,-1.193687,0.008849935,0.05069987,0.04956861,0.001131255,0.8442868,11.35391,0.2964275,0.09077483,0.1440707,123.1397,3.633107
0,31.6590542,0.374487333,-1.73339207,0.0197040909,0.217298211,0.15805511,0.0592431013,1.60077423,11.824659,1.19390795,0,0.144070667,69329.3607,17.9369577
0,0.4488236,0.4334474723,-1.920696605,0.01845763932,0,0,0,14.33060808,17.48604698,0,0,0.1440706667,126985.4189,29.35123006
0,57.187173,0.33429919,-1.4186792,0.017373528,0.26239025,0.18119201,0.081198235,0.7134379,9.9475732,1.2217984,0.83200293,0.14407067,2297.2653,4.4306319
2,5.9027247,0.82340542,-1.43266039,0.0166164187,0.0231187012,-0.00318630723,0.0263050085,-0.565258943,32.4496998,-0.052920817,0,0.144070667,-11318.9591,-0.733101537
0,46.454171,0.95955596,-1.3413527,0.0094077298,0.26777901,0.18226929,0.085509724,0.77069617,28.344425,3.5278408,0.56907068,0.14407067,2244.2582,4.3418128
2,53.8792952,0.264538593038738,-1.81309771582817,0.00927376343308237,-16633.5317200088,-16633.8901010418,0.358381033005571,-0.120151846001006,177523.063989194,-88758.1083284896,0,0.144070666666667,-38602603882.6749,-7495998.20552091
0,54.11344,0.9322816,-1.201497,0.0219443,0.02492186,0.02202909,0.002892767,0.9404819,36.6726,0.4142561,0.0404715,0.1440707,394.7296,3.753509
0,15.2051103,0.941391757,-1.65162252,0.0116251178,0.325270451,0.294814023,0.030456428,1.79743152,25.6244933,5.59813928,0,0.144070667,46807.4023,13.4616049
0,70.434938,0.35773867,-1.5025988,0.022105413,0.35074341,0.23751981,0.1132236,0.65398829,9.3699531,1.7139214,1.9215647,0.14407067,6936.7878,5.4722553
0,33.2285,0.684217,-1.04056,0.0101807,0.0067742,0.00644809,0.000326113,0.937834,27.4156,0.0889918,0.0110389,0.144071,37.4465,3.40217
0,4.93385,0.679206,-0.53802,0.0192388,4.64866e-05,5.42484e-06,4.10618e-05,0.941779,27.3991,7.43214e-05,9.18601e-06,0.144071,0.0586043,2.56045
0,6.3872,0.5285,-0.740478,0.008602,0.000256089,0.000163393,9.26963e-05,0.926272,21.3152,0.00174182,0.000276759,0.144071,0.624437,2.88459
0,11.9488,0.245792,-1.07815,0.0249987,0.00432765,0.0042387,8.89557e-05,0.851524,9.87277,0.0210148,0.00728554,0.144071,24.069,3.41445
0,4.95037,0.710084,-0.526832,0.0163656,5.37972e-05,5.52354e-06,4.82737e-05,0.944163,28.6445,7.91138e-05,9.35316e-06,0.144071,0.0529324,2.54403
0,6.2827,0.411155,-0.803423,0.0176572,0.000223643,0.000178629,4.50138e-05,0.907243,16.583,0.00148144,0.000302634,0.144071,1.11331,2.97734
0,47.887982,0.25847936,-1.4413397,0.0087942485,0.53645805,0.37504602,0.16141203,0.48572493,4.833593,1.9553999,2.1989947,0.14407067,2193.5116,4.4307704
0,47.29167,0.503801,-1.263561,0.01256181,0.08452407,0.07616606,0.00835801,0.8679145,18.60635,0.7740084,0.1569068,0.1440707,481.6323,3.842673
0,4.91883,0.678224,-0.522493,0.0213009,4.08982e-05,4.01376e-06,3.68845e-05,0.941703,27.3597,5.49098e-05,6.79656e-06,0.144071,0.0479426,2.5346
0,23.0644,0.86612,-1.0161,0.0103427,0.00494667,0.00464797,0.000298697,0.95057,34.768,0.081202,0.00793642,0.144071,34.2208,3.37246
0,6.62132,0.42407,-0.8384,0.00946804,0.000610989,0.000521839,8.91498e-05,0.909565,17.0973,0.00446375,0.000884501,0.144071,1.79427,3.03697
0,12.8798,0.719734,-1.01577,0.0186502,0.00271349,0.00256906,0.000144431,0.943151,28.9566,0.0372968,0.0043824,0.144071,28.6022,3.36182
0,4.71457,0.985477,-0.566776,0.0197511,4.87731e-05,7.64508e-06,4.1128e-05,0.959123,39.754,0.000151968,1.29458e-05,0.144071,0.120799,2.62638
0,56.15558,0.5390268,-1.312445,0.01662198,0.1078741,0.0855699,0.02230424,0.8569323,19.39955,0.9303719,0.222181,0.1440707,952.9543,4.018142
0,36.05999,0.5519271,-1.176965,0.01761718,0.02134212,0.02041145,0.0009306788,0.9156069,21.79053,0.2272378,0.03678614,0.1440707,175.7991,3.644903
1,0.29252,0.9362,-1.8267,0.019712,,,,,,,,,,
0,55.371745,0.3499129,-1.3585332,0.019249921,0.1367767,0.10652928,0.030247425,0.80465239,12.185357,0.75188964,0.34678683,0.14407067,1152.2822,4.1126961
2,10.804943,0.32887275,-1.4903703,0.020824344,0.010177838,-0.001537901,0.011715739,3.3186207,13.132283,-0.010201909,0,0.14407067,1637.4109,4.3567917
2,19.7389384,0.50909055151,-1.7355641544,0.012350946541,-2.1325536554,-2.2359715073,0.10341785194,-0.10641768073,64.33520978,-22.960771277,0,0.14407066667,-5834591.0817,-1131.5360387
0,19.0659302,0.48030578,-1.67268595,0.0105432646,0.273843587,0.237302191,0.0365413959,1.52563149,14.0702935,2.29903049,0,0.144070667,39688.6521,12.0918457
0,5.9679,0.22936,-0.77622,0.018895,0.00015086,0.00011773,3.3134e-05,0.84524,9.2514,0.00054464,0.00019941,0.14407,0.47006,2.9057
0,41.35322,0.4864157,-1.247189,0.02110925,0.04216103,0.03906357,0.003097455,0.8933318,18.79556,0.3832699,0.07566391,0.1440707,383.0376,3.795386
0,6.38917,0.492473,-0.866562,0.0172756,0.000464828,0.000410549,5.42797e-05,0.921181,19.858,0.00407824,0.000696021,0.144071,2.95449,3.09099
0,28.0603329,0.365480136,-1.60915997,0.0167894321,0.563269101,0.331253328,0.232015772,0.845890183,6.43921407,2.4420199,0,0.144070667,14486.2327,7.08263209
1,110.0657,0.9799208,-1.256585,0.01530921,,,,,,,,,,
0,18.3984403,0.8029868661,-1.6186845702,0.024903518127,0.55598160564,0.43042291153,0.1255586941,-0.024130746429,14.383499747,6.97154433,0,0.14407066667,-1281925.7744,-247.52132361
0,46.3857,0.2998949,-1.294316,0.02365518,0.06150979,0.05747624,0.004033553,0.8386243,11.35413,0.3476823,0.1236897,0.1440707,451.527,3.864265
0,6.17424,0.637021,-0.748914,0.0128096,0.000186999,0.000122283,6.47164e-05,0.938073,25.6938,0.00157124,0.000207124,0.144071,0.828311,2.90758
0,42.995382,0.8260027,-1.3412723,0.024381361,0.11185494,0.076747369,0.035107566,0.87660311,29.59515,1.2787043,0.2193535,0.14407067,2058.0569,4.3011247
0,21.183349,0.54899332,-1.4497603,0.010418535,0.057012959,0.019190194,0.037822765,1.942806,20.884686,0.2125062,0,0.14407067,2640.1737,4.5354488
0,27.4671185,0.991214725,-1.67033761,0.0122466191,0.66307914,0.471556552,0.191522588,0.617107815,13.4725813,9.42815468,0,0.144070667,91159.6232,22.1270516
0,88.175,0.733145,-1.2948,0.0101603,0.1481969,0.1150371,0.03315977,0.8462602,25.19325,1.701191,0.2897695,0.1440707,999.0263,4.01187
2,8.8445029,0.53925205069,-1.5798030522,0.009319633774,-1.370364556,-1.3992109697,0.028846413673,-0.0071423730344,51.565842288,-15.219492716,0,0.14407066667,-9423022.1384,-1828.5315126
0,11.3841,0.593619,-1.01164,0.0143212,0.00333094,0.00317251,0.000158423,0.931834,23.8679,0.0379871,0.00541269,0.144071,22.6311,3.34451
0,6.33369,0.760093,-0.775819,0.0127972,0.000241463,0.000172909,6.85543e-05,0.947521,30.6561,0.00265099,0.000292912,0.144071,1.38234,2.96091
0,7.26175,0.512517,-1.00534,0.0185701,0.00236281,0.00225784,0.000104966,0.922807,20.627,0.0233414,0.00384964,0.144071,18.2137,3.32619
0,10.87684,0.5133026,-1.145812,0.02378092,0.01077926,0.01038793,0.0003913269,0.9175271,20.48434,0.1075543,0.01826458,0.1440707,110.5296,3.577232
0,6.73986,0.617957,-0.952674,0.0242278,0.000944145,0.000882861,6.12839e-05,0.935801,24.906,0.0110047,0.00150008,0.144071,11.0252,3.24633
0,20.9387,0.384788,-1.13568,0.0199163,0.0112536,0.0109482,0.000305405,0.894569,15.3484,0.0849746,0.0191468,0.144071,74.5747,3.5399
0,50.1675,0.895202,-1.04007,0.0154279,0.0044991,0.00423312,0.000265984,0.952292,35.9516,0.0764375,0.00723905,0.144071,48.059,3.41657
0,20.9889,0.738697,-1.02551,0.0154951,0.00369552,0.00350058,0.000194935,0.943852,29.6902,0.0521593,0.00597791,0.144071,33.2117,3.38014
0,5.01302,0.850341,-0.587767,0.014342,7.00174e-05,1.37864e-05,5.6231e-05,0.952924,34.3019,0.000236467,2.33456e-05,0.144071,0.137376,2.65399
1,0.31372,0.55668,-1.9644,0.010358,,,,,,,,,,
0,5.41813,0.814544,-0.697319,0.0148598,0.000110162,5.43412e-05,5.58209e-05,0.950932,32.8565,0.00089283,9.20306e-05,0.144071,0.538586,2.83382
0,0.5057946,0.8841771937471046,-1.855353785953647,0.01720746553143927,0,0,0,-3.191633465941763e-16,35.66929082267862,0,0,0.1440706666666666,-5.024547136107272e+21,-9.756855215911141e+17
0,33.0215783,0.924112435,-1.6632238,0.0168989645,0.63238016,0.372688911,0.259691248,0.579301896,13.7049963,6.94698652,0,0.144070667,90157.6755,21.9248079
0,196.2893,0.6863995,-1.276462,0.01891991,0.0684203,0.05557646,0.01284384,0.897328,25.79599,0.7694724,0.122954,0.1440707,762.2546,3.933656
0,6.09584,0.514276,-0.644672,0.0196586,5.98818e-05,2.08903e-05,3.89915e-05,0.924516,20.7456,0.000216703,3.53757e-05,0.144071,0.177871,2.72417
2,0.8126243,0.97789269173,-1.9430935424,0.015318628267,0.19621821457,-0.0067877908774,0.20300600544,-4.2772368486,31.709144638,-0.13388897746,0,0.14407066667,-1028698.6366,-198.01300585
0,0.3772974,0.25409697,-1.5322263,0.023061778,0,0,0,5.9838934,10.250727,0,0,0.14407067,1213.4918,4.3009345
0,0.4462836,0.237791992,-1.97156753,0.0155819956,0,0,0,20.8775059,9.59295466,0,0,0.144070667,91913.9246,22.5751781
1,0.3312,0.81315,-1.9715,0.010953,,,,,,,,,,
1,0.25226,0.87399,-1.8725,0.013093,,,,,,,,,,
2,13.925015,0.71273147,-1.5110778,0.018360075,0.89006655,-0.043962509,0.93402905,-0.18155957,3.1609016,-0.63202401,0,0.14407067,-9399.0166,-0.27231176
0,13.016396,0.93706067,-1.518363,0.015358142,0.1010605,0.013106324,0.087954179,2.8636082,33.982345,0.24772725,0,0.14407067,7035.0977,5.5078327
0,0.8227428,0.4255630437526669,-1.972725516389925,0.01653036974914575,0.9233890812011021,0.9233890812011021,0,-1.017518915750429e-07,1.315254339808314,7.926360337547817,0,0.1440706666666666,-2624427318663.219,-509621198.2540451
0,20.9393713,0.822915344,-1.742974561,0.01941955691,0.2935183189,0.1827544792,0.1107638397,1.481483748,23.45369275,3.033530464,0,0.1440706667,168046.0788,37.1612175
0,14.337696,0.61525262,-1.409435,0.020907185,0.020351633,0.0089329961,0.011418637,3.2413143,24.315256,0.11086023,0,0.14407067,1097.5876,4.1504784
0,5.36778,0.761947,-0.632826,0.0207069,5.59362e-05,1.70333e-05,3.89029e-05,0.947762,30.7366,0.000261787,2.88442e-05,0.144071,0.220784,2.72344
0,35.49573,0.2416513,-1.360009,0.01288042,0.193089,0.1645191,0.02856985,0.7295886,7.866291,0.8019193,0.5281955,0.1440707,836.0919,4.036292
0,6.87712,0.733016,-0.957411,0.0148579,0.0016419,0.00152913,0.000112772,0.944788,29.5226,0.0226091,0.00259955,0.144071,13.7567,3.26297
2,0.7499033,0.2062735384,-1.922784337,0.01747681963,0.003674733957,-0.0008706017032,0.004545335661,8.29414957,8.290864711,-0.003622331574,0,0.1440706667,106856.539,25.43574808
0,27.1304604,0.611162614,-1.67265908,0.0101299034,0.959062445,0.60663389,0.352428554,0.0736201925,1.00933155,7.47839877,0,0.144070667,58979.329,15.8581089
0,49.348111,0.46488973,-1.38417,0.014677158,0.23223949,0.16390148,0.06833801,0.76278683,14.398952,1.5369438,0.63221271,0.14407067,1996.5042,4.3305097
0,7.18311,0.804375,-0.963462,0.0084119,0.00313514,0.00291618,0.000218965,0.948382,32.3482,0.0473149,0.00496262,0.144071,16.2297,3.278
0,5.01421,0.552024,-0.529503,0.0185511,4.63413e-05,5.04298e-06,4.12983e-05,0.929319,22.2686,5.61528e-05,8.53936e-06,0.144071,0.0432673,2.53634
0,14.3217146,0.331415052,-1.53763649,0.0199152235,0.74849814,0.120399893,0.628098246,-0.0280120271,3.36254881,0.80486585,0,0.144070667,-91152.9709,-16.237782
0,6.63871,0.703518,-0.750941,0.00917215,0.000267238,0.000175271,9.19664e-05,0.943534,28.3736,0.0024872,0.000296891,0.144071,0.93339,2.91577
0,0.5261828,0.51108935481,-1.9450131283,0.016341468601,0,0,0,-0.64424825304,20.618259509,0,0,0.14407066667,-4551703.8198,-882.19794219
0,37.27492,0.8366037,-1.247731,0.0161495,0.06020651,0.04974796,0.01045855,0.912273,31.71812,0.8394992,0.09959239,0.1440707,637.3897,3.871485
0,5.47334,0.755647,-0.69182,0.0193939,8.12703e-05,3.87983e-05,4.2472e-05,0.947333,30.4817,0.000591367,6.5706e-05,0.144071,0.467351,2.82101
0,5.6647,0.559434,-0.602888,0.0243101,4.16233e-05,9.87715e-06,3.17461e-05,0.930193,22.5676,0.000111457,1.67255e-05,0.144071,0.112439,2.65881
1,162.3286,0.8453488,-1.286722,0.01645659,,,,,,,,,,
0,6.42562,0.602254,-0.746106,0.016418,0.000142206,9.203e-05,5.01758e-05,0.934766,24.2925,0.00111798,0.000155877,0.144071,0.758067,2.90021
0,3.866606,0.6074192,-1.408586,0.008450495,0.01614167,0.001282917,0.01485875,6.189746,24.10883,0.01571855,0,0.1440707,563.7004,4.011718
1,0.25576,0.78702,-1.8529,0.015854,,,,,,,,,,
2,18.3105602,0.4532805708851,-1.510736316266,0.0188062305239,-729.8279468756,-729.9043050737,0.07635819804125,-0.007791571179925,13364.02922579,-6673.569686777,0,0.1440706666667,-921930016.4817,-179022.8873289
0,52.1823,0.223078,-0.790362,0.018755,0.310193,9.84639e-05,0.310095,0.783805,6.20781,0.000443056,0.000240914,0.144071,0.407894,2.91255
0,6.29418,0.730685,-0.79046,0.020898,0.000170321,0.000127787,4.25335e-05,0.945576,29.4721,0.0018834,0.000216481,0.144071,1.60723,2.98334
0,19.373661,0.3980028527,-1.86166818,0.0217849015,0.7659922165,0.4818295749,0.2841626416,0.547471941,3.757263505,3.868163379,0,0.1440706667,334618.3523,69.6609335
0,13.061147,0.43467824,-1.6890944,0.0095884451,0.00062266569,0.00062122728,1.4384129e-06,51.824896,17.524779,0.0054468271,0,0.14407067,1796.6379,4.5912034
0,5.04302,0.919661,-0.612909,0.00871999,0.000124758,3.13171e-05,9.34407e-05,0.956278,37.0962,0.000580944,5.30336e-05,0.144071,0.204479,2.69958
2,12.006868,0.875184061,-1.56546525,0.0135258337,-0.0138078105,-0.0354366284,0.0216288178,3.13678746,35.7939971,-0.625571513,0,0.144070667,12388.3392,6.62352207
0,10.2354,0.616104,-1.00288,0.0158917,0.00269294,0.0025572,0.000135735,0.934497,24.7878,0.0317793,0.00435841,0.144071,20.9409,3.33142
0,194.1334,0.6601791,-1.287021,0.009575086,0.1433634,0.1159384,0.02742497,0.8442714,22.81464,1.543882,0.2782409,0.1440707,820.6018,3.959334
0,0.4607118,0.43739980221,-1.942539053,0.012312902652,0,0,0,-0.39319036087,17.645491041,0,0,0.14407066667,-6183076.6981,-1199.0022965
2,10.981789,0.95491422,-1.5048426,0.011610924,0.0017117983,-5.480424e-05,0.0017666025,3.5462444,38.457006,-0.0010556105,0,0.14407067,5403.9904,5.1640244
0,32.3551098,0.4476435308,-1.865414246,0.02223685629,0.8481987471,0.6304875652,0.2177111819,0.2769446753,2.741339569,5.692905944,0,0.1440706667,506415.5164,103.0461923
2,1.4665358,0.9541754544685148,-1.8744863231165,0.01983864528212288,-2771918.023910018,-2771918.023910085,6.752088665962219e-08,-4.581212048859369e-06,106699883.6013997,-53349922.55412816,0,0.1440706666666666,-1.338840475441975e+18,-259981095255667.8
0,51.3542082,0.936423005668,-1.46049939358,0.0117306967062,0.632853525172,0.127614357047,0.505239168124,-5.56095360309e-05,13.8696851851,2.41044253275,0,0.144070666667,-70316777.8988,-13653.3333464
0,39.7749106,0.5236457421,-1.758551684,0.0111115659,0.6476607645,0.4474008778,0.2002598866,0.7313208881,7.443098226,4.72562852,0,0.1440706667,131964.1465,30.15784931
0,38.31289,0.36195263,-1.6543971,0.017404652,0.81320267,0.76197055,0.051232119,1.3477746,2.7275804,5.5630773,0,0.14407067,6885.729,5.6137592
0,5.34168,0.543575,-0.606525,0.015218,6.72057e-05,1.65329e-05,5.06728e-05,0.928287,21.9273,0.000181273,2.79963e-05,0.144071,0.114709,2.66347
0,3.0274966,0.63059662194,-1.392105922,0.014197014437,0.063370319749,0.00082273839388,0.062547581355,-0.00086430908421,23.827293907,0.010464984151,0,0.14407066667,-3228627.9311,-625.81333406
0,6.32972,0.435732,-0.771481,0.0163785,0.000175562,0.000127787,4.77745e-05,0.912038,17.5751,0.00112314,0.000216461,0.144071,0.778711,2.92697
0,12.4230575,0.673520569725,-1.76065571196,0.0101580316069,0.351270447232,0.23554974732,0.115720699912,-0.00962105840928,17.6266472199,3.20006409531,0,0.144070666667,-24405867.4141,-4737.82498812
0,6.45603,0.661438,-0.925305,0.00858037,0.00190705,0.00175468,0.000152362,0.93911,26.6327,0.0234106,0.00298019,0.144071,8.26581,3.20362
0,15.9180683,0.755849263,-1.63667414,0.0146356921,0.921696969,0.805329634,0.116367335,0.194752212,2.38764047,12.2781814,0,0.144070667,33220.7498,10.7907317
0,14.968727,0.30101002,-1.5592739,0.016055673,0.19817898,0.16350511,0.034673872,1.6651644,9.7367395,0.99274437,0,0.14407067,5862.8138,5.311739
0,11.76945,0.6362473,-1.154446,0.01956429,0.01468524,0.01399689,0.0006883424,0.9286369,25.29042,0.1796316,0.02480491,0.1440707,150.643,3.609565
0,61.18858,0.5395065,-1.310661,0.01806882,0.09859373,0.07838513,0.0202086,0.8632031,19.6188,0.8530129,0.1997616,0.1440707,935.0579,4.01191
0,28.531124,0.85437791,-1.3186421,0.0087647686,0.22693145,0.1628358,0.064095648,0.79645213,26.645458,2.8062417,0.45626846,0.14407067,1524.9715,4.1595742
2,3.4196146,0.4025250906,-1.886730149,0.01551129328,0.8758872284,-0.5144550265,1.390342255,0.8973706375,2.015415512,-4.177010257,0,0.1440706667,151091.33,34.00717128
0,47.915282,0.34246887,-1.3860719,0.022610693,0.15125164,0.11046825,0.040783393,0.79201747,11.726144,0.76310401,0.42053363,0.14407067,1604.6206,4.2450866
0,5.06772,0.422666,-0.515681,0.00899814,8.99055e-05,8.70546e-06,8.12001e-05,0.909622,17.0496,7.42188e-05,1.47412e-05,0.144071,0.0283384,2.50077
2,0.8432579,0.771343139113,-1.81995190694,0.0175117035955,-0.175787433068,-0.175787439802,6.73392258621e-09,-0.0447234055204,36.587404444,-2.73502079344,0,0.144070666667,-23341283.4062,-4531.03846071
0,7.09664,0.8378,-0.945348,0.0147559,0.00143149,0.00131935,0.000112137,0.95137,33.75,0.022296,0.00224179,0.144071,13.3759,3.24939
0,42.249266,0.6055797,-1.3908051,0.01562279,0.21434691,0.21434457,2.3379718e-06,0.79021434,19.193638,2.6182371,0.64678465,0.14407067,2797.4866,4.5100151
0,31.33794,0.4419641,-1.25096,0.02066015,0.04447069,0.04159302,0.002877665,0.8846884,17.03673,0.3707939,0.08114607,0.1440707,367.9883,3.794175
2,4.1829417,0.91898089,-1.4818673,0.023023781,-8.7242948e-05,-0.00010706909,1.9826143e-05,6.7818735,37.076569,-0.0019847041,0,0.14407067,2028.1079,4.4351509
0,15.1833869,0.783301995,-1.54079606,0.0242118152,0.145694879,0.0855538668,0.060141012,2.04340283,26.995875,1.35174274,0,0.144070667,10447.5793,6.21323398
0,29.506019,0.54030909,-1.4253502,0.010100781,0.25838443,0.028910427,0.229474,1.3404921,16.165021,0.3150808,0,0.14407067,2164.59,4.4084828
0,12.30034,0.9064351,-1.114868,0.02287425,0.007813647,0.007336359,0.0004772885,0.9506554,36.28149,0.1341351,0.01276054,0.1440707,126.9741,3.556607
2,14.733093,0.95419145,-1.3988363,0.022126948,-0.033222642,-0.036939154,0.0037165119,2.6689488,39.772657,-0.71096404,0,0.14407067,1902.8381,4.3245186
0,30.0141,0.231235,-1.11963,0.0155699,0.0116712,0.0114635,0.000207668,0.839304,9.21958,0.0534685,0.0199307,0.144071,38.854,3.48342
0,5.53234,0.341823,-0.692272,0.015421,9.51487e-05,4.90788e-05,4.60699e-05,0.890594,13.7885,0.000338392,8.31149e-05,0.144071,0.226185,2.78413
0,51.899463,0.23344404,-1.4980005,0.011268347,0.54260626,0.54260124,5.0264875e-06,0.46974695,4.3075286,2.5549873,3.5533817,0.14407067,4185.0784,4.9073554
0,49.59372,0.3524541,-1.314859,0.02387338,0.07628206,0.0660756,0.01020645,0.845132,13.134,0.4697523,0.1595671,0.1440707,674.7879,3.948805
0,7.46227,0.386753,-1.01132,0.0171641,0.00273577,0.00263614,9.96266e-05,0.900391,15.5596,0.0205649,0.00449735,0.144071,15.2049,3.3223
0,6.09167,0.604862,-0.724094,0.0148857,0.00013109,7.6509e-05,5.45806e-05,0.935036,24.398,0.000933457,0.00012958,0.144071,0.573684,2.86384
0,5.73441,0.804896,-0.71604,0.0196213,9.49997e-05,5.234e-05,4.26597e-05,0.950384,32.4679,0.000849765,8.86438e-05,0.144071,0.677281,2.86434
2,37.2684644,0.465439482,-1.65928071,0.0226700792,0.919531892,-1.17840238,2.09793427,0.112420675,1.51092246,-11.0632315,0,0.144070667,48688.727,13.8366106
1,0.24419,0.20139,-1.1644,0.022696,,,,,,,,,,
0,5.41965,0.705613,-0.676799,0.02183,6.54736e-05,2.84212e-05,3.70524e-05,0.943822,28.4638,0.000404514,4.81306e-05,0.144071,0.361173,2.79273
0,14.91119,0.8515983,-1.11139,0.01000186,0.01694238,0.01598449,0.0009578841,0.9419857,33.77295,0.2745736,0.02790842,0.1440707,114.0717,3.545118
0,13.40463,0.9127859,-1.118042,0.01967315,0.009452971,0.008867157,0.0005858148,0.949877,36.47533,0.1632595,0.0154543,0.1440707,133.0738,3.563377
0,27.747849,0.59447681,-1.4672935,0.018377189,0.5384538,0.034698595,0.5037552,-1.8468654,11.06892,0.41607534,0,0.14407067,-1843.7923,1.2346966
0,6.42631,0.609936,-0.814942,0.0247024,0.000184071,0.000148035,3.60358e-05,0.935507,24.6014,0.00182127,0.000250818,0.144071,1.85715,3.0153
0,5.73696,0.265532,-0.569917,0.0152528,5.22963e-05,1.03076e-05,4.19886e-05,0.863492,10.7115,5.5208e-05,1.74538e-05,0.144071,0.0376415,2.5696
0,5.11066,0.613955,-0.617651,0.0189857,5.65689e-05,1.52875e-05,4.12814e-05,0.935983,24.7666,0.000189321,2.58876e-05,0.144071,0.148237,2.68778
0,45.90514,0.4265343,-1.299595,0.01500599,0.1046635,0.0903797,0.01428383,0.8425265,15.40619,0.7775888,0.2086609,0.1440707,652.6116,3.927518
2,33.8081427,0.580632425,-1.59851536,0.0108039823,-3.15190347,-7.88705209,4.73514861,6.08513276,97.253155,-92.3721739,0,0.144070667,26527.1039,9.44121406
0,7.68622,0.658687,-0.983377,0.0155215,0.00216372,0.00204027,0.000123451,0.93871,26.5151,0.0271077,0.00347353,0.144071,17.3582,3.30158
2,17.615407,0.8189046,-1.5923745,0.010829908,0.076664991,-0.12920361,0.2058686,-6.5673276,30.503367,-2.1341902,0,0.14407067,-7124.5744,0.26488049
2,12.5857618,0.213658186,-1.56160717,0.0163950688,0.939839771,-0.0668147977,1.00665457,-0.027444689,0.518542292,-0.287950187,0,0.144070667,-19520.5366,-2.22477086
0,46.54656,0.8779751,-1.255803,0.02475045,0.04338712,0.03476942,0.008617699,0.9256994,33.88235,0.6157505,0.07208292,0.1440707,744.3143,3.908289
0,29.1886924,0.8052463185,-1.777671679,0.01099625166,0.9938203714,0.7226841418,0.2711362296,0.01288505161,0.2007457159,11.73822536,0,0.1440706667,258243.9513,54.73295517
0,12.24968,0.4677511,-1.166337,0.01668529,0.01965018,0.01897361,0.0006765723,0.9051286,18.49912,0.1790152,0.0338847,0.1440707,131.709,3.610878
0,45.399072,0.64922295,-1.3767452,0.019264699,0.17263161,0.11736475,0.055266866,0.8246339,21.669453,1.5369392,0.43784839,0.14407067,2526.4464,4.4380873
0,27.8714787,0.237087355,-1.76313239,0.0114380278,0.99929879,0.734876206,0.264422584,0.00115700904,0.00670674006,3.51437215,0,0.144070667,79714.6452,19.990524
0,6.34713,0.416678,-0.904615,0.0142915,0.000877728,0.000808424,6.93034e-05,0.907945,16.7948,0.00679461,0.00137169,0.144071,4.13318,3.14652
2,43.688676,0.94073789,-1.401937,0.017263722,0.6016746,-0.052674655,0.65434926,0.7356937,15.116867,-0.99952924,0,0.14407067,2730.3557,4.5068632
0,6.49551,0.523034,-0.928542,0.0213496,0.000791749,0.000735494,5.62549e-05,0.925218,21.0834,0.00775951,0.00124858,0.144071,6.92376,3.1975
0,44.07286,0.235443,-1.246208,0.01390029,0.06027523,0.05871193,0.001563307,0.8117819,8.925687,0.2788286,0.1134671,0.1440707,197.6667,3.724417
0,48.4445,0.822453,-1.05556,0.0177798,0.00472889,0.00447229,0.000256606,0.948381,33.0223,0.0741936,0.00766402,0.144071,54.0811,3.43929
0,5.19097,0.319613,-0.695208,0.0147524,0.000100264,5.32746e-05,4.69892e-05,0.883874,12.8925,0.000343455,9.02209e-05,0.144071,0.221286,2.78594
0,16.4652831,0.443960132,-1.71311692,0.0176258977,0.480164933,0.456586182,0.0235787517,4.67323774,9.31032219,4.0887627,0,0.144070667,14411.2497,7.17176192
0,6.71588,0.748945,-0.904321,0.0117501,0.00108876,0.000979445,0.000109315,0.946238,30.1809,0.0147964,0.00166207,0.144071,7.10006,3.1746
0,18.6791,0.9873,-1.06871,0.0236978,0.00422893,0.00396405,0.000264887,0.956468,39.661,0.0789429,0.00680783,0.144071,76.2515,3.4744
0,5.6777,0.21439,-0.53257,0.017338,0.00042985,5.6103e-06,0.00042424,0.83622,8.6453,2.4262e-05,9.5037e-06,0.14407,0.019417,2.4982
0,43.237126,0.33908157,-1.4460107,0.024720882,0.21148965,0.21148855,1.1021955e-06,0.75114833,10.786157,1.4464926,0.83064596,0.14407067,3360.9209,4.6840589
2,16.8458607,0.8107794588,-1.582351633,0.01386429374,-55.32754779,-61.30655521,5.97900742,23.53897378,1842.378039,-1002.616441,0,0.1440706667,105555.0388,24.84195548
0,6.24168,0.46426,-0.651183,0.0245271,4.89442e-05,1.82042e-05,3.074e-05,0.917069,18.7281,0.000170474,3.0827e-05,0.144071,0.175998,2.73014
2,1.7907447,0.7425484630880625,-1.898360343243727,0.01751116655372253,-1101.292135294293,-1117.171628980121,15.87949368582827,-0.001165987806178132,33019.97031315581,-16732.84823617779,0,0.1440706666666666,-2212115910106.886,-429557013.2661429
0,40.317027,0.87622392,-1.3489614,0.023071681,0.11589677,0.078587407,0.037309366,0.87716177,31.251671,1.3889712,0.25586834,0.14407067,2397.3236,4.3825344
2,1.1576611,0.805917134371,-1.90549364415,0.0213403284413,-1.75083346289,-1.75083346289,2.22044604925e-16,-0.479467182786,89.4354824658,-28.4616712686,0,0.144070666667,-15968675.9899,-3099.29268792
0,6.5873,0.377535,-0.936219,0.0121376,0.00151551,0.001427,8.8514e-05,0.89901,15.2074,0.0108669,0.00242383,0.144071,5.67233,3.19469
2,32.5848251,0.977391985654,-1.68706305309,0.0116399491365,-194.663800705,-194.959571783,0.295771077688,-0.779273666919,7714.9732585,-3843.60284675,0,0.144070666667,-51245903.0984,-9949.83609936
0,0.4926671,0.6408413131,-1.940241311,0.02111932441,0,0,0,-28.01699748,25.85268578,0,0,0.1440706667,-123435.4763,-22.119494
1,0.24591,0.68089,-1.9035,0.024482,,,,,,,,,,
0,5.80306,0.503056,-0.625556,0.0121973,8.87652e-05,2.63388e-05,6.24264e-05,0.922945,20.2924,0.000267262,4.46021e-05,0.144071,0.136337,2.69138
0,24.962016,0.934932095,-1.66462352,0.00882818809,0.612134743,0.47881787,0.133316873,0.787444548,14.6290496,9.02974715,0,0.144070667,72083.0494,18.4049122
1,110.6098,0.7529082,-1.271693,0.02135437,,,,,,,,,,
0,38.302289,0.66141189,-1.314602,0.019848377,0.095197405,0.071611061,0.023586344,0.87726596,24.142431,0.9553825,0.19129278,0.14407067,1190.9969,4.0779807
1,0.35435,0.69896,-1.9312,0.012011,,,,,,,,,,
0,45.07207,0.9829011,-1.202293,0.01532426,0.03617209,0.03164155,0.004530543,0.9350748,38.21769,0.6273252,0.05855076,0.1440707,417.9917,3.761765
0,5.53615,0.520037,-0.607981,0.0196759,5.18573e-05,1.30285e-05,3.88288e-05,0.925295,20.9781,0.000136664,2.20619e-05,0.144071,0.112177,2.66378
0,32.781273,0.78650874,-1.3315998,0.018133548,0.12636058,0.089199707,0.037160878,0.8645689,27.719854,1.4151163,0.26047259,0.14407067,1726.1299,4.2179602
0,23.7319,0.89325,-1.02714,0.0236167,0.00249658,0.00234607,0.000150502,0.953503,35.9453,0.0422707,0.00400513,0.144071,40.6438,3.39358
2,4.2752227,0.6984323392,-1.656272231,0.02282702271,-13.82872138,-14.14562047,0.3168990875,-13.95569975,417.814215,-199.2835781,0,0.1440706667,-104347.3413,-18.68822509
1,0.34862,0.61936,-1.9811,0.014176,,,,,,,,,,
0,0.4412793,0.9314872128,-1.877197913,0.02146309424,0,0,0,17.85705426,37.57786168,0,0,0.1440706667,125254.6872,28.97094623
2,14.296223,0.73392649,-1.7543657,0.0088815314,-1.2220072,-5.6743292,4.452322,-110.12999,65.788987,-84.00251,0,0.14407067,-7340.1768,0.38347331
0,5.37825,0.397587,-0.671505,0.00996601,0.000131603,5.81616e-05,7.34418e-05,0.904443,16.0372,0.000466438,9.84963e-05,0.144071,0.198393,2.75662
0,68.459727,0.42711618,-1.3589246,0.018681271,0.14400927,0.10769762,0.036311649,0.81511408,14.749261,0.92784899,0.359144,0.14407067,1383.771,4.1674454
0,54.015807,0.44644903,-1.3796729,0.011787609,0.27183995,0.19494796,0.076891984,0.7298919,13.114565,1.7555603,0.7430065,0.14407067,1793.705,4.2811285
0,51.68427,0.2423091,-1.217343,0.00959804,0.06170557,0.06052611,0.001179462,0.8143212,9.171999,0.2958269,0.1134193,0.1440707,139.7575,3.666494
0,44.13609,0.2988466,-1.320334,0.02462015,0.07746894,0.06870686,0.008762083,0.8281964,11.12204,0.4141651,0.1660006,0.1440707,625.5885,3.940837
2,16.861584,0.94150298,-1.45097,0.011738176,0.77708546,-0.19577441,0.97285986,0.61371977,8.4667212,-3.7179435,0,0.14407067,3441.3387,4.7058489
0,6.82436,0.32286,-0.970218,0.019896,0.00140466,0.00134566,5.89958e-05,0.884096,13.0065,0.00876348,0.00228841,0.144071,7.63478,3.24433
0,6.10376,0.634205,-0.638839,0.0208,5.62767e-05,1.83185e-05,3.79582e-05,0.9379,25.5835,0.00023434,3.10207e-05,0.144071,0.200612,2.72453
0,38.58421,0.702325,-1.23063,0.01641681,0.04618758,0.04117425,0.00501333,0.9132377,27.02441,0.583296,0.07865007,0.1440707,435.5095,3.795613
1,0.51224,0.47721,-1.9763,0.018693,,,,,,,,,,
0,15.6248334,0.356629276,-1.64723442,0.0183003164,0.614725705,0.100845164,0.513880541,0.824744008,5.54296571,0.725432885,0,0.144070667,20857.1948,8.37657293
1,0.35004,0.61126,-1.9812,0.013372,,,,,,,,,,
0,5.94983,0.442392,-0.629689,0.0154777,6.99459e-05,2.18881e-05,4.80578e-05,0.913313,17.8456,0.000195317,3.7065e-05,0.144071,0.127768,2.69218
0,31.9777916,0.612135532,-1.76230715,0.01547088,0.753995168,0.478850509,0.275144659,3.29628085,6.07500156,5.91252123,0,0.144070667,25077.371,9.32060348
2,11.5989528,0.28388885764435,-1.7427115521074,0.01699839159993,-3949.0577472745,-3949.0873875886,0.029640314150129,-0.20798086554107,45238.371025258,-22613.62894937,0,0.14407066666667,-2301073229.294,-446829.93522044
0,17.7538,0.689852,-1.02661,0.0150616,0.00384578,0.00365301,0.000192769,0.940172,27.7228,0.0508313,0.00623755,0.144071,31.5756,3.37832
0,23.0702,0.458885,-1.06322,0.0223299,0.00406482,0.0039265,0.000138315,0.913628,18.437,0.0363442,0.00673267,0.144071,34.5807,3.42018
1,0.31338,0.77228,-1.8176,0.02033,,,,,,,,,,
0,24.55061,0.6222307,-1.481177,0.02313216,0.04257475,0.03398337,0.008591375,-43.16742,24.03319,0.4265236,0,0.1440707,-204.7143,1.6798
0,40.90119,0.4381991,-1.241512,0.01019909,0.07854726,0.07444416,0.004103095,0.8617856,16.2892,0.6580022,0.1455908,0.1440707,319.9139,3.768199
0,5.29894,0.577265,-0.601527,0.0217628,4.64598e-05,1.08421e-05,3.56177e-05,0.932199,23.2868,0.000126245,1.83595e-05,0.144071,0.113767,2.65805
0,36.74334,0.8071835,-1.156613,0.01628009,0.01836996,0.01721594,0.001154012,0.9385982,31.96504,0.2803033,0.03065034,0.1440707,193.698,3.633009
0,18.5781688,0.915621597,-1.63858614,0.015216635,0.504493209,0.224544798,0.279948411,1.17055233,18.3029379,4.14709703,0,0.144070667,43422.9023,12.787497
0,6.84879,0.581043,-0.969637,0.020859,0.001351,0.00127396,7.70314e-05,0.931773,23.4087,0.0149311,0.00216651,0.144071,12.9407,3.2719
1,0.2543,0.77943,-1.8508,0.018142,,,,,,,,,,
0,4.76022,0.813535,-0.523145,0.0249738,3.54679e-05,3.45226e-06,3.20156e-05,0.950923,32.8183,5.66506e-05,5.84576e-06,0.144071,0.0574293,2.54453
1,0.33748,0.95698,-1.9051,0.014899,,,,,,,,,,
0,33.58057,0.2037414,-1.376974,0.02252687,0.1313853,0.1094732,0.02191206,0.7485131,7.139398,0.4498962,0.3755467,0.1440707,919.7386,4.074399
0,6.08513,0.609953,-0.742689,0.0147767,0.000153374,9.78613e-05,5.5513e-05,0.935528,24.6028,0.00120402,0.000165753,0.144071,0.73418,2.89514
0,7.01691,0.567752,-0.985709,0.0152974,0.00224945,0.00213291,0.00011654,0.92973,22.8526,0.0244262,0.00363158,0.144071,15.5643,3.29796
0,48.73421,0.650427,-1.253952,0.01249224,0.07867973,0.06837218,0.01030756,0.8874863,24.17488,0.8970221,0.139461,0.1440707,540.92,3.850542
0,6.3862,0.2204,-0.81481,0.01211,0.00035362,0.00030145,5.2166e-05,0.83983,8.8881,0.0013401,0.00051076,0.14407,0.74613,2.9681
0,6.03905,0.742024,-0.733542,0.0234142,9.07402e-05,5.49169e-05,3.58233e-05,0.946413,29.9318,0.000821957,9.30109e-05,0.144071,0.78506,2.88945
1,182.2864,0.9893667,-1.284554,0.01198114,,,,,,,,,,
0,50.69843,0.6148767,-1.228281,0.0215202,0.0335543,0.03072562,0.002828674,0.9142579,23.97291,0.381078,0.05821579,0.1440707,374.435,3.773641
0,0.4971773,0.2287663038,-1.962426332,0.01556631074,0,0,0,5.585093502,9.228842224,0,0,0.1440706667,293921.0079,61.85226449
0,39.570763,0.287779086,-1.7384612,0.0197248737,0.998419321,0.706270496,0.292148826,0.00229767555,0.0183509289,4.09973196,0,0.144070667,80002.9201,20.0220166
0,3.0434567,0.87907529,-1.5096351,0.021497361,0.0017958004,0.00012126987,0.0016745305,8.5288301,35.399785,0.0021503253,0,0.14407067,2199.6509,4.5004016
0,13.192132,0.96756931,-1.3630975,0.016404151,0.15711157,6.7075999e-05,0.15704449,-1.3019184,32.900867,0.0013091048,0,0.14407067,-2038.9837,1.0874271
2,49.597996,0.94755968,-1.4077466,0.013174616,0.29487204,-0.0629486,0.35782064,1.0135054,26.954401,-1.2031446,0,0.14407067,3807.7338,4.7389721
0,6.0896,0.23259,-0.69669,0.013115,0.00010766,6.1078e-05,4.6581e-05,0.84709,9.3822,0.00028655,0.00010343,0.14407,0.17126,2.7742
0,6.17872,0.769137,-0.796464,0.0178415,0.000212443,0.000161671,5.07721e-05,0.948123,31.0218,0.0025082,0.000273896,0.144071,1.82246,2.99584
0,6.39559,0.84142,-0.845915,0.0190415,0.000340002,0.000285781,5.42212e-05,0.952274,33.9329,0.00485034,0.000484366,0.144071,3.74604,3.08269
0,6.62052,0.909365,-0.908443,0.0178168,0.000758116,0.000681119,7.69972e-05,0.955394,36.6576,0.0124936,0.00115573,0.144071,9.00544,3.19131
0,6.25027,0.664664,-0.864693,0.0243008,0.000327054,0.000284961,4.20934e-05,0.9404,26.805,0.00382043,0.00048307,0.144071,3.81391,3.1024
0,43.783534,0.21660536,-1.5186271,0.017256592,0.48568273,0.23310071,0.25258201,0.65281668,4.4942319,1.0184459,0,0.14407067,4095.1357,4.9094003
2,18.4704894,0.4808343584416095,-1.690232731847374,0.02460472103560302,-2824.485272163485,-2824.534049157753,0.0487769942678824,-1.018633416872302e-06,54807.96876734353,-27394.75860548376,0,0.1440706666666666,-290083078493278.5,-56329426727.45605
0,6.39856,0.626409,-0.741553,0.0204186,0.000110108,6.9797e-05,4.0311e-05,0.937141,25.2677,0.000881902,0.000118216,0.144071,0.741822,2.89454
0,24.74929,0.8508872,-1.365534,0.02441762,0.003281347,0.003184873,9.647335e-05,3.125056,34.21368,0.05466248,0,0.1440707,911.4268,4.060878
2,22.2547484,0.26112781391,-1.740792633,0.018641819237,-826.98653158,-958.17418559,131.187654,85.777814378,8722.3110772,-5046.8775723,0,0.14407066667,1049539.7029,208.42491952
0,40.98101,0.9381751,-1.202427,0.01404078,0.03909804,0.0345374,0.004560636,0.9313075,36.36789,0.65358,0.06401323,0.1440707,400.0582,3.756163
0,6.03182,0.708595,-0.780887,0.0230979,0.000140021,0.000102246,3.77752e-05,0.943997,28.582,0.0014614,0.000173202,0.144071,1.38065,2.96592
0,14.318877,0.47312249,-1.5536569,0.011945644,0.16861634,0.025786184,0.14283016,2.2132767,15.868294,0.2460854,0,0.14407067,6688.2188,5.4731703
0,37.256567,0.96616001,-1.3769283,0.011462139,0.68884612,0.65495997,0.033886148,0.58770012,12.127728,12.764064,0,0.14407067,1988.6965,4.3215505
0,6.44897,0.310536,-0.866542,0.0133328,0.000591576,0.000531798,5.97782e-05,0.880581,12.5202,0.00333108,0.000901619,0.144071,1.94815,3.06937
2,11.804389,0.66721125,-1.5299074,0.016922855,-0.015085627,-0.015370635,0.00028500789,3.190454,27.322548,-0.20686182,0,0.14407067,5888.4232,5.2875694
0,6.12907,0.356985,-0.745984,0.0191337,0.000117215,7.88453e-05,3.83695e-05,0.894736,14.3997,0.000567742,0.000133542,0.144071,0.468719,2.87533
0,24.6002,0.308309,-1.10914,0.0128844,0.0124116,0.0121283,0.00028335,0.872473,12.2834,0.0754242,0.0210478,0.144071,43.5182,3.47965
0,0.4192809,0.8631478387857094,-1.761205807281354,0.0187228936642227,0,0,0,-3.016820090014942e-43,34.82092899742904,0,0,0.1440706666666666,-1.548485009077043e+48,-3.006906618310406e+44
0,28.8105238,0.3728569911,-1.817386132,0.01083466828,0.9974869851,0.797965044,0.1995219411,0.005009524017,0.03780006249,6.001382782,0,0.1440706667,208310.4301,45.06534923
0,12.66435,0.6545633,-1.129468,0.02439976,0.008653044,0.008262476,0.0003905679,0.9341638,26.17776,0.1090905,0.01443031,0.1440707,112.4626,3.562154
0,1.0698147,0.8734056033587985,-1.881572769272545,0.008390664862939714,0.6792070205303679,0.6091583933166319,0.07004862721373595,-6.706082925173969e-06,11.30305901656723,10.7317705042653,0,0.1440706666666666,-106121581503.4143,-20607088.02709114
0,18.9110423,0.338336664,-1.750703954,0.02092194313,0.2876072971,0.08430974878,0.2032975483,-0.2091058421,9.723524018,0.5753763787,0,0.1440706667,-545116.8039,-104.2690201
2,10.8902398,0.314813723,-1.871612497,0.009457376946,0.1883325101,-0.021396274,0.2097287841,3.371116346,10.30829819,-0.1358679356,0,0.1440706667,169405.314,37.55421079
0,12.40501,0.6283326,-1.15356,0.01679881,0.01688,0.0161039,0.0007760934,0.9264886,24.92019,0.2041014,0.0285616,0.1440707,147.0989,3.606768
0,42.680713,0.2317834,-1.4325551,0.022506447,0.22076677,0.15434676,0.06642001,0.70550946,7.2862649,0.72161409,0.76755899,0.14407067,2033.5654,4.3870366
2,22.1876239,0.653698827478931,-1.7320635338517,0.0241858768912699,-54663.1807610121,-54663.4000652199,0.219304207872483,-0.164612650253288,1441569.93419043,-720774.673082154,0,0.144070666666667,-80801603430.7119,-15690359.2826896
0,6.43594,0.619294,-0.810188,0.0112912,0.00038315,0.000304658,7.84922e-05,0.93629,24.9739,0.0038057,0.000516222,0.144071,1.7721,3.00812
2,14.9096912,0.8581497463,-1.407637914,0.01982572007,0.3827568523,-0.006500783544,0.3892576359,-0.003444167487,21.36852385,-0.1125262781,0,0.1440706667,-887047.7306,-171.0345417
0,162.82578,0.96469817,-1.276049,0.016870398,0.079354058,0.059906953,0.019447104,0.90543566,35.829378,1.165719,0.13716157,0.14407067,1043.7026,4.0040422
0,40.471455,0.68950758,-1.3071576,0.0098521622,0.17050908,0.13075766,0.039751418,0.82762701,23.073095,1.8185756,0.35023854,0.14407067,1096.4883,4.0479361
0,14.5905056,0.664013334343,-1.59614959634,0.0202304954505,0.143858584414,0.00786026199693,0.135998322417,-0.00106193564775,22.9338767009,0.105278331472,0,0.144070666667,-34772683.582,-6751.07516379
2,23.7318377,0.88232034809,-1.8881053752,0.021637363038,-5.4263133159,-7.0707754311,1.6444621152,13.619091116,228.74065323,-125.83994208,0,0.14407066667,1150041.8843,228.09282381
0,40.9096123,0.275936529,-1.6264472,0.0247190635,0.165357503,0.110302578,0.0550549248,1.41201694,9.29105128,0.613931659,0,0.144070667,15634.9829,7.32690908
2,0.9516874,0.4234041,-1.492414,0.01164495,0.0001207702,-6.815604e-05,0.0001889262,8.868867,17.07882,-0.0005820826,0,0.1440707,818.0227,4.164065
0,5.12829,0.449341,-0.582415,0.0233114,3.99095e-05,7.91868e-06,3.19908e-05,0.914558,18.1265,7.17719e-05,1.34089e-05,0.144071,0.0706155,2.61443
1,186.9793,0.7808492,-1.280141,0.01631488,,,,,,,,,,
0,0.4245463,0.33120246096725,-1.994422446058889,0.01981320858011733,0,0,0,-5.415366323755498e-232,13.36130018391621,0,0,0.1440706666666666,-6.619471636727047e+237,-1.285393979116156e+234
0,27.972881,0.3540317495,-1.794347733,0.01317424545,0.9947381513,0.7478970548,0.2468410965,0.009564504841,0.07515116769,5.340835537,0,0.1440706667,161350.286,35.91028713
0,6.10639,0.489331,-0.644608,0.0223066,5.2471e-05,1.83952e-05,3.40757e-05,0.920979,19.7395,0.000181565,3.11504e-05,0.144071,0.169754,2.72171
0,5.65436,0.485661,-0.620162,0.0240217,4.39509e-05,1.24788e-05,3.14721e-05,0.920435,19.5916,0.000122245,2.11312e-05,0.144071,0.123152,2.68076
2,4.7862141,0.38584154,-1.4784784,0.021600954,0.2266279,-0.0054480971,0.23207599,3.6285795,12.037953,-0.042401282,0,0.14407067,1178.291,4.2388387
0,5.51166,0.268805,-0.519529,0.00913752,7.91373e-05,9.00722e-06,7.01301e-05,0.864913,10.8432,4.88374e-05,1.52518e-05,0.144071,0.0199147,2.48649
0,41.38423,0.3665325,-1.247404,0.01704832,0.05026525,0.0481303,0.00213495,0.8653396,14.04333,0.3558412,0.09394718,0.1440707,296.2688,3.765554
1,0.25373,0.42793,-1.9983,0.02217,,,,,,,,,,
0,6.14263,0.407728,-0.647314,0.0143006,8.09754e-05,2.9708e-05,5.12674e-05,0.906628,16.4472,0.000244326,5.0308e-05,0.144071,0.148762,2.71763
0,44.816678,0.42236055,-1.3739934,0.017788862,0.18575385,0.13509417,0.050659674,0.78781932,13.873762,1.15092,0.45770651,0.14407067,1634.3316,4.2397201
0,36.560318,0.68719655,-1.3117295,0.0094396036,0.18397209,0.14009053,0.043881555,0.81793853,22.622529,1.9418466,0.38765553,0.14407067,1153.6061,4.0662086
0,5.95426,0.271518,-0.593546,0.0203946,4.21091e-05,1.04425e-05,3.16666e-05,0.866104,10.9531,5.71912e-05,1.76823e-05,0.144071,0.0519824,2.60981
0,35.30976,0.6676173,-1.22842,0.01036501,0.06949309,0.06298769,0.006505402,0.8950094,25.06123,0.8482198,0.1210858,0.1440707,400.5668,3.78232
2,12.0137395,0.4040849076,-1.824106869,0.02470943135,0.3765492374,-0.1902386351,0.5667878725,2.293491066,10.16318794,-1.550588369,0,0.1440706667,133364.1595,30.49580655
0,9.6948711,0.51534401,-1.5046534,0.018524778,0.99515389,0.95485155,0.040302338,0.017848964,0.10075018,9.9256341,0,0.14407067,2805.9854,4.6256696
0,23.3811,0.242292,-1.14663,0.0163487,0.0155598,0.0152796,0.000280155,0.842868,9.62241,0.0746754,0.0268483,0.144071,57.1162,3.53375
0,5.405,0.618923,-0.694258,0.016016,9.84194e-05,4.84752e-05,4.99442e-05,0.936437,24.966,0.000605175,8.20947e-05,0.144071,0.399555,2.81538
0,6.4593,0.316097,-0.891717,0.0194718,0.00054671,0.000502979,4.37305e-05,0.882457,12.7449,0.00320697,0.00085305,0.144071,2.73441,3.11212
2,9.0386121,0.44216949,-1.6609022,0.018653799,-0.12726118,-0.63668769,0.50942651,-12.623997,20.107982,-5.6785885,0,0.14407067,-5891.8187,0.58255122
0,6.41436,0.364996,-0.889127,0.0129032,0.000803634,0.000734121,6.95129e-05,0.896376,14.7128,0.00540482,0.00124519,0.144071,3.0059,3.11445
2,24.430101,0.2938719,-1.5422907,0.015449588,-3.1413524,-4.0828667,0.9415143,6.2499323,49.097053,-24.201843,0,0.14407067,6332.717,5.389965
0,5.42243,0.436316,-0.705962,0.0217256,7.64454e-05,4.15329e-05,3.49125e-05,0.912208,17.6004,0.000365526,7.03375e-05,0.144071,0.336066,2.81819
2,16.8449019,0.886202949,-1.65811696,0.0189575862,-81.0109776,-84.3784717,3.36749407,601.326414,2931.97556,-1508.30794,0,0.144070667,17401.6555,7.70713871
0,29.883725,0.95053787,-1.3173017,0.022971008,0.09009979,0.062999016,0.027100774,0.89749762,34.891397,1.2078927,0.17112104,0.14407067,1741.8303,4.2071761
0,94.2002345,0.91751711,-1.48565499,0.0209619076,0.366230571,0.237596771,0.1286338,0.692758384,23.4585208,4.39723702,1.6300565,0.144070667,13188.3244,6.70227129
1,0.26375,0.78415,-1.869,0.024354,,,,,,,,,,
0,4.83906,0.890333,-0.538083,0.0226796,4.01227e-05,4.60553e-06,3.55172e-05,0.95496,35.9162,8.27099e-05,7.79867e-06,0.144071,0.0758224,2.57375
0,6.44769,0.86311,-0.853887,0.020341,0.000348752,0.000296344,5.24078e-05,0.953406,34.8073,0.00515926,0.000502315,0.144071,4.25185,3.09727
0,5.47421,0.546027,-0.582956,0.0230477,4.13698e-05,8.06503e-06,3.33048e-05,0.928602,22.0268,8.8827e-05,1.36568e-05,0.144071,0.0851008,2.62456
0,29.63576,0.68020156,-1.3289056,0.011244964,0.19249472,0.14062454,0.051870188,0.81105569,22.158388,1.9294072,0.40574876,0.14407067,1420.8233,4.145979
0,13.2045,0.829579,-1.00603,0.0171137,0.00263182,0.00247308,0.000158749,0.95014,33.3786,0.0413828,0.00421457,0.144071,28.8812,3.35264
0,5.20256,0.666936,-0.692304,0.0206946,7.56069e-05,3.65865e-05,3.90204e-05,0.940753,26.9033,0.000492188,6.19601e-05,0.144071,0.417962,2.81575
0,0.8273212,0.45382352816,-1.9166237723,0.019477066018,0.12763331111,0.027244619684,0.10038869142,-0.80954479073,15.971336053,0.24939797802,0,0.14407066667,-1948530.1226,-376.68864645
0,5.42862,0.965405,-0.685259,0.0152294,0.000100436,4.54142e-05,5.5022e-05,0.958276,38.9423,0.000884355,7.69108e-05,0.144071,0.542548,2.82213
0,54.31444,0.9847722,-1.179638,0.01402044,0.02930479,0.02644065,0.002864134,0.939789,38.56327,0.5252101,0.04783768,0.1440707,313.6985,3.704109
0,75.4838744,0.625255858,-1.5563364,0.0138710413,0.872551776,0.700168497,0.172383279,0.17025296,3.21474643,8.8305043,0,0.144070667,18231.1998,7.76883503
0,6.8904,0.21022,-0.87592,0.021214,0.00025143,0.00021984,3.1583e-05,0.83337,8.4785,0.0009322,0.00063923,0.14407,1.5725,3.0677
0,54.598476,0.5638954,-1.3734995,0.015467057,0.20176104,0.14057953,0.061181509,0.79569717,18.158779,1.5989903,0.52308533,0.14407067,2104.5361,4.343525
0,21.484471,0.249037617,-1.70893123,0.0144062048,0.614193886,0.341095868,0.273098018,0.650676895,3.8760487,1.71343085,0,0.144070667,40834.6666,12.352091
0,24.1429803,0.7750451027,-1.704079864,0.02261139849,0.292363928,0.08451278014,0.2078511478,1.290853737,22.12544966,1.321218163,0,0.1440706667,110396.9701,25.90621272
2,9.1403225,0.91081269,-1.5401465,0.019977298,0.081508592,-0.00032140636,0.081829998,3.5701419,33.748878,-0.0059048478,0,0.14407067,7413.4909,5.605786
0,19.1311809,0.4718318444,-1.699835213,0.02202912025,0.177428172,0.1470972263,0.03033094577,-0.3159844624,15.6572774,1.399964111,0,0.1440706667,-302213.6309,-57.12172541
0,6.4449,0.828342,-0.850001,0.0097314,0.000696135,0.000589198,0.000106937,0.951329,33.3935,0.00984455,0.000998838,0.144071,3.88901,3.08873
0,6.31442,0.542355,-0.659699,0.0172799,7.37528e-05,2.88251e-05,4.49277e-05,0.928133,21.878,0.000315341,4.88135e-05,0.144071,0.226629,2.75166
0,6.75414,0.381505,-0.960432,0.0143065,0.00173568,0.00165071,8.49729e-05,0.899809,15.3639,0.0127027,0.00280653,0.144071,7.81433,3.23578
2,7.451845,0.4274443477147283,-1.450506543369205,0.02228879198104269,-190741.4411040641,-190741.527382167,0.08627810288453475,-1.996014157241386e-09,3289137.893089563,-1644561.068493892,0,0.1440706666666666,-4.086161434273296e+17,-79346624527702.02
0,34.73146,0.2778248,-1.351321,0.02038258,0.1192416,0.09959941,0.0196422,0.7934499,9.871497,0.5581526,0.2985393,0.1440707,862.902,4.034432
0,16.4125,0.6802,-1.02196,0.0231399,0.00236043,0.0022417,0.000118734,0.940366,27.3757,0.0307566,0.00382472,0.144071,29.3675,3.36952
0,34.395649,0.70963441,-1.3228504,0.0096046999,0.20553361,0.15145636,0.054077251,0.80392664,22.743922,2.1679405,0.43949415,0.14407067,1361.2039,4.1261441
1,0.34291,0.57612,-1.8564,0.019116,,,,,,,,,,
0,0.4592321,0.2356312636393604,-1.994152925689534,0.01835521333414863,0,0,0,-1.391873073416274e-72,9.505786995080053,0,0,0.1440706666666666,-1.825943708652279e+78,-3.545686390261734e+74
0,45.1517,0.298376,-1.15538,0.00915185,0.0309166,0.0302518,0.000664789,0.857434,11.6649,0.182071,0.0536688,0.144071,76.1635,3.56099
0,39.77926,0.9138475,-1.154741,0.01936484,0.01526567,0.01415573,0.00110994,0.9461064,36.30346,0.2609343,0.02515539,0.1440707,213.0543,3.639789
0,5.20907,0.725899,-0.619096,0.0222355,4.92431e-05,1.32978e-05,3.59453e-05,0.945315,29.2826,0.000194707,2.25182e-05,0.144071,0.176788,2.69828
0,26.70605,0.53607830059,-1.6356495707,0.022223143525,0.13721590058,0.063849710283,0.073366190302,-0.016377679331,18.658878084,0.69041835649,0,0.14407066667,-3046776.2729,-590.25417044
0,5.81981,0.29969,-0.572007,0.016699,4.96681e-05,9.67103e-06,3.99971e-05,0.877138,12.0894,5.84615e-05,1.63759e-05,0.144071,0.0429608,2.57848
2,19.0045505,0.5276598887,-1.797101845,0.008456821688,0.6983104184,-0.01476352823,0.7130739466,0.6550433347,6.421989045,-0.1571337268,0,0.1440706667,208573.7701,45.09626621
2,23.763092,0.58457222,-1.5488581,0.014731472,0.052051205,-0.02403686,0.076088065,-7.3450228,22.355183,-0.28342691,0,0.14407067,-2669.5055,1.1369061
0,5.40756,0.265783,-0.693591,0.0186623,7.59976e-05,4.12483e-05,3.47493e-05,0.863589,10.7213,0.000221135,6.98523e-05,0.144071,0.184469,2.77496
0,6.73428,0.300363,-0.951732,0.0179331,0.00123577,0.00117837,5.74015e-05,0.876645,12.1022,0.00713927,0.00200225,0.144071,5.65003,3.20999
0,6.13915,0.710114,-0.787969,0.0187931,0.000184508,0.000137626,4.68814e-05,0.944081,28.642,0.00197131,0.000233148,0.144071,1.51517,2.9778
0,32.51449,0.8196742,-1.223144,0.02068183,0.03435994,0.03003675,0.004323185,0.928645,31.93094,0.4966145,0.05670739,0.1440707,459.6506,3.795587
0,6.50028,0.338674,-0.794738,0.00987448,0.000360977,0.000285695,7.52816e-05,0.889524,13.6578,0.00195169,0.000484032,0.144071,0.836468,2.95391
0,5.08411,0.633643,-0.565096,0.0120328,7.73343e-05,1.22808e-05,6.50535e-05,0.937834,25.5603,0.000156963,2.07958e-05,0.144071,0.0777359,2.60205
1,0.2497,0.73874,-1.9677,0.0090276,,,,,,,,,,
0,31.514677,0.31019201,-1.3603901,0.015470465,0.16848896,0.13456539,0.033923574,0.77187849,10.40528,0.84195552,0.44192315,0.14407067,1050.4909,4.0900346
0,6.18258,0.428775,-0.768741,0.0216422,0.000129303,9.33657e-05,3.59376e-05,0.910769,17.2953,0.000807499,0.000158148,0.144071,0.740838,2.92166
0,6.32101,0.598042,-0.778866,0.0240723,0.00013063,9.55954e-05,3.50342e-05,0.934345,24.1229,0.00115317,0.000161933,0.144071,1.14713,2.95433
0,4.75923,0.863926,-0.543612,0.0161788,5.65989e-05,6.93118e-06,4.96677e-05,0.953638,34.8503,0.000120784,1.17369e-05,0.144071,0.079097,2.58145
0,18.0261393,0.3894760183,-1.874463638,0.009368034376,0.9353783103,0.7583840374,0.1769942729,0.1385409919,1.015346316,5.957925595,0,0.1440706667,421167.2954,86.4919493
0,7.12332,0.258554,-1.03172,0.0249919,0.00241062,0.00234917,6.14524e-05,0.85888,10.4054,0.0122515,0.00401421,0.144071,13.8536,3.33766
2,13.2055473,0.4847052604483,-1.815420533836,0.009448860781198,-4.210372506939,-4.376571127064,0.1661986201248,-0.004836358209,101.8829878715,-42.78946874369,0,0.1440706666667,-567065453.7196,-110113.6178953
2,7.2933389,0.77060771,-1.466226,0.011297233,-0.12975808,-0.12976535,7.2723645e-06,5.2097943,35.121574,-2.0170527,0,0.14407067,2045.6938,4.4233681
0,6.74003,0.858489,-0.925451,0.018679,0.000886829,0.000807899,7.893e-05,0.952819,34.6023,0.01399,0.00137155,0.144071,10.6046,3.21703
2,35.1970919,0.7988498543,-1.675588233,0.009832536341,-1.127114098,-1.406436362,0.279322264,-0.4580942357,68.55057665,-22.66263566,0,0.1440706667,-668435.2578,-128.3010574
0,17.3926043,0.2959664659,-1.861622274,0.01023689836,0.49956133,0.3487005291,0.150860801,0.9865535876,5.975146172,2.081710264,0,0.1440706667,295128.8961,61.98622346
0,1.769762,0.83771790357,-1.6684361888,0.022847388886,0.0090152642323,0.0085367020946,0.00047856213768,-0.027636992657,33.490368673,0.1442490939,0,0.14407066667,-4937816.1902,-957.45545975
2,25.078276,0.76834064,-1.5153603,0.020476725,0.098844627,-0.088161214,0.18700584,4.1760013,27.932425,-1.3663329,0,0.14407067,3815.2949,4.8481559
0,40.50321,0.7181148,-1.24813,0.01573509,0.06089899,0.0520988,0.008800183,0.9044361,27.20579,0.7546521,0.1027409,0.1440707,554.2856,3.848569
0,17.0172651,0.402469667,-1.69637855,0.00889033299,0.462727579,0.31726912,0.145458459,-3.41503206,8.72334138,2.57564574,0,0.144070667,-14902.8328,-1.17944738
0,21.0559,0.516131,-1.12027,0.0166795,0.011166,0.0107714,0.000394643,0.917662,20.5891,0.112139,0.0187565,0.144071,80.0069,3.52915
0,38.75057,0.6683374,-1.151368,0.009180942,0.02990178,0.02845139,0.001450399,0.9215022,26.15572,0.3835521,0.05080937,0.1440707,150.9171,3.606633
0,45.786904,0.69260244,-1.3621453,0.022071728,0.13340759,0.0914938,0.041913785,0.85318989,24.213305,1.278206,0.31681427,0.14407067,2261.9695,4.3664485
2,8.0535679,0.44266117261,-1.72216443298,0.00915443705813,-16.9115115894,-17.0253537163,0.113842126897,-0.0332051178413,319.859191152,-152.017205293,0,0.144070666667,-78267179.0887,-15196.916087
0,16.94832,0.6754198,-1.151143,0.01454477,0.01895137,0.01801511,0.0009362541,0.9292224,26.73126,0.2454347,0.03197944,0.1440707,152.5158,3.60726
0,5.0533,0.741843,-0.601424,0.0152841,6.76598e-05,1.54172e-05,5.22426e-05,0.946415,29.9252,0.000230697,2.61071e-05,0.144071,0.143811,2.67
0,4.90365,0.694425,-0.515588,0.0162656,5.32006e-05,4.81011e-06,4.83904e-05,0.942977,28.0129,6.73761e-05,8.14507e-06,0.144071,0.0448601,2.52428
0,6.40805,0.914269,-0.78448,0.015408,0.000219972,0.000160506,5.94668e-05,0.95597,36.8751,0.00295998,0.000271909,0.144071,1.84202,2.98441
0,0.5005316,0.331799070468913,-1.96854584143011,0.02457578765096204,0,0,0,-6.232460252900206e-17,13.38536847924534,0,0,0.1440706666666666,-4.132587153513983e+22,-8.024813666134437e+18
0,14.7061733,0.484108684,-1.62143183,0.0125690417,0.0082232418,0.00259188535,0.00563135645,2.43032571,19.3692126,0.0253095154,0,0.144070667,17755.8716,7.74027201
2,12.0583582,0.753358000030987,-1.63452294041936,0.00853978871983148,-148.370699105393,-148.373360072325,0.00266096693198392,-0.000268591134986015,4539.64596050067,-2254.66751087169,0,0.144070666666667,-44550529012.5995,-8650988.93599423
0,38.9287558,0.3790545994,-1.794367962,0.02366619913,0.996704332,0.7255286506,0.2711756814,0.00522621892,0.05039650162,5.547298147,0,0.1440706667,198071.5681,43.05152049
0,25.4444,0.547317,-1.06411,0.0215265,0.00428483,0.00411843,0.000166401,0.926041,21.9852,0.045467,0.0070651,0.144071,41.1556,3.4313
1,0.26245,0.76881,-1.8456,0.021427,,,,,,,,,,
2,30.8073701,0.2054130422,-1.868125937,0.02365274088,0.9912325947,-0.5438916897,1.535124284,0.01080269959,0.07265311957,-2.25354175,0,0.1440706667,356275.6841,73.87611608
0,6.09884,0.700925,-0.726903,0.0152276,0.000131902,7.75382e-05,5.43642e-05,0.943425,28.2728,0.00109626,0.000131325,0.144071,0.683089,2.87564
0,36.7848732,0.451141111,-1.60082105,0.0145078672,0.96823515,0.570637011,0.397598139,0.0600071927,0.57811519,5.19275115,0,0.144070667,16471.3593,7.46637132
0,8.19577,0.208584,-1.03083,0.0225129,0.00590806,0.002573,0.00333507,0.830449,8.36494,0.0108254,0.00440537,0.144071,11.3867,3.32621
2,7.5669863,0.387936909,-1.8056454,0.0208943423,-0.192067656,-0.202824792,0.0107571362,6.3627516,18.6559415,-1.58711103,0,0.144070667,69613.2866,18.0645549
0,38.0860876,0.580742341,-1.71267144,0.0110438833,0.951711615,0.675998073,0.275713541,0.0900018853,1.13130926,7.91870418,0,0.144070667,90406.4583,22.0227068
0,6.73087,0.77538,-0.936789,0.0133668,0.00141784,0.00130525,0.000112594,0.947738,31.2359,0.0204142,0.00221712,0.144071,11.1332,3.23097
2,3.676648,0.603448,-1.422553,0.02361547,0.2189873,-0.0005411712,0.2195285,5.443398,19.01311,-0.006587183,0,0.1440707,604.8397,4.037293
0,4.80647,0.772927,-0.536671,0.0113146,7.94263e-05,9.06554e-06,7.03608e-05,0.94845,31.1788,0.000141337,1.53512e-05,0.144071,0.0650822,2.56449
0,49.607362,0.23363722,-1.4302482,0.014387062,0.33216447,0.23531846,0.096846005,0.6284371,6.2945795,1.1089787,1.1656758,0.14407067,1914.6619,4.3585448
0,5.8294,0.22463,-0.67116,0.022901,5.1318e-05,2.5202e-05,2.6116e-05,0.84256,9.0616,0.00011419,4.2677e-05,0.14407,0.11981,2.7303
0,6.49192,0.544499,-0.778473,0.0148567,0.000209834,0.000154105,5.57287e-05,0.928308,21.9614,0.00169254,0.000261055,0.144071,1.04583,2.94917
0,6.7773,0.24627,-0.92036,0.01798,0.00083205,0.00078641,4.5644e-05,0.8539,9.9267,0.0039065,0.0013347,0.14407,3.18,3.1486
0,29.5235,0.904818,-1.05952,0.0121105,0.00732163,0.00689485,0.000426775,0.950905,36.2347,0.125838,0.0118387,0.144071,62.2718,3.45209
0,30.2235191,0.54588927116,-1.87963827002,0.0240144339473,0.302985401844,0.0209527315383,0.282032670306,-0.017714171349,15.3497603345,0.230712102958,0,0.144070666667,-53218900.3046,-10332.7695073
0,9.45787,0.854073,-0.998459,0.0223095,0.00183775,0.00172208,0.000115668,0.951971,34.3915,0.0296671,0.00293324,0.144071,26.9464,3.34113
0,27.961374,0.24432244,-1.5624796,0.014108265,0.37621861,0.14784778,0.22837084,1.0482022,6.1482417,0.72862374,0,0.14407067,6128.2775,5.3687688
0,5.97524,0.750851,-0.781984,0.0227254,0.00014424,0.000105395,3.88441e-05,0.946974,30.2863,0.00159625,0.000178538,0.144071,1.47907,2.97057
2,7.2187481,0.4499676014,-1.7004381155,0.024932243817,-0.1402579533,-0.14609685819,0.0058389048947,-0.060657224838,20.698530854,-1.3260115039,0,0.14407066667,-2097412.1136,-405.81908212
0,5.45858,0.700054,-0.713047,0.0232999,7.78137e-05,4.24155e-05,3.53982e-05,0.943393,28.2392,0.000598937,7.1834e-05,0.144071,0.57106,2.85256
2,0.8057018,0.8818238527383,-1.837425990744,0.01370112516427,-0.001747193110764,-0.001747193110764,-8.630249292985e-17,-0.007008583346492,35.6365080977,-0.0310776320953,0,0.1440706666667,-181581302.1627,-35258.77031266
0,5.94934,0.29976,-0.709349,0.014933,0.000108705,6.31113e-05,4.55935e-05,0.877126,12.0915,0.000381598,0.000106882,0.144071,0.250789,2.80652
0,58.92472,0.4623473,-1.289693,0.01085816,0.1273062,0.1110689,0.01623727,0.8333209,16.27741,1.035824,0.2539303,0.1440707,613.8766,3.906951
0,15.83381,0.4126645,-1.167263,0.01638113,0.02016445,0.01955637,0.0006080743,0.8949069,16.31193,0.1627836,0.03492672,0.1440707,118.8685,3.60404
0,6.28236,0.337847,-0.799685,0.00950036,0.000394938,0.000316415,7.85236e-05,0.889262,13.624,0.00215627,0.000536101,0.144071,0.889403,2.96202
0,0.4747667,0.6434402474,-1.9449213448,0.014453709581,0,0,0,-1.6871543991,25.957531447,0,0,0.14407066667,-2185605.5953,-422.70245831
0,25.0458,0.393939,-1.08011,0.0233953,0.00478336,0.00464364,0.000139717,0.900711,15.8162,0.0368989,0.00798383,0.144071,37.3847,3.44163
0,29.19547,0.237523,-1.31303,0.01110964,0.150956,0.1432826,0.007673376,0.754943,8.135628,0.6864746,0.3349292,0.1440707,457.0537,3.884677
2,11.5081359,0.46603884989,-1.6579648022,0.023002387047,0.14108008308,-0.031245630312,0.17232571339,-0.017653454799,16.148417213,-0.29372207142,0,0.14407066667,-3258306.7105,-631.31108271
0,4.95458,0.943836,-0.52003,0.0243302,3.65782e-05,3.40459e-06,3.31736e-05,0.957406,38.0746,6.48166e-05,5.76505e-06,0.144071,0.0635807,2.54665
0,11.5349,0.411586,-1.0367,0.023854,0.00271562,0.00262306,9.25626e-05,0.905758,16.559,0.0217768,0.00448332,0.144071,22.2855,3.3687
0,7.03373,0.323698,-1.00747,0.0167024,0.002668,0.00257905,8.89534e-05,0.883573,13.0237,0.0168393,0.00439877,0.144071,12.3435,3.30719
1,0.30488,0.25059,-1.9945,0.018958,,,,,,,,,,
0,53.28908,0.5992807,-1.201055,0.01570205,0.03245157,0.03058086,0.001870705,0.9135106,23.3915,0.3696623,0.05624095,0.1440707,257.7455,3.704567
2,22.0588296,0.284829937,-1.67446124,0.023626273,0.0471506939,-0.0580067363,0.10515743,1.78666782,10.9487622,-0.333264639,0,0.144070667,26979.7186,9.60591969
0,6.17954,0.581146,-0.640937,0.0239804,4.88761e-05,1.63232e-05,3.25529e-05,0.932619,23.4433,0.000191345,2.76418e-05,0.144071,0.189922,2.72381
0,18.6460809,0.638868646,-1.61557023,0.0114227636,0.871836966,0.238146276,0.63369069,0.442883321,3.30315932,3.06888447,0,0.144070667,15411.1876,7.2718339
0,47.64668,0.874026,-1.168702,0.02133,0.01650015,0.01525177,0.001248374,0.9433927,34.67798,0.2688871,0.02732359,0.1440707,244.1896,3.666805
0,4.79208,0.896048,-0.549828,0.0201363,4.6109e-05,6.03174e-06,4.00773e-05,0.955231,36.1465,0.000109018,1.02139e-05,0.144071,0.0887086,2.59356
0,29.7501239,0.280688063,-1.73973446,0.0178833751,0.113327716,0.0306474401,0.0826802764,1.88519294,10.0401972,0.173517515,0,0.144070667,54228.2702,14.9982904
0,8.2622,0.21287,-0.84391,0.022945,0.0062393,0.00022982,0.0060095,0.83431,8.5341,0.00098682,0.00039173,0.14407,1.0479,3.0147
0,10.93907,0.5856404,-1.14624,0.01406626,0.01832839,0.01756736,0.0007610258,0.9213242,23.19276,0.2075214,0.03104909,0.1440707,125.3155,3.586983
0,24.515,0.600369,-1.09901,0.0196473,0.0073062,0.0070107,0.000295493,0.929968,24.043,0.0848995,0.0121185,0.144071,70.1633,3.49924
0,6.27916,0.905633,-0.78518,0.0145564,0.000234328,0.000171427,6.29009e-05,0.955561,36.5263,0.00313153,0.000290413,0.144071,1.84185,2.98511
2,49.1995299,0.224209747,-1.60473454,0.0110153212,-0.876471538,-4.31898254,3.44251101,2.49647228,16.9727274,-19.5326473,0,0.144070667,12222.9062,6.62997617
0,40.7829,0.585452,-1.07298,0.0158956,0.00650416,0.00624129,0.000262866,0.928935,23.4646,0.073704,0.0107225,0.144071,49.0725,3.45075
0,5.35049,0.303551,-0.525808,0.0183254,4.14045e-05,4.86852e-06,3.6536e-05,0.878515,12.2453,2.98094e-05,8.24374e-06,0.144071,0.0240012,2.50236
0,6.36984,0.649891,-0.90091,0.0112153,0.00108535,0.000982219,0.000103133,0.938644,26.1893,0.0128758,0.00166668,0.144071,5.94461,3.16184
0,40.22414,0.6658915,-1.158852,0.01178985,0.02562682,0.02434581,0.001281012,0.9240896,26.17484,0.3270039,0.04355859,0.1440707,165.8018,3.621841
0,6.22915,0.337282,-0.751598,0.0154024,0.00015228,0.000105268,4.70112e-05,0.889249,13.6045,0.00071617,0.000178299,0.144071,0.478887,2.88205
1,0.35559,0.50549,-1.977,0.018529,,,,,,,,,,
0,75.40905,0.9440456,-1.261734,0.02166428,0.05348298,0.04166032,0.01182266,0.9220198,36.04762,0.7933059,0.08887089,0.1440707,857.9805,3.943595
0,6.23229,0.60426,-0.868026,0.0217368,0.000378649,0.00033249,4.61592e-05,0.934817,24.3677,0.00405254,0.000563674,0.144071,3.64039,3.10331
0,5.17854,0.81512,-0.63834,0.0225951,5.27402e-05,1.67555e-05,3.59847e-05,0.951002,32.8817,0.00027549,2.8374e-05,0.144071,0.252665,2.73589
2,1.7640646,0.9522696582473,-1.729389485896,0.01172466704494,-0.4476122299195,-0.7236190366324,0.2760068067129,-0.002093611238634,55.61185176684,-13.89936951662,0,0.1440706666667,-236810935.8371,-45983.59065445
0,6.46896,0.426339,-0.87546,0.00982054,0.000902526,0.000809387,9.31382e-05,0.909817,17.1838,0.00696045,0.00137264,0.144071,2.90199,3.09895
0,6.54587,0.499674,-0.923623,0.0151136,0.0010515,0.000975371,7.61241e-05,0.92185,20.1366,0.00983065,0.00165578,0.144071,6.23063,3.18702
0,30.7932992,0.3609260125,-1.850623762,0.02293210048,0.9944862936,0.7431800888,0.2513062048,0.009871190498,0.0802817783,5.410500226,0,0.1440706667,344093.707,71.49128398
0,34.216867,0.64907406,-1.3548963,0.009411882,0.29038166,0.20554591,0.084835748,0.73840627,18.581221,2.6910903,0.6769037,0.14407067,1827.3409,4.263838
0,0.4765691,0.906795547915534,-1.85055400716916,0.00941641044819702,0,0,0,-4.0602905827258e-05,36.5817557205177,0,0,0.144070666666667,-38084440865.2149,-7395379.31749885
0,8.2350861,0.454550865,-1.78189672,0.0197194582,0.194855821,0.174727546,0.0201282747,3.0656642,14.7642473,1.60202407,0,0.144070667,84280.272,20.8987207
0,45.8262,0.993018,-1.183145,0.01519615,0.02831074,0.02540896,0.002901782,0.9407664,38.92599,0.508943,0.04617054,0.1440707,330.8977,3.713699
0,23.9230083,0.6096518491,-1.733576815,0.01625831953,0.4742536097,0.3510040696,0.1232495401,1.058041232,12.93044172,4.316375488,0,0.1440706667,114974.0942,26.82660026
1,0.36539,0.38001,-1.9945,0.012871,,,,,,,,,,
0,5.95072,0.275057,-0.665485,0.0228906,5.19974e-05,2.34393e-05,2.85582e-05,0.867592,11.0957,0.000130044,3.96917e-05,0.144071,0.132445,2.72982
0,1.1254714,0.895516237531,-1.87532875286,0.0171902850091,0.0470383795984,0.00351570224029,0.0435226773581,-0.0480139852084,34.4273853955,0.0635054095417,0,0.144070666667,-41665924.0174,-8089.36071466
0,26.71182,0.7980489,-1.144702,0.01182384,0.02168829,0.02042505,0.001263236,0.9358983,31.49647,0.3287894,0.0362148,0.1440707,164.2537,3.606908
0,8.83872,0.554375,-1.00502,0.0244623,0.00179176,0.00170796,8.37927e-05,0.92848,22.3244,0.0190988,0.00291027,0.144071,19.5107,3.32965
0,48.997825,0.82810658,-1.3352029,0.019780651,0.117315,0.081860968,0.03545403,0.87313224,29.488124,1.367377,0.25009442,0.14407067,1904.3599,4.2612217
0,5.57351,0.345563,-0.67502,0.0088432,0.000148832,6.85734e-05,8.02584e-05,0.891616,13.9386,0.000477979,0.00011613,0.144071,0.182991,2.75598
2,35.6119333,0.39804659580862,-1.5630123884459,0.008897810896315,-13.937435649797,-14.055079956162,0.11764430636467,-9.6262773670466e-05,239.86403084082,-112.84762027145,0,0.14407066666667,-2621268889.6648,-509006.92311206
2,0.8090928,0.5954956326,-1.817397637,0.02112812404,8.175590807e-05,-2.25060429e-05,0.000104261951,-1.597794835,24.02139581,-0.0002703353838,0,0.1440706667,-415103.4745,-78.94184723
0,35.9097,0.207006,-1.1997,0.0179311,0.0270782,0.0266461,0.000432119,0.815126,8.12486,0.111261,0.0484017,0.144071,98.6046,3.62294
2,17.412923,0.47649683,-1.5415721,0.024523655,-0.0026407852,-0.024719022,0.022078237,2.0728092,19.273498,-0.23758361,0,0.14407067,7426.8096,5.60989
0,41.9759501,0.373087825,-1.65175811,0.0246122905,0.748864103,0.300010686,0.448853417,1.06467214,3.7798541,2.25773503,0,0.144070667,11676.8892,6.56862391
1,0.27563,0.37447,-1.9936,0.012011,,,,,,,,,,
1,59.4967,0.412598,-1.30848,0.0134472,,,,,,,,,,
2,1.4567373,0.509567616,-1.87565523,0.0148178354,-0.0205296935,-0.0756929994,0.0551633059,-12.9030896,20.9788961,-0.778005568,0,0.144070667,-94875.6723,-16.6247082
0,11.0893632,0.9468929793423,-1.650688290202,0.01984567528545,0.111644637298,0.08844478759062,0.02319984970743,-0.0007500402949202,33.93460442933,1.689267047139,0,0.1440706666667,-146777091.7905,-28500.53322288
0,6.39756,0.59117,-0.817153,0.0165585,0.000280767,0.000227189,5.35778e-05,0.933537,23.8422,0.0027091,0.000384954,0.144071,1.85559,3.01747
0,19.5051601,0.444282439,-1.75046032,0.0089955103,0.343908035,0.228053313,0.115854722,1.4108058,11.759234,2.04371675,0,0.144070667,97405.7806,23.423482
0,18.274459,0.21603901,-1.5738208,0.01751236,0.16030624,0.13306752,0.027238717,2.2924162,7.3182673,0.57986836,0,0.14407067,3858.456,4.9155756
2,24.0157944,0.6905466126,-1.705714686,0.0198669803,-31.13614534,-189.4370488,158.3009034,23.44507234,895.245091,-2638.657906,0,0.1440706667,251161.0095,53.28417683
0,0.4877016,0.4122749650665716,-1.985041030093427,0.01090040074682879,0,0,0,-6.751487330094803e-50,16.63191013279556,0,0,0.1440706666666666,-5.858836741720352e+55,-1.137691025163977e+52
0,6.7224,0.23792,-0.91588,0.011818,0.0011966,0.0011294,6.7199e-05,0.84933,9.5865,0.0054199,0.0019169,0.14407,2.9146,3.1396
0,34.73971,0.9250504,-1.244708,0.02400001,0.04003021,0.03243756,0.007592646,0.9301085,35.82433,0.6052555,0.06446303,0.1440707,679.2099,3.879848
0,5.26093,0.663093,-0.702151,0.0128611,0.000130107,6.6805e-05,6.33021e-05,0.940395,26.7469,0.000893528,0.00011314,0.144071,0.471733,2.83182
0,36.8173209,0.788140682,-1.805190832,0.02337859099,0.8608457197,0.6161465183,0.2446992014,0.2467629244,4.42441118,9.795191128,0,0.1440706667,423213.697,86.82030353
0,5.50256,0.36371,-0.602054,0.0135122,7.02974e-05,1.75809e-05,5.27166e-05,0.896509,14.6717,0.00012898,2.97706e-05,0.144071,0.0750369,2.63719
0,52.08189,0.25060974,-1.4200491,0.022688935,0.21893409,0.15616987,0.06276422,0.71647461,7.896612,0.78944228,0.64839618,0.14407067,1848.1273,4.3336084
0,25.9439,0.899938,-1.06571,0.00833339,0.0114766,0.0108145,0.000662111,0.947963,35.8884,0.196311,0.018627,0.144071,66.9833,3.46293
0,36.2127876,0.8395121023,-1.744303317,0.02233460436,0.7331278617,0.4809431344,0.2521847273,0.4540357311,9.038271081,8.144151823,0,0.1440706667,214942.2394,46.2816665
0,30.14387,0.3172353,-1.199239,0.01529752,0.03156029,0.03077862,0.0007816736,0.8634145,12.39394,0.1969499,0.05639711,0.1440707,141.1579,3.649174
0,5.18497,0.563739,-0.574861,0.0245114,3.84121e-05,6.83452e-06,3.15776e-05,0.930691,22.7414,7.77162e-05,1.15731e-05,0.144071,0.079007,2.61264
2,4.6095234,0.77384024528,-1.8830235607,0.0095799473834,-1.1072150299,-1.5925944495,0.4853794196,-2.5371019818,65.783251209,-24.858887028,0,0.14407066667,-1663210.4628,-321.30966339
0,5.72664,0.775493,-0.708382,0.0107888,0.000163152,8.62712e-05,7.68812e-05,0.948557,31.2797,0.00134949,0.000146113,0.144071,0.59251,2.84979
0,37.4804973,0.754162013,-1.64488584,0.0164416204,0.940942338,0.527060159,0.413882178,0.089222718,1.79678483,8.01770389,0,0.144070667,60639.0052,16.1540438
0,14.4048643,0.88776275145,-1.5987364439,0.021131109062,0.0033299597218,0.00018273616405,0.0031472235577,-0.041075363104,35.694679666,0.0032722508832,0,0.14407066667,-1446477.2302,-279.50069965
0,6.26064,0.709698,-0.849573,0.0171734,0.000390157,0.000332098,5.80593e-05,0.943917,28.6193,0.00475406,0.000562897,0.144071,3.34078,3.08039
0,7.09356,0.560672,-0.978991,0.016083,0.0019664,0.0018618,0.000104601,0.929103,22.574,0.0210555,0.00316863,0.144071,14.113,3.28593
0,5.9337,0.520982,-0.64204,0.0107302,0.000108562,3.6999e-05,7.15633e-05,0.925384,21.0151,0.000388811,6.26558e-05,0.144071,0.174027,2.72042
0,5.5903222,0.81028343,-1.4300277,0.01574799,0.22465173,0.00071109774,0.22394063,-1.2661529,25.344805,0.011622282,0,0.14407067,-3815.5706,0.77717475
2,25.9447139,0.669265152,-1.726678444,0.01078225924,0.09662583116,-0.06480477481,0.161430606,-0.448266774,24.39051928,-0.8748435388,0,0.1440706667,-468480.5175,-89.4037376
2,14.7779741,0.583781184048,-1.64003086848,0.0151131645294,-0.0475192820493,-0.0626308020359,0.0151115199866,-0.00310015254581,24.6698940955,-0.737502058347,0,0.144070666667,-22512952.4801,-4370.36810045
0,44.81076,0.9060743,-1.224061,0.01573129,0.04592344,0.03928228,0.006641166,0.9253171,34.87404,0.7179359,0.0754365,0.1440707,509.794,3.811561
0,26.8814752,0.469418398,-1.70317806,0.00857779943,0.729924193,0.522306199,0.207617995,0.544287105,5.11447376,4.94550286,0,0.144070667,59825.2262,16.0536191
0,34.785783,0.94417644,-1.3073625,0.017296138,0.10575405,0.075550221,0.030203831,0.8865511,34.061621,1.4388452,0.2000274,0.14407067,1515.0868,4.1460411
2,11.575652,0.34156144,-1.4885298,0.011245382,0.37698788,-0.01646491,0.39345279,1.6243628,8.5846086,-0.11343664,0,0.14407067,2135.7241,4.4653673
0,6.34784,0.320437,-0.849722,0.0140496,0.000462412,0.000406713,5.56993e-05,0.883913,12.921,0.00262879,0.000689369,0.144071,1.61376,3.04281
0,20.5756,0.3571523,-1.182631,0.02024164,0.01964574,0.01911667,0.000529065,0.8825027,14.1251,0.1377181,0.03443395,0.1440707,127.1586,3.624482
0,30.3843706,0.4174874265,-1.809506028,0.01745745427,0.8418313208,0.6549174295,0.1869138913,0.2853482377,2.663906972,5.515121943,0,0.1440706667,232916.41,49.84128802
0,41.7508163,0.441041373,-1.65227569,0.0156062413,0.882809236,0.596210717,0.286598519,0.173561299,2.08510477,5.30400934,0,0.144070667,39776.841,12.0886743
1,0.32771,0.86531,-1.8275,0.022512,,,,,,,,,,
0,16.4335,0.550082,-1.03354,0.0146877,0.00426888,0.00408982,0.000179055,0.926384,22.0966,0.0453793,0.00699196,0.144071,27.9206,3.37822
0,36.690332,0.73401752,-1.373004,0.008410657,0.30858364,0.19278809,0.11579555,0.82116847,20.473931,2.85438,0,0.14407067,2284.6638,4.382227
0,5.18501,0.461904,-0.606036,0.0107101,9.31867e-05,2.33441e-05,6.98426e-05,0.916653,18.6323,0.000217498,3.95303e-05,0.144071,0.0980898,2.65494
2,8.4377387,0.56428996,-1.4759678,0.016926225,-0.0041139156,-0.0076762334,0.0035623178,3.7981467,22.858118,-0.087372681,0,0.14407067,2069.6649,4.4383633
0,43.832073,0.55586669,-1.3943279,0.0091582837,0.347505,0.34750126,3.7410345e-06,0.6866776,14.631977,3.8962984,1.1544001,0.14407067,2567.7806,4.4645303
1,0.38485,0.69433,-1.99,0.023574,,,,,,,,,,
2,30.027128,0.44994624,-1.5208765,0.021798081,-0.16266719,-0.34341694,0.18074975,2.0130789,21.104312,-3.1167898,0,0.14407067,6418.9294,5.3859866
0,14.8523084,0.648734411,-1.65282722,0.0155121641,0.837832226,0.804233198,0.0335990286,0.414980113,4.24411023,10.5238367,0,0.144070667,34102.9048,10.9795316
0,6.04266,0.743993,-0.782682,0.0230235,0.000143298,0.000104967,3.83306e-05,0.946513,30.0097,0.00157524,0.000177813,0.144071,1.47948,2.97128
2,1.0950714,0.9185685092375058,-1.89170214984848,0.02133600558263794,-701.8157686983129,-701.9861313426247,0.1703626443118083,-4.128536710980164e-05,26044.0317295369,-13006.64405427566,0,0.1440706666666666,-45237115368750.37,-8784313750.924967
0,6.22542,0.641864,-0.858452,0.0180027,0.000410214,0.000355033,5.51815e-05,0.938367,25.8833,0.0045966,0.000601834,0.144071,3.40643,3.09028
0,12.9173,0.913078,-0.999226,0.0170016,0.002442,0.00228188,0.000160123,0.95447,36.7453,0.0420268,0.00388712,0.144071,28.9997,3.34606
0,17.19859,0.418247763,-1.66619007,0.00932377336,0.220488212,0.197933247,0.022554965,1.68564855,13.152596,1.66985033,0,0.144070667,30890.175,10.3639504
0,38.55285,0.9031494,-1.190915,0.01121097,0.04168325,0.03768597,0.003997279,0.9280627,34.91595,0.6865378,0.06915146,0.1440707,332.4517,3.722012
0,11.8663603,0.7975369520485485,-1.639423138700439,0.0245225418591841,0.5984865046194127,0.5673807413326926,0.0311057632867201,-1.168216311036906e-07,12.91832265259666,9.127473382255317,0,0.1440706666666666,-310413719579.8916,-60277306.53445146
0,6.6933,0.20803,-0.836,0.013384,0.0004025,0.00035576,4.6738e-05,0.83189,8.3889,0.0014928,0.00060669,0.14407,0.93334,3.0008
0,29.0312002,0.431038083,-1.5983689,0.0203861623,0.517668106,0.350093916,0.16757419,1.0157514,8.38719595,3.04386493,0,0.144070667,13679.4474,6.91223197
2,3.27153,0.7786598,-1.400123,0.00843683,0.5732679,-0.01005574,0.5833237,4.7664,13.40473,-0.1579381,0,0.1440707,365.0925,3.94237
0,46.812079,0.46264209,-1.3765143,0.01105785,0.28249193,0.20339149,0.079100447,0.72553758,13.391434,1.89803,0.76054952,0.14407067,1769.305,4.272528
0,41.425592,0.89257474,-1.3330446,0.013889448,0.17707805,0.12214597,0.054932077,0.83420946,29.631826,2.1991199,0.3464332,0.14407067,1948.1622,4.2687376
0,30.2962951,0.834349847,-1.6961524,0.0244369724,0.634739843,0.444761115,0.189978729,-2.87071362,12.2943524,7.48514419,0,0.144070667,-24913.5128,-3.14998849
0,22.5607,0.680881,-1.02466,0.010779,0.00523771,0.0049762,0.000261518,0.938562,27.3241,0.068343,0.00850017,0.144071,30.4038,3.3742
0,23.911344,0.75931369,-1.4531936,0.016825338,0.88964166,0.1922855,0.69735616,0.46427647,3.3805048,2.9450518,0,0.14407067,1868.9244,4.3713664
0,45.65846,0.9567259,-1.235441,0.02427701,0.03540282,0.02907505,0.006327765,0.9345626,37.22963,0.5610908,0.05657607,0.1440707,623.6566,3.85541
1,0.29107,0.88802,-1.9996,0.021717,,,,,,,,,,
0,4.95733,0.785565,-0.595168,0.017503,5.84485e-05,1.24232e-05,4.60253e-05,0.94925,31.6892,0.000196852,2.1037e-05,0.144071,0.140109,2.6624
0,20.34189,0.9737976,-1.142411,0.0221346,0.01150396,0.01066013,0.0008438257,0.9511554,38.83281,0.2093902,0.01878424,0.1440707,193.4863,3.61871
0,30.878725,0.77624405,-1.3272262,0.010912555,0.18797992,0.1353649,0.052615014,0.82086428,25.42847,2.119481,0.40918556,0.14407067,1576.6414,4.1799039
0,0.7976471,0.475119256,-1.8171096,0.0114038493,0.054234487,0.0542282883,6.19863844e-06,8.88861161,18.1276402,0.519701176,0,0.144070667,56102.1708,15.4412922
0,34.217319,0.7577615,-1.3457813,0.010489825,0.23913554,0.1673372,0.071798346,0.78215119,23.259212,2.5577035,0.54024084,0.14407067,1920.8669,4.275449
1,0.24995,0.8095,-1.9184,0.014614,,,,,,,,,,
0,46.6252,0.2498733,-1.326257,0.02090286,0.09531852,0.08684026,0.00847826,0.7969813,9.119492,0.4376895,0.210976,0.1440707,575.173,3.932652
0,6.29516,0.958882,-0.864333,0.0220103,0.000364992,0.000313153,5.18391e-05,0.957832,38.6689,0.00605686,0.000530883,0.144071,5.37692,3.12
0,5.48375,0.381377,-0.582329,0.0134696,6.68645e-05,1.36893e-05,5.31752e-05,0.900828,15.3844,0.000105308,2.31805e-05,0.144071,0.0607793,2.60663
0,6.12668,0.443646,-0.774304,0.0184417,0.000160376,0.00011768,4.26962e-05,0.913479,17.8946,0.00105309,0.000199341,0.144071,0.82084,2.93251
0,6.40037,0.438799,-0.907009,0.014411,0.000897439,0.000826699,7.07395e-05,0.912142,17.6861,0.0073171,0.00140279,0.144071,4.46779,3.15298
0,12.7701359,0.6017868675,-1.855506942,0.01496695587,0.6937560054,0.5235672577,0.1701887477,0.765496746,7.434734315,6.355362922,0,0.1440706667,437513.9839,89.64921082
0,56.6253,0.9486698,-1.228202,0.01361631,0.05595339,0.04701666,0.008936732,0.9204512,36.12964,0.8996882,0.09191512,0.1440707,559.9468,3.830263
0,49.98818,0.7930177,-1.241247,0.02375655,0.03712834,0.03152033,0.005608011,0.925309,30.80395,0.5041953,0.06229248,0.1440707,561.5341,3.843762
0,0.4811627,0.7258412179061551,-1.945042778700255,0.008419550885832535,0,0,0,-6.148173605732823e-13,29.28173410904229,0,0,0.1440706666666666,-6.7762795857567e+18,-1315843538329001
0,5.20598,0.871542,-0.63694,0.0190129,6.24806e-05,1.95575e-05,4.29231e-05,0.95402,35.1574,0.000343817,3.3119e-05,0.144071,0.264497,2.73684
2,23.25487,0.6844769211,-1.653921905,0.02378446654,-2.999991059,-45.39892241,42.39893135,-2.592277549,110.4518504,-626.8007745,0,0.1440706667,-144088.7665,-26.42429667
1,0.27503,0.92314,-1.9066,0.01485,,,,,,,,,,
0,6.45247,0.485353,-0.744098,0.0153208,0.000147502,9.611e-05,5.1392e-05,0.920322,19.5771,0.000940916,0.000162785,0.144071,0.604704,2.88656
2,0.7864757,0.254578088,-1.90585268,0.010470441,0.028275017,-0.0228779014,0.0511529184,-8.60615762,9.97974754,-0.117479577,0,0.144070667,-99731.2044,-17.5399409
0,15.0804057,0.5972509195,-1.720313125,0.01052511231,0.458370721,0.3529012434,0.1054694776,-0.8485942457,13.05010861,4.2514315,0,0.1440706667,-122014.7954,-22.0629542
2,13.376931,0.43711559,-1.4881518,0.022335523,0.26598353,-0.030275445,0.29625898,1.9714946,12.943665,-0.26693899,0,0.14407067,2640.3465,4.5738773
2,35.141875,0.82515023,-1.4274381,0.012233796,0.53230199,-0.042845978,0.57514796,0.8133628,15.568749,-0.71312926,0,0.14407067,3529.2336,4.7006807
0,5.81666,0.327128,-0.614489,0.0224809,4.30515e-05,1.23973e-05,3.06542e-05,0.886273,13.1964,8.1803e-05,2.09927e-05,0.144071,0.0800949,2.65297
1,0.47556,0.44828,-1.9865,0.011826,,,,,,,,,,
0,5.55132,0.36574,-0.557555,0.0147921,5.69174e-05,9.06802e-06,4.78494e-05,0.897032,14.7537,6.68975e-05,1.5355e-05,0.144071,0.0425806,2.56357
0,4.99473,0.56367,-0.503461,0.0223758,3.72848e-05,2.99229e-06,3.42925e-05,0.930684,22.7386,3.40216e-05,5.06684e-06,0.144071,0.031573,2.4941
0,36.1305,0.897385,-1.04443,0.0187512,0.00391373,0.00368322,0.000230508,0.952777,36.0604,0.0666702,0.00629907,0.144071,50.9546,3.4245
2,12.8366895,0.2431506242,-1.8042160112,0.018343076669,-17.131056471,-17.205125779,0.074069307363,-1.8322222827,177.84991646,-84.383670284,0,0.14407066667,-2262672.2983,-437.81004741
0,9.0137801,0.501037706,-1.65246877,0.0243701768,0.667828862,0.245842434,0.421986428,1.25850052,6.71409483,2.48457681,0,0.144070667,17707.8761,7.76184992
0,23.8073564,0.2698717799,-1.825456439,0.01046400613,0.9960719398,0.7387077913,0.2573641486,0.007203399554,0.04276522578,4.021196756,0,0.1440706667,181797.5364,39.9180508
0,0.4964296,0.392667597,-1.938837473,0.01155689381,0,0,0,9.127301703,15.84091381,0,0,0.1440706667,228014.522,49.01765944
2,15.6480315,0.884057368,-1.71239238,0.0221486394,-94.8391995,-118.860984,24.0217845,487.230498,3418.05299,-2119.55622,0,0.144070667,50275.6066,14.1995165
0,5.86703,0.563896,-0.72161,0.0205945,9.2313e-05,5.35652e-05,3.87478e-05,0.930674,22.7465,0.000609266,9.07186e-05,0.144071,0.520477,2.85635
0,6.7413,0.615922,-0.945304,0.0235412,0.000886971,0.000826783,6.01874e-05,0.935641,24.8253,0.0102717,0.00140438,0.144071,9.99853,3.23374
0,34.741,0.935947,-1.03989,0.012224,0.00567355,0.00532656,0.000346985,0.953388,37.5436,0.10056,0.00911489,0.144071,50.0114,3.41881
0,6.29637,0.577405,-0.745843,0.0199735,0.000116114,7.53929e-05,4.07211e-05,0.93217,23.2909,0.000878085,0.000127696,0.144071,0.726373,2.89775
0,33.8643,0.220297,-1.11923,0.014333,0.0126343,0.0123873,0.000247041,0.832361,8.7749,0.0550439,0.0215374,0.144071,37.0934,3.48028
0,6.35931,0.263454,-0.805793,0.0165212,0.00023819,0.000196814,4.13761e-05,0.86245,10.6257,0.00104589,0.000333442,0.144071,0.77361,2.96094
0,40.6234,0.669795123,-1.54736095,0.0245952818,0.691503026,0.042128493,0.649374533,0.580252408,8.33581478,0.569171409,0,0.144070667,12360.1928,6.59983533
0,18.6304049,0.7076508443,-1.715828293,0.01817263495,0.4100910254,0.3124448109,0.09764621449,-0.1308879077,16.84066352,4.459821902,0,0.1440706667,-963695.2744,-185.614319
2,22.725978,0.39394974,-1.4801659,0.01621347,-0.18517829,-0.19495532,0.0097770277,2.237577,18.835609,-1.5491771,0,0.14407067,3055.2861,4.6539658
0,18.2538702,0.3093224324,-1.798136461,0.009747775528,0.595155228,0.4399684259,0.1551868021,0.8277318839,5.051904338,2.745099545,0,0.1440706667,131582.2017,30.12311767
1,0.46681,0.94954,-1.8638,0.018062,,,,,,,,,,
0,43.6439,0.402642,-1.10722,0.0195835,0.008038,0.00780799,0.000230012,0.900534,16.1127,0.0634137,0.0135099,0.144071,53.9569,3.49081
1,0.36421,0.64587,-1.9697,0.0099822,,,,,,,,,,
0,25.83702,0.4514959,-1.167912,0.01067765,0.0310541,0.03002733,0.001026771,0.8951217,17.64853,0.2734611,0.05403147,0.1440707,129.6541,3.611246
0,14.1654566,0.7824894356582679,-1.510149372609428,0.009528786053885671,0.2930333153869979,0.2803501433500066,0.01268317203699132,-4.647422139362477e-09,22.31683474086611,4.424909939104898,0,0.1440706666666666,-2561720964179.748,-497444642.1971561
2,0.835144,0.86725031158,-1.9549293378,0.018208438204,-0.0037886763172,-0.0037886763172,2.2985086057e-17,-1.0097790433,35.118982353,-0.06627612956,0,0.14407066667,-5618337.8258,-1089.3218597
0,12.9504318,0.6330371423,-1.801487579,0.0241015293,0.1749547267,0.119169201,0.05578552577,1.873200918,21.06988372,1.521662683,0,0.1440706667,253164.915,53.769484
0,5.90631,0.321066,-0.74913,0.0165656,0.000137542,9.48232e-05,4.27193e-05,0.884316,12.9506,0.000614092,0.000160605,0.144071,0.444105,2.8757
2,16.6013021,0.26122206744,-1.8121729517,0.019568561895,-2.6434146594,-2.7170279965,0.073613337129,-0.16975952907,38.394907877,-14.316245799,0,0.14407066667,-5839463.991,-1132.4057127
0,15.0867496,0.632096058,-1.63636629,0.0222662323,0.663482092,0.0422517845,0.621230307,0.942370117,8.58116848,0.538707856,0,0.144070667,24577.0925,9.09648124
0,0.4404207,0.9615251945486696,-1.756769835453751,0.01193426519755856,0,0,0,-4.031259941026485e-47,38.78964764103478,0,0,0.1440706666666666,-1.219397404758782e+52,-2.367871891058964e+48
2,4.081091,0.8869467,-1.405431,0.02295439,-0.1138668,-0.1140107,0.0001438367,8.785505,39.85529,-2.039709,0,0.1440707,630.4684,4.02728
2,31.352188,0.78325278,-1.4982673,0.010113671,0.43772909,-0.14374544,0.58147453,1.1145147,17.766535,-2.2710212,0,0.14407067,7300.3672,5.5411499
0,0.5037103000000001,0.4926481654595323,-1.991761833451757,0.02286713391778826,0,0,0,-6.788206195264258e-163,19.87430891828824,0,0,0.1440706666666666,-7.590971682176609e+168,-1.474043523621098e+165
0,6.26226,0.908648,-0.716431,0.0109871,0.000171203,9.39389e-05,7.72638e-05,0.955743,36.6502,0.00172174,0.000159103,0.144071,0.764068,2.87094
0,6.79838,0.474375,-0.927459,0.0197153,0.00084354,0.000785467,5.80723e-05,0.918188,19.121,0.0075158,0.0013334,0.144071,6.23996,3.19094
0,6.47418,0.808265,-0.821391,0.0116032,0.000425022,0.000342314,8.27081e-05,0.950366,32.593,0.00558089,0.00058009,0.144071,2.63114,3.0398
0,0.7498435,0.454930035761783,-1.88833493634125,0.0125004131137828,0.145683107400587,0.0206617115573856,0.125021395843201,-5.20519340446159e-05,15.6790148382408,0.189599014661882,0,0.144070666666667,-20686209593.7738,-4016925.05278363
0,36.094,0.410383,-1.0917,0.0121819,0.0106184,0.0103048,0.000313583,0.900509,16.3798,0.0853013,0.0177926,0.144071,44.9379,3.46413
0,5.5767,0.590376,-0.63314,0.0143,7.9408e-05,2.47642e-05,5.46438e-05,0.933583,23.815,0.000294903,4.19361e-05,0.144071,0.174365,2.71162
2,1.4295766,0.6266065111,-1.87447,0.01699586672,0.02180058704,-0.0319890612,0.05378964824,10.3857888,24.72734381,-0.4043165964,0,0.1440706667,136833.4278,31.22116483
0,6.96505,0.542825,-0.987959,0.0218115,0.00162075,0.00153992,8.08311e-05,0.927201,21.863,0.016861,0.00262167,0.144071,15.3687,3.29953
1,0.50265,0.68778,-1.9535,0.020305,,,,,,,,,,
0,5.25901,0.669129,-0.692642,0.0153522,0.000102404,4.95319e-05,5.28717e-05,0.940918,26.9911,0.000668529,8.38845e-05,0.144071,0.421074,2.81647
0,6.71829,0.67307,-0.940984,0.00999057,0.00198655,0.00184234,0.000144207,0.940029,27.0989,0.0250124,0.0031306,0.144071,10.277,3.23088
0,6.47219,0.909114,-0.734725,0.00959089,0.000226138,0.000136111,9.00273e-05,0.955729,36.667,0.00249595,0.000230544,0.144071,0.966919,2.90137
0,45.815925,0.40850915,-1.39119,0.016960233,0.19237947,0.13600994,0.056369525,0.77880033,13.309579,1.1207213,0.59873372,0.14407067,1978.0672,4.3334728
0,18.0944708,0.251609997,-1.74628186,0.0109969801,0.495327555,0.404937098,0.0903904564,0.908884898,5.12262604,2.0551363,0,0.144070667,62423.3936,16.6034293
0,5.16992,0.490379,-0.577702,0.0241558,3.84066e-05,7.19295e-06,3.12137e-05,0.921143,19.782,7.11482e-05,1.218e-05,0.144071,0.0720192,2.61073
0,9.609177,0.5887873,-1.135422,0.01221813,0.01844255,0.01769148,0.0007510662,0.9215825,23.31467,0.2101106,0.03110813,0.1440707,109.6001,3.566228
0,0.7822035,0.865413496316,-1.95018276733,0.010689399199,0.183896230539,0.183896040919,1.89620095237e-07,-0.172390507979,28.492083851,3.21011960353,0,0.144070666667,-25120290.5511,-4876.36632398
0,10.6673,0.319604,-1.05534,0.0244603,0.00333181,0.00324258,8.9231e-05,0.881861,12.8504,0.0209039,0.00555499,0.144071,22.5683,3.38805
2,16.4329244,0.65159691763613,-1.64604418519,0.016156749242375,-0.88324517000251,-0.921487523081,0.038242353078495,-9.3983683684646e-05,49.504086358168,-12.11138056988,0,0.14407066666667,-1609836543.1743,-312603.0656357
0,42.98169,0.9996933,-1.215599,0.01027379,0.06365854,0.05430191,0.009356631,0.9171975,37.76211,1.094982,0.1036124,0.1440707,499.5433,3.800065
0,6.25876,0.795353,-0.733746,0.0143674,0.00014865,8.97282e-05,5.89216e-05,0.949784,32.0812,0.00143951,0.000151975,0.144071,0.840648,2.89318
1,0.69996,0.76374,-1.8485,0.0097692,,,,,,,,,,
0,19.0144758,0.390825505,-1.70892084,0.0156496344,0.638141478,0.418982735,0.219158743,0.708943786,5.70527876,3.30296671,0,0.144070667,55158.4754,15.1489815
0,26.9693418,0.4587771484,-1.806158764,0.01455725206,0.9935109405,0.7496999403,0.2438110003,0.01246192765,0.1200988081,6.93768256,0,0.1440706667,230322.9255,49.3337528
2,6.9855195,0.519191869,-1.67136773,0.0214432072,-0.113379642,-0.164578799,0.051199158,4.6731815,23.3198807,-1.72356213,0,0.144070667,21114.1164,8.45122531
0,41.722448,0.52865475,-1.5706341,0.016925909,0.069294544,0.015037844,0.0542567,3.8989454,19.849043,0.16035514,0,0.14407067,5906.287,5.3319206
0,19.1544,0.720147,-1.002,0.00931527,0.00456569,0.00431107,0.000254619,0.941983,28.9194,0.0626227,0.00735179,0.144071,23.9647,3.33806
0,5.33722,0.6752,-0.676751,0.020177,7.0586e-05,3.07303e-05,3.98557e-05,0.941438,27.2369,0.000418528,5.20412e-05,0.144071,0.346264,2.79051
0,5.10615,0.412868,-0.566231,0.0195682,4.49338e-05,7.66284e-06,3.7271e-05,0.907705,16.6551,6.38154e-05,1.29756e-05,0.144071,0.0531026,2.58359
0,0.34337,0.21025,-0.72485,0.01182,0,0,0,5.8882,8.4817,0,0,0.14407,0.031978,2.7161
0,5.18906,0.529562,-0.548819,0.0164839,5.34874e-05,7.27351e-06,4.62138e-05,0.926538,21.3623,7.76937e-05,1.23164e-05,0.144071,0.0533542,2.56643
0,14.4837,0.944505,-0.974657,0.00973891,0.00313721,0.00290825,0.000228955,0.955415,37.9835,0.0554066,0.00494935,0.144071,21.8423,3.30554
0,5.16362,0.477249,-0.525345,0.0241057,3.47248e-05,3.67913e-06,3.10456e-05,0.919152,19.2524,3.54173e-05,6.22986e-06,0.144071,0.0358536,2.52252
0,6.29105,0.764179,-0.85929,0.00909245,0.000825597,0.000710401,0.000115196,0.947408,30.8029,0.0109502,0.0012045,0.144071,4.05865,3.10024
0,6.34416,0.480995,-0.908732,0.0244865,0.000540946,0.000497485,4.3461e-05,0.919409,19.3937,0.00482665,0.000844053,0.144071,4.9692,3.16026
0,1.0423525,0.897136341841,-1.75441118797,0.0181838076743,0.144636304681,0.14463619427,1.10410706633e-07,-0.0259509840163,30.9573964701,2.6173427949,0,0.144070666667,-14666390.584,-2846.55670532
0,17.9039848,0.5054765235,-1.846704402,0.01019854173,0.740362124,0.5278076705,0.2125544535,0.5630203931,5.294490871,5.381481576,0,0.1440706667,378325.3277,78.13946302
2,44.7076606,0.662669326,-1.54695409,0.0101217945,-4.12211974,-4.68429935,0.562179614,7.88941213,136.930994,-62.6133124,0,0.144070667,14855.3055,7.09338687
0,7.69605,0.75128,-0.667885,0.0212581,6.42415e-05,2.60286e-05,3.82129e-05,0.947054,30.306,0.000394437,4.40784e-05,0.144071,0.341775,2.78097
0,6.32325,0.97764,-0.835621,0.0235999,0.000246166,0.000202051,4.41151e-05,0.958681,39.43,0.00398442,0.000342406,0.144071,3.78828,3.07298
0,27.798,0.9411808,-1.135265,0.01129397,0.020395,0.01901493,0.001380069,0.9439535,37.19454,0.3609881,0.03358568,0.1440707,170.3597,3.600532
0,35.873592,0.91840064,-1.4373812,0.017354564,0.26662298,0.17793722,0.088685755,1.5047211,27.171564,3.2962805,0,0.14407067,3783.0039,4.7634698
2,14.174373,0.8988687,-1.4684878,0.012836777,0.69277917,-0.0097294795,0.70250865,0.84509291,11.140433,-0.17640506,0,0.14407067,4118.1473,4.8640173
0,22.4154649,0.60424296,-1.6959607,0.0246965199,0.686372682,0.435247605,0.251125077,0.586750191,7.64505563,5.30485062,0,0.144070667,75609.6395,19.1235102
0,6.76939,0.803138,-0.935558,0.0216163,0.000865014,0.000794703,7.03116e-05,0.949782,32.372,0.0128742,0.00134948,0.144071,11.3326,3.23069
0,6.0297,0.2277,-0.80997,0.021283,0.00019127,0.0001612,3.0068e-05,0.84426,9.1841,0.00074039,0.00027311,0.14407,0.72071,2.9615
0,6.90628,0.515064,-0.992133,0.0243056,0.00153045,0.00145787,7.25825e-05,0.923684,20.7468,0.0151462,0.00248223,0.144071,15.4459,3.30397
0,2.8684391,0.79384857,-1.6490244,0.0096385588,0.025989367,0.025852896,0.00013647162,35.496405,31.192956,0.41397301,0,0.14407067,2790.5534,4.7667606
2,25.3250082,0.843175069,-1.66179089,0.0121625911,-1.15354151,-1.38957073,0.236029224,-3.10363911,73.2531273,-23.6332575,0,0.144070667,-88306.0115,-15.5591639
0,27.8429,0.711337,-1.07434,0.0156586,0.00676168,0.00644175,0.000319933,0.939917,28.5026,0.0924282,0.0110763,0.144071,59.9487,3.4645
2,19.1243581,0.2166733539,-1.720020306,0.02140537624,-2.74527626,-5.855667829,3.110391569,-0.4175105771,32.737426,-25.59216983,0,0.1440706667,-619786.3725,-118.8059185
2,6.4437755,0.70419517727,-1.5693955511,0.015986852433,0.093374739686,-0.02027370681,0.1136484465,-0.021182166529,25.75585834,-0.28797273995,0,0.14407066667,-1388412.7499,-268.25275554
0,50.18677,0.6519936,-1.19732,0.02140338,0.02292119,0.02146307,0.001458119,0.9246502,25.6997,0.2822672,0.03932706,0.1440707,266.6624,3.704311
2,18.6056667,0.675550378,-1.65566425,0.0220505722,0.0285663252,-0.0146000001,0.0431663253,6.02249327,26.4743961,-0.198946257,0,0.144070667,15202.2521,7.27065466
0,5.34746,0.515091,-0.677604,0.0249195,5.61642e-05,2.51565e-05,3.10077e-05,0.924629,20.7785,0.000261372,4.26016e-05,0.144071,0.271926,2.77893
0,4.96007,0.732309,-0.56063,0.0101597,9.18619e-05,1.37339e-05,7.8128e-05,0.94574,29.5399,0.000202868,2.32567e-05,0.144071,0.0841209,2.60164
0,6.69857,0.319892,-0.963441,0.0151455,0.00169491,0.00162054,7.43723e-05,0.882972,12.8832,0.0104565,0.00275553,0.144071,6.94069,3.23252
0,25.0352,0.219991,-1.10011,0.0142278,0.00998297,0.00980571,0.000177254,0.833767,8.78624,0.0435121,0.0169732,0.144071,29.0067,3.44696
2,38.5682962,0.6870416459,-1.728869679,0.02160260185,-236.3534399,-236.6436257,0.290185852,-348.9796257,6578.604224,-3279.465334,0,0.1440706667,-166941.5373,-30.79455038
0,14.8816655,0.872708236,-1.69201311,0.0158622518,0.176311281,0.146440943,0.0298703377,1.96582717,28.9992896,2.57784477,0,0.144070667,81371.1336,20.2421247
0,6.30917,0.307424,-0.854474,0.014487,0.000472844,0.000419236,5.36076e-05,0.879594,12.3962,0.00259969,0.000710638,0.144071,1.65375,3.04883
0,4.60529,0.908881,-0.572062,0.0103483,9.37831e-05,1.56163e-05,7.81668e-05,0.955804,36.6625,0.000286294,2.64445e-05,0.144071,0.119645,2.63118
0,6.61422,0.751174,-0.918558,0.0230318,0.000657871,0.000599901,5.79701e-05,0.946663,30.2838,0.00908961,0.0010181,0.144071,8.55004,3.19867
0,5.23238,0.359932,-0.541712,0.0123018,6.64335e-05,8.89594e-06,5.75375e-05,0.895539,14.5193,6.45859e-05,1.50636e-05,0.144071,0.034245,2.53653
2,14.1793101,0.48936143237,-1.6618111405,0.020971553627,-0.13518721597,-0.13518893663,1.7206533772e-06,-0.062906010942,22.410543876,-1.3344308116,0,0.14407066667,-1333240.6641,-257.44473266
0,111.4845,0.5729303,-1.299657,0.01531632,0.1031791,0.08318762,0.01999143,0.863824,20.72825,0.9613591,0.2045978,0.1440707,857.0975,3.981294
0,22.78546,0.4743229,-1.163639,0.01035838,0.03046138,0.02941064,0.001050744,0.8992121,18.55215,0.2813868,0.05272229,0.1440707,128.4268,3.606246
0,1.8195033,0.34035011,-1.6316644,0.013897883,0.4233037,0.42311307,0.00019063433,3.6899221,7.9182321,2.9047416,0,0.14407067,5452.3955,5.3007039
0,19.33642,0.424151,-1.160276,0.014174,0.02137536,0.02072286,0.0006524949,0.8963917,16.74526,0.1772946,0.03690062,0.1440707,111.3673,3.592247
2,0.8136533,0.2016855689,-1.949699046,0.0148111043,0.002932507725,0.002932507725,-3.295974604e-17,4.737502064,8.112496973,0.01192996474,0,0.1440706667,258654.7836,54.98484116
0,29.6891,0.672525,-1.07984,0.0138147,0.00819063,0.0078211,0.000369534,0.935976,26.9087,0.106097,0.0134729,0.144071,60.9913,3.47109
0,7.93533,0.635778,-0.996626,0.00931327,0.00424683,0.00402374,0.000223092,0.935346,25.5395,0.0516013,0.0068629,0.144071,19.8924,3.32233
2,17.2844946,0.586975928,-1.68696908,0.0214648583,-0.144910914,-0.662659603,0.51774869,2.27097838,27.1111009,-7.84577696,0,0.144070667,61719.8191,16.4069113
2,12.091348,0.33710335,-1.4759622,0.015057416,0.018737867,-0.00078444826,0.019522316,-4.2281588,13.34453,-0.0053339943,0,0.14407067,-1085.3051,1.4178821
0,33.5809,0.394739,-1.08255,0.0142827,0.00807187,0.007837,0.000234872,0.89881,15.7959,0.0624,0.0134939,0.144071,38.6068,3.44596
2,36.7173365,0.537709949,-1.71170507,0.0122258867,0.279925916,-0.00128154564,0.281207462,1.2803268,15.619978,-0.0138997606,0,0.144070667,86663.9453,21.2928328
2,14.476682,0.33095202,-1.554641,0.024617607,0.018136194,-0.007576752,0.025712946,2.1146259,13.109057,-0.050579354,0,0.14407067,5856.5675,5.3058384
0,6.51372,0.733988,-0.908066,0.0101045,0.00131883,0.00119489,0.000123944,0.945064,29.5713,0.0176905,0.00202801,0.144071,7.30858,3.17988
2,1.4129288,0.6542657869,-1.819951514,0.0145050752,0.2135260429,-0.01465256584,0.2281786087,-4.730639659,20.75839267,-0.1933717656,0,0.1440706667,-125198.6542,-22.58289311
0,7.32061,0.209772,-1.05126,0.0221351,0.00347617,0.00340634,6.98256e-05,0.83121,8.43315,0.0144132,0.00582501,0.144071,14.9106,3.36118
0,5.78032,0.306284,-0.583725,0.0185699,4.65523e-05,1.01094e-05,3.64429e-05,0.879466,12.3555,6.24559e-05,1.71182e-05,0.144071,0.0509033,2.59891
0,15.071182,0.38244229,-1.5819707,0.017522046,0.1508432,0.13709459,0.013748612,2.0119293,13.101136,1.0575755,0,0.14407067,8738.9483,5.9134443
1,0.25086,0.81205,-1.8517,0.017921,,,,,,,,,,
2,7.9646343,0.9585850029905563,-1.778939104539209,0.01279419716718171,-81.62264928128567,-81.79484293309601,0.172193651810332,-2.93295713213769e-05,3195.103366291995,-1581.545618993212,0,0.1440706666666666,-1835352544922.607,-356395681.5149176
0,6.36909,0.914932,-0.78505,0.0162618,0.0002096,0.000153196,5.64042e-05,0.956007,36.9023,0.00282723,0.000259525,0.144071,1.85685,2.9854
0,5.59701,0.275436,-0.680683,0.0138926,9.44032e-05,4.6944e-05,4.74592e-05,0.867724,11.1105,0.000260811,7.94979e-05,0.144071,0.161187,2.75512
0,6.55365,0.745299,-0.909592,0.0193435,0.000702376,0.000636691,6.56852e-05,0.94624,30.0456,0.0095716,0.00108034,0.144071,7.56331,3.18321
2,7.2965818,0.8998434040484,-1.615054098776,0.01341526613364,-21.54499541708,-21.54500804898,1.263190007705e-05,-0.01252054510523,818.412502161,-391.055833462,0,0.1440706666667,-134173174.5892,-26053.0880443
0,25.268066,0.45401211,-1.553081,0.011498912,0.24934687,0.16997219,0.079374682,1.5628643,13.748709,1.5565765,0,0.14407067,8145.9863,5.7658006
2,22.4740984,0.3794334642,-1.816224567,0.009649619051,-5.268604924,-6.407424385,1.138819461,-3.975947812,95.95369352,-49.03930326,0,0.1440706667,-656381.3846,-125.8188195
0,5.05941,0.611205,-0.546674,0.012623,7.08341e-05,9.23997e-06,6.15941e-05,0.935705,24.6553,0.000113915,1.56465e-05,0.144071,0.0593183,2.56973
0,5.7154,0.430539,-0.608444,0.0115408,8.6265e-05,2.23445e-05,6.39205e-05,0.911129,17.3672,0.000194047,3.78377e-05,0.144071,0.0948738,2.65563
0,37.3944,0.40874,-1.09548,0.0107358,0.0126218,0.0122525,0.000369262,0.898901,16.2812,0.101018,0.0211952,0.144071,46.9769,3.4706
0,41.2793495,0.760413964,-1.751953192,0.01178265315,0.9774665731,0.6399192509,0.3375473221,0.04211425196,0.691245783,9.815228838,0,0.1440706667,195525.8819,42.5141101
0,30.9747,0.53227,-1.05619,0.01434,0.0058135,0.00558898,0.00022452,0.923199,21.3479,0.0600053,0.00957972,0.144071,36.2075,3.41584
0,12.6065,0.910533,-1.09439,0.0173603,0.00794067,0.00747186,0.000468808,0.950764,36.4408,0.13723,0.012925,0.144071,98.0258,3.51721
0,24.1244,0.27278,-1.14461,0.0174143,0.0142832,0.0139975,0.000285745,0.857862,10.8472,0.0770169,0.0245585,0.144071,61.6378,3.53652
0,8.306299,0.4066372,-1.15636,0.01963063,0.01475393,0.01432436,0.0004295682,0.8971147,16.16244,0.1174918,0.02533647,0.1440707,102.1355,3.582092
1,0.18745,0.85745,-1.9993,0.017766,,,,,,,,,,
0,4.2783392,0.866576386,-1.73515857,0.0180761177,0.308341764,0.295595953,0.0127458109,5.94417192,24.1798482,5.16690533,0,0.144070667,39054.8667,12.0304203
0,47.657,0.4510491,-1.229225,0.01907744,0.03685082,0.03503607,0.001814747,0.8912568,17.52558,0.3187604,0.06647133,0.1440707,284.2245,3.742904
2,15.9134432,0.3312894318,-1.64601628,0.01034041478,0.1644449019,-0.477060869,0.6415057708,-0.1346439877,11.16703408,-3.187913636,0,0.1440706667,-253389.3754,-47.68561224
0,40.2141881,0.5486807676,-1.745293047,0.01343849283,0.9976256892,0.7067096671,0.2909160222,0.004287613374,0.05255480939,7.821425988,0,0.1440706667,134043.0937,30.54909164
0,5.915,0.253264,-0.595316,0.00876176,9.6456e-05,2.48652e-05,7.15908e-05,0.857794,10.2161,0.000127025,4.21048e-05,0.144071,0.05008,2.60967
2,20.0470016,0.288371464,-1.65111917,0.0201673051,-0.49551943,-0.612563123,0.117043692,2.79477086,17.3980073,-3.56310237,0,0.144070667,20307.5258,8.27234859
0,6.17677,0.642505,-0.78399,0.0114664,0.000289321,0.000214321,7.50001e-05,0.938502,25.9123,0.00277758,0.000363085,0.144071,1.31021,2.96632
0,6.24212,0.386108,-0.759809,0.0106171,0.000240511,0.000169688,7.08224e-05,0.901814,15.5725,0.00132156,0.000287434,0.144071,0.60065,2.90192
0,0.4602974,0.3561166040959548,-1.978710067211647,0.01806210735984499,0,0,0,-5.188868533335979e-107,14.3663813182638,0,0,0.1440706666666666,-6.070528640109853e+112,-1.178798156752515e+109
0,59.073482,0.95837935,-1.2975089,0.024449618,0.068528071,0.049662037,0.018866034,0.91251954,36.013256,0.96003518,0.12468053,0.14407067,1371.2867,4.1031398
0,48.32968,0.8709979,-1.25029,0.02497486,0.04026877,0.03272525,0.007543513,0.9274244,33.72267,0.5749437,0.0665514,0.1440707,688.8759,3.888033
2,11.3858552,0.787722768,-1.59838969,0.01250846,-0.005365005,-0.00699537073,0.00163036573,3.51177249,31.9486365,-0.111149958,0,0.144070667,15075.8261,7.18840114
2,42.2535082,0.916422809,-1.43778664,0.0194339849,-5.22853055,-14.8388845,9.61035397,-4.37323025,230.269626,-274.297794,0,0.144070667,-11088.5332,-0.682173491
0,15.7728,0.288058,-1.11672,0.0167346,0.0105039,0.0102792,0.000224696,0.866343,11.4987,0.059726,0.0178622,0.144071,45.2217,3.48954
0,54.96385,0.9906958,-1.176184,0.02188037,0.01805304,0.01631643,0.001736612,0.9474827,39.24493,0.3260548,0.02932316,0.1440707,302.911,3.696763
0,33.587593,0.8821627,-1.3267787,0.017203412,0.14558158,0.10083459,0.044746985,0.85588938,30.407062,1.7942519,0.25806925,0.14407067,1797.815,4.22915
0,6.64316,0.754451,-0.92415,0.0155087,0.00104584,0.00095693,8.89078e-05,0.94663,30.4041,0.0145625,0.00162456,0.144071,9.22357,3.20829
0,5.06147,0.684102,-0.505531,0.0167843,5.11229e-05,4.09659e-06,4.70263e-05,0.942168,27.5965,5.65286e-05,6.93683e-06,0.144071,0.0388711,2.50686
0,17.8159562,0.7184578112,-1.735750223,0.0114829285,0.4616415009,0.2204181024,0.2412233984,1.217873038,15.60371505,3.194285283,0,0.1440706667,123947.9824,28.5752188
0,5.5285,0.827474,-0.705729,0.0227997,7.62237e-05,3.94576e-05,3.67661e-05,0.951683,33.3792,0.000658581,6.68239e-05,0.144071,0.60909,2.84856
0,6.39849,0.787842,-0.856204,0.0134357,0.000540054,0.000462153,7.79011e-05,0.949077,31.7658,0.0073443,0.000783459,0.144071,4.01581,3.09661
1,0.30307,0.5593,-1.9191,0.022211,,,,,,,,,,
0,4.91039,0.621092,-0.524572,0.024392,3.54895e-05,3.59997e-06,3.18895e-05,0.936686,25.0551,4.51005e-05,6.09586e-06,0.144071,0.0453338,2.53381
0,6.35891,0.61224,-0.755425,0.0119588,0.000211621,0.000142403,6.9218e-05,0.935716,24.6936,0.0017586,0.000241213,0.144071,0.867689,2.91649
0,6.32791,0.629789,-0.760412,0.0124981,0.000212263,0.00014527,6.69938e-05,0.937391,25.4014,0.00184542,0.000246072,0.144071,0.949901,2.92614
0,46.04781,0.6222602,-1.258254,0.01491203,0.06925299,0.06014431,0.009108688,0.8913579,23.36463,0.7549039,0.1234668,0.1440707,550.0867,3.857487
0,81.92706,0.83820737,-1.4643536,0.016557768,0.37949679,0.2537474,0.12574939,0.67860305,20.982183,4.2902069,1.5696514,0.14407067,9159.6148,5.8799296
0,6.19914,0.513923,-0.783,0.012311,0.000263797,0.000197101,6.66963e-05,0.924338,20.7271,0.0020432,0.000333903,0.144071,1.05065,2.95393
0,6.42126,0.441561,-0.914695,0.0205303,0.000691729,0.000640459,5.12694e-05,0.91277,17.801,0.00570437,0.00108685,0.144071,4.96003,3.16613
1,0.26765,0.67913,-1.8511,0.018319,,,,,,,,,,
0,44.00238,0.3020795,-1.301803,0.0114907,0.1333156,0.1238727,0.009442815,0.7927377,10.56179,0.7547831,0.2803361,0.1440707,489.1824,3.88318
2,53.877305,0.66345929,-1.4915484,0.015709528,0.85253964,-0.30424852,1.1567882,-0.16852388,3.9467964,-4.0716264,0,0.14407067,-9838.5309,-0.37953594
2,38.255852,0.77465614,-1.3808744,0.0091259395,-3.4721897,-3.5393677,0.067177995,-5.7031005,139.76047,-55.304417,0,0.14407067,-2484.4543,1.0085476
0,5.68398,0.3979,-0.617346,0.0235594,4.30754e-05,1.22718e-05,3.08036e-05,0.904566,16.0513,9.84939e-05,2.07805e-05,0.144071,0.0990211,2.66674
0,46.155014,0.83000424,-1.3412922,0.012989853,0.19952191,0.13770445,0.06181746,0.81486361,26.803094,2.3054381,0.41182152,0.14407067,2005.629,4.289638
0,47.67271,0.4294851,-1.29786,0.02028321,0.07651167,0.06598079,0.01053088,0.8615969,16.00054,0.5715981,0.1509698,0.1440707,648.1784,3.924572
0,115.9341,0.764154,-1.273777,0.01177078,0.1055786,0.08462756,0.02095104,0.8775686,27.57263,1.304421,0.1909307,0.1440707,804.8513,3.942036
0,32.5210767,0.8782493069,-1.755701506,0.008710575686,0.9263778436,0.6258735964,0.3005042472,0.1530192777,2.60844399,11.08739747,0,0.1440706667,213081.6166,45.93131521
0,11.92677,0.6451798,-1.15826,0.02234315,0.01350384,0.01284995,0.0006538875,0.9302015,25.67623,0.1672274,0.02281056,0.1440707,160.3511,3.618473
2,21.85612,0.3193519,-1.530435,0.01279333,0.6244981,-0.07324621,0.6977443,-8.623755,4.837677,-0.4718238,0,0.1440707,-388.3422,1.660501
0,5.9952,0.22283,-0.56955,0.016498,4.5225e-05,9.4856e-06,3.5739e-05,0.84149,8.9889,4.2634e-05,1.6062e-05,0.14407,0.032263,2.5613
0,42.890006,0.52517621,-1.35544,0.02169653,0.13124163,0.094587408,0.036654218,0.83847163,18.405992,1.0019904,0.29569623,0.14407067,1605.2558,4.2145983
0,42.649691,0.29870036,-1.4082224,0.015810204,0.26836902,0.19274014,0.075628885,0.69955082,8.8162318,1.1612697,0.79936007,0.14407067,1815.4361,4.3145166
0,37.02983,0.2072114,-1.242222,0.02425728,0.03301018,0.03241153,0.0005986422,0.8116682,8.083336,0.1354685,0.06177472,0.1440707,170.0992,3.70736
0,48.19227,0.8490506,-1.244634,0.02427634,0.03856029,0.03194893,0.006611359,0.9274651,32.93145,0.5471609,0.0636687,0.1440707,625.5468,3.865125
0,39.99703,0.3155277,-1.227008,0.01332984,0.04998076,0.04859492,0.001385835,0.8512232,12.09275,0.3092813,0.09246178,0.1440707,199.575,3.706082
0,6.09098,0.66499,-0.739695,0.0237667,9.34279e-05,5.85504e-05,3.48775e-05,0.940578,26.8244,0.000785363,9.91665e-05,0.144071,0.766138,2.89434
0,4.92098,0.999272,-0.627163,0.0152574,7.54022e-05,2.14951e-05,5.39072e-05,0.959647,40.3094,0.000433259,3.64001e-05,0.144071,0.265897,2.72734
0,50.92401,0.2278666,-1.340645,0.01904988,0.1150739,0.1036264,0.01144754,0.7734688,8.134723,0.4762952,0.278492,0.1440707,635.9781,3.964012
0,40.0364649,0.2766548656853,-1.646951436568,0.02092901513475,0.5229987699152,0.08052950319269,0.4424692667225,-2.522989922219e-05,5.323692690637,0.4493849286839,0,0.1440706666667,-652456722.1641,-126695.3922781
0,6.03165,0.326234,-0.773389,0.0202265,0.000141735,0.000106045,3.56901e-05,0.885935,13.159,0.000697823,0.000179628,0.144071,0.615111,2.91673
0,4.73713,0.811278,-0.541127,0.0222124,4.09891e-05,4.88986e-06,3.60992e-05,0.950789,32.7271,8.00187e-05,8.28013e-06,0.144071,0.0721594,2.57425
0,12.2844242,0.73540444393,-1.7617339075,0.016861452673,0.3260659076,0.24392791904,0.082137988558,-0.20769739579,19.993961095,3.6183696434,0,0.14407066667,-1300258.8936,-250.93899817
0,6.09981,0.277303,-0.665526,0.0203234,5.8851e-05,2.6414e-05,3.24371e-05,0.86852,11.1863,0.000147745,4.47293e-05,0.144071,0.133454,2.73026
0,6.30033,0.257252,-0.595041,0.0227008,3.7535e-05,9.56351e-06,2.79715e-05,0.859725,10.3776,4.96252e-05,1.61938e-05,0.144071,0.0505785,2.6099
0,19.6665,0.272124,-1.13885,0.0196509,0.0117874,0.0115514,0.000235996,0.859127,10.8486,0.0634055,0.0202117,0.144071,57.1659,3.52603
0,5.25184,0.253442,-0.688697,0.00958985,0.000141574,7.53793e-05,6.61946e-05,0.857852,10.2228,0.00038535,0.000127654,0.144071,0.166282,2.76473
0,6.25008,0.356383,-0.642621,0.011027,0.000100527,3.62737e-05,6.42529e-05,0.894587,14.3757,0.000260756,6.14264e-05,0.144071,0.124067,2.7036
0,8.8325081,0.99202722,-1.5570434,0.024853978,0.039835441,0.0096774744,0.030157966,4.4491702,38.425934,0.19364701,0,0.14407067,8414.9649,5.8236635
0,29.867523,0.7215166,-1.319589,0.011616507,0.16631339,0.1226744,0.043638984,0.83262371,24.266342,1.7853586,0.34847192,0.14407067,1344.7335,4.1190589
0,9.8390158,0.761280656,-1.62073138,0.0165040505,0.175689094,0.175236725,0.000452369011,2.8441995,25.3157621,2.69088472,0,0.144070667,19652.5109,8.1130829
2,25.873994,0.265457435,-1.62231291,0.0116434602,-2.39206814,-2.4256093,0.0335411636,-2.27012989,36.3257532,-12.9879592,0,0.144070667,-36055.6626,-5.40644639
2,15.701634,0.918922297,-1.53658009,0.014211217,-5.85030506,-5.87049714,0.0201920821,-3.26558025,253.947457,-108.812513,0,0.144070667,-58255.5345,-9.82768613
2,16.2939975,0.4703916575846,-1.739113771804,0.00881597508766,-43.73202173759,-46.85510551087,3.123083773278,-0.02145509619563,848.8545958137,-444.5715854691,0,0.1440706666667,-399649872.5109,-77604.28696979
0,0.36846,0.20945,-0.75011,0.014788,0,0,0,-6.0616,8.4495,0,0,0.14407,-0.042809,1.4238
0,1.3362487,0.64581684518,-1.4568681479,0.024906535486,0.0010542682536,0.00078431849579,0.00026994975782,-0.00076048487766,26.025940376,0.010217084752,0,0.14407066667,-9208751.8637,-1787.0454552
0,6.53076,0.923692,-0.850966,0.0248748,0.000276672,0.000233425,4.32464e-05,0.956362,37.2531,0.00434911,0.000395638,0.144071,4.36953,3.09577
0,12.2904408,0.7015945129808,-1.552436059373,0.01507688847895,0.1166394171265,0.007781025504762,0.1088583916217,-2.348360243355e-05,25.00226571304,0.110115433585,0,0.1440706666667,-977732350.4854,-189858.7564199
2,7.7005327,0.659549182,-1.60970134,0.0220865072,0.0536384835,-0.103111606,0.15675009,4.12109124,25.1802144,-1.3717656,0,0.144070667,11708.5677,6.5328578
0,7.12527,0.475669,-0.975967,0.00861382,0.0035158,0.0033418,0.000174004,0.916691,19.1219,0.0320634,0.00569077,0.144071,11.655,3.2726
0,5.72602,0.604734,-0.637446,0.0209128,5.54252e-05,1.78968e-05,3.75284e-05,0.935072,24.3947,0.000218306,3.03065e-05,0.144071,0.188467,2.71992
0,6.43529,0.771046,-0.838551,0.0216269,0.000274679,0.000228935,4.57444e-05,0.948204,31.0968,0.00356055,0.000387977,0.144071,3.13654,3.06608
0,5.42911,0.36988,-0.50263,0.0184253,4.20365e-05,3.59485e-06,3.84417e-05,0.898076,14.921,2.68205e-05,6.08792e-06,0.144071,0.0212425,2.47291
0,5.8694,0.24637,-0.58887,0.024274,3.3789e-05,8.2623e-06,2.5526e-05,0.85443,9.9387,4.1059e-05,1.399e-05,0.14407,0.045025,2.5978
0,4.74086,0.875537,-0.532591,0.0239831,3.75806e-05,4.05859e-06,3.3522e-05,0.954236,35.3194,7.16762e-05,6.8725e-06,0.144071,0.0695368,2.56381
0,6.51446,0.314393,-0.961351,0.0191416,0.00130633,0.00124864,5.76874e-05,0.881425,12.6666,0.00791838,0.00212253,0.144071,6.65497,3.22822
0,6.20083,0.817984,-0.769451,0.0149147,0.000195764,0.000136714,5.90495e-05,0.951073,32.9925,0.00225571,0.000231586,0.144071,1.36573,2.95392
0,43.81217,0.4433653,-1.267503,0.01255254,0.08697927,0.07979921,0.007180063,0.8571038,16.33043,0.7136504,0.1651785,0.1440707,450.2842,3.837069
0,4.86198,0.876075,-0.504861,0.0121728,7.15367e-05,5.60007e-06,6.59366e-05,0.954241,35.3399,9.89601e-05,9.48283e-06,0.144071,0.0487275,2.51781
2,16.0197222,0.830364817,-1.58265549,0.021250383,0.0647505406,-0.29150284,0.35625338,2.30121789,31.3293635,-4.88243983,0,0.144070667,18432.1756,7.83474369
0,12.3267852,0.376400024,-1.4881804,0.0197043744,0.631479033,0.158878129,0.472600904,-0.0923218194,5.59586219,1.20625445,0,0.144070667,-24384.9184,-3.25421412
0,29.374619,0.58376743,-1.4415559,0.012328672,0.37522111,0.15110422,0.22411689,1.1561636,14.713682,1.779269,0,0.14407067,2812.993,4.5640611
0,15.7784,0.945968,-1.00505,0.0155942,0.00286872,0.00267925,0.000189471,0.955653,38.0526,0.0511228,0.00456713,0.144071,32.3242,3.35811
1,0.25565,0.72078,-1.8972,0.023863,,,,,,,,,,
0,5.6906,0.255032,-0.530757,0.0201864,3.57908e-05,4.70985e-06,3.10809e-05,0.858677,10.2881,2.42285e-05,7.97493e-06,0.144071,0.021985,2.5028
0,6.36361,0.932958,-0.789803,0.0194086,0.000184235,0.000136435,4.78e-05,0.956835,37.6302,0.00256752,0.000231134,0.144071,2.01093,2.99428
2,0.8113423,0.7416909422,-1.889745006,0.02066017507,-5.930379716e-05,-6.735454897e-05,8.050751812e-06,15.31237887,29.9229148,-0.001007662457,0,0.1440706667,136655.2267,31.20176913
2,6.0286271,0.74722782619,-1.8782980071,0.021502275379,-0.24168192674,-0.54584384648,0.30416191974,-0.28039052559,37.429890988,-8.2270971456,0,0.14407066667,-8058677.6116,-1563.2914129
0,6.31183,0.943467,-0.749238,0.0211867,0.00011569,7.42422e-05,4.14475e-05,0.957338,38.0567,0.00141287,0.000125749,0.144071,1.20718,2.92733
0,14.4655179,0.53534736489,-1.5433637734,0.023203926845,0.71532396948,0.090958905151,0.62436506433,-0.00061475067229,6.1481115255,0.98221387324,0,0.14407066667,-8174078.5487,-1586.0360671
0,13.3814,0.502345,-1.02218,0.0115371,0.00469661,0.00450384,0.000192772,0.919904,20.1703,0.0456363,0.00769263,0.144071,22.1809,3.35392
0,5.92379,0.700775,-0.787561,0.0229221,0.000150567,0.000112248,3.83196e-05,0.943401,28.2663,0.00158665,0.000190152,0.144071,1.48855,2.97648
0,28.259,0.447915,-1.08996,0.0205353,0.00618461,0.00598781,0.000196802,0.910408,17.9579,0.054099,0.0103219,0.144071,47.6559,3.46594
0,27.1204421,0.7730467305,-1.841489066,0.01871304324,0.9958516505,0.4082750346,0.5875766159,0.01277284689,0.1293707967,6.366250781,0,0.1440706667,381083.7393,78.67025975
2,20.9155716,0.98459164756,-1.7062366411,0.012311414839,-51.491845205,-174.81870158,123.32685637,-6.187695509,2084.9860465,-3471.9159904,0,0.14407066667,-2231247.6051,-431.80514266
0,27.30388,0.4259837,-1.1895,0.01881492,0.0230346,0.02225824,0.0007763668,0.8956782,16.7891,0.1912533,0.04046172,0.1440707,162.652,3.650891
0,7.10642,0.586626,-0.990907,0.013082,0.00280896,0.00266457,0.00014439,0.931436,23.5991,0.0315293,0.00453981,0.144071,17.151,3.30846
1,0.34313,0.8826,-1.8471,0.020862,,,,,,,,,,
0,5.91185,0.257367,-0.723453,0.0226927,7.81873e-05,4.97794e-05,2.8408e-05,0.859754,10.3818,0.000258421,8.43038e-05,0.144071,0.263312,2.82313
0,18.24283,0.7773904,-1.145838,0.01565437,0.01663593,0.01568875,0.0009471805,0.9379566,30.8396,0.2460099,0.02775541,0.1440707,162.8346,3.607323
2,11.885215,0.46123119,-1.6403785,0.0089329137,0.52950345,-0.016311775,0.54581523,3.105871,8.7544785,-0.15175572,0,0.14407067,8010.0294,5.8258327
1,0.37591,0.61475,-1.971,0.016657,,,,,,,,,,
0,24.2854821,0.8228596371,-1.699132929,0.0119611016,0.5657709993,0.374005881,0.1917651184,0.8281144536,14.4145056,6.207680575,0,0.1440706667,105209.5736,24.8914846
2,15.2840372,0.429603736,-1.789762713,0.01588259817,-0.1968179807,-0.4184700461,0.2216520654,3.372079508,20.742033,-3.626248789,0,0.1440706667,119089.2966,27.68369865
0,37.2924723,0.5509680891,-1.72799085,0.01185050377,0.9880042975,0.5925012514,0.3955030462,0.02048807728,0.2666289469,6.584774222,0,0.1440706667,113955.245,26.62271297
2,22.126024,0.55800765,-1.459183,0.017777578,0.32688897,-0.042778946,0.36966792,1.5098421,15.152421,-0.48149902,0,0.14407067,2781.9451,4.5750888
0,58.249388,0.56039491,-1.3565631,0.017075304,0.16161838,0.11574628,0.045872101,0.82206553,18.953573,1.3083574,0.38118243,0.14407067,1710.5009,4.2394213
2,20.1310021,0.63695707379,-1.7016237203,0.014386384306,-263.84423821,-263.96527798,0.12103976978,-30.153005814,6805.4345306,-3391.4243893,0,0.14407066667,-1408529.2462,-272.02756366
0,5.6738256,0.31296871,-1.67306221,0.0100486417,0.321150703,0.0372572651,0.283893438,2.55428253,8.5709598,0.235199862,0,0.144070667,14510.164,7.15126622
2,7.8909542,0.82303798,-1.5719139,0.024480182,0.41471956,-0.06172173,0.47644129,-2.7423847,19.432964,-1.0246679,0,0.14407067,-8357.4159,-0.0031785592
2,17.3263498,0.88241394472,-1.6754360664,0.023652183526,-31.866933165,-35.799271765,3.9323386001,-0.84670476188,1170.0022864,-637.19406988,0,0.14407066667,-6160400.1112,-1194.8657855
2,14.2434254,0.665010828703608,-1.8088609395165,0.0103716229140958,-8.04308938954215,-8.60996496910765,0.566875579565504,-0.000138166856566352,242.605536199888,-115.49289617817,0,0.144070666666667,-43446466989.5664,-8436597.8308697
0,23.150346,0.25135024,-1.5068207,0.017998354,0.21526206,0.11762594,0.097636121,1.1551203,7.9571788,0.59635871,0,0.14407067,3521.066,4.7783582
1,0.26358,0.88812,-1.8622,0.011007,,,,,,,,,,
0,4.94196,0.8093,-0.505661,0.0137857,6.28663e-05,4.99596e-06,5.78703e-05,0.950661,32.6466,8.15556e-05,8.45983e-06,0.144071,0.04565,2.51525
0,6.10537,0.280543,-0.616994,0.0180201,5.23397e-05,1.5972e-05,3.63678e-05,0.869844,11.317,9.03822e-05,2.70456e-05,0.144071,0.0722739,2.6502
0,6.19556,0.404061,-0.816028,0.0123208,0.000366162,0.000300942,6.52198e-05,0.90568,16.2946,0.00245276,0.000509934,0.144071,1.28842,2.99749
0,4.94394,0.775809,-0.514255,0.0228351,3.82518e-05,3.36815e-06,3.48837e-05,0.948658,31.2963,5.27074e-05,5.70334e-06,0.144071,0.0489726,2.52746
0,6.59004,0.32033,-0.980444,0.0198257,0.00160154,0.00153908,6.24595e-05,0.88317,12.902,0.00994452,0.00261888,0.144071,8.64556,3.26115
0,42.32423,0.7484852,-1.246347,0.01025459,0.08859467,0.07593131,0.01266336,0.8880552,27.5201,1.146382,0.1540802,0.1440707,558.1009,3.847879
0,6.6769,0.898176,-0.904432,0.0214878,0.00059866,0.000536485,6.21749e-05,0.954973,36.2123,0.0097195,0.00091016,0.144071,8.45303,3.18394
0,5.35149,0.706015,-0.622214,0.0205484,5.37751e-05,1.49776e-05,3.87975e-05,0.94386,28.4804,0.000213295,2.53628e-05,0.144071,0.179246,2.70211
0,6.08454,0.331593,-0.775649,0.0113962,0.000257582,0.000193745,6.38364e-05,0.887498,13.3736,0.00129587,0.000328202,0.144071,0.642421,2.92122
0,11.4064,0.520754,-1.12357,0.0106694,0.0181285,0.0174837,0.000644766,0.913803,20.6273,0.18365,0.0305938,0.144071,83.9852,3.53573
0,62.143465,0.53007491,-1.5136187,0.010792896,0.93016992,0.73758998,0.19257994,0.098845346,1.4932583,7.886375,0,0.14407067,8426.4296,5.7825351
0,6.35643,0.966269,-0.885006,0.021957,0.000466109,0.00040925,5.68588e-05,0.958073,38.9628,0.00797649,0.000694021,0.144071,7.06375,3.15502
2,11.067232,0.208395054,-1.61009983,0.0228550027,-1.07236467,-1.07779661,0.00543194306,-0.705945974,17.422431,-4.53053399,0,0.144070667,-47535.3658,-7.6620342
1,0.35854,0.3643,-1.9781,0.016341,,,,,,,,,,
0,5.89323,0.280326,-0.732744,0.00902271,0.000215275,0.000141053,7.42215e-05,0.869656,11.3064,0.000797576,0.000238903,0.144071,0.319429,2.84235
0,5.04959,0.531606,-0.517915,0.0177647,4.74229e-05,4.53788e-06,4.28851e-05,0.926804,21.4449,4.86596e-05,7.68404e-06,0.144071,0.0360015,2.5153
0,14.45721,0.8232436,-1.142016,0.02250659,0.01111219,0.01044442,0.0006677742,0.9442617,32.84207,0.1734354,0.01838023,0.1440707,163.997,3.604092
0,39.1742,0.3041742,-1.234962,0.01540326,0.04745986,0.04613157,0.001328293,0.84904,11.68856,0.2830387,0.08862207,0.1440707,214.2025,3.72051
0,39.1078,0.729954,-1.07498,0.0231891,0.00461227,0.00438921,0.000223056,0.94265,29.3118,0.064626,0.0075406,0.144071,61.9755,3.46724
0,6.2272,0.907976,-0.857665,0.0119505,0.000621045,0.000529393,9.16515e-05,0.955419,36.6066,0.00969567,0.000897508,0.144071,4.68412,3.10611
0,0.8318663,0.802457628187,-1.8980362301,0.0228662864918,0.855787932074,0.0564261961363,0.799361735938,-0.0120045586504,4.66851631019,0.913330696845,0,0.144070666667,-30251704.1502,-5872.86527592
1,0.19028,0.84756,-1.9974,0.024206,,,,,,,,,,
0,43.03234,0.2198066,-1.35061,0.01363399,0.1686496,0.1504451,0.01820446,0.7347048,7.371911,0.6670279,0.4422496,0.1440707,689.5964,3.988547
0,7.29753,0.466275,-1.00379,0.00936599,0.00457731,0.00438414,0.000193172,0.914519,18.7243,0.0412336,0.00748246,0.144071,16.3549,3.31875
0,4.8237,0.625242,-0.532256,0.0211021,4.15155e-05,4.5929e-06,3.69226e-05,0.937075,25.2223,5.79242e-05,7.77723e-06,0.144071,0.05035,2.54688
2,13.9677281,0.2108137462,-1.547079722,0.01710501934,-225.7348605,-225.7367569,0.001896375489,-1.813148889,1928.290182,-959.9008529,0,0.1440706667,-911725.7506,-175.6885809
0,35.9401,0.996768,-1.04066,0.0105936,0.00662807,0.00620284,0.000425234,0.955271,39.9449,0.124712,0.0106217,0.144071,53.6304,3.42387
0,6.3548,0.313692,-0.9443,0.0213214,0.000948925,0.000901175,4.77495e-05,0.881415,12.6429,0.00570214,0.00153073,0.144071,5.33601,3.19956
0,5.46914,0.848115,-0.685816,0.0119134,0.000128142,5.84705e-05,6.96719e-05,0.952768,34.2101,0.00100027,9.90233e-05,0.144071,0.482812,2.81668
0,6.41127,0.786488,-0.820317,0.00991526,0.000491096,0.000395088,9.6008e-05,0.949026,31.7128,0.00626775,0.000669538,0.144071,2.52856,3.03666
0,55.07336,0.26647428,-1.4975232,0.017732421,0.38335552,0.38335388,1.6402307e-06,0.60566642,6.6289586,2.0605366,2.2442521,0.14407067,4964.6519,5.0670356
0,13.1639,0.928715,-0.982511,0.0219962,0.00153244,0.00142491,0.000107527,0.955769,37.4086,0.0266929,0.00242395,0.144071,23.7863,3.31815
0,42.55824,0.5151541,-1.276445,0.01360365,0.09191709,0.08015887,0.01175822,0.8645001,18.872,0.8329403,0.1709674,0.1440707,578.7074,3.883842
0,18.1104362,0.458407402,-1.71615832,0.0192042273,0.142493749,0.059703567,0.0827901816,1.68458122,15.8578419,0.552048293,0,0.144070667,70806.5174,18.2076471
0,0.4704953,0.4381240438038021,-1.923398278482873,0.01168675997123547,0,0,0,-2.369501984409201e-80,17.67470824328416,0,0,0.1440706666666666,-8.03698487907685e+85,-1.560652049099332e+82
2,20.323498,0.256161512,-1.70729443,0.0134197525,0.0458943773,-0.0812350466,0.127129424,1.5973496,9.85974084,-0.419742054,0,0.144070667,41432.3792,12.4672669
0,13.3525031,0.658601649,-1.66553453,0.0232668925,0.769661256,0.0103179894,0.759343267,0.703607145,6.11990914,0.137070204,0,0.144070667,34145.5245,11.0005791
0,26.3731096,0.7991947073,-1.879852482,0.02103622486,0.8938699231,0.6462717512,0.2475981719,0.2283627809,3.421733992,10.41820605,0,0.1440706667,922786.0654,183.9438663
0,58.4705727,0.324651949,-1.74744675,0.0095435533,0.999086894,0.749248097,0.249838797,0.00160318913,0.0119589867,4.90646644,0,0.144070667,83863.2194,20.783031
0,25.3580148,0.871873414,-1.7118075,0.0187768636,0.638600875,0.448986537,0.189614338,0.986179475,12.7114677,7.89608699,0,0.144070667,91683.2543,22.2704965
0,5.13371,0.282436,-0.688293,0.0156562,8.82646e-05,4.59336e-05,4.2331e-05,0.870581,11.393,0.000261683,7.77873e-05,0.144071,0.18166,2.76888
0,38.07773,0.5874793,-1.174091,0.0164116,0.0221676,0.02113879,0.001028815,0.9190232,23.17459,0.2504942,0.03805742,0.1440707,179.5202,3.643828
0,27.9375,0.683544,-1.06007,0.0212234,0.00416206,0.00396843,0.000193636,0.93947,27.4606,0.0547155,0.00680343,0.144071,48.1069,3.43663
0,6.67417,0.786098,-0.940107,0.0213391,0.000925872,0.000853325,7.25476e-05,0.948721,31.6833,0.0135306,0.00144926,0.144071,11.772,3.23728
0,27.1475253,0.3907260843,-1.801972179,0.01906199569,0.664986651,0.409096992,0.255889659,0.6031515602,5.280677966,3.224214017,0,0.1440706667,198286.1073,43.10084034
0,55.1696,0.312721,-0.650498,0.0146051,7.72541e-05,3.03048e-05,4.69492e-05,0.881634,12.6148,0.000191159,5.13158e-05,0.144071,0.122232,2.71071
2,12.90414,0.5533903,-1.433336,0.01014957,-0.03221549,-0.0391266,0.00691111,4.870572,23.04396,-0.4367459,0,0.1440707,941.0045,4.136065
0,18.0688671,0.9278637148,-1.766683366,0.01493184119,0.4539685468,0.2621598973,0.1918086495,1.403544312,20.43887642,4.906543124,0,0.1440706667,209605.7625,45.26649753
0,6.07097,0.488863,-0.7984,0.0102547,0.000368891,0.000288342,8.05497e-05,0.920708,19.7143,0.00284328,0.000488534,0.144071,1.22269,2.97716
0,19.62655,0.5535891,-1.169921,0.0175993,0.01960479,0.01877456,0.0008302249,0.9169266,21.89495,0.209644,0.03363812,0.1440707,161.129,3.630533
2,16.5283754,0.766889776667,-1.69642677534,0.0180641349652,0.0970764545172,-0.239723768329,0.336800222846,-0.0025828968007,27.9343836,-3.70825178722,0,0.144070666667,-63136685.9947,-12258.8345467
0,33.3818,0.624886,-1.06041,0.0161016,0.00549012,0.00525221,0.000237913,0.933534,25.0706,0.0662015,0.00900704,0.144071,44.3938,3.43212
0,6.13845,0.812945,-0.848255,0.0225684,0.000294127,0.00024848,4.56471e-05,0.950721,32.786,0.00407454,0.000421145,0.144071,3.73599,3.08489
0,5.69202,0.8921,-0.720083,0.0145827,0.000132694,7.41765e-05,5.85179e-05,0.954986,35.9841,0.00133477,0.00012563,0.144071,0.786833,2.8761
0,14.0080442,0.6978688311,-1.802127725,0.02425052844,0.3697212389,0.2587792162,0.1109420227,1.456604587,17.74441315,3.6427416,0,0.1440706667,276450.086,58.2962476
0,30.625546,0.44321493,-1.5118504,0.020851291,0.099525274,0.057541694,0.04198358,2.2562904,16.100564,0.51442516,0,0.14407067,3890.8672,4.8603288
0,34.7455,0.718968,-1.0777,0.0156853,0.00704233,0.00670708,0.000335252,0.940292,28.8002,0.0972676,0.0115444,0.144071,63.2169,3.47122
0,24.209782,0.79052179,-1.5301885,0.02416022,0.0011411101,0.0011409734,1.3676099e-07,2.6799273,31.854673,0.018193427,0,0.14407067,8202.5416,5.7542457
0,30.339151,0.97077527,-1.3093269,0.019062142,0.098266614,0.069644844,0.02862177,0.89279382,35.314415,1.363744,0.1861337,0.14407067,1599.6865,4.1672252
0,13.8065631,0.415057712,-1.64498013,0.0164933475,0.00506369011,0.00481136332,0.000252326794,2.53813747,16.6593838,0.0402811454,0,0.144070667,19787.9695,8.16398846
0,34.6429,0.592112,-1.06493,0.0124757,0.00747917,0.00717095,0.000308214,0.929008,23.7082,0.0856458,0.0123184,0.144071,44.7028,3.43705
2,16.924851,0.60905286941091,-1.822433693172,0.012570543122421,-6.4589547595805,-6.6345272986657,0.17557253908516,-0.0036840932860304,183.26862977329,-81.506106848164,0,0.14407066666667,-1465311712.0372,-284538.5073793
0,5.18772,0.902218,-0.686593,0.0209647,7.33157e-05,3.35606e-05,3.97551e-05,0.955506,36.3944,0.000610754,5.68355e-05,0.144071,0.517305,2.82101
0,27.3972,0.746698,-1.07528,0.0141501,0.00757819,0.0072054,0.000372796,0.941878,29.8948,0.108524,0.0124053,0.144071,63.5048,3.46909
0,4.1873214,0.939679761,-1.45494922,0.0221353674,0.0433668979,0.00453489764,0.0388320002,-0.414473826,36.2643956,0.0859552747,0,0.144070667,-22970.1387,-3.00964691
0,5.9595,0.350937,-0.763898,0.0161735,0.000162775,0.000117402,4.53734e-05,0.893088,14.1551,0.000831053,0.00019886,0.144071,0.581042,2.9043
0,39.951507,0.82746621,-1.5244528,0.0097125479,0.83193784,0.73535571,0.096582134,0.51721849,5.6101616,12.273627,0,0.14407067,6953.4993,5.497478
0,6.44247,0.940077,-0.912701,0.0101474,0.00140307,0.00126262,0.000140452,0.956354,37.8712,0.023942,0.00214333,0.144071,9.81678,3.20016
0,48.279207,0.24222625,-1.4198123,0.017944189,0.23520381,0.1683418,0.066862014,0.69961093,7.4734665,0.82250462,0.81735273,0.14407067,1785.8138,4.3195089
0,43.12793,0.242077,-1.313118,0.02190138,0.07830911,0.07354673,0.004762387,0.8038668,9.001065,0.359122,0.1700874,0.1440707,475.4346,3.89036
0,5.01001,0.852095,-0.642619,0.0169301,7.19302e-05,2.36251e-05,4.83051e-05,0.953015,34.3726,0.000406056,4.00074e-05,0.144071,0.278452,2.74517
0,16.3011,0.617634,-1.013,0.0106266,0.00457211,0.00435003,0.000222086,0.933436,24.8025,0.0541936,0.00742297,0.144071,23.8903,3.34889
0,6.66439,0.598188,-0.948239,0.0248616,0.000870039,0.000812872,5.71669e-05,0.933885,24.111,0.0098081,0.00138088,0.144071,10.1029,3.23723
0,14.91676,0.9324009,-1.135815,0.02225429,0.01049102,0.009782315,0.0007087021,0.9500753,37.22011,0.1839795,0.01716559,0.1440707,170.5805,3.601192
0,23.4425548,0.999958002,-1.62674138,0.0141450826,0.32557331,0.181695954,0.143877357,1.38794207,27.2064373,3.6648161,0,0.144070667,46753.4723,13.4261922
0,19.149934,0.375397781,-1.75430287,0.0155860637,0.337440486,0.237529042,0.099911444,1.31726509,10.0339461,1.79859586,0,0.144070667,93520.5345,22.6707813
0,34.054426,0.71015426,-1.493465,0.010142175,0.41857307,0.38089245,0.037680615,1.2571844,16.657239,5.4560738,0,0.14407067,5704.83,5.2138487
0,31.9024,0.712242,-1.0716,0.0144698,0.00706769,0.00673206,0.000335623,0.939785,28.5301,0.0967166,0.0115712,0.144071,57.9365,3.45962
0,27.4714319,0.3014361136,-1.817541543,0.01009490649,0.9933640245,0.7990984645,0.19426556,0.01257395577,0.08069659671,4.858707428,0,0.1440706667,177527.3226,39.07970838
0,10.7014,0.5437187,-1.15154,0.02138608,0.01288996,0.01238649,0.0005034654,0.9200766,21.65185,0.1358463,0.02186061,0.1440707,125.4012,3.592334
0,0.4788981,0.4828291035584665,-1.969631644904831,0.02278018155532057,0,0,0,-4.457874810525877e-78,19.47819038341549,0,0,0.1440706666666666,-8.525680271152055e+83,-1.655548764285783e+80
2,17.5668051,0.6831519732,-1.768207663,0.01699442759,0.3252393551,-2.276227609,2.601466965,-0.4776553282,18.59611563,-31.36593112,0,0.1440706667,-571456.4583,-109.3686745
0,21.10046,0.5092175,-1.530089,0.01351323,0.4161635,0.25253,0.1636334,-13.21562,11.9936,2.59383,0,0.1440707,-625.4652,1.58962
2,17.0922527,0.823117857,-1.5639344,0.0208986062,0.493450699,-0.0622276232,0.555678323,1.16220293,16.8205003,-1.03316672,0,0.144070667,15406.5407,7.21928022
0,38.83599,0.3830967,-1.258913,0.02461795,0.04055249,0.03827389,0.002278601,0.8754292,14.82807,0.2957577,0.07542423,0.1440707,358.4791,3.798936
0,5.71412,0.285117,-0.732801,0.0142396,0.000136768,8.94452e-05,4.73227e-05,0.871611,11.5005,0.000514405,0.000151488,0.144071,0.324422,2.84321
0,6.2785,0.241,-0.89843,0.023915,0.00047824,0.00044639,3.1849e-05,0.8514,9.7177,0.00217,0.00075712,0.14407,2.3556,3.1111
0,36.71011,0.7080867,-1.222856,0.02181626,0.03168693,0.02853042,0.003156511,0.9232885,27.66033,0.4074927,0.05356007,0.1440707,399.0054,3.776252
2,15.298948,0.45114494,-1.4355728,0.020408675,0.32892454,-0.072638209,0.40156275,1.2574787,12.21357,-0.66100751,0,0.14407067,1988.0723,4.3800577
0,40.43213,0.9443765,-1.154079,0.01859429,0.01581197,0.01461885,0.001193122,0.9470951,37.49544,0.2784732,0.02597619,0.1440707,217.9603,3.64125
0,20.6864,0.888251,-1.08133,0.0152344,0.00766149,0.00722376,0.000437728,0.949896,35.5591,0.129427,0.0124539,0.144071,80.955,3.49101
2,2.0218365,0.263192624,-1.86453181,0.0202104496,0.0454334591,-0.0558877189,0.101321178,-5.4296652,10.1352645,-0.296698443,0,0.144070667,-94422.7361,-16.5476329
0,6.8935952,0.838996059229,-1.62351901318,0.0141364611023,0.0169895073233,0.00877792955535,0.00821157776791,-0.00758453564357,33.2715658652,0.148551548298,0,0.144070666667,-10038804.294,-1948.06595171
0,6.46296,0.63334,-0.928783,0.00875577,0.00194709,0.00179788,0.000149207,0.936604,25.5003,0.022968,0.00305392,0.144071,8.29812,3.20731
0,30.5078759,0.2889577935,-1.767462198,0.01883461537,0.918268725,0.6412418702,0.2770268548,0.1342885143,0.952747576,3.737502183,0,0.1440706667,103146.8526,24.55824953
0,5.03205,0.676021,-0.625513,0.00989076,0.000112731,3.24623e-05,8.02685e-05,0.941478,27.2688,0.000442654,5.49728e-05,0.144071,0.179503,2.70548
0,5.1114,0.84625,-0.706537,0.0240989,7.26068e-05,3.77195e-05,3.48873e-05,0.952705,34.1368,0.000643858,6.38805e-05,0.144071,0.628732,2.851
0,5.9068,0.660075,-0.760154,0.016885,0.000157044,0.000107174,4.98709e-05,0.940122,26.6244,0.00142694,0.000181536,0.144071,0.989456,2.92799
2,16.5600064,0.436843271,-1.58899541,0.0155386,-0.0692143864,-0.0960729383,0.0268585519,2.50310875,18.8428075,-0.846548597,0,0.144070667,11056.4467,6.38257597
0,0.4398499,0.3506633682182437,-1.916508564222654,0.01912844142994781,0,0,0,-3.927294761721368e-19,14.14638802074116,0,0,0.1440706666666666,-3.552353238449027e+24,-6.898093556382201e+20
0,37.025212,0.40616136,-1.499909,0.020069005,0.39256872,0.26565524,0.12691348,0.63153404,9.9529294,2.1764172,2.0446685,0.14407067,7371.2344,5.5570492
0,0.8027673,0.8721183754357,-1.832859450577,0.01832198878921,0.1210200605161,0.004459765009102,0.116560295507,-0.008095135838299,30.92498992215,0.07845354698459,0,0.1440706666667,-128652270.5554,-24980.79810311
0,6.12488,0.625234,-0.76946,0.0208908,0.000137931,9.76192e-05,4.03117e-05,0.937013,25.2196,0.00123113,0.000165356,0.144071,1.05976,2.94084
2,0.7781315,0.22996310363244,-1.9676661344007,0.019391166634455,-0.38874091298652,-0.38874099097264,7.798612811083e-08,-0.0016635610937732,12.883520644638,-1.8031990473452,0,0.14407066666667,-1473464281.6397,-286121.45915878
2,0.7479231,0.8468044605313452,-1.761234730322393,0.01633191890719186,-51138.67182778186,-51138.67182778186,0,-0.001256569646435565,1747013.415132829,-873489.6267624839,0,0.1440706666666666,-18658944976012.35,-3623264338.969454
0,5.8675,0.949497,-0.660244,0.010653,0.000124788,4.70828e-05,7.77054e-05,0.957592,38.2996,0.000901739,7.9735e-05,0.144071,0.387233,2.77976
0,12.8387,0.431557,-1.13962,0.0226644,0.0104182,0.0101026,0.000315582,0.904767,17.2284,0.087942,0.0177002,0.144071,87.0697,3.55423
2,38.9095857,0.296283005,-1.57946655,0.0133251509,0.288773514,-0.359345643,0.648119157,1.10242391,8.50099633,-2.147555,0,0.144070667,10021.0838,6.1669444
0,5.68867,0.462254,-0.637528,0.0169833,6.64999e-05,2.20606e-05,4.44393e-05,0.916728,18.6469,0.000205695,3.73576e-05,0.144071,0.147097,2.70726
0,20.3468222,0.221965356,-1.70773741,0.0134318019,0.829227728,0.697871544,0.131356184,0.275242137,1.52917686,3.12453833,0,0.144070667,37504.9249,11.6999448
0,5.88974,0.408891,-0.775238,0.0222439,0.000133467,9.8744e-05,3.47234e-05,0.906835,16.4932,0.000814411,0.000167263,0.144071,0.771301,2.93023
0,62.122271,0.56115573,-1.3929473,0.024935725,0.17416235,0.12042385,0.053738509,0.81335104,18.695335,1.3630791,0.41653013,0.14407067,2721.2032,4.4959237
0,42.27652,0.72155481,-1.504959,0.013574144,0.32176791,0.15316838,0.16859953,1.2189947,19.742531,2.2292748,0,0.14407067,8082.7274,5.7049942
0,6.05589,0.46106,-0.717994,0.0180459,9.40495e-05,5.15285e-05,4.2521e-05,0.916509,18.5982,0.000479214,9.88327e-05,0.144071,0.412527,2.84077
0,11.09943,0.9009669,-1.10182,0.02236912,0.006772261,0.006371835,0.0004004264,0.9510809,36.10047,0.1157973,0.01103527,0.1440707,106.7984,3.530751
0,14.1571161,0.7355116974,-1.730221029,0.01316073065,0.3830204135,0.2712794982,0.1117409153,1.339594598,18.30693103,4.024683452,0,0.1440706667,123143.4487,28.41312762
0,20.5883226,0.880677516,-1.802951144,0.01487508682,0.6375101131,0.05430693261,0.5832031805,0.796672071,12.87857969,0.9647112713,0,0.1440706667,370747.7605,76.62322959
0,5.9255446,0.58330777,-1.4644772,0.013738865,0.73186554,0.011223965,0.72064158,1.6040689,6.3096542,0.13205937,0,0.14407067,1167.1169,4.2221781
0,8.54458,0.669392,-0.990149,0.0186202,0.00196508,0.00185523,0.000109849,0.939739,26.9514,0.0250497,0.00315863,0.144071,19.2262,3.31397
0,58.682853,0.61990658,-1.3130589,0.021640073,0.085393447,0.065405731,0.019987716,0.88046622,22.87261,0.81783788,0.17201118,0.14407067,1102.1882,4.0552106
0,13.5398163,0.67599041306,-1.76388949828,0.0239973454257,0.350722613664,0.294219698247,0.0565029154174,-0.00596570561551,17.7062250561,4.01178317829,0,0.144070666667,-41214596.2043,-8001.8310566
1,0.2529,0.94408,-1.9049,0.013428,,,,,,,,,,
0,6.08688,0.81905,-0.854972,0.0150867,0.000474998,0.000405133,6.98654e-05,0.950952,33.0262,0.00669319,0.000686767,0.144071,4.1015,3.09648
1,0.25468,0.72051,-1.8741,0.018825,,,,,,,,,,
0,24.8515,0.4206468,-1.196134,0.01473768,0.03170762,0.03062707,0.001080557,0.8890995,16.43158,0.2598652,0.0562506,0.1440707,174.6315,3.663503
0,0.4497671,0.9923527786218322,-1.759862266496093,0.01174539410400848,0,0,0,-4.048471640388453e-21,40.03328756914259,0,0,0.1440706666666666,-1.303921206489878e+26,-2.532003398526044e+22
0,12.61521,0.3416755,-1.191347,0.0247068,0.01790369,0.01743153,0.0004721605,0.8793916,13.53702,0.1201364,0.03155259,0.1440707,136.7822,3.638814
0,23.8448303,0.27905384,-1.76929151,0.00952775354,0.998512822,0.748237845,0.250274977,0.00265201665,0.0167419583,4.21165554,0,0.144070667,93961.881,22.7717142
2,10.0209739,0.750822188,-1.63319908,0.0150959314,-0.641056727,-0.65523754,0.0141808131,12.6402836,49.7068061,-9.9234124,0,0.144070667,10190.5236,6.25444091
0,5.678893,0.85753088,-1.6051204,0.02408744,0.24664509,0.0037475371,0.24289756,6.0726932,26.061809,0.064821769,0,0.14407067,7753.9906,5.7391868
0,6.18273,0.313005,-0.857235,0.0207728,0.000340773,0.00030294,3.78335e-05,0.881564,12.6229,0.00191263,0.000513489,0.144071,1.74087,3.05425
0,6.12167,0.893908,-0.836985,0.0142678,0.000411715,0.000340084,7.16306e-05,0.954891,36.047,0.00613203,0.000576375,0.144071,3.53848,3.07079
0,41.70547,0.8148944,-1.153642,0.01187638,0.02420232,0.02269481,0.00150751,0.9352127,32.07866,0.373038,0.04044225,0.1440707,187.7857,3.627298
0,6.88782,0.545683,-0.975419,0.0114678,0.00263427,0.00249357,0.000140698,0.926901,21.9559,0.0274465,0.00424453,0.144071,13.1421,3.27851
0,50.36997,0.4999035,-1.295542,0.01411828,0.1067479,0.08978833,0.01695955,0.8527233,18.01422,0.9053808,0.2105314,0.1440707,715.72,3.940463
0,5.10755,0.678285,-0.629395,0.0208337,5.43375e-05,1.61997e-05,3.81377e-05,0.941699,27.3618,0.000221639,2.74325e-05,0.144071,0.189278,2.71209
0,14.543991,0.94830008,-1.4177743,0.012509287,0.011177621,0.00010188695,0.011075734,2.7434836,37.82851,0.0019488998,0,0.14407067,2245.5312,4.4185108
0,8.3158384,0.889539058,-1.60523974,0.0101455494,0.142348947,0.139777799,0.00257114853,3.68859411,30.7773209,2.50800495,0,0.144070667,15098.6376,7.19975849
0,5.18413,0.335252,-0.67304,0.0138952,9.29295e-05,4.25469e-05,5.03826e-05,0.88869,13.5234,0.000287716,7.20512e-05,0.144071,0.173652,2.75131
0,5.99992,0.79874,-0.750005,0.021527,0.000113687,7.37929e-05,3.98939e-05,0.950009,32.2189,0.0011889,0.000124988,0.144071,1.04009,2.92041
0,31.4973,0.912485,-1.0366,0.0194322,0.00342329,0.00321685,0.000206442,0.953803,36.6853,0.0592082,0.00549681,0.144071,46.8277,3.41153
0,39.505828,0.43935014,-1.3853508,0.0090815392,0.33538774,0.24049887,0.094888872,0.68044263,11.779701,2.1313216,1.0373675,0.14407067,1858.9692,4.301316
0,4.6701,0.851003,-0.551695,0.0149801,6.20246e-05,8.30473e-06,5.37199e-05,0.952964,34.3288,0.000142555,1.40628e-05,0.144071,0.0864982,2.59413
0,6.22782,0.741466,-0.835546,0.0246446,0.000232759,0.000193303,3.94556e-05,0.946283,29.9051,0.00289105,0.000327578,0.144071,2.90804,3.05915
0,5.5629796,0.71825489,-1.5948481,0.016268908,0.6939795,0.015982408,0.67799709,2.3550376,8.8671547,0.23155063,0,0.14407067,5961.9033,5.3674159
0,42.28125,0.4504802,-1.212417,0.02317123,0.02475958,0.02372163,0.001037946,0.8989841,17.72322,0.2155487,0.04409996,0.1440707,229.6229,3.704531
2,8.1453111,0.78869837,-1.4056119,0.0098191232,0.91007976,-0.009442599,0.91952236,-0.13669868,2.8610375,-0.15021997,0,0.14407067,-2915.5073,0.94136098
0,5.88718,0.482798,-0.892519,0.0208151,0.000523685,0.000475375,4.83106e-05,0.919695,19.4667,0.00462942,0.000806262,0.144071,4.04893,3.13335
0,19.5445,0.828371,-1.01967,0.0152685,0.00350102,0.0032978,0.000203216,0.949509,33.301,0.0551029,0.00562802,0.144071,34.3516,3.37625
2,9.6223084,0.6881559512,-1.411639988,0.02037964515,0.2663720078,-0.001365036386,0.2677370442,-0.009110978425,20.36657168,-0.0189476899,0,0.1440706667,-336461.2045,-64.06575954
0,12.1749,0.904296,-0.984931,0.0193521,0.00179298,0.0016703,0.000122674,0.954485,36.4155,0.0304671,0.00284211,0.144071,23.918,3.32088
0,5.85655,0.330494,-0.882107,0.0210469,0.000451597,0.00041138,4.02164e-05,0.887046,13.3267,0.00274241,0.000697567,0.144071,2.51414,3.09815
0,13.5493,0.673297,-1.01098,0.0216146,0.00219956,0.00208574,0.00011382,0.939909,27.1023,0.0283265,0.00355561,0.144071,25.2591,3.34999
2,13.8790128,0.5865952637543,-1.880607497414,0.02090382345126,-4187.030842629,-4187.24886111,0.2180184807166,-22.22815068548,99106.83102059,-49544.16298647,0,0.1440706666667,-277263166.2796,-53838.61428205
0,22.8352,0.589659,-1.04088,0.0108424,0.00635278,0.00607869,0.000274097,0.929477,23.6368,0.0722996,0.0104081,0.144071,32.7102,3.39463
0,4.44801,0.806323,-0.591683,0.015138,6.68229e-05,1.37354e-05,5.30876e-05,0.950485,32.5263,0.000223395,2.32591e-05,0.144071,0.137337,2.65789
0,4.78748,0.312393,-0.684842,0.023928,5.74325e-05,2.87517e-05,2.86808e-05,0.881536,12.6018,0.000181172,4.86897e-05,0.144071,0.189834,2.76769
0,4.87337,0.47789,-0.673465,0.0128475,0.000105551,4.62673e-05,5.92839e-05,0.919207,19.2769,0.000445992,7.83531e-05,0.144071,0.240623,2.7685
2,0.741594,0.334214512695,-1.95317321751,0.0172183791548,-0.566802209169,-0.566802273776,6.46064232113e-08,-0.0357456034832,21.1248992243,-3.82104417632,0,0.144070666667,-93340015.8856,-18123.59445
0,5.36163,0.526585,-0.720849,0.0214863,8.7526e-05,5.08428e-05,3.66832e-05,0.926132,21.2415,0.000540036,8.61075e-05,0.144071,0.483675,2.85181
0,38.1119834,0.3678938112,-1.801735846,0.02272812517,0.8543633903,0.5448888209,0.3094745695,0.2417593413,2.161465005,4.043482337,0,0.1440706667,201871.7906,43.79780641
0,36.70432,0.5766169,-1.213153,0.008819001,0.06597645,0.06205685,0.003919607,0.8890495,21.72703,0.7217757,0.1169708,0.1440707,287.3483,3.728
0,45.49784,0.6044741,-1.192661,0.01953051,0.02353666,0.02225247,0.001284183,0.9198587,23.81161,0.2713196,0.04059457,0.1440707,233.9303,3.686567
0,6.04173,0.739462,-0.745657,0.0193372,0.000121439,7.76875e-05,4.37511e-05,0.946217,29.8276,0.00115876,0.000131583,0.144071,0.914236,2.90941
1,0.31495,0.29894,-1.997,0.016068,,,,,,,,,,
0,5.6788,0.326947,-0.792449,0.019841,0.000175127,0.000138081,3.7046e-05,0.886135,13.1873,0.000910621,0.000233915,0.144071,0.787259,2.9485
0,6.17349,0.946876,-0.848524,0.00958671,0.000698921,0.000586859,0.000112061,0.957106,38.172,0.0112086,0.000994865,0.144071,4.33567,3.09293
0,46.215384,0.21633338,-1.49427,0.015867395,0.422041,0.42203949,1.5103478e-06,0.55623021,5.0440075,1.8416275,2.4053921,0.14407067,3945.0273,4.8539756
0,15.129372,0.63367361,-1.5034759,0.012919541,0.54489415,0.30925659,0.23563756,1.0958027,11.634111,3.9528447,0,0.14407067,5198.5799,5.1207792
0,6.76541,0.205286,-1.03738,0.0111385,0.00577664,0.00565477,0.000121866,0.826808,8.23377,0.0234153,0.00968508,0.144071,12.2451,3.33666
0,6.37094,0.755591,-0.673373,0.013845,0.000101929,4.28828e-05,5.90464e-05,0.947316,30.4788,0.000653575,7.2622e-05,0.144071,0.368723,2.79037
0,5.54529,0.404427,-0.639407,0.0110939,0.00010076,3.45965e-05,6.61633e-05,0.905925,16.3136,0.000282226,5.85864e-05,0.144071,0.133407,2.70412
0,45.8089245,0.3966370126,-1.684167559,0.01707607645,0.8482920057,0.5800763652,0.2682156404,-0.09312145698,2.427486768,4.640914631,0,0.1440706667,-130007.8209,-23.65447595
0,5.9529,0.39763,-0.627049,0.0244255,4.31574e-05,1.34077e-05,2.97497e-05,0.904508,16.0404,0.000107537,2.2704e-05,0.144071,0.112095,2.68281
2,4.2918287,0.642037574,-1.64218075,0.0200319568,0.695779125,-0.00983108537,0.705610211,-1.17053385,7.87960817,-0.127317201,0,0.144070667,-19577.7086,-2.15544941
0,6.04862,0.276287,-0.59737,0.0124123,7.04121e-05,1.80215e-05,5.23906e-05,0.868093,11.1451,0.000100433,3.05163e-05,0.144071,0.0554296,2.61694
0,6.57452,0.577144,-0.771837,0.00985743,0.000297619,0.000213281,8.43384e-05,0.932025,23.2761,0.00248291,0.000361306,0.144071,1.01381,2.94093
0,11.8937,0.466164,-1.03542,0.0249702,0.0025564,0.00246097,9.54319e-05,0.915783,18.7578,0.0231404,0.00421318,0.144071,24.5617,3.37286
