Error,time,CO2share,E_appl,v,X_tot,X_het,X_hom,FE,CO2_out,CO_out,H2_out,delP,CD,Vcell
0,8.52677,0.23268,-1.03448,0.0241006,0.0025834,0.00252292,6.04846e-05,0.845633,9.36248,0.011841,0.00431253,0.144071,13.1162,3.33746
0,6.67378,0.683885,-0.833068,0.0184735,0.000301087,0.000249794,5.1293e-05,0.94199,27.5809,0.0034458,0.000423312,0.144071,2.60981,3.05105
0,11.4975,0.831439,-0.993712,0.0205308,0.00187961,0.00176136,0.000118243,0.950731,33.4787,0.0295396,0.00299882,0.144071,24.7118,3.3315
0,6.62412,0.951234,-0.906995,0.0240809,0.000552363,0.00049472,5.76434e-05,0.957387,38.3533,0.00949231,0.000839334,0.144071,9.22911,3.19116
0,12.91563,0.8904548,-1.101102,0.01331973,0.01123063,0.01057696,0.0006536663,0.9476691,35.51911,0.1899757,0.01836251,0.1440707,104.4889,3.528461
0,6.76181,0.249511,-0.982947,0.0216722,0.00150382,0.00145378,5.00395e-05,0.855105,10.0506,0.00731668,0.00247402,0.144071,7.18313,3.25384
2,34.2156528,0.8617581234,-1.847752394,0.01824765204,0.5325798374,-0.07826273803,0.6108425754,2.852698792,16.24979904,-1.360396776,0,0.1440706667,232275.5972,49.75495737
0,36.8497871,0.7257687198,-1.751244981,0.01786276122,0.8704920297,0.6044737921,0.2660182376,0.2331679867,3.79183918,8.849136475,0,0.1440706667,191969.0087,41.82177151
1,166.4502,0.9395457,-1.267462,0.02300651,,,,,,,,,,
0,13.8309222,0.8086931421615,-1.5693716888765,0.017077325632941,0.78309107107678,0.16855467961453,0.61453639146225,-8.0520318847859e-06,7.0764648898262,2.7494748100718,0,0.14407066666667,-1003207337.0406,-194805.56981777
0,6.43968,0.259375,-0.881866,0.0135007,0.000695574,0.000639288,5.62863e-05,0.86031,10.4564,0.00334464,0.00108411,0.144071,2.02764,3.08677
0,19.7309463,0.881009971,-1.67984779,0.0100832012,0.46984212,0.341066028,0.128776092,1.13730441,18.8426166,6.06100242,0,0.144070667,78168.0516,19.6059093
0,4.94937,0.806239,-0.600725,0.0140023,7.42195e-05,1.6678e-05,5.75415e-05,0.950476,32.5227,0.000271227,2.82423e-05,0.144071,0.154235,2.67289
0,5.57764,0.344539,-0.565623,0.0206361,4.0981e-05,7.20981e-06,3.37712e-05,0.891396,13.8987,5.01057e-05,1.22084e-05,0.144071,0.0447741,2.57422
0,6.2102,0.643653,-0.745887,0.0206853,0.000112902,7.28402e-05,4.00621e-05,0.938718,25.9632,0.000945688,0.000123372,0.144071,0.804526,2.90306
0,52.15616,0.7716169,-1.202697,0.01243861,0.04274627,0.03906501,0.003681261,0.9203174,29.79779,0.6080157,0.07250945,0.1440707,332.8512,3.733933
1,0.45553,0.66744,-1.9783,0.023892,,,,,,,,,,
0,28.79509,0.2872745,-1.22496,0.02450434,0.02678044,0.02611655,0.0006638887,0.8559197,11.27881,0.1513345,0.04899128,0.1440707,180.3139,3.695078
0,43.330825,0.20687621,-1.4759675,0.015377946,0.39115483,0.39115349,1.3385283e-06,0.57418215,5.0812737,1.6322359,1.9619778,0.14407067,3043.3552,4.6472496
0,6.73069,0.686116,-0.738954,0.00910172,0.000242843,0.00015143,9.14133e-05,0.942204,27.6724,0.00209572,0.000256494,0.144071,0.781521,2.89463
0,32.5123243,0.369837735,-1.68828275,0.0205422628,0.95668592,0.807394006,0.149291913,-0.0412175236,0.646242453,6.02312549,0,0.144070667,-82438.9264,-14.3898467
0,42.705302,0.6344087,-1.3071417,0.009127998,0.18131008,0.14181211,0.039497962,0.81574555,20.952881,1.8147117,0.37794748,0.14407067,1010.0279,4.0269107
0,40.585743,0.20116218,-1.3859386,0.017702566,0.17270926,0.14116905,0.031540203,0.72012129,6.7136649,0.57281054,0.53621001,0.14407067,1008.7011,4.1053824
0,5.74733,0.269678,-0.532218,0.0209435,3.52819e-05,4.62553e-06,3.06564e-05,0.865318,10.8789,2.51612e-05,7.83222e-06,0.144071,0.0235061,2.5077
0,6.06209,0.305319,-0.746584,0.0206202,0.000107637,7.37291e-05,3.39082e-05,0.879093,12.3158,0.000454064,0.000124874,0.144071,0.411178,2.86919
0,6.25026,0.649896,-0.785113,0.0245076,0.00013696,0.000101738,3.52223e-05,0.939255,26.2144,0.00133368,0.000172344,0.144071,1.34366,2.96874
0,5.73281,0.276341,-0.563887,0.0178128,4.4586e-05,8.16846e-06,3.64176e-05,0.868131,11.1476,4.55313e-05,1.38315e-05,0.144071,0.0360609,2.56136
0,11.1621,0.724544,-1.00345,0.0237023,0.00182989,0.00172797,0.000101928,0.944068,29.1759,0.0252537,0.00294374,0.144071,24.5781,3.34093
0,37.1309,0.837046,-1.02888,0.00940415,0.00637916,0.00601416,0.000364993,0.948112,33.5525,0.101543,0.0102858,0.144071,39.0176,3.39291
0,19.4477773,0.831622593,-1.63209694,0.0138807005,0.0980834065,0.0394190077,0.0586643989,3.3125249,30.2585298,0.661236985,0,0.144070667,23338.7661,8.84909257
0,31.090942,0.39917263,-1.3516093,0.023432212,0.10742157,0.082614,0.024807565,0.83531042,14.373493,0.66518061,0.26064758,0.14407067,1197.8949,4.1166242
0,7.08148,0.292037,-1.00232,0.0122393,0.00340445,0.00329464,0.000109811,0.87225,11.7412,0.0194076,0.00561873,0.144071,10.5512,3.29363
2,16.2910337,0.4868590888,-1.739689616,0.02018266795,0.1384515366,-0.01760659452,0.1560581312,1.655578748,16.9214728,-0.1729035121,0,0.1440706667,104010.5689,24.6986251
0,5.56621,0.512357,-0.674189,0.0230403,5.95136e-05,2.60409e-05,3.34727e-05,0.924255,20.6682,0.000269125,4.4099e-05,0.144071,0.258979,2.77301
0,5.30421,0.346142,-0.684379,0.0129971,0.000107076,5.26172e-05,5.44584e-05,0.891803,13.9625,0.000367372,8.91072e-05,0.144071,0.206676,2.7716
0,0.5286014999999999,0.8348203697702858,-1.958828489205389,0.01759702218207983,0,0,0,-1.606532443743531e-175,33.67814818637979,0,0,0.1440706666666666,-3.560427837113544e+181,-6.913773116741013e+177
0,135.4412,0.8535029,-1.259985,0.01933571,0.05754392,0.04608468,0.01145924,0.9150523,32.45049,0.7933901,0.09736097,0.1440707,760.9529,3.916838
0,5.10167,0.462991,-0.514763,0.0127626,6.43301e-05,6.06577e-06,5.82643e-05,0.916851,18.6767,5.66479e-05,1.02712e-05,0.144071,0.030437,2.50352
0,14.4559049,0.963644208,-1.59697906,0.0112896933,0.593016788,0.320445171,0.272571617,1.28031152,15.8215262,6.22867423,0,0.144070667,20110.3106,8.17941105
1,0.48636,0.8915,-1.8605,0.021056,,,,,,,,,,
0,3.3404731,0.57436332129,-1.8698646505,0.0093701699305,0.73017662731,0.18723069834,0.54294592897,-0.18533851155,6.2520354349,2.1691467067,0,0.14407066667,-1827339.7088,-353.19889426
0,6.42036,0.707861,-0.877684,0.0164747,0.000562576,0.000496502,6.60732e-05,0.943669,28.5403,0.00708916,0.000841941,0.144071,4.78164,3.1272
2,14.8733773,0.460044562,-1.66579363,0.0181526031,-0.431447962,-0.505506378,0.0740584156,4.23890987,26.566273,-4.69085179,0,0.144070667,24685.4398,9.1471739
0,12.892795,0.74554588,-1.5296718,0.0087124522,0.0019960685,0.00011891993,0.0018771485,2.7584849,30.01662,0.0017883569,0,0.14407067,7459.4593,5.6045552
2,9.1754977,0.5050953755115,-1.56545755257667,0.0092270973330613,-185.076015124002,-185.222830410699,0.146815286697944,-5.00752531560123e-05,3791.56892621737,-1887.09202457725,0,0.144070666666667,-82194135882.7673,-15960766.6560394
0,47.405452,0.30650015,-1.4705389,0.024665195,0.24349052,0.2434894,1.1168009e-06,0.71970159,9.3540616,1.5053446,1.1408391,0.14407067,4168.6367,4.8764988
1,52.2524,0.93759,-1.33291,0.0105351,,,,,,,,,,
0,6.61966,0.522742,-0.742191,0.00962682,0.000231996,0.00014925,8.27459e-05,0.925537,21.0834,0.00157372,0.000252801,0.144071,0.631898,2.88692
0,40.41641,0.3799736,-1.245904,0.01409737,0.05961401,0.0569963,0.002617709,0.8624835,14.415,0.4368429,0.1114448,0.1440707,299.2949,3.765164
0,6.20945,0.850132,-0.826077,0.0120483,0.000431538,0.000350106,8.14321e-05,0.952678,34.281,0.00600358,0.000593317,0.144071,2.93195,3.0501
2,30.118831,0.8266569,-1.3892525,0.023230568,0.24946532,-0.036414582,0.2858799,1.4049032,25.029445,-0.60719166,0,0.14407067,2011.4059,4.338868
1,0.2725,0.81812,-1.9929,0.009486,,,,,,,,,,
0,6.58046,0.623136,-0.906449,0.014623,0.000888608,0.000808897,7.97108e-05,0.936332,25.1161,0.0101672,0.00137254,0.144071,6.13652,3.16905
2,4.2017,0.7751574,-1.371688,0.01101058,0.3415018,-0.004787186,0.3462889,4.757772,20.59205,-0.07485062,0,0.1440707,389.9501,3.922147
2,0.78761,0.426260094331,-1.90777104976,0.0202323977747,-0.0275550960746,-0.0275550960746,1.73472347598e-17,-0.0332275204676,17.6699353407,-0.236920028816,0,0.144070666667,-46876950.5301,-9101.23111797
0,44.423691,0.60114396,-1.3097167,0.019514683,0.091935676,0.071348401,0.020587276,0.87413066,22.021671,0.86514301,0.18273003,0.14407067,1023.9593,4.0328948
2,22.2115777,0.23555726195,-1.7242718595,0.022194244502,-14.794983922,-15.707529337,0.91254541496,-0.21776307027,150.09659903,-74.632767728,0,0.14407066667,-5753984.1038,-1115.8940491
0,32.8468764,0.273809403,-1.7637873,0.0132340908,0.98638229,0.694017602,0.292364688,0.0224642909,0.150420696,3.83304586,0,0.144070667,92860.6379,22.5517607
2,18.5344272,0.482227911,-1.62424042,0.0179818823,0.147922795,-0.308092603,0.456015398,1.63618833,16.5762564,-2.99680708,0,0.144070667,23399.9678,8.85325501
0,42.12119,0.5222629,-1.252014,0.02300898,0.04129339,0.0375281,0.003765286,0.8988754,20.19901,0.3953401,0.07385531,0.1440707,435.2582,3.816918
0,18.1788721,0.7417457978,-1.879763089,0.01079226269,0.9531645543,0.7703589921,0.1828055622,0.1106243138,1.40147359,11.52586216,0,0.1440706667,779319.8964,156.0762925
0,49.5498,0.438664,-1.10321,0.0225009,0.00666842,0.00646247,0.000205956,0.908456,17.5785,0.0571815,0.0111683,0.144071,55.4244,3.48846
0,13.0740876,0.2532406059,-1.877364231,0.01108180042,0.7496386534,0.6293585215,0.1202801319,0.4790589961,2.557736429,3.214819777,0,0.1440706667,318468.3858,66.53802637
0,32.79305,0.6431639,-1.168271,0.0178976,0.01903577,0.01807496,0.0009608158,0.9264289,25.45247,0.2344899,0.03238404,0.1440707,181.5018,3.638958
0,27.433516,0.8283629,-1.4244071,0.017042541,0.084435296,0.070435176,0.01400012,1.7612861,30.596014,1.1768888,0,0.14407067,3080.6178,4.6035503
2,20.0196622,0.983078968,-1.68935566,0.0195833791,0.0945353534,-0.0256333303,0.120168684,1.98603079,35.9099722,-0.508298243,0,0.144070667,96390.2322,23.1646358
0,6.50742,0.850512,-0.75751,0.00986184,0.000265936,0.000177362,8.85745e-05,0.952806,34.302,0.00304275,0.00030044,0.144071,1.21582,2.93597
2,16.0303529,0.847482404,-1.5637786,0.0191679893,-0.94374278,-4.05889295,3.11515017,4.70619697,66.4545389,-69.3846589,0,0.144070667,15001.4639,7.13909604
0,37.08926,0.2555834,-1.259215,0.01924337,0.05017707,0.04883737,0.001339696,0.8279641,9.79333,0.2517735,0.09686522,0.1440707,251.3074,3.760177
0,46.10692,0.3449752,-1.252987,0.01035169,0.08644653,0.08306575,0.003380773,0.8364352,12.71385,0.5780097,0.166224,0.1440707,298.1174,3.771815
0,6.23536,0.793336,-0.662316,0.014337,9.28105e-05,3.59287e-05,5.68818e-05,0.949699,32.0016,0.000574941,6.08444e-05,0.144071,0.335044,2.77438
2,15.532869,0.4432463109522884,-1.482868358822625,0.01760114555278675,-58383973000277.4,-69946447260629.86,11562474260352.46,-7.930192914525739e-40,1043984236328961,-625368440813066.8,0,0.1440706666666666,-4.946931300453036e+56,-9.606137857624592e+52
2,12.216973,0.30453654,-1.5292086,0.0093443124,0.34534319,-0.10110032,0.44644351,1.6217454,8.0428185,-0.62103646,0,0.14407067,3379.5417,4.7711565
2,14.376351,0.3930322,-1.5110791,0.021615872,0.26149353,-0.076372559,0.33786609,1.9533149,11.70948,-0.60546723,0,0.14407067,3236.4085,4.7230093
0,49.88573,0.7360544,-1.250063,0.01654046,0.05855089,0.04969981,0.008851073,0.9074337,27.95516,0.737887,0.1001962,0.1440707,581.9467,3.858376
0,6.3857,0.22063,-0.6126,0.024058,3.576e-05,1.1307e-05,2.4453e-05,0.84016,8.9002,5.0319e-05,1.9146e-05,0.14407,0.055617,2.6323
2,25.266659,0.43848708,-1.6087875,0.023984609,0.16833019,-0.25351783,0.42184802,5.336493,14.711701,-2.2422833,0,0.14407067,5221.148,5.2306957
0,4.745,0.856364,-0.521956,0.0212702,4.17138e-05,3.99188e-06,3.77219e-05,0.953257,34.5458,6.89543e-05,6.75955e-06,0.144071,0.0593899,2.54507
0,40.098886,0.34760504,-1.493666,0.010647819,0.60472201,0.39735079,0.20737122,0.44366402,5.5429871,2.7860269,3.55682,0.14407067,5393.2374,5.1506574
0,5.6268,0.539189,-0.638886,0.0198603,5.82268e-05,1.91971e-05,3.90297e-05,0.927751,21.7506,0.000208786,3.25083e-05,0.144071,0.172527,2.71682
0,18.7226692,0.6712510742,-1.769068462,0.009252464233,0.7221100974,0.5488359709,0.1732741265,0.6066471367,7.525111278,7.4310936,0,0.1440706667,184100.187,40.30944693
2,1.8041305,0.61649069594,-1.9058101127,0.02304611217,-41.65239301,-41.652422887,2.9876626947e-05,-33.748316731,1060.7794433,-517.95492404,0,0.14407066667,-2701819.448,-522.992818
0,32.0461243,0.271970217,-1.6647554,0.0109443201,0.961995101,0.604303717,0.357691384,0.0708274728,0.416980832,3.31513931,0,0.144070667,22881.6349,8.79196718
0,6.059,0.549244,-0.776903,0.0139372,0.000220366,0.000160995,5.93709e-05,0.928876,22.1526,0.00178362,0.000272726,0.144071,1.03325,2.94697
0,0.4665921,0.5136219965269,-1.884921750199,0.02389885409056,0,0,0,-0.001477441732447,20.72043081025,0,0,0.1440706666667,-921822204.7297,-179001.5778447
0,4.7945,0.727724,-0.522347,0.0172509,5.0942e-05,4.94676e-06,4.59952e-05,0.945444,29.3562,7.26127e-05,8.37648e-06,0.144071,0.0511417,2.53778
0,5.12619,0.497885,-0.562189,0.0132153,6.79165e-05,1.07723e-05,5.71442e-05,0.92222,20.0842,0.000108184,1.82411e-05,0.144071,0.0598392,2.58569
0,49.660465,0.23971066,-1.471489,0.012400957,0.44359186,0.44359003,1.8330811e-06,0.55018872,5.3806653,2.144837,2.2969629,0.14407067,3175.1979,4.6705519
0,40.247587,0.35488258,-1.4363567,0.02373013,0.2155861,0.19342881,0.022157283,0.75115261,11.230139,1.3846213,0.76440801,0.14407067,3091.1467,4.6177197
0,6.83567,0.990473,-0.913306,0.0241132,0.000596404,0.000535666,6.07371e-05,0.958964,39.9336,0.0107019,0.00090899,0.144071,10.4037,3.20386
2,6.3347464,0.751514600038445,-1.45410519421472,0.0219013776500328,-0.174556319959882,-0.177802746602015,0.00324642664213301,-5.05272922195119e-07,35.609545812249,-2.69526243359893,0,0.144070666666667,-18302581316.6715,-3554063.5479307
0,50.66005,0.3304754,-1.329893,0.01978421,0.102186,0.08690276,0.01528327,0.8223275,11.96963,0.5792924,0.233564,0.1440707,766.651,3.988236
2,10.0198442,0.93535854443982,-1.6393189632947,0.019837601904217,-0.14541818419596,-0.14779177436271,0.002373590166754,-0.00010911427033804,43.221253440577,-2.7883902247664,0,0.14407066666667,-1110433905.7115,-215627.16478183
0,5.9192,0.231,-0.79795,0.011741,0.00030472,0.0002504,5.4319e-05,0.84607,9.316,0.0011667,0.00042422,0.14407,0.62511,2.9421
0,5.16634,0.553272,-0.523159,0.00907659,9.42785e-05,9.50022e-06,8.47782e-05,0.929437,22.3179,0.000106022,1.60872e-05,0.144071,0.0399645,2.52592
0,5.09463,0.572346,-0.555176,0.0236507,3.81086e-05,5.50077e-06,3.26078e-05,0.931662,23.0886,6.3505e-05,9.31456e-06,0.144071,0.0622277,2.58069
0,44.81351,0.3684359,-1.246973,0.02177473,0.03947372,0.03776239,0.001711331,0.8726998,14.27665,0.2806381,0.07314887,0.1440707,297.0019,3.765392
0,35.1104,0.608202,-1.06734,0.0103762,0.00927182,0.00888323,0.000388592,0.929485,24.3085,0.108979,0.0152772,0.144071,47.2536,3.44281
0,4.99049,0.546761,-0.538067,0.0159399,5.45633e-05,6.5515e-06,4.80118e-05,0.928682,22.0561,7.22542e-05,1.10938e-05,0.144071,0.0478704,2.5501
0,6.9894,0.957244,-0.936047,0.00964665,0.00196332,0.00179088,0.000172441,0.956722,38.5411,0.0345792,0.00304299,0.144071,13.4789,3.2405
0,40.08857,0.2574483,-1.205039,0.0209808,0.02464257,0.02414594,0.0004966292,0.8446965,10.12999,0.1253889,0.04430073,0.1440707,127.0511,3.646825
0,39.30859,0.4109119,-1.253132,0.01976924,0.04713859,0.04440884,0.002729746,0.8771396,15.79551,0.3680809,0.08720198,0.1440707,353.8494,3.791589
0,23.1812,0.340258,-1.08446,0.0168964,0.00696741,0.00678743,0.000179976,0.88585,13.631,0.0465843,0.0116898,0.144071,34.6423,3.44153
0,6.05063,0.71588,-0.739968,0.019576,0.000114199,7.13338e-05,4.28648e-05,0.944551,28.8766,0.00103006,0.000120819,0.144071,0.824174,2.89838
0,34.7329263,0.7878428165,-1.777442364,0.01693811016,0.9619146202,0.6283474636,0.3335671566,0.07330761147,1.21046723,9.985380447,0,0.1440706667,272894.5009,57.58046016
2,16.9496566,0.6550948961,-1.779140424,0.02141469652,-43.57531805,-52.32237814,8.747060087,53.75738952,1178.02317,-691.3800783,0,0.1440706667,370151.0732,76.48346911
0,21.925,0.914458,-0.999161,0.00950418,0.00436172,0.00407527,0.000286447,0.953282,36.7299,0.0751702,0.0069477,0.144071,28.9996,3.346
0,6.30372,0.843135,-0.893135,0.0216842,0.000516772,0.000459932,5.68404e-05,0.952251,33.996,0.00782197,0.000780098,0.144071,6.88345,3.16178
0,37.51361,0.4577724,-1.320759,0.008526457,0.2097567,0.1720727,0.03768404,0.7761311,14.59371,1.588864,0.4819521,0.1440707,880.7251,4.008381
2,14.0420306,0.581443382,-1.6312384,0.022439455,0.978460237,-0.701013099,1.67947334,0.0739118566,0.505246739,-8.22164529,0,0.144070667,17273.8576,7.65506513
2,17.9693171,0.354072081,-1.71696372,0.0168155827,-0.296356786,-0.393040605,0.0966838196,2.48638231,18.5170328,-2.80707667,0,0.144070667,56600.1318,15.4382964
0,22.4902997,0.914603029,-1.6851121,0.0177513549,0.438083418,0.311955935,0.126127483,1.16743636,20.7328807,5.75507594,0,0.144070667,89651.5647,21.8481285
0,34.4485,0.3067714,-1.264343,0.02211024,0.04740854,0.04554692,0.001861617,0.8498967,11.78899,0.2818377,0.09004576,0.1440707,314.7781,3.789201
2,29.043879,0.40171514,-1.5161317,0.019107788,0.029144897,-0.058293878,0.087438774,1.7238493,15.733588,-0.4723526,0,0.14407067,5257.8973,5.1455364
0,18.2754895,0.659307143,-1.7059978,0.0143934452,0.301340892,0.185778026,0.115562866,1.36970445,18.5826768,2.47062764,0,0.144070667,89561.7528,21.8515227
0,6.31706,0.86169,-0.845731,0.0216128,0.000299258,0.000251195,4.80633e-05,0.953365,34.7517,0.00436603,0.000425738,0.144071,3.82303,3.08357
2,18.9255649,0.825810883,-1.716156111,0.0242413168,-114.2760232,-177.2758059,62.99978261,-156.4200422,3840.384905,-2952.944202,0,0.1440706667,-184667.7811,-34.25459809
0,6.49868,0.841884,-0.882427,0.0104049,0.000948258,0.000835312,0.000112947,0.951904,33.9309,0.0141849,0.00141684,0.144071,5.98963,3.14375
0,17.2761795,0.412741675,-1.71592107,0.0229333589,0.180802626,0.103866418,0.0769362085,1.61336926,13.6402409,0.864726256,0,0.144070667,63399.502,16.7634101
0,6.3484,0.22891,-0.93533,0.0236,0.00076099,0.00072589,3.5107e-05,0.84461,9.2278,0.0033517,0.0012325,0.14407,3.6221,3.1704
0,82.508242,0.38385875,-1.5028639,0.019124194,0.40876279,0.27238722,0.13637557,0.61383937,9.1556328,2.1090328,2.2286882,0.14407067,7246.0848,5.5348222
0,16.7472,0.991124,-0.998981,0.0248638,0.00167162,0.00155579,0.000115831,0.958288,39.9169,0.0311031,0.00264961,0.144071,31.2787,3.35015
2,16.9973362,0.5105553163,-1.610112289,0.01480973086,-0.193418825,-0.2310572259,0.03763840092,-0.1422956081,24.58050794,-2.379509966,0,0.1440706667,-332773.2574,-63.15058143
0,42.11614,0.8513211,-1.20003,0.01461842,0.03584472,0.03233014,0.003514587,0.9294044,33.11277,0.5551702,0.05961937,0.1440707,353.929,3.738513
0,6.45516,0.363704,-0.909424,0.0193752,0.000683496,0.000634311,4.91849e-05,0.896123,14.6624,0.00465345,0.00107625,0.144071,3.88899,3.14815
0,6.3989,0.811894,-0.820021,0.00912389,0.000532674,0.00042772,0.000104954,0.950506,32.7358,0.00700461,0.000724852,0.144071,2.59618,3.03773
0,6.11126,0.502126,-0.810681,0.0245184,0.000175681,0.000141207,3.44741e-05,0.922758,20.2531,0.00143019,0.00023924,0.144071,1.46746,2.99886
0,5.52756,0.917655,-0.678496,0.0131719,0.000111278,4.81393e-05,6.31383e-05,0.956196,37.0157,0.000891054,8.15254e-05,0.144071,0.473825,2.8084
0,7.02477,0.495794,-0.976171,0.0195038,0.00156002,0.00148115,7.88747e-05,0.920968,19.97,0.0148124,0.00251991,0.144071,12.1472,3.27502
0,37.430759,0.39159405,-1.470454,0.014447652,0.4420229,0.29538426,0.14663864,0.58917617,8.8147018,2.3331819,1.9455325,0.14407067,4793.3102,5.00489
0,17.0961473,0.8087443197,-1.775903242,0.013753458,0.3605672801,0.2152954205,0.1452718596,-1.243936889,20.86225575,3.51213504,0,0.1440706667,-271748.9183,-51.12444486
0,6.5631,0.844728,-0.930197,0.013925,0.00125961,0.00115147,0.00010814,0.951854,34.0349,0.0196198,0.00195545,0.144071,11.0977,3.2242
0,5.42068,0.973656,-0.697651,0.0178085,9.29498e-05,4.55375e-05,4.74123e-05,0.958619,39.2754,0.000894334,7.71204e-05,0.144071,0.641371,2.84314
2,18.8877051,0.363023113,-1.74871922,0.00842420679,-1.46804453,-1.67735621,0.209311687,5.21828614,36.1445176,-12.2824428,0,0.144070667,79154.362,19.8669505
0,39.46778,0.83333402,-1.3319693,0.020242344,0.12306704,0.085584605,0.037482437,0.8693131,29.480896,1.4385996,0.23444721,0.14407067,1834.4575,4.2424926
0,5.20324,0.467388,-0.54063,0.0181478,4.71107e-05,5.94706e-06,4.11637e-05,0.917579,18.8544,5.60668e-05,1.00702e-05,0.144071,0.0428026,2.54691
2,12.8160274,0.288604398,-1.77605193,0.022462218,0.241540489,-0.296465578,0.538006066,1.82286513,8.83060611,-1.7258474,0,0.144070667,78644.8555,19.7950135
0,6.20621,0.888661,-0.78551,0.0205114,0.000166707,0.000122178,4.45297e-05,0.954797,35.8442,0.00219004,0.000206973,0.144071,1.81658,2.98472
2,13.07239,0.9503184,-1.346878,0.0136852,0.03562294,-0.001458393,0.03708133,5.009765,36.97185,-0.0279556,0,0.1440707,483.4664,3.926541
0,6.32802,0.989696,-0.874266,0.0122366,0.000737792,0.000639723,9.80698e-05,0.958841,39.8966,0.0127708,0.00108485,0.144071,6.2959,3.13821
0,14.5172,0.758432,-1.10814,0.00899652,0.0179721,0.0170619,0.000910174,0.935892,30.0466,0.261017,0.0297576,0.144071,97.9671,3.53092
0,5.54767,0.289596,-0.51427,0.0187635,3.9391e-05,4.09997e-06,3.52911e-05,0.873405,11.6823,2.39496e-05,6.94231e-06,0.144071,0.0198596,2.48109
0,36.253101,0.57353608,-1.3249685,0.022143987,0.092714158,0.070260757,0.022453402,0.87090248,20.992301,0.81282815,0.19588304,0.14407067,1191.7372,4.0885229
0,12.8282761,0.26567494,-1.70247072,0.0154673528,0.835698075,0.493991102,0.341706973,0.402930094,1.76095562,2.64724958,0,0.144070667,27573.016,9.75025557
0,24.3581,0.390467,-1.10057,0.00954688,0.0150949,0.0146728,0.000422131,0.89342,15.5144,0.115564,0.0254453,0.144071,48.0822,3.4771
0,12.9519,0.706823,-1.01711,0.0189044,0.00272073,0.00257826,0.000142477,0.942197,28.4369,0.0367589,0.00439854,0.144071,28.6054,3.36317
0,6.95132,0.389602,-0.971797,0.0103621,0.00276091,0.00263451,0.000126395,0.901021,15.6739,0.0207036,0.0044839,0.144071,9.21259,3.25587
2,0.7979208,0.8787991253,-1.731591499,0.009544286123,0.001201167656,0.001201167656,-2.949029909e-17,-1.698550722,35.40974572,0.02129209602,0,0.1440706667,-191187.0788,-35.5068872
0,22.8117,0.705751,-1.03128,0.0193351,0.00318081,0.00302067,0.000160139,0.94182,28.3807,0.0430012,0.00515942,0.144071,34.2642,3.38772
0,7.79721,0.551712,-1.00633,0.0184704,0.00241089,0.00229914,0.000111748,0.927769,22.2034,0.0255861,0.00391995,0.144071,19.7503,3.33164
0,7.18578,0.352631,-1.02372,0.0179158,0.00305724,0.00295819,9.90453e-05,0.891735,14.1823,0.0210413,0.00505255,0.144071,16.4094,3.33885
0,6.48283,0.555999,-0.919544,0.0211097,0.000718795,0.000662848,5.59475e-05,0.929358,22.4139,0.00743383,0.00112495,0.144071,6.5281,3.1854
2,2.4077218,0.6349035,-1.5654817,0.01499848,0.745711,-0.0064106643,0.75212166,-1.1482161,6.5131407,-0.082098633,0,0.14407067,-6159.5146,0.43286542
0,19.0619917,0.72764181,-1.68389693,0.0173262469,0.136532424,0.0709635931,0.0655688313,2.11763272,25.3465495,1.0415459,0,0.144070667,59486.8363,15.9683367
0,13.2649,0.246424,-1.06706,0.0113427,0.00827419,0.00809784,0.000176348,0.849432,9.85893,0.0402511,0.0139246,0.144071,20.8948,3.39548
0,33.7592931,0.3071445583,-1.862621775,0.02253833963,0.7408910054,0.4951076962,0.2457833092,0.4330228129,3.210557708,3.067380646,0,0.1440706667,365956.3149,75.75181085
0,23.2944244,0.5875693145,-1.881412316,0.009861542835,0.9964796668,0.7102614272,0.2862182396,0.00778945373,0.08344456298,8.417875671,0,0.1440706667,673089.1696,135.4421286
0,6.17372,0.89613,-0.72931,0.0237283,8.74019e-05,5.13231e-05,3.60788e-05,0.955208,36.1483,0.000927702,8.69236e-05,0.144071,0.889675,2.89166
0,6.45096,0.708318,-0.880951,0.0108145,0.000890509,0.000788621,0.000101889,0.943492,28.5494,0.0112673,0.00133757,0.144071,4.98907,3.13269
0,33.2529929,0.563274201,-1.67596553,0.0229263252,0.826982681,0.520450204,0.306532477,0.261448872,3.93155726,5.91322241,0,0.144070667,67497.183,17.5223758
0,5.47655,0.596401,-0.702326,0.0168511,9.84759e-05,5.11033e-05,4.73726e-05,0.934197,24.0575,0.000614769,8.65464e-05,0.144071,0.428082,2.827
2,1.279505,0.6750512,-1.441077,0.01695179,0.9408165,-0.004794744,0.9456112,0.7964556,1.611731,-0.06528709,0,0.1440707,444.5534,4.008872
0,18.7445183,0.686461482,-1.64789193,0.024124496,0.149402148,0.109373296,0.0400288525,2.09949142,23.5556787,1.51444199,0,0.144070667,35114.1584,11.1724668
0,39.70998,0.525508,-1.211106,0.01278092,0.04440906,0.04212787,0.002281185,0.8973147,20.25847,0.4465541,0.07861641,0.1440707,258.5677,3.714941
2,3.0438572,0.8903409,-1.3662079,0.013228082,0.00061813981,-0.00010220004,0.00072033984,-0.82570798,35.895744,-0.0018354077,0,0.14407067,-3650.5478,0.74767151
0,0.7821272,0.631475956,-1.818900127,0.02408924354,0.1154031209,0.0512044074,0.06419871352,-2.598889365,22.53499095,0.6522128242,0,0.1440706667,-244078.9313,-45.70286768
0,15.926853,0.408054208,-1.63654389,0.0239710577,0.188621866,0.183153881,0.00546798498,1.97635562,13.3566125,1.50750637,0,0.144070667,18282.1627,7.85908213
0,12.79742,0.4508984,-1.174367,0.01987319,0.01820277,0.01758447,0.0006182954,0.9032622,17.85894,0.1599312,0.03154004,0.1440707,141.2567,3.624357
2,10.424759,0.24510921,-1.5323828,0.0084446676,0.20882327,-0.06531209,0.27413536,5.1129597,7.8232698,-0.32290769,0,0.14407067,1086.0638,4.2706461
0,5.7106,0.374923,-0.615792,0.0147275,6.80475e-05,1.92429e-05,4.88046e-05,0.899292,15.124,0.000145525,3.25853e-05,0.144071,0.0919927,2.6614
2,19.7356425,0.345945652,-1.71697916,0.0144887103,-0.0825360958,-0.942750703,0.860214607,2.0472304,15.1079462,-6.57854593,0,0.144070667,56096.8963,15.3401328
0,0.4491611,0.8156275902031909,-1.786390015119045,0.01412160340976823,0,0,0,-5.87152463241951e-29,32.90387710031728,0,0,0.1440706666666666,-1.038965171006688e+34,-2.017501771461179e+30
0,41.16213,0.3319209,-1.288931,0.01848423,0.07384475,0.06859085,0.005253896,0.8409321,12.40148,0.4592255,0.1477121,0.1440707,458.9519,3.86116
0,6.37946,0.858009,-0.890093,0.0210307,0.000514269,0.000456074,5.81951e-05,0.953036,34.5958,0.00789319,0.000773513,0.144071,6.7309,3.15756
0,51.64172,0.8796946,-1.167595,0.01383433,0.02503882,0.02315401,0.001884803,0.9380456,34.59986,0.4108501,0.041533,0.1440707,241.5679,3.664634
0,12.1289,0.35195,-1.1518,0.0202534,0.0134773,0.013138,0.000339338,0.88501,14.0069,0.0932683,0.0231606,0.144071,84.621,3.56447
0,49.17757,0.2603498,-1.203719,0.01051287,0.04829815,0.04733066,0.0009674838,0.8312963,9.995703,0.2485564,0.08692537,0.1440707,125.2457,3.644419
0,25.761993,0.34393175,-1.5543518,0.011922623,0.12984443,0.046692864,0.083151569,1.5674901,12.073254,0.3239276,0,0.14407067,7249.564,5.5870104
0,6.62577,0.9187,-0.741036,0.00960626,0.000237669,0.000147364,9.0305e-05,0.956161,37.0532,0.0027308,0.000249611,0.144071,1.05913,2.91238
0,4.6873,0.914149,-0.570358,0.0170825,5.66275e-05,9.25543e-06,4.73721e-05,0.956071,36.8763,0.000170663,1.56727e-05,0.144071,0.117704,2.62863
0,35.129418,0.56155642,-1.3519631,0.022368177,0.12782128,0.091496922,0.036324357,0.84520331,19.758504,1.0363944,0.27428983,0.14407067,1634.8221,4.2178005
0,5.16421,0.49913,-0.587967,0.0119151,8.01635e-05,1.66372e-05,6.35263e-05,0.922391,20.1342,0.000167501,2.81729e-05,0.144071,0.0835188,2.6286
0,39.19455,0.4073027,-1.20662,0.01591125,0.0333756,0.03221594,0.001159663,0.885358,15.88291,0.2646752,0.05961361,0.1440707,193.9538,3.683133
2,6.19252,0.8901350735709,-1.534466533012,0.01791997393401,0.1597029774243,-0.01093283885791,0.1706358162822,-0.0002121285860072,30.17476555719,-0.1962971666857,0,0.1440706666667,-103706986.905,-20137.11611768
0,6.30578,0.437142,-0.88922,0.018524,0.000563851,0.000512037,5.18143e-05,0.912051,17.6251,0.00451491,0.000868399,0.144071,3.54327,3.1231
2,18.8083748,0.594006469,-1.66019806,0.0148606431,-4.27499862,-4.42783193,0.152833311,18.0932281,126.406292,-53.0526977,0,0.144070667,25609.5781,9.32291944
1,0.2446,0.72391,-1.8652,0.012131,,,,,,,,,,
0,6.65154,0.602236,-0.816399,0.0146014,0.000316084,0.000255155,6.09289e-05,0.934653,24.2876,0.00309953,0.000432345,0.144071,1.86981,3.01711
0,5.46993,0.389457,-0.679827,0.0197618,6.95657e-05,3.26411e-05,3.69246e-05,0.902682,15.7103,0.000256418,5.52764e-05,0.144071,0.216697,2.76948
0,40.3570621,0.954488674,-1.50326183,0.0219919302,0.679497277,0.071095847,0.60840143,0.592872303,12.3412079,1.36880059,0,0.144070667,10164.5018,6.11931927
2,0.8219798,0.32740215231923,-1.9181381979338,0.018710754141311,-0.0002503161367103,-0.0038684611366045,0.0036181449998942,-0.00057167759902881,13.211295102621,-0.025547295933931,0,0.14407066666667,-2327282579.9183,-451919.19097349
0,39.07917,0.5450243,-1.240114,0.01686127,0.04893441,0.04500801,0.003926397,0.8966627,20.91132,0.4948013,0.086498,0.1440707,387.6914,3.789835
0,11.5192,0.92482,-0.989017,0.0230302,0.00158714,0.00147866,0.000108479,0.955559,37.2497,0.0275836,0.00251692,0.144071,25.7554,3.32913
0,6.57126,0.384364,-0.851041,0.00953546,0.000697134,0.000609401,8.77326e-05,0.901126,15.4951,0.00472467,0.00103307,0.144071,1.93072,3.05341
0,37.0832,0.612014,-1.07146,0.0105231,0.0096313,0.00922779,0.000403518,0.929628,24.4519,0.113916,0.0158827,0.144071,50.108,3.4505
0,6.72801,0.46132,-0.79568,0.0199444,0.000212278,0.000171563,4.07158e-05,0.916497,18.6065,0.00159643,0.000242563,0.144071,1.11948,2.96988
0,4.98759,0.927992,-0.546548,0.0191133,4.83495e-05,6.09256e-06,4.22569e-05,0.956703,37.4351,0.000114043,1.03167e-05,0.144071,0.0879462,2.58984
0,4.9367,0.875773,-0.509688,0.0245918,3.55987e-05,2.94937e-06,3.26493e-05,0.954249,35.329,5.21011e-05,4.9942e-06,0.144071,0.0518278,2.5258
1,146.4713,0.9435228,-1.256755,0.009032186,,,,,,,,,,
0,6.36762,0.658761,-0.894282,0.020347,0.000553016,0.000497421,5.55948e-05,0.939755,26.5609,0.00660963,0.000843711,0.144071,5.53043,3.15142
0,5.80856,0.319274,-0.611493,0.0102848,9.25658e-05,2.60747e-05,6.64911e-05,0.88377,12.8789,0.000167922,4.41542e-05,0.144071,0.0754299,2.64689
0,57.32176,0.5778552,-1.303289,0.01361953,0.1195172,0.09552586,0.02399131,0.8532318,20.52556,1.113436,0.2410755,0.1440707,900.2865,3.995838
0,0.5083966,0.94204268341977,-1.8729436633707,0.0228199702399,0,0,0,-0.00074541115411865,38.0036882651,0,0,0.14407066666667,-2873224083.6169,-557932.22813947
2,44.44869,0.9227128,-1.4974559,0.012192993,-0.2628929,-0.3665259,0.103633,2.3421371,47.009782,-6.8217593,0,0.14407067,9096.5707,5.9004348
0,33.5703722,0.39522251,-1.812019375,0.009140970661,0.3674011615,0.2614881719,0.1059129896,1.540093957,10.08614549,2.084581558,0,0.1440706667,168754.2846,37.36800048
0,14.05588,0.6802701,-1.133186,0.008397059,0.02611605,0.02489342,0.001222631,0.9249461,26.7266,0.3415789,0.04398245,0.1440707,121.6385,3.571684
0,0.5188355,0.6448913863681414,-1.905810580408877,0.01478904666359599,0,0,0,-1.053342292051645e-176,26.01607299089076,0,0,0.1440706666666666,-2.123039989183788e+182,-4.122599157882303e+178
0,5.70446,0.254933,-0.504592,0.0184697,4.19627e-05,3.67826e-06,3.82844e-05,0.858628,10.284,1.89144e-05,6.22823e-06,0.144071,0.0157044,2.45935
0,4.80951,0.852801,-0.54562,0.0160812,5.71028e-05,7.15543e-06,4.99474e-05,0.953061,34.4015,0.000123086,1.21166e-05,0.144071,0.0801666,2.58415
0,41.794082,0.44215724,-1.4204015,0.023286447,0.18927045,0.18926908,1.3673704e-06,0.78791499,14.461319,1.6880355,0.63462478,0.14407067,3091.6203,4.6018644
0,6.27461,0.436667,-0.822757,0.0223101,0.000218376,0.000181206,3.717e-05,0.912183,17.6121,0.00159606,0.000307039,0.144071,1.50752,3.01233
0,24.8191,0.36206,-1.10225,0.0109304,0.0134526,0.0130995,0.00035318,0.887675,14.4097,0.0956663,0.0227076,0.144071,45.9242,3.47599
2,3.0370506,0.321371401336,-1.71163757639,0.0140364106169,-0.43789556797,-1.9216543423,1.48375877433,-0.00708046197556,18.6418812754,-12.4568337574,0,0.144070666667,-18686609.7676,-3627.2732565
0,5.12433,0.891881,-0.688777,0.0105921,0.000147004,6.83127e-05,7.86915e-05,0.954966,35.9748,0.00122895,0.000115693,0.144071,0.526185,2.82407
0,29.0234,0.953548,-1.05658,0.0112989,0.00757991,0.00711773,0.000462181,0.9529,38.1762,0.136902,0.012219,0.144071,63.0459,3.44993
0,13.8504,0.719245,-1.11202,0.0106876,0.0158582,0.0150984,0.000759855,0.934584,28.5555,0.219044,0.0263289,0.144071,97.9993,3.53482
0,6.55646,0.572326,-0.817244,0.013401,0.00034676,0.000281038,6.57225e-05,0.931462,23.0806,0.00324439,0.000476212,0.144071,1.80242,3.01605
0,6.14902,0.624949,-0.759413,0.0246905,0.000106365,7.26001e-05,3.37652e-05,0.937006,25.2089,0.000915182,0.00012297,0.144071,0.931062,2.92411
0,6.31066,0.260402,-0.875486,0.0217336,0.000400522,0.000365949,3.4573e-05,0.860964,10.5009,0.00192217,0.000620446,0.144071,1.87463,3.07633
2,0.7253287,0.478553127809,-1.56639343918,0.0211438626688,-0.327076059622,-0.327076059683,6.16293682754e-11,-0.00280950254212,25.6201188369,-3.15721448558,0,0.144070666667,-10018842.1768,-1944.24665575
0,6.25617,0.478253,-0.850293,0.0104277,0.000637734,0.00055195,8.57841e-05,0.918925,19.2813,0.00532455,0.00093565,0.144071,2.33343,3.06247
0,10.906881,0.25508365,-1.4525064,0.022788573,0.9790883,0.0044929269,0.97459537,0.036335452,0.21519249,0.023117302,0,0.14407067,1506.78,4.2892894
0,34.475187,0.40001937,-1.3919754,0.020170818,0.18266141,0.12870657,0.053954846,0.78409757,13.189799,1.0385009,0.50853795,0.14407067,1966.7641,4.3317689
0,32.5912,0.876781,-1.02005,0.00950419,0.00566104,0.00531948,0.000341564,0.95064,35.1707,0.0940774,0.00908633,0.144071,36.4172,3.38004
2,16.2009901,0.7926912239765835,-1.623346231042442,0.01219731243708808,-88687.05952553298,-88688.12321028816,1.063684755179565,-0.002769199091274668,2836118.475019127,-1418060.255783679,0,0.1440706666666666,-2338536089265.356,-454105760.9436511
0,23.735505,0.38613909,-1.4739034,0.019566661,0.6390721,0.6003892,0.038682897,0.62316743,5.6223696,4.6762941,0,0.14407067,3021.5487,4.6405815
0,7.03272,0.450796,-0.997406,0.0137204,0.00288368,0.0027605,0.000123181,0.913006,18.1335,0.0251011,0.00470541,0.144071,14.6153,3.30624
0,6.12473,0.652097,-0.800843,0.0196512,0.000200235,0.000155273,4.49623e-05,0.939407,26.3015,0.00204236,0.000263061,0.144071,1.64972,2.99507
1,0.25026,0.6715,-1.9974,0.024282,,,,,,,,,,
0,0.4728291,0.3656804306399907,-1.986883379681096,0.01159806630705435,0,0,0,-1.002739023552227e-30,14.75220320191944,0,0,0.1440706666666666,-3.582738743927311e+36,-6.957097277430699e+32
0,45.1079193,0.315615802,-1.59468671,0.0208832722,0.160368133,0.0841353001,0.0762328333,1.22811704,10.6906182,0.535626626,0,0.144070667,13755.024,6.92350864
0,15.7316046,0.871072352,-1.59617972,0.0204559136,0.595316164,0.193310306,0.402005858,1.03826117,14.2208401,3.39652182,0,0.144070667,22062.0385,8.56236494
0,6.35463,0.412466,-0.829232,0.0152123,0.000342943,0.000288768,5.41745e-05,0.907435,16.6339,0.0024025,0.000489349,0.144071,1.55536,3.02042
0,6.40388,0.585659,-0.854552,0.00836222,0.00084135,0.000726868,0.000114482,0.932596,23.6067,0.00858669,0.00123236,0.144071,2.97328,3.07931
0,6.12731,0.750958,-0.784686,0.0206883,0.000162691,0.00011986,4.28316e-05,0.946969,30.2901,0.00181558,0.000203045,0.144071,1.53151,2.97507
0,22.6621587,0.296303436,-1.68355041,0.0164825521,0.335796582,0.243918343,0.0918782383,1.11608173,7.93949647,1.45782811,0,0.144070667,35197.8866,11.2245063
0,6.48896,0.257386,-0.880212,0.0190005,0.000484434,0.000444738,3.96968e-05,0.859514,10.3784,0.00230895,0.00075411,0.144071,1.97203,3.08367
0,5.83131,0.258154,-0.550825,0.0222301,3.39254e-05,5.53448e-06,2.83909e-05,0.860148,10.414,2.88191e-05,9.37114e-06,0.144071,0.0287486,2.53665
0,14.7523,0.718696,-1.00684,0.0214966,0.00210463,0.00198938,0.000115251,0.94347,28.9325,0.0288395,0.00339021,0.144071,25.4736,3.34633
1,62.6027,0.656086,-1.29484,0.011663,,,,,,,,,,
0,5.05605,0.506757,-0.554404,0.0141476,6.26596e-05,9.10488e-06,5.35547e-05,0.923481,20.4422,9.30677e-05,1.54176e-05,0.144071,0.0550347,2.5736
0,7.12428,0.621213,-0.985884,0.0168517,0.0020522,0.00194056,0.000111644,0.9354,25.0094,0.024316,0.00330404,0.144071,16.9681,3.30285
0,37.596099,0.27555809,-1.5428923,0.008378983,0.72223523,0.53636377,0.18587146,0.36552265,3.087774,2.9812457,0,0.14407067,6862.7359,5.4976176
0,5.41668,0.485424,-0.598883,0.00971143,0.000101128,2.34846e-05,7.7643e-05,0.920363,19.5809,0.000229947,3.97685e-05,0.144071,0.0936554,2.64541
0,11.77893,0.4254478,-1.179809,0.02201761,0.01754103,0.01697207,0.0005689653,0.8990818,16.86226,0.1456486,0.03052944,0.1440707,143.6955,3.631153
1,0.35447,0.76851,-1.7551,0.012992,,,,,,,,,,
0,31.0639873,0.384475483,-1.73667749,0.00875414393,0.962416862,0.402022496,0.560394365,0.0645417449,0.582930609,3.11777074,0,0.144070667,88422.4051,21.6603017
0,16.830023,0.992843709,-1.60626859,0.0210533456,0.1781352,0.115428102,0.062707098,1.66447681,32.9182269,2.31162622,0,0.144070667,36263.1814,11.3556196
2,26.2530529,0.2086027755553237,-1.702746872582754,0.02494433431671569,-32561891.14275893,-32562148.87216447,257.7294055446982,-2.606922737701576e-05,274021653.2264335,-137011906.8547431,0,0.1440706666666666,-6.655225665702764e+16,-12923368313703.14
0,5.1202,0.549706,-0.55384,0.0180486,4.97498e-05,7.08553e-06,4.26643e-05,0.92904,22.175,7.85647e-05,1.19981e-05,0.144071,0.0589146,2.57654
0,9.3339538,0.81326108,-1.4450371,0.012163344,0.23391957,0.020773583,0.21314598,-2.3567934,25.133879,0.34077408,0,0.14407067,-2465.0421,1.076883
0,5.8851,0.22272,-0.65096,0.018152,5.7238e-05,2.4527e-05,3.2711e-05,0.84141,8.9842,0.00011019,4.1532e-05,0.14407,0.091754,2.6964
0,29.0162984,0.4149916245,-1.803237492,0.00990886685,0.9920420084,0.7409338121,0.2511081963,0.01589413654,0.1332287558,6.202173575,0,0.1440706667,192951.6834,42.06484584
0,6.17739,0.594255,-0.737702,0.0166662,0.000130151,8.1385e-05,4.87658e-05,0.933955,23.9702,0.000975534,0.000137843,0.144071,0.672051,2.8856
0,4.66031,0.959826,-0.534729,0.0151024,6.01778e-05,6.62446e-06,5.35534e-05,0.95807,38.7188,0.000128253,1.12175e-05,0.144071,0.0780376,2.57188
0,42.4870241,0.6378672918,-1.72445942,0.02071995725,0.807480203,0.5568664479,0.2506137551,0.3010169793,4.954055806,7.164840972,0,0.1440706667,137720.3865,31.24371922
0,55.40933,0.319229536,-1.60497957,0.0114280218,0.30297527,0.180952374,0.122022896,-0.367183514,8.97648728,1.16517866,0,0.144070667,-44089.9625,-6.99424693
0,36.87923,0.3158399,-1.243738,0.01766568,0.04631647,0.04483075,0.001485716,0.8536012,12.1514,0.2856065,0.08649316,0.1440707,247.9253,3.743347
0,24.1026292,0.619856163,-1.62011096,0.00886748742,0.4828266,0.381327459,0.101499141,0.942423356,12.9324935,4.76775767,0,0.144070667,30058.1563,10.1549039
0,56.370304,0.39466138,-1.3703575,0.011318023,0.25373363,0.1896233,0.064110328,0.73238675,11.881566,1.5095292,0.68656598,0.14407067,1436.8895,4.1911286
0,7.09763,0.486811,-1.0018,0.0246681,0.00169941,0.00162503,7.43832e-05,0.919554,19.6054,0.0159568,0.00276902,0.144071,16.5997,3.31756
0,50.640436,0.43479604,-1.3790435,0.021848855,0.14529444,0.10359467,0.041699769,0.81607587,14.991921,0.90854857,0.39762949,0.14407067,1819.1619,4.2861665
0,20.1777004,0.809632887,-1.60947951,0.0131168843,0.129790007,0.074302948,0.0554870587,1.97064966,28.4228336,1.21344293,0,0.144070667,27559.8653,9.65468619
0,6.5363,0.445067,-0.881673,0.0124623,0.000766578,0.000690789,7.57884e-05,0.913347,17.941,0.00620149,0.00117154,0.144071,3.26891,3.11136
0,22.6009254,0.396224994,-1.843555196,0.01383294417,0.9931550842,0.7518545088,0.2413005754,0.01364907482,0.1094120466,6.008981217,0,0.1440706667,309713.1134,64.80265311
2,8.3381168,0.415688401,-1.66864883,0.0122282428,0.223103541,-0.202469166,0.425572707,2.66195804,13.0282539,-1.69766491,0,0.144070667,19997.5603,8.22889766
2,10.0037478,0.82500003577,-1.5463180347,0.024267572011,-0.020424842285,-0.020886880575,0.00046203829034,-0.0048132899889,33.961757491,-0.34757835337,0,0.14407066667,-5989966.5599,-1161.8980319
0,7.03222,0.762655,-0.958474,0.0233045,0.00106264,0.000988548,7.40941e-05,0.947156,30.7342,0.0152073,0.00168014,0.144071,14.4818,3.26681
0,7.87922,0.662982,-0.987286,0.019812,0.00178124,0.00168104,0.000100195,0.939322,26.6982,0.0224805,0.00286141,0.144071,18.366,3.30859
0,230.14392,0.93155475,-1.2829545,0.019230119,0.074658077,0.055966089,0.018691987,0.9072685,34.774892,1.0516192,0.13149156,0.14407067,1104.7071,4.0257126
1,68.8957,0.785944,-1.26887,0.020307,,,,,,,,,,
0,30.405644,0.77686027,-1.458505,0.013062934,0.89805719,0.51828033,0.37977686,0.1889063,3.194881,8.1214356,0,0.14407067,4647.5541,4.9630509
0,38.286745,0.58390797,-1.3176069,0.013788166,0.13429032,0.10384024,0.030450078,0.84385467,20.392565,1.2230248,0.28620668,0.14407067,1086.9956,4.0560952
0,6.81429,0.617401,-0.937928,0.0134673,0.00141547,0.00131459,0.000100879,0.935444,24.8718,0.0163713,0.00223299,0.144071,9.11368,3.22143
0,5.30565,0.33887,-0.686628,0.0239994,5.86699e-05,2.93312e-05,2.93387e-05,0.889769,13.6698,0.000200488,4.96713e-05,0.144071,0.208751,2.77436
2,46.44971,0.981102,-1.35866,0.01818153,-0.1696847,-0.2825723,0.1128876,-151.3995,46.29543,-5.592022,0,0.1440707,-23.30501,1.70416
0,40.3056945,0.5335025498,-1.74326723,0.01742570706,0.9581183309,0.6528274063,0.3052909246,0.07002470925,0.9013960426,7.025221925,0,0.1440706667,137154.8016,31.15248817
0,10.5315,0.376283,-1.04447,0.0117382,0.00606414,0.00587529,0.00018885,0.895849,15.0879,0.0445932,0.0100666,0.144071,22.6838,3.37746
2,26.7512855,0.20439469899,-1.7255083935,0.020700211295,-56.886937984,-58.105803786,1.2188658021,-0.69624370581,477.31531779,-239.56000408,0,0.14407066667,-5814656.5102,-1127.6749483
0,5.43969,0.525179,-0.610403,0.018262,5.63911e-05,1.44807e-05,4.19104e-05,0.925969,21.1855,0.000153399,2.45211e-05,0.144071,0.11678,2.66827
0,29.07113,0.5887049,-1.164152,0.01311758,0.02447728,0.02339362,0.00108366,0.9176577,23.16809,0.2777924,0.04190762,0.1440707,158.1954,3.623251
0,7.28717,0.277594,-1.04207,0.00927456,0.00739274,0.00720439,0.000188341,0.86412,11.1158,0.0403397,0.0123539,0.144071,16.7998,3.35849
0,6.39219,0.77917,-0.8367,0.0192084,0.000303091,0.000251702,5.13888e-05,0.948697,31.4236,0.00395589,0.000426561,0.144071,3.09341,3.06351
0,50.53707,0.296734,-1.256536,0.02297367,0.04129142,0.0399087,0.001382718,0.8502911,11.47649,0.2388692,0.07839276,0.1440707,277.0672,3.767514
1,0.47128,0.66171,-1.9669,0.012544,,,,,,,,,,
0,46.88265,0.7584394,-1.234992,0.01308397,0.06127692,0.05344499,0.007831934,0.9070734,28.72192,0.8176228,0.1043723,0.1440707,492.8707,3.817471
0,6.5601,0.532296,-0.947644,0.0160317,0.00133416,0.00125076,8.33995e-05,0.926069,21.4451,0.0134292,0.00212514,0.144071,8.99268,3.23043
1,0.42548,0.42439,-1.9284,0.011956,,,,,,,,,,
0,41.95126,0.5536764,-1.186883,0.02049713,0.02075801,0.01979387,0.0009641468,0.9161829,21.87264,0.2210609,0.03591337,0.1440707,200.3114,3.666288
0,21.6,0.63514,-1.10813,0.0184025,0.00876,0.00838661,0.000373393,0.932374,25.3982,0.107444,0.014546,0.144071,83.1136,3.51958
1,0.32073,0.8358,-1.9753,0.014501,,,,,,,,,,
0,5.32564,0.74692,-0.630375,0.0222917,8.22686e-05,1.53306e-05,6.6938e-05,0.946768,30.1296,0.000230971,2.59633e-05,0.144071,0.209937,2.7184
0,29.184501,0.690530214,-1.55051677,0.0113868011,0.191306989,0.171781486,0.0195255029,1.71775548,22.5279432,2.39267775,0,0.144070667,11750.5693,6.48201326
0,50.71983,0.5999658,-1.208543,0.0196839,0.02854426,0.02675424,0.001790022,0.9161142,23.51282,0.3237756,0.04939353,0.1440707,284.4288,3.722298
0,17.23906,0.8911864,-1.126574,0.01138901,0.01807082,0.01695704,0.001113775,0.9432203,35.30237,0.3048203,0.02978765,0.1440707,144.7273,3.578486
0,6.23692,0.313632,-0.833936,0.010527,0.000515162,0.000443232,7.19297e-05,0.881665,12.646,0.00280399,0.000751189,0.144071,1.29283,3.01557
1,189.2467,0.9946192,-1.286792,0.01916964,,,,,,,,,,
0,6.40104,0.943257,-0.766445,0.0232516,0.000122928,8.4377e-05,3.85514e-05,0.957325,38.048,0.00160538,0.000142924,0.144071,1.50545,2.95595
0,48.73401,0.6825318,-1.263998,0.02120003,0.05319986,0.04449151,0.008708356,0.9071268,26.06972,0.6125269,0.0934966,0.1440707,649.289,3.891014
0,29.4363839,0.294596319,-1.60948444,0.0184598105,0.0204454248,0.000545577038,0.0198998477,1.83830243,11.6415584,0.00324196685,0,0.144070667,12101.5442,6.6106468
0,1.0774975,0.41230816505,-1.8978745081,0.019043901065,0.83157297139,0.79076682675,0.040806144631,-0.069022646929,2.801488786,6.5765109547,0,0.14407066667,-3150737.9443,-610.18133916
0,33.8554,0.803264,-1.06365,0.0118636,0.00783055,0.00741761,0.00041294,0.945264,32.1513,0.120184,0.0127437,0.144071,58.6129,3.4524
0,34.22629,0.436307,-1.192928,0.02025198,0.02234714,0.02155742,0.0007897205,0.8980326,17.20806,0.1897204,0.0392828,0.1440707,173.7589,3.65987
0,87.65356,0.4186389,-1.310944,0.0234974,0.07485531,0.06290191,0.0119534,0.8607857,15.62444,0.531164,0.1541694,0.1440707,749.4879,3.964791
0,0.7478949,0.80277617,-1.6489083,0.0201305863,0.0255185092,0.0255185092,5.20417043e-17,-1.52125167,31.559,0.413213918,0,0.144070667,-65779.8189,-11.1826935
0,4.88218,0.832734,-0.597884,0.0120239,8.57749e-05,1.87262e-05,6.70487e-05,0.951967,33.5911,0.000314544,3.17109e-05,0.144071,0.153353,2.66976
0,6.28163,0.819616,-0.893317,0.0169915,0.000660115,0.000588284,7.18306e-05,0.950864,33.0429,0.00972574,0.00099787,0.144071,6.71588,3.16066
2,16.665003,0.4192534,-1.494504,0.022586629,-1.2413055,-1.8658726,0.6245671,4.8785383,37.90817,-15.779156,0,0.14407067,3390.607,4.7387685
0,5.6926,0.387014,-0.667757,0.0127932,9.99901e-05,4.31796e-05,5.68105e-05,0.902109,15.6113,0.000337078,7.31229e-05,0.144071,0.184522,2.74914
0,47.35487,0.8101176,-1.172998,0.02142787,0.0172124,0.0159985,0.001213897,0.9395169,32.11907,0.2614283,0.02874172,0.1440707,239.9868,3.669393
0,35.3961,0.234412,-1.17378,0.0117712,0.0300929,0.0295693,0.000523637,0.829785,9.17202,0.139812,0.0528487,0.144071,78.3775,3.58129
2,32.453576,0.76603345,-1.4431222,0.0097300299,-0.21457786,-0.30789011,0.093312253,2.3283736,37.534295,-4.7573888,0,0.14407067,3635.6286,4.7385511
0,6.20232,0.845368,-0.815043,0.0191599,0.000241,0.000191097,4.99026e-05,0.952549,34.0954,0.00325856,0.000323793,0.144071,2.53109,3.03144
0,8.99801,0.71893,-0.993468,0.0139099,0.00274797,0.00259,0.000157977,0.943071,28.9232,0.0375587,0.00441239,0.144071,21.4554,3.32336
1,0.37712,0.53303,-1.9853,0.020377,,,,,,,,,,
0,6.60894,0.266583,-0.830357,0.00917472,0.000562588,0.000485719,7.68693e-05,0.863644,10.7484,0.00261181,0.00082318,0.144071,1.07135,3.00229
0,143.6447,0.7532901,-1.290344,0.01215805,0.1210828,0.09401356,0.02706928,0.8663928,26.70948,1.428492,0.2286863,0.1440707,976.9941,4.00199
0,6.95966,0.907345,-0.942482,0.0138066,0.00148184,0.00135923,0.000122613,0.95483,36.5497,0.0248765,0.00230933,0.144071,13.9113,3.24865
0,26.4363247,0.8262823729,-1.693105243,0.02429162822,0.4623636524,0.3219639064,0.140399746,0.9218302145,17.92141415,5.366125761,0,0.1440706667,108753.2127,25.57527628
1,0.23761,0.81428,-1.9999,0.0088362,,,,,,,,,,
0,18.9976,0.350766,-1.14668,0.0167213,0.0152964,0.0149139,0.000382496,0.883549,13.9341,0.10552,0.0262684,0.144071,78.9566,3.55469
0,26.66708,0.40295138,-1.5198679,0.0090287003,0.57979088,0.49681904,0.082971842,0.77442342,6.830827,4.0380905,0,0.14407067,5331.1424,5.1642064
0,6.4932,0.691775,-0.912496,0.0227763,0.000616156,0.000561269,5.48877e-05,0.942408,27.8902,0.00783178,0.000952382,0.144071,7.3172,3.18437
0,19.1296545,0.2850103105,-1.85839794,0.01626676341,0.8097152056,0.6722747193,0.1374404863,0.3673138542,2.187861484,3.864848921,0,0.1440706667,278470.7747,58.74527699
0,37.364573,0.93459506,-1.306214,0.020235272,0.09022003,0.064591774,0.025628256,0.89676185,34.301651,1.2176595,0.16846995,0.14407067,1486.3009,4.1383171
0,24.5981728,0.7342492477,-1.818650947,0.008378880674,0.9240400529,0.6392254838,0.2848145691,0.1693603659,2.250004206,9.467226361,0,0.1440706667,372771.0784,77.03210455
2,13.7021064,0.705160023224,-1.61522640079,0.0132483457721,0.012066655618,-0.0136384769295,0.0257051325475,-0.00337902593106,28.1041525002,-0.193989724953,0,0.144070666667,-17110268.4612,-3321.26523666
0,13.1788499,0.3043636524698236,-1.778458093935996,0.01155985291604059,0.6841190023317667,0.5691592604787016,0.1149597418530651,-4.373074101504686e-08,3.878568395576559,3.494232220421436,0,0.1440706666666666,-1485051884354.736,-288372977.475379
0,5.81238,0.293734,-0.533183,0.0116647,6.51907e-05,8.40837e-06,5.67823e-05,0.874949,11.849,4.98186e-05,1.42378e-05,0.144071,0.0256363,2.51312
2,20.4664303,0.8174289707,-1.6606381194,0.021401871869,0.28541668673,-0.0057535996407,0.29117028637,-0.0086918514254,23.56449094,-0.094866927404,0,0.14407066667,-9994255.1902,-1939.377891
2,9.9292186,0.93509852,-1.4962122,0.021862789,-0.0028798292,-0.021934643,0.019054814,7.0333412,37.832186,-0.41372628,0,0.14407067,2399.1813,4.5301857
0,21.511545,0.67916818,-1.3973326,0.024094671,0.97372656,0.33614468,0.63758188,0.059854707,0.71986226,4.6049906,0,0.14407067,1506.3307,4.234013
0,24.9306895,0.76899389,-1.58389988,0.0178681762,0.855755159,0.0724490364,0.783306122,-0.19614854,4.4748486,1.12377838,0,0.144070667,-31384.69,-4.53070333
0,24.8642308,0.735876466,-1.63485821,0.0184533301,0.781584341,0.727101796,0.0544825454,0.397979419,6.4840126,10.7925806,0,0.144070667,43129.6632,12.7264787
2,28.4019342,0.2916693609449112,-1.861592190565508,0.02358575390834108,-667.0229573222875,-739.2429232689919,72.21996594670441,-7.885260631649175e-05,7860.268184101104,-4349.137680376009,0,0.1440706666666666,-4855538182131.34,-942866724.3283092
2,2.8138065,0.416276287,-1.80335769,0.0106590954,-1.11631355,-1.16321993,0.0469063835,-39.8570765,35.5399531,-9.76716844,0,0.144070667,-20557.461,-2.18703361
0,14.2396575,0.7120484207,-1.548890228,0.02140004562,0.6910566489,0.04521649839,0.6458401505,-0.0201726937,8.874492909,0.6494289209,0,0.1440706667,-386015.5185,-73.55821265
0,37.305639,0.78508409,-1.3059116,0.013616129,0.1276193,0.094931471,0.032687833,0.86368132,27.629778,1.5033204,0.24939675,0.14407067,1238.2423,4.0804634
0,6.74687,0.809742,-0.937504,0.0174722,0.00109631,0.00100792,8.83911e-05,0.950017,32.6306,0.0164625,0.00171182,0.144071,11.7094,3.23439
0,53.1466,0.866031,-1.04861,0.0157219,0.00490925,0.00462952,0.00027973,0.950589,34.7657,0.0808713,0.00792632,0.144071,51.9483,3.42985
0,30.648963,0.87979355,-1.4072706,0.024448281,0.18231085,0.018750757,0.1635601,1.7071821,29.021788,0.33275512,0,0.14407067,2419.0897,4.4455346
0,56.61676,0.7616721,-1.269403,0.01958043,0.06199238,0.04993017,0.01206222,0.9068629,28.82236,0.7671076,0.1085085,0.1440707,769.6821,3.928538
0,4.89286,0.626423,-0.586185,0.0086131,0.000113355,2.2494e-05,9.08611e-05,0.93714,25.2682,0.000284224,3.80914e-05,0.144071,0.100831,2.6365
1,0.2452,0.97213,-1.9279,0.0094827,,,,,,,,,,
2,22.3700689,0.6039018806,-1.435243887,0.01558760096,-11.55020723,-11.56528645,0.01507922456,-0.4158949464,305.7542096,-140.879547,0,0.1440706667,-149845.5876,-27.76286887
0,58.7985955,0.33830082,-1.60111519,0.00908014596,0.682615697,0.459793365,0.222822331,0.469987858,4.33155328,3.13755192,0,0.144070667,15816.713,7.33745989
2,31.254553,0.63678982,-1.5085103,0.019311664,-1.9037026,-1.9073469,0.003644282,-5.2985449,74.593917,-24.499147,0,0.14407067,-7353.8502,0.13486716
2,11.6480762,0.884321436396,-1.60088891511,0.0232608904841,-0.0176910348076,-0.0205120063034,0.00282097149573,-0.00374999416175,36.3062394391,-0.365884038847,0,0.144070666667,-16567143.8795,-3215.81193609
1,0.35258,0.62578,-1.9924,0.018201,,,,,,,,,,
0,45.318417,0.26032195,-1.3976525,0.015806587,0.22406512,0.16821878,0.05584634,0.71533291,8.1487544,0.88330451,0.69803672,0.14407067,1432.6389,4.2174459
1,0.25765,0.67858,-1.907,0.014229,,,,,,,,,,
0,6.59839,0.25502,-0.933414,0.0160734,0.00109413,0.00103973,5.43932e-05,0.858025,10.2767,0.00534837,0.00176556,0.144071,3.87418,3.17194
2,6.3371057,0.28670383,-1.5232958,0.014518432,0.19609233,-0.0087628616,0.20485519,2.7714585,9.2981132,-0.050676266,0,0.14407067,2119.0176,4.4964857
0,28.1948351,0.6169770842,-1.772176812,0.02463655344,0.5998954469,0.3652844772,0.2346109697,0.6715982042,9.958586351,4.545958026,0,0.1440706667,229036.8616,49.0497504
2,6.5939935,0.43489893147,-1.7141831325,0.019879510713,0.03868908835,-0.016876005464,0.055565093814,-0.018670744751,16.865816803,-0.14804139487,0,0.14407066667,-6624427.5883,-1284.9373763
0,7.0206,0.25672,-1.01104,0.0109272,0.00424294,0.00412294,0.00012,0.856902,10.3126,0.0213497,0.00703888,0.144071,10.5509,3.30234
0,9.2820234,0.27743544,-1.6252328,0.0097980802,0.0095390002,0.0013647861,0.0081742141,5.2269615,11.08548,0.0076375085,0,0.14407067,4961.39,5.1940781
0,5.1028,0.56364,-0.584942,0.0175959,5.46781e-05,1.08367e-05,4.38414e-05,0.930669,22.737,0.000123203,1.83502e-05,0.144071,0.0899143,2.62937
0,13.43411,0.7446191,-1.122532,0.01696314,0.01145411,0.01087394,0.0005801695,0.9392166,29.6952,0.1633226,0.01898728,0.1440707,116.0718,3.557541
0,30.80218,0.97708939,-1.3200658,0.020559215,0.10512231,0.072896319,0.032225991,0.88821044,35.273873,1.4366966,0.19810554,0.14407067,1843.6469,4.2326303
0,6.59325,0.916799,-0.812624,0.0104174,0.000433578,0.000340694,9.28835e-05,0.955947,36.9693,0.00630034,0.000577309,0.144071,2.65102,3.03142
0,6.6164,0.78456,-0.935124,0.0211275,0.000879514,0.000808576,7.09378e-05,0.948656,31.6227,0.0127959,0.00137302,0.144071,11.0218,3.22876
0,5.66071,0.9128503,-1.378105,0.02050476,0.06205877,0.06169795,0.0003608216,9.400503,34.54064,1.136045,0,0.1440707,359.4931,3.918471
0,6.39384,0.880264,-0.888405,0.0243765,0.00043536,0.000385065,5.02954e-05,0.954212,35.496,0.00683711,0.000653034,0.144071,6.74961,3.15602
0,15.27114,0.5941332,-1.170728,0.02492953,0.01406986,0.01341577,0.0006540892,0.9249609,23.63116,0.1607773,0.02399471,0.1440707,174.1922,3.637883
0,6.2111,0.312963,-0.633152,0.0159167,6.50489e-05,2.22531e-05,4.27958e-05,0.881722,12.6247,0.000140478,3.76826e-05,0.144071,0.0978859,2.68195
0,18.502024,0.541342052,-1.71898033,0.0238752748,0.722806019,0.354985007,0.367821011,0.57882752,6.05355827,3.87620686,0,0.144070667,81568.9895,20.3076371
0,0.344283,0.46136,-0.869889,0.0218908,0,0,0,-15.4663,18.6121,0,0,0.144071,-0.172133,1.47208
0,18.8392188,0.33398931169,-1.8440586199,0.0084384561761,0.83327342941,0.63677829145,0.19649513796,-0.021198495721,2.2464282509,4.2898883436,0,0.14407066667,-4120913.4823,-798.6412947
0,12.681,0.354399,-1.06061,0.0246717,0.00353952,0.00343918,0.00010034,0.891906,14.2465,0.0245852,0.00589277,0.144071,26.4694,3.40226
0,36.31513,0.55282091,-1.3547468,0.009529887,0.2815925,0.20502857,0.07656393,0.73588835,16.02177,2.2862515,0.6672391,0.14407067,1577.9932,4.207731
0,13.518001,0.880381364,-1.54089976,0.0231891926,0.251465983,0.0215818495,0.229884134,-0.690400723,26.5850541,0.383252213,0,0.144070667,-30492.08,-4.39889054
0,12.9122,0.915485,-0.983716,0.0249553,0.00137049,0.00127558,9.4914e-05,0.955277,36.8817,0.023555,0.00216985,0.144071,23.8293,3.31946
0,0.4464933,0.63717535,-1.7841138,0.0087929645,0,0,0,126.62175,25.704794,0,0,0.14407067,3655.2167,5.0836225
0,55.95629,0.8815558,-1.247373,0.01253902,0.0758676,0.06224137,0.01362623,0.904,32.86542,1.106762,0.1276811,0.1440707,663.4353,3.878243
1,0.35446,0.79175,-1.9718,0.013323,,,,,,,,,,
0,20.9990905,0.6698807110092,-1.656606445744,0.01129456862283,0.3042296076087,0.2350835478117,0.06914605979701,-0.0001552752057674,18.80262925012,3.176470887986,0,0.1440706666667,-423868031.1332,-82307.14592174
0,45.7145,0.325588,-1.15964,0.00877065,0.0339583,0.0331655,0.000792807,0.864525,12.6888,0.217811,0.0591472,0.144071,86.7851,3.57402
0,5.9065,0.21846,-0.56686,0.022829,3.2176e-05,6.622e-06,2.5554e-05,0.83883,8.8127,2.918e-05,1.1213e-05,0.14407,0.030653,2.556
0,17.6675417,0.8511300906,-1.746673083,0.008870814944,0.1130454682,0.005343343106,0.1077021251,2.075085758,30.45456972,0.09173481238,0,0.1440706667,163366.2966,36.25472704
0,0.4808383,0.4200850030281986,-1.908053005391116,0.01373978106199211,0,0,0,-7.871009915556755e-228,16.94698104545824,0,0,0.1440706666666666,-1.904833780216512e+233,-3.698878107917987e+229
0,30.17218,0.3160975,-1.207132,0.01718083,0.0309454,0.03015749,0.0007879168,0.8634324,12.35732,0.1922832,0.05557302,0.1440707,155.7548,3.664958
0,6.37464,0.292336,-0.909368,0.0147451,0.000891455,0.000832816,5.86389e-05,0.873916,11.7829,0.00491085,0.0014132,0.144071,3.20234,3.13798
0,22.4779855,0.28505788,-1.6664177,0.0171453456,0.86074651,0.358162809,0.502583701,0.231273379,1.60137965,2.05939052,0,0.144070667,27492.5094,9.69841922
2,9.1907226,0.53888962,-1.5791771,0.012465733,-0.13598526,-0.26889669,0.13291143,-6.3954637,24.696061,-2.9228764,0,0.14407067,-4999.5909,0.68251975
0,12.6857757,0.4952624627,-1.778945823,0.009487984895,0.4215825483,0.2745020866,0.1470804617,1.264202542,11.55665016,2.742244874,0,0.1440706667,154025.6632,34.47017518
2,23.691019,0.448884263,-1.69575343,0.0238671009,-3.50934588,-6.58167431,3.07232844,7.99784686,81.658819,-59.5930947,0,0.144070667,59091.2974,15.9030432
0,6.56306,0.33327,-0.948101,0.0183184,0.00115948,0.0011012,5.8283e-05,0.887438,13.4291,0.00740267,0.00187082,0.144071,5.91107,3.20873
0,47.816615,0.31554303,-1.3925009,0.011770261,0.29847773,0.22125852,0.077219208,0.6825347,8.9300774,1.408263,0.87738874,0.14407067,1540.0896,4.2368755
0,19.1663361,0.3361512739,-1.859739813,0.009649472145,0.6558257657,0.4880099061,0.1678158596,0.7118723745,4.667327572,3.308937542,0,0.1440706667,311852.2048,65.23456824
2,47.59378,0.66003932,-1.4835883,0.022933951,0.90286807,-0.79074685,1.6936149,0.14688915,2.5863481,-10.527674,0,0.14407067,6677.8846,5.4010154
0,46.2402081,0.7293272695,-1.716272833,0.009905136757,0.9992469462,0.7652081797,0.2340387664,0.001479415932,0.02215662632,11.2571182,0,0.1440706667,112816.662,26.38938464
0,5.32022,0.371178,-0.503664,0.0233827,3.31895e-05,2.87095e-06,3.03186e-05,0.898402,14.9735,2.14948e-05,4.86131e-06,0.144071,0.0215943,2.47479
0,38.73092,0.92386178,-1.4481408,0.013236585,0.2293094,0.12940197,0.099907436,2.8055186,28.723822,2.4114211,0,0.14407067,2462.8002,4.4958129
1,0.36749,0.77156,-1.9262,0.024433,,,,,,,,,,
0,39.1413,0.914073,-1.0538,0.0194888,0.00424083,0.00398993,0.000250903,0.953343,36.719,0.0735649,0.00683581,0.144071,58.4863,3.44241
0,43.757432,0.91214207,-1.4907236,0.011246867,0.79138449,0.55755927,0.23382521,0.37705793,7.6765177,10.258378,0,0.14407067,8462.5677,5.7668773
2,0.8012026,0.9260964253957245,-1.936723232712467,0.02039852939984503,0.1144280090626527,0.1144280090626527,-2.775557561562891e-17,-1.356912251862349e-07,33.08531289103156,2.137537389438226,0,0.1440706666666666,-31175540504528,-6053784086.366416
0,24.9515,0.645989,-1.05131,0.0227483,0.00346975,0.00331306,0.000156694,0.936764,25.9699,0.0431697,0.00567191,0.144071,40.7714,3.41794
0,6.06705,0.34832,-0.844479,0.022501,0.000272966,0.00023744,3.5526e-05,0.892303,14.048,0.00166823,0.000402405,0.144071,1.62482,3.03792
0,47.02766,0.4980505,-1.205684,0.02190124,0.02426192,0.02314871,0.001113205,0.9067305,19.60477,0.2325549,0.04279194,0.1440707,230.9679,3.69836
0,5.80521,0.249906,-0.65912,0.0223101,5.03042e-05,2.21615e-05,2.81426e-05,0.856187,10.0811,0.000111712,3.75277e-05,0.144071,0.112365,2.71501
0,16.3432646,0.310058892,-1.68838395,0.0152771585,0.95601421,0.915162119,0.040852091,0.090133019,0.550188804,5.72357524,0,0.144070667,32137.4288,10.6303747
0,7.14155,0.399129,-1.01313,0.0164883,0.00291557,0.0028082,0.000107376,0.903021,16.0546,0.0226082,0.00479197,0.144071,16.0114,3.32693
0,5.44469,0.350944,-0.559747,0.01864,4.51521e-05,7.4016e-06,3.77505e-05,0.893163,14.1571,5.23948e-05,1.25331e-05,0.144071,0.042207,2.56531
0,47.690022,0.61840397,-1.3623766,0.017866867,0.1635102,0.11440378,0.049106418,0.82836198,20.868349,1.4270455,0.39253947,0.14407067,2013.8958,4.3125391
0,5.20784,0.395733,-0.689068,0.0147811,9.89473e-05,4.91381e-05,4.98092e-05,0.904059,15.963,0.000392235,8.32158e-05,0.144071,0.247553,2.78557
0,5.43832,0.356019,-0.557328,0.0119654,6.99467e-05,1.11775e-05,5.87692e-05,0.89451,14.3614,8.02682e-05,1.89271e-05,0.144071,0.0414441,2.56195
2,16.8003334,0.9078837345,-1.740812694,0.02447586433,-3.285101418,-3.557235161,0.2721337434,8.611683235,156.9446467,-65.14303409,0,0.1440706667,188153.6493,41.06942682
0,6.40378,0.499348,-0.800566,0.0103906,0.0003727,0.000292594,8.01068e-05,0.922236,20.1371,0.00294709,0.000495744,0.144071,1.28201,2.98177
0,13.0473979,0.4489103641,-1.854085205,0.0155765022,0.4770746754,0.3192817784,0.1577928969,1.121896864,9.470097995,2.891072192,0,0.1440706667,373370.7478,77.18406746
0,22.733,0.793301,-1.0138,0.0104269,0.00475023,0.00447852,0.000271704,0.946677,31.8511,0.0716635,0.00764252,0.144071,30.5601,3.36363
0,0.430072,0.5310081095602011,-1.756237528584017,0.01704994637604916,0,0,0,-2.002663213324146e-09,21.42181773410577,0,0,0.1440706666666666,-134632276447337.7,-26143403436.61146
1,0.22152,0.91433,-1.8721,0.012342,,,,,,,,,,
0,6.74028,0.916486,-0.926197,0.0193207,0.000867622,0.000788562,7.90602e-05,0.955651,36.9406,0.0145776,0.00133877,0.144071,11.3965,3.22163
2,2.578968,0.6122967,-1.469479,0.01016322,0.05656181,-0.01997703,0.07653883,7.492277,23.30401,-0.2467277,0,0.1440707,984.1208,4.182882
0,23.3044,0.879992,-1.02464,0.0213582,0.00267289,0.00251271,0.000160175,0.952744,35.4056,0.0446013,0.00428885,0.144071,38.8006,3.38834
0,6.37346,0.681702,-0.895598,0.00930995,0.00122888,0.00110524,0.000123643,0.941217,27.4673,0.0151977,0.00187537,0.144071,5.80762,3.1553
0,5.45598,0.507504,-0.586038,0.0236748,0.000156937,8.16284e-06,0.000148774,0.92359,20.4704,8.35615e-05,1.38319e-05,0.144071,0.0827281,2.62619
0,30.8453,0.347601,-0.653783,0.0230669,5.33405e-05,2.00148e-05,3.33257e-05,0.892243,14.0221,0.000140332,3.38916e-05,0.144071,0.140038,2.72099
0,7.7723,0.23257,-0.83562,0.015866,0.0042359,0.00029944,0.0039365,0.8464,9.3424,0.0014047,0.00050932,0.14407,1.0167,3.0049
2,1.4489524,0.2603738186,-1.877771977,0.02481235203,0.3812683237,-0.2620261875,0.6432945112,3.321796294,6.499124089,-1.376154456,0,0.1440706667,117315.6521,27.42652392
0,6.06923,0.688845,-0.740218,0.0245674,9.09568e-05,5.70239e-05,3.39329e-05,0.942517,27.7867,0.000792326,9.65812e-05,0.144071,0.797328,2.89692
0,8.267246,0.3602912,-1.164306,0.02335405,0.01365307,0.01329602,0.0003570491,0.8870954,14.33635,0.09662743,0.0235853,0.1440707,101.4633,3.589567
0,6.5145,0.2183,-0.61624,0.010905,0.0027609,2.6053e-05,0.0027348,0.83833,8.7824,0.00011472,4.4262e-05,0.14407,0.057633,2.6378
0,23.86729,0.3083818,-1.189394,0.02304201,0.01868892,0.01825029,0.0004386349,0.8685852,12.20817,0.1135229,0.03299411,0.1440707,121.7958,3.627989
0,21.4073557,0.4311895008,-1.855901232,0.01230238282,0.9949788061,0.7088476145,0.2861311915,0.01035442475,0.08734344954,6.165186662,0,0.1440706667,381921.1597,78.84739816
0,6.42368,0.290228,-0.869491,0.0178333,0.000456675,0.000412957,4.37184e-05,0.873388,11.703,0.00241752,0.00070011,0.144071,1.90689,3.07122
0,6.32115,0.980982,-0.860214,0.0170133,0.00045074,0.000384254,6.64859e-05,0.958682,39.5567,0.00760335,0.000651415,0.144071,5.21231,3.11425
0,37.246256,0.41218326,-1.4026492,0.013051668,0.28645508,0.19899084,0.08746424,0.71246125,11.864975,1.6544308,0.90141353,0.14407067,2233.2277,4.4007141
0,22.4251,0.484551,-1.11831,0.0195113,0.00930474,0.00899419,0.000310543,0.914362,19.3658,0.0879077,0.0156361,0.144071,73.6496,3.52171
0,10.9528718,0.938767692,-1.72061131,0.0179763392,0.397364244,0.397209445,0.000154798635,2.21606221,22.8227618,7.52147251,0,0.144070667,82025.3573,20.398174
0,34.0931,0.757162,-1.02823,0.00878656,0.00674314,0.00638383,0.000359313,0.943116,30.3393,0.0974978,0.0109165,0.144071,35.1708,3.38618
0,18.820676,0.7941393977,-1.88186295,0.008992268331,0.7600978376,0.4747166955,0.2853811422,0.5530122798,7.685746762,7.604250561,0,0.1440706667,878307.701,175.3063619
0,0.4939259,0.6494647717096955,-1.928527423846106,0.01232403470744304,0,0,0,-2.454011183330862e-61,26.20057154270336,0,0,0.1440706666666666,-1.228697179809605e+67,-2.385930545153256e+63
0,19.882734,0.316135139,-1.71984071,0.0197756644,0.999066797,0.910315474,0.0887513224,0.00167915799,0.0119015711,5.80483483,0,0.144070667,55895.3704,15.3036763
0,5.11435,0.370548,-0.530961,0.00933056,8.62712e-05,1.02158e-05,7.60554e-05,0.898213,14.9473,7.63559e-05,1.72988e-05,0.144071,0.0306155,2.52002
1,0.20783,0.99792,-1.9181,0.012567,,,,,,,,,,
0,169.2232,0.8911674,-1.27732,0.01590914,0.08386456,0.06425599,0.01960857,0.8991466,32.93625,1.155043,0.1478423,0.1440707,982.034,3.990208
2,17.0165046,0.20687293282,-1.7058814527,0.019438057003,-337.8526521,-475.97129698,138.11864488,-4.1245762685,2827.9369775,-1986.1388462,0,0.14407066667,-4519418.2723,-876.16737867
0,28.9035,0.274156,-1.15438,0.0170914,0.016415,0.0160855,0.000329547,0.857119,10.8784,0.0889521,0.0283681,0.144071,70.1403,3.55458
0,7.08934,0.528206,-0.996304,0.0184604,0.00212411,0.00202398,0.000100124,0.92504,21.2635,0.0215643,0.00344808,0.144071,16.6775,3.31232
2,4.8230892,0.70925156932,-1.4210115429,0.021837161441,0.053114448597,-0.0024712238823,0.055585672479,-0.0027903998403,27.092741995,-0.035353919466,0,0.14407066667,-1648341.9749,-318.88399491
0,6.48098,0.257309,-0.89225,0.010482,0.00101456,0.000940566,7.3995e-05,0.859154,10.3698,0.00488167,0.00159556,0.144071,2.30087,3.1037
0,47.397274,0.32448835,-1.4006244,0.020464729,0.19402057,0.13841381,0.055606752,0.75785982,10.550626,0.90594893,0.56012979,0.14407067,1818.9524,4.3077008
0,6.44457,0.405396,-0.746509,0.0153151,0.000148485,9.91698e-05,4.93157e-05,0.906098,16.352,0.000810931,0.000167968,0.144071,0.52915,2.8821
0,59.82778,0.2000435,-1.283001,0.01030865,0.1192167,0.1166426,0.00257406,0.7534749,7.108019,0.4706596,0.2454356,0.1440707,272.0548,3.792068
0,39.9036,0.844825,-1.05711,0.0195754,0.00438734,0.00414437,0.000242967,0.949825,33.9322,0.0706237,0.0071012,0.144071,56.6041,3.44368
0,89.82535,0.96576055,-1.4411912,0.012307407,0.42731429,0.27657439,0.1507399,0.64477822,22.312127,5.3877396,1.5682954,0.14407067,7613.115,5.5469597
2,20.3089014,0.25278520477,-1.7217148619,0.0098138306234,-22.119780882,-22.290095562,0.17031468028,-0.25629832879,235.77107924,-113.65505395,0,0.14407066667,-7431264.5425,-1441.6103942
0,26.2114,0.8125,-1.07477,0.0211005,0.00507695,0.00480805,0.000268904,0.94759,32.6113,0.0787984,0.00826534,0.144071,68.413,3.47337
2,0.7632983,0.483892699,-1.800921571,0.01229653009,0.0005663017928,-0.002913826766,0.003480128559,-0.7588919894,19.5100429,-0.02844054854,0,0.1440706667,-574442.4875,-109.9160668
0,14.374199,0.74217419,-1.3864095,0.012503338,0.42757775,0.00048310135,0.42709465,1.6807472,17.138686,0.0072321807,0,0.14407067,1109.9681,4.1304334
0,4.85785,0.966776,-0.530331,0.0154379,5.85088e-05,6.1246e-06,5.23842e-05,0.95836,38.9992,0.000119434,1.0371e-05,0.144071,0.0742631,2.56493
0,48.830166,0.27873171,-1.3915618,0.017326379,0.20348342,0.15267406,0.050809359,0.73620088,8.9564596,0.85837449,0.58888675,0.14407067,1414.8714,4.2072638
2,1.0982021,0.21460530763961,-1.9652650464614,0.019274513231076,-33.087078692039,-33.087078782083,9.0043862144285e-08,-0.014433404729622,295.11100706141,-143.22672277547,0,0.14407066666667,-3771951404.5704,-732450.4120773
0,32.596565,0.88467422,-1.3218381,0.015982381,0.13492238,0.094929832,0.039992544,0.86364442,30.874051,1.6939916,0.26070453,0.14407067,1697.798,4.2018466
1,0.31848,0.4502,-1.9313,0.0089696,,,,,,,,,,
0,8.6866,0.24563,-0.63611,0.013432,7.37e-05,2.7389e-05,4.631e-05,0.85404,9.9086,0.0001357,4.6379e-05,0.14407,0.082385,2.676
0,52.16875,0.9848176,-1.232585,0.02488147,0.03306269,0.02717845,0.005884243,0.9372567,38.41575,0.5398904,0.05321311,0.1440707,618.5614,3.851143
0,0.7932376,0.27141749705,-1.9060339782,0.011743683499,0.31176395845,0.31176382507,1.333746027e-07,-0.10285556851,7.5358183169,1.7068239686,0,0.14407066667,-6315893.1858,-1224.8307003
0,49.04125,0.6372883,-1.19819,0.01066437,0.04591685,0.04313348,0.002783368,0.90827,24.52886,0.5544669,0.07981571,0.1440707,262.0132,3.703374
0,39.0172753,0.531302053,-1.58375851,0.0144792772,0.414558774,0.20155616,0.213002614,1.18652119,12.5481575,2.16004471,0,0.144070667,14522.4676,7.06439524
2,28.964728,0.69054166,-1.529054,0.016082045,0.93569412,-0.6073826,1.5430767,0.12998393,1.7914132,-8.460137,0,0.14407067,9372.9365,5.9872364
0,40.49475,0.3232433,-1.332644,0.01947752,0.1061749,0.09013458,0.01604034,0.8176231,11.65567,0.587687,0.2457757,0.1440707,777.8466,3.993906
2,14.3834197,0.6515763845565785,-1.629921172545486,0.02372003081561521,-0.8199857876402239,-0.8199864512393882,6.635991642855998e-07,-1.128162159553505e-08,47.83970558621942,-10.77698262216754,0,0.1440706666666666,-10535831405961.38,-2045887495.776555
1,0.32691,0.94419,-1.9377,0.010482,,,,,,,,,,
0,4.86568,0.641611,-0.500992,0.0248186,3.40529e-05,2.61355e-06,3.14394e-05,0.938586,25.8829,3.38243e-05,4.42553e-06,0.144071,0.0345238,2.49623
0,20.011566,0.44339642,-1.5310815,0.018906524,0.59489881,0.1187447,0.47615411,1.095434,7.2462093,1.0620173,0,0.14407067,4617.4785,5.0294536
0,4.1958184,0.59091757,-1.4596154,0.017257284,0.045997488,0.0022606236,0.043736865,5.762924,22.742154,0.026945133,0,0.14407067,1100.016,4.2012439
0,14.2539,0.962425,-0.997925,0.0165341,0.00247624,0.00230748,0.00016876,0.956604,38.7298,0.044795,0.00393076,0.144071,29.9922,3.34669
0,6.52551,0.906677,-0.728608,0.0126128,0.000163587,9.56825e-05,6.79042e-05,0.955656,36.571,0.00174989,0.00016206,0.144071,0.891575,2.89107
0,4.86487,0.919835,-0.587233,0.0165263,6.11302e-05,1.18824e-05,4.92478e-05,0.956328,37.1055,0.000220465,2.01213e-05,0.144071,0.147062,2.65695
0,5.12324,0.639665,-0.555328,0.0146298,6.23837e-05,8.90979e-06,5.34739e-05,0.938393,25.8036,0.00011496,1.50873e-05,0.144071,0.0691808,2.58628
0,6.65659,0.424601,-0.952339,0.0119864,0.00187861,0.00177615,0.000102468,0.908866,17.097,0.0152119,0.00301905,0.144071,7.75922,3.22731
1,0.34473,0.98182,-1.8365,0.018148,,,,,,,,,,
0,37.7351,0.951637,-1.04692,0.0220461,0.00344554,0.00323345,0.000212085,0.955518,38.2585,0.0620673,0.0055317,0.144071,55.6564,3.43243
0,7.446148,0.9469036950332963,-1.716999294767649,0.01156399790018999,0.9836982691264287,0.9753594458181823,0.008338823308246313,-4.363205503852994e-08,0.6227226988699215,18.62926308803384,0,0.1440706666666666,-108517918982.5848,-21072418.04641629
0,13.1557624,0.57855106,-1.68889449,0.0141476516,0.876751147,0.256913074,0.619838073,0.360247423,2.87660178,2.99814802,0,0.144070667,42316.5407,12.6216418
1,0.21129,0.74755,-1.8971,0.011886,,,,,,,,,,
0,18.654451,0.41880411,-1.5460716,0.021984618,0.070387134,0.038394323,0.031992811,1.9760134,15.706095,0.32434195,0,0.14407067,6726.3547,5.4732825
0,30.0881932,0.5240990506,-1.776563127,0.01066609457,0.9971852381,0.7014006857,0.2957845524,0.005571632118,0.05951277548,7.414890289,0,0.1440706667,174547.5705,38.45924069
0,14.749364,0.71026395,-1.4013634,0.022714803,0.77448528,0.15336917,0.62111611,0.57093605,6.4617453,2.1972678,0,0.14407067,1492.8522,4.2349646
0,6.42382,0.663105,-0.906462,0.0248736,0.00052374,0.000475713,4.80272e-05,0.940142,26.7368,0.00636286,0.000807046,0.144071,6.50716,3.17215
0,20.4516892,0.302073443,-1.67516405,0.011347207,0.374962762,0.298385407,0.076577355,1.67383196,7.61681846,1.81808966,0,0.144070667,20216.1535,8.27841873
0,9.333089,0.6354678,-1.405657,0.02331977,0.02748614,0.007133614,0.02035253,3.700744,24.93128,0.09143834,0,0.1440707,938.9881,4.107884
0,21.3211695,0.2115121846,-1.897032527,0.01159197763,0.9411412791,0.6720108563,0.2691304228,0.1026195895,0.502228526,2.867060454,0,0.1440706667,375828.0262,77.70451544
0,6.23263,0.375559,-0.738006,0.0116881,0.000179566,0.0001165,6.3066e-05,0.899376,15.148,0.000882529,0.000197319,0.144071,0.442755,2.86442
0,7.02857,0.958856,-0.95671,0.0216183,0.00113141,0.00104175,8.96616e-05,0.957332,38.6382,0.0201485,0.0017706,0.144071,17.609,3.2757
0,39.4350578,0.801618355,-1.60568209,0.0093251554,0.76330848,0.595307485,0.168000995,0.374331446,7.65430067,9.62574087,0,0.144070667,37212.1405,11.5406328
0,27.1661,0.902705,-1.06948,0.0178598,0.00563564,0.00530901,0.000326635,0.951906,36.2115,0.0966683,0.00912375,0.144071,70.6544,3.47017
0,29.0918211,0.4941729324,-1.816602315,0.01446567425,0.9983063471,0.7603323687,0.2379739784,0.003314378619,0.03376436008,7.578924905,0,0.1440706667,278419.0104,58.69342001
0,7.34196,0.57325,-0.994755,0.0139605,0.00276042,0.00262291,0.000137504,0.930017,23.0621,0.0303287,0.00446964,0.144071,17.6368,3.31383
0,6.39656,0.68828,-0.894615,0.0189622,0.000596695,0.000536008,6.0687e-05,0.942147,27.7499,0.00744152,0.000909196,0.144071,5.78798,3.15414
0,21.7534,0.440215,-1.12687,0.0196737,0.0102407,0.00992706,0.000313644,0.906465,17.5772,0.0881476,0.01731,0.144071,75.2691,3.5317
0,33.598732,0.77774407,-1.3191507,0.010734446,0.18106643,0.13172047,0.049345957,0.82562567,25.694522,2.0664036,0.37498888,0.14407067,1427.8833,4.1378497
0,5.23524,0.412867,-0.548069,0.0112198,7.54557e-05,1.05836e-05,6.48721e-05,0.907685,16.6545,8.81388e-05,1.79215e-05,0.144071,0.0420528,2.55344
2,15.5961037,0.391310576,-1.67398593,0.0234191275,0.0832095691,-0.0049492309,0.0881588,-3.70125254,14.4726088,-0.039064698,0,0.144070667,-17110.5048,-1.63763212
0,28.4293,0.944683,-1.02043,0.0175875,0.00308813,0.00289153,0.000196604,0.955454,37.9925,0.0550984,0.00493392,0.144071,39.3298,3.38493
0,6.62191,0.483149,-0.948702,0.0122248,0.00176728,0.00166233,0.00010495,0.918958,19.4567,0.0162003,0.00282507,0.144071,8.33454,3.22746
0,7.37357,0.583785,-0.995947,0.0205449,0.00190611,0.00181056,9.55526e-05,0.931712,23.506,0.0213202,0.00308404,0.144071,18.2205,3.31681
0,5.21363,0.787232,-0.606019,0.00872176,0.000120794,2.86591e-05,9.21346e-05,0.949312,31.7545,0.000455083,4.85322e-05,0.144071,0.161387,2.68052
2,1.122035,0.85510699374646,-1.9004775360793,0.018587617843878,-251.57184053137,-251.57184053137,0,-0.5379717769312,8712.8563460638,-4339.1798995749,0,0.14407066666667,-1299980734.8266,-252433.83019977
0,6.05004,0.893943,-0.719799,0.0159716,0.000120673,6.74802e-05,5.31923e-05,0.955082,36.0589,0.00121678,0.000114288,0.144071,0.785524,2.87574
0,7.16532,0.768688,-0.962332,0.0111025,0.0023392,0.00217871,0.000160483,0.946717,30.9377,0.0337812,0.00370581,0.144071,15.3254,3.27374
0,9.7614471,0.96553141,-1.43506,0.016597242,0.049746776,0.022450753,0.027296023,4.5108996,37.013566,0.43724263,0,0.14407067,1668.5044,4.3084859
0,33.59197,0.2731284,-1.285478,0.02074218,0.06315635,0.06038519,0.002771155,0.8273552,10.3226,0.3326767,0.1259228,0.1440707,371.4438,3.829845
0,5.83184,0.53879,-0.670401,0.0172669,7.81137e-05,3.30974e-05,4.50164e-05,0.927689,21.734,0.000359698,5.6049e-05,0.144071,0.258438,2.76911
0,5.89947,0.679645,-0.650817,0.0128835,9.64997e-05,3.44927e-05,6.2007e-05,0.941782,27.4154,0.000472862,5.84119e-05,0.144071,0.249699,2.74776
0,18.9554,0.835689,-1.08394,0.0231249,0.00520773,0.00492536,0.000282368,0.9488,33.5376,0.0830248,0.00848396,0.144071,79.0446,3.49202
0,4.90858,0.545566,-0.500738,0.0183666,4.51021e-05,3.52018e-06,4.1582e-05,0.928543,22.0081,3.8738e-05,5.96074e-06,0.144071,0.0295765,2.48803
2,0.7746048,0.9553598374,-1.946798878,0.008352242711,-0.000491383051,-0.0004916433058,2.602547993e-07,17.66832357,38.55986446,-0.009474194158,0,0.1440706667,317597.5219,66.43821267
0,29.2950468,0.512796615,-1.62109169,0.0101658806,0.920764629,0.729099772,0.191664857,0.131323143,1.6391527,7.54149213,0,0.144070667,27686.9554,9.69121361
0,6.33515,0.427203,-0.746521,0.0100028,0.000228355,0.000151855,7.64993e-05,0.910408,17.2302,0.00130855,0.000257214,0.144071,0.55502,2.88457
0,4.95994,0.586849,-0.517574,0.0153276,5.56109e-05,5.23637e-06,5.03745e-05,0.933226,23.6732,6.19843e-05,8.86685e-06,0.144071,0.0392964,2.51946
0,52.111748,0.25991528,-1.4512433,0.024977517,0.26035888,0.17187095,0.088487938,0.69021656,7.7554681,0.90107189,0.87926604,0.14407067,2812.7396,4.5736946
0,37.3259447,0.4627620805,-1.835686974,0.02244831137,0.9966965355,0.7331537884,0.2635427471,0.005946916675,0.06167122534,6.843496011,0,0.1440706667,362156.212,74.98642138
0,50.23463,0.2865607,-1.332449,0.01868414,0.1102346,0.09635316,0.01388146,0.8029064,10.28602,0.5569392,0.2555679,0.1440707,697.2673,3.972444
0,6.386,0.514032,-0.869694,0.0123294,0.000676483,0.000598774,7.77087e-05,0.92409,20.7229,0.00620838,0.00101528,0.144071,3.19964,3.09826
2,18.4129788,0.8554046941,-1.778410265,0.01225025153,-2.349647125,-2.4913609,0.1417137747,11.39398625,115.5914877,-42.98663442,0,0.1440706667,169761.9511,37.53036974
0,25.67045,0.9568201,-1.35621,0.01974519,0.07685757,0.01169248,0.06516509,3.160038,35.63314,0.2256639,0,0.1440707,832.7778,4.031644
0,5.81864,0.807691,-0.716681,0.0166972,0.000112203,6.20138e-05,5.01891e-05,0.950536,32.5801,0.00101032,0.000105029,0.144071,0.685128,2.86557
0,6.28055,0.537217,-0.843316,0.016821,0.000367047,0.000312899,5.41478e-05,0.927308,21.6643,0.00339062,0.000530311,0.144071,2.37543,3.05642
0,25.7823368,0.728748426,-1.6182576,0.01068029,0.943548416,0.249900624,0.693647791,0.10799078,1.65962104,3.67341623,0,0.144070667,32870.7409,10.7038049
0,5.44318,0.659657,-0.623139,0.0172018,6.40941e-05,1.81051e-05,4.5989e-05,0.940146,26.61,0.000240904,3.0659e-05,0.144071,0.170145,2.70036
0,6.6909,0.23932,-0.98127,0.0092486,0.0034441,0.0033311,0.00011297,0.84871,9.6214,0.01608,0.0056737,0.14407,6.7804,3.2491
0,47.23724,0.4156944,-1.293636,0.01006643,0.1445577,0.1281275,0.01643018,0.8135429,14.34565,1.07434,0.2881315,0.1440707,582.9661,3.902237
0,6.54345,0.432591,-0.849043,0.00964232,0.000677098,0.000587393,8.97055e-05,0.911139,17.4397,0.00512544,0.000995735,0.144071,2.09467,3.05563
0,5.17848,0.886325,-0.643969,0.0232276,5.27838e-05,1.75212e-05,3.52627e-05,0.954758,35.754,0.000313243,2.96707e-05,0.144071,0.294172,2.74934
0,6.6319,0.347567,-0.9482,0.0185566,0.00114722,0.00108845,5.87713e-05,0.891549,14.0054,0.00763081,0.00184914,0.144071,6.14409,3.21087
0,15.843,0.270359,-1.12596,0.0189212,0.0104211,0.0102117,0.0002094,0.85922,10.7931,0.0556883,0.0177877,0.144071,48.1889,3.50261
0,8.81425,0.673524,-0.993946,0.0186153,0.00206155,0.00194782,0.000113732,0.940017,27.1152,0.0264623,0.00331734,0.144071,20.3036,3.32078
0,5.2546,0.789368,-0.641509,0.0154405,7.79776e-05,2.55377e-05,5.24398e-05,0.949469,31.842,0.000406618,4.32464e-05,0.144071,0.255252,2.73958
1,224.3818,0.2486904,-1.336538,0.01899503,,,,,,,,,,
0,50.86383,0.6360045,-1.195145,0.01828537,0.02597811,0.02442366,0.001554455,0.9212513,24.99102,0.3133257,0.04476464,0.1440707,253.0941,3.696818
0,0.7791307,0.98389132553,-1.7795122585,0.011710543743,0.0067746497784,0.001364366208,0.0054102835704,-0.40072756424,39.423038429,0.027077169063,0,0.14407066667,-1669700.1487,-322.67356649
0,20.7199622,0.423243481,-1.70964239,0.0105003628,0.565437927,0.4017716,0.163666327,0.825156599,7.41988653,3.43000444,0,0.144070667,62206.1378,16.5244231
1,0.29961,0.77002,-1.8151,0.011881,,,,,,,,,,
0,41.98673,0.2736522,-1.36319,0.01734648,0.1516478,0.1236252,0.02802259,0.7705645,9.365487,0.6823878,0.4085592,0.1440707,981.8046,4.076022
0,15.10889,0.4334559,-1.166283,0.01536639,0.02126849,0.02059498,0.0006735092,0.8982064,17.11448,0.1800659,0.03676746,0.1440707,122.7045,3.605437
0,6.30938,0.978979,-0.881556,0.0204289,0.000481273,0.000420818,6.04553e-05,0.958581,39.4748,0.00830984,0.000713604,0.144071,6.84273,3.14989
1,0.19676,0.78035,-1.8537,0.015668,,,,,,,,,,
0,23.726248,0.2549728,-1.5065939,0.021054521,0.7947319,0.73597964,0.05875226,0.3076232,2.1113999,3.7851651,0,0.14407067,3498.0708,4.7733294
2,26.718426,0.8544606654,-1.625516144,0.0215426076,-16.19589113,-16.82658772,0.6306965882,-1.48997252,592.7504989,-290.0102178,0,0.1440706667,-934054.6747,-179.9473024
2,33.04999,0.34159473,-1.6383104,0.013752394,0.069880521,-0.30489319,0.37477372,-3.8008789,12.817551,-2.1007969,0,0.14407067,-9331.9303,-0.13168409
0,50.068704,0.62739947,-1.3697135,0.018323723,0.17412437,0.11996493,0.054159438,0.8214935,20.903257,1.5181812,0.42057777,0.14407067,2235.1527,4.3681965
0,6.10571,0.537379,-0.810229,0.0161207,0.000266751,0.000213514,5.32373e-05,0.927392,21.673,0.00231437,0.000361762,0.144071,1.55346,3.00135
0,0.4792035,0.7353705679460985,-1.931842834486002,0.02369962814220135,0,0,0,-1.46900523405746e-57,29.66616514880407,0,0,0.1440706666666666,-2.425177550022673e+63,-4.709301273822131e+59
0,37.0964,0.566309,-1.09118,0.0230952,0.00562545,0.00540814,0.000217308,0.9274,22.7174,0.061777,0.00932307,0.144071,60.1187,3.48152
0,7.29795,0.657103,-0.969259,0.00865717,0.00324964,0.00305177,0.000197878,0.937875,26.4226,0.0404492,0.00519479,0.144071,14.4415,3.27745
0,6.33275,0.350425,-0.899128,0.0189176,0.000617298,0.00056931,4.7988e-05,0.892664,14.128,0.0040241,0.000965735,0.144071,3.29576,3.12924
2,45.0597931,0.6379977828,-1.790474868,0.02411812758,0.07083072522,-0.1789849241,0.2498156494,1.535280201,23.91493341,-2.303354544,0,0.1440706667,304350.1063,63.70726631
0,17.4415,0.610629,-1.03558,0.0205787,0.00313877,0.00299784,0.000140923,0.933676,24.5565,0.0369242,0.00512261,0.144071,31.6022,3.38734
0,11.2409,0.99729,-0.980945,0.0244468,0.00135655,0.00125662,9.99348e-05,0.958735,40.1779,0.0252784,0.00213755,0.144071,24.9611,3.31929
0,36.130999,0.90649906,-1.3462685,0.021206887,0.13779834,0.092594723,0.045203614,0.86187209,31.530538,1.693085,0.26890356,0.14407067,2377.9317,4.3756586
0,38.97334,0.3982478,-1.267178,0.01964721,0.05607577,0.05216727,0.003908506,0.8686715,15.16511,0.4190604,0.1050916,0.1440707,410.8624,3.824381
0,45.08055,0.3535292,-1.251062,0.0247029,0.03649263,0.03493482,0.00155781,0.8708132,13.74154,0.2491202,0.06795496,0.1440707,301.9374,3.771286
0,38.234294,0.51994527,-1.3902499,0.021543833,0.16160779,0.11060475,0.051003041,0.81849333,17.585715,1.1599962,0.46569129,0.14407067,2456.9895,4.4366722
1,0.45609,0.70611,-1.9785,0.012748,,,,,,,,,,
0,32.760642,0.58316027,-1.3509822,0.016962522,0.15954828,0.11435968,0.045188599,0.82583051,19.772239,1.3451975,0.35717258,0.14407067,1653.3728,4.2210016
0,4.93474,0.805539,-0.605726,0.0146014,7.21975e-05,1.70548e-05,5.51427e-05,0.950436,32.4945,0.000277114,2.88804e-05,0.144071,0.164332,2.68116
0,6.26803,0.32262,-0.798646,0.02192,0.000168829,0.000135336,3.34931e-05,0.884789,13.0129,0.000880705,0.000229272,0.144071,0.842485,2.95819
2,4.3882594,0.3457981548,-1.844263093,0.02444019417,-0.005117019193,-0.005117120309,1.011155278e-07,5.339322058,14.02149961,-0.03569221248,0,0.1440706667,102389.3957,24.48758586
2,17.4319239,0.4195187374,-1.762218493,0.009658682001,-0.2626970751,-0.4089668121,0.146269737,2.686918737,21.37005813,-3.460705153,0,0.1440706667,108097.6978,25.51678852
0,7.0726,0.403307,-0.987059,0.0107981,0.00320895,0.00307274,0.000136206,0.903728,16.2179,0.024997,0.0052348,0.144071,11.5622,3.28326
0,28.3949,0.406933,-1.11215,0.00938699,0.0177614,0.0172528,0.0005086,0.895263,16.1248,0.141615,0.0300278,0.144071,57.867,3.50009
2,3.8543744,0.9057876237698619,-1.417490798322715,0.01531621481181677,-573.8159176699093,-573.8628612901243,0.04694362021507459,-3.627406630835645e-08,21004.4026274979,-10484.78845224639,0,0.1440706666666666,-93958181819494.84,-18245154269.95129
0,8.43468,0.707457,-0.9868,0.0211193,0.00166488,0.00156733,9.75519e-05,0.942927,28.4926,0.0223658,0.0026676,0.144071,19.404,3.31113
0,31.5974,0.278704,-1.11931,0.0124205,0.0145901,0.0142878,0.00030229,0.860121,11.0794,0.0803216,0.0248807,0.144071,45.3726,3.49233
2,39.5342322,0.4747175018115,-1.5481063301833,0.022410741495672,-984.09687870642,-984.17637163384,0.079492927418073,-0.0091475982231886,18865.54485972,-9423.9581356284,0,0.14407066666667,-1791490252.8717,-347877.37183485
0,6.27549,0.861395,-0.76642,0.024631,0.000115533,7.96268e-05,3.59059e-05,0.95347,34.7462,0.00138352,0.000134877,0.144071,1.37994,2.95142
0,15.40921,0.6914248,-1.144502,0.01215186,0.02087386,0.01984202,0.001031832,0.929238,27.31107,0.2767299,0.03514683,0.1440707,143.0798,3.595505
0,27.05436,0.2995703,-1.286025,0.01019572,0.1267433,0.1205587,0.006184614,0.7961323,10.55348,0.7284882,0.2579836,0.1440707,397.4275,3.838912
0,6.06938,0.499101,-0.650167,0.0121193,9.93783e-05,3.63628e-05,6.30154e-05,0.922375,20.1326,0.000366076,6.15785e-05,0.144071,0.185668,2.73187
0,0.4570402,0.6550741672966,-1.795339372786,0.01157320330729,0,0,0,-0.003141442776891,26.42686460245,0,0,0.1440706666667,-174962427.2535,-33973.53238702
0,20.061939,0.28744456,-1.5552213,0.022351585,0.065053582,0.042375528,0.022678054,1.6885229,10.841665,0.24569391,0,0.14407067,6111.2736,5.3580659
0,6.36297,0.855555,-0.874072,0.0215308,0.000415816,0.000362731,5.3085e-05,0.952972,34.5003,0.00625977,0.000615024,0.144071,5.46427,3.13058
0,0.8073372,0.85266229555,-1.9441646107,0.014112382494,0.003491723493,0.0021143831964,0.0013773402966,-1.0871235724,34.277815375,0.036365195628,0,0.14407066667,-4435841.8667,-859.69895463
0,54.801,0.388018,-1.244095,0.01271561,0.0649988,0.06211908,0.002879721,0.8607909,14.63589,0.4861856,0.120716,0.1440707,297.4822,3.76269
0,12.29465,0.9080184,-1.117511,0.01673236,0.01102521,0.01034744,0.0006777647,0.9486289,36.22722,0.189519,0.01804698,0.1440707,131.4431,3.561896
0,53.141221,0.60720688,-1.3665009,0.014006066,0.20313866,0.14211874,0.061019926,0.79823159,19.519766,1.7406569,0.52798643,0.14407067,2061.2087,4.327044
0,32.23597,0.4406225,-1.253763,0.02021698,0.04708644,0.0439119,0.003174547,0.8827313,16.93852,0.390278,0.08596475,0.1440707,380.1201,3.801001
0,6.33445,0.4847,-0.79631,0.0173049,0.000213878,0.000166356,4.75224e-05,0.920181,19.5495,0.00162644,0.00028183,0.144071,1.18102,2.97328
2,0.7599559,0.912615028,-1.79173036,0.0101281665,0.0901243072,-0.0461380383,0.136262345,14.8373447,33.4984602,-0.849321096,0,0.144070667,44829.5404,13.2154256
2,4.1175141,0.31478143,-1.5323595,0.024739341,-0.033606724,-0.033619976,1.3251443e-05,7.1757306,13.125613,-0.21346746,0,0.14407067,1297.9647,4.3209288
0,5.59446,0.874835,-0.69986,0.0127653,0.000130886,6.53547e-05,6.55312e-05,0.954141,35.2878,0.00115326,0.000110684,0.144071,0.595618,2.84154
0,21.3522,0.319493,-1.15926,0.0167716,0.0177936,0.0173819,0.000411691,0.872794,12.6596,0.112017,0.030783,0.144071,85.3549,3.57252
0,4.76944,0.733992,-0.530291,0.0109504,8.09677e-05,8.62997e-06,7.23377e-05,0.945865,29.6082,0.000127769,1.46136e-05,0.144071,0.0570961,2.55138
0,37.0535,0.71521,-1.06088,0.0246597,0.00362796,0.00345295,0.000175006,0.94223,28.7482,0.0498137,0.00591665,0.144071,50.7404,3.44069
1,0.24929,0.99189,-1.9789,0.023,,,,,,,,,,
0,6.50028,0.768237,-0.821504,0.0118817,0.000414651,0.000334781,7.987e-05,0.947935,30.9792,0.00518777,0.000567321,0.144071,2.51093,3.03749
0,33.872487,0.60393638,-1.326226,0.015578386,0.13434868,0.10066925,0.033679436,0.84556229,21.09062,1.2263465,0.28297302,0.14407067,1253.2813,4.1043185
0,49.47676,0.3510743,-1.239851,0.01886097,0.0414503,0.03993811,0.001512183,0.8670397,13.57591,0.2828211,0.077066,0.1440707,259.4145,3.744018
0,7.19871,0.266906,-1.02286,0.0092414,0.00582276,0.00566447,0.000158291,0.860556,10.7048,0.030496,0.00968815,0.144071,12.6945,3.32409
2,28.62499,0.7294991,-1.49977,0.008374912,0.5979357,-0.5433438,1.141279,5.785311,11.83247,-7.995114,0,0.1440707,954.9022,4.205951
2,10.380262,0.59996292,-1.4621525,0.014806998,0.0011785663,-0.010697915,0.011876482,3.3401412,24.175053,-0.12946391,0,0.14407067,2084.3288,4.4277583
0,5.78174,0.552614,-0.724674,0.024148,8.05056e-05,4.75168e-05,3.29888e-05,0.929367,22.2916,0.000529656,8.04751e-05,0.144071,0.531294,2.86047
1,71.7777,0.925835,-1.29135,0.0211266,,,,,,,,,,
0,4.85841,0.79708,-0.52197,0.0201969,4.3694e-05,4.20477e-06,3.94893e-05,0.949955,32.1542,6.76035e-05,7.12003e-06,0.144071,0.0554803,2.54158
0,38.0458459,0.6625552024,-1.805621832,0.02250773779,0.9799873103,0.6821084829,0.2978788273,0.03598064656,0.5349124388,9.115923869,0,0.1440706667,352859.7981,73.14980732
0,44.3571,0.9663921,-1.203455,0.009242057,0.05985541,0.05261227,0.007243139,0.9185164,36.65247,1.025571,0.09854298,0.1440707,414.2361,3.761733
0,43.705479,0.48031829,-1.39979,0.018071503,0.25303071,0.1591399,0.093890809,0.7473546,14.473949,1.541819,0.62754641,0.14407067,2503.4435,4.4561953
0,7.08438,0.556865,-0.987225,0.0199306,0.00175891,0.00166944,8.94673e-05,0.928794,22.4254,0.0187519,0.00284214,0.144071,15.5893,3.29957
0,5.47165,0.401185,-0.586067,0.0249722,3.67874e-05,7.74705e-06,2.90404e-05,0.905278,16.1839,6.26912e-05,1.31182e-05,0.144071,0.0667532,2.61519
0,5.53683,0.932053,-0.649369,0.0226462,5.57715e-05,1.92618e-05,3.65098e-05,0.956878,37.5986,0.000362128,3.26185e-05,0.144071,0.330835,2.76079
0,5.1556,0.888607,-0.621198,0.0208776,5.35384e-05,1.45502e-05,3.89881e-05,0.954868,35.8461,0.000260798,2.46392e-05,0.144071,0.220111,2.71165
1,0.2504,0.65718,-1.9031,0.014185,,,,,,,,,,
0,4.7126,0.90119,-0.587608,0.0205597,4.89935e-05,9.59755e-06,3.93959e-05,0.955473,36.3538,0.000174462,1.62521e-05,0.144071,0.144909,2.65657
0,12.5579815,0.72024287092,-1.5141422308,0.014665651511,0.30666969064,0.075047214196,0.23162247645,-0.0025371408544,20.145326963,1.090281679,0,0.14407066667,-4458769.6086,-864.58143734
0,23.48825,0.6123889,-1.156349,0.00862555,0.0336628,0.03216066,0.001502145,0.9140587,23.87323,0.3972623,0.05765395,0.1440707,148.0438,3.610068
0,7.09237,0.558286,-0.974097,0.0134095,0.002218,0.00209722,0.000120777,0.928666,22.4723,0.0236171,0.00356882,0.144071,13.1996,3.27742
0,6.27124,0.249908,-0.870872,0.0226641,0.000362958,0.000330764,3.21938e-05,0.855997,10.0781,0.00166734,0.000560741,0.144071,1.70547,3.06682
1,0.42668,0.91478,-1.755,0.016963,,,,,,,,,,
2,8.861585,0.418861917,-1.67795019,0.0104715578,-0.0519736864,-0.0554203779,0.00344669153,3.54788799,17.7758722,-0.468236785,0,0.144070667,23069.6051,8.84208312
0,0.5116248,0.63762528441,-1.8741860797,0.023130538085,0,0,0,-0.60041369568,25.72294543,0,0,0.14407066667,-2453242.5945,-474.74989152
0,7.3752883,0.83677631595,-1.440304611,0.018392026611,0.013317700969,0.013317700879,9.0420405538e-11,-0.00072633194656,33.307488199,0.22478317756,0,0.14407066667,-9974539.7662,-1935.7697076
0,6.3819646,0.85948411,-1.4846443,0.01481325,6.2521657e-05,3.7606223e-05,2.4915434e-05,4.9502685,34.67096,0.00065196269,0,0.14407067,2692.5861,4.5815205
0,6.2449,0.335101,-0.827844,0.0224246,0.000226743,0.000192446,3.42965e-05,0.888562,13.5155,0.0013008,0.000326095,0.144071,1.2678,3.00847
0,6.05501,0.416905,-0.638352,0.0124261,8.96606e-05,3.04719e-05,5.91886e-05,0.908488,16.8172,0.000256249,5.16016e-05,0.144071,0.135292,2.70378
2,7.8960483,0.61109079,-1.4594977,0.024501329,0.10153425,-0.0033197818,0.10485404,3.6762065,22.149424,-0.040920455,0,0.14407067,1676.9355,4.3348197
0,5.05017,0.690209,-0.544138,0.0129377,6.99125e-05,8.72624e-06,6.11862e-05,0.942638,27.8423,0.000121488,1.47765e-05,0.144071,0.0643619,2.57138
2,13.533831,0.32086933,-1.5450163,0.023666816,0.047415703,-0.002129608,0.049545311,2.0689151,12.330673,-0.013783295,0,0.14407067,4975.7503,5.1167986
2,16.5809899,0.9800863800398,-1.810705914994,0.02343820347901,-222.6459958031,-222.689774288,0.04377848487758,-0.8836307959207,8842.613583101,-4402.403038484,0,0.1440706666667,-253547618.2786,-49233.50499452
0,4.99322,0.711664,-0.575053,0.0227493,4.22191e-05,7.38205e-06,3.48371e-05,0.944288,28.7086,0.000105969,1.25003e-05,0.144071,0.0985448,2.62419
0,57.632884,0.54511657,-1.3914808,0.011746142,0.28130958,0.28130678,2.8017432e-06,0.73555413,15.804705,3.0931057,0.86774641,0.14407067,2496.3023,4.4463527
2,7.2590982,0.84287976938,-1.5703941975,0.018693559011,-0.2846828555,-0.28488789828,0.00020504277134,-0.006845203965,43.683429298,-4.8435613151,0,0.14407066667,-7380982.3989,-1431.9973896
2,19.166938,0.3622096029,-1.66024775,0.01303602419,-0.06540433049,-0.149165529,0.08376119856,-0.2374964926,15.5678839,-1.089817063,0,0.1440706667,-240435.9451,-45.15333857
0,8.7881476,0.94265205,-1.491057,0.014698139,0.017219007,0.0097557884,0.0074632191,4.1209907,37.373462,0.18549788,0,0.14407067,3785.886,4.8177444
0,5.45097,0.585624,-0.681477,0.0159971,9.05477e-05,4.11853e-05,4.93624e-05,0.933073,23.623,0.000486504,6.97475e-05,0.144071,0.321978,2.7915
2,0.8145864,0.559693011,-1.87721512,0.0138480801,0.00267675169,-0.00410995437,0.00678670606,26.2038845,22.5185796,-0.0463993669,0,0.144070667,51161.4713,14.5372572
0,15.1454699,0.848602958,-1.62810299,0.0173821198,0.174532757,0.0158577395,0.158675017,2.20180275,28.2591797,0.271438215,0,0.144070667,31152.3152,10.3772009
0,6.1061,0.23733,-0.60463,0.023495,3.642e-05,1.0449e-05,2.5971e-05,0.84972,9.5741,5.002e-05,1.7698e-05,0.14407,0.053402,2.6223
0,25.512832,0.21785246,-1.5377224,0.014612227,0.32350366,0.28737496,0.036128692,1.0448697,5.9454276,1.2628058,0,0.14407067,4325.6075,4.9760628
0,5.82306,0.501741,-0.627915,0.017947,6.08727e-05,1.84514e-05,4.24213e-05,0.922776,20.2399,0.000186738,3.12453e-05,0.144071,0.140193,2.69518
0,0.5093905,0.2103872734896515,-0.8736826274182605,0.01695745444485035,0,0,0,-2.947939500376509e-46,8.487399241423127,0,0,0.1440706666666666,-4.323865396092224e+45,-8.396244974914178e+41
0,4.92108,0.52028,-0.564855,0.00879885,0.000103201,1.67425e-05,8.64586e-05,0.925294,20.9868,0.000175704,2.83513e-05,0.144071,0.0644915,2.5922
0,49.93335,0.7683804,-1.254928,0.02340741,0.044413,0.03681511,0.007597895,0.9189406,29.62113,0.5705944,0.07536731,0.1440707,648.1686,3.881638
0,6.51885,0.532629,-0.90013,0.00874326,0.00136962,0.00124724,0.000122385,0.926089,21.4578,0.0133998,0.0021166,0.144071,4.88745,3.15079
0,28.0243,0.61033,-1.09439,0.0181643,0.00746131,0.00715481,0.000306498,0.930863,24.4381,0.0880823,0.0123526,0.144071,67.1421,3.49177
0,7.61949,0.331805,-1.01308,0.00897758,0.0053233,0.00514858,0.000174719,0.884402,13.3144,0.0344585,0.00879521,0.144071,13.5492,3.31782
2,17.9665418,0.97880688515,-1.6505122647,0.019733818521,-1349.515071,-1349.8263555,0.31128450143,-22.771016548,53327.548187,-26650.1765,0,0.14407066667,-7580316.3834,-1470.6260661
0,6.49193,0.641503,-0.900206,0.0217738,0.000554233,0.000501515,5.27183e-05,0.938242,25.8651,0.00648946,0.000850754,0.144071,5.8207,3.16003
0,43.945566,0.67048067,-1.3022914,0.0089417102,0.17756659,0.13870103,0.038865564,0.82125,22.2455,1.8758198,0.36251753,0.14407067,1000.8148,4.0198005
0,8.52716,0.868539,-0.96906,0.0202335,0.00140364,0.00130369,9.99509e-05,0.952997,34.9892,0.0228395,0.00221701,0.144071,18.7723,3.29157
0,7.16103,0.75336,-0.962284,0.00925467,0.00280174,0.00261153,0.000190207,0.945421,30.3067,0.0396847,0.00444299,0.144071,15.0241,3.27262
0,6.1715,0.24198,-0.79313,0.019852,0.00017198,0.00013923,3.2746e-05,0.8521,9.7602,0.00067959,0.00023585,0.14407,0.61128,2.9361
0,46.27694,0.3956163,-1.288515,0.01892369,0.07313783,0.06569962,0.007438209,0.8571337,14.7926,0.5242786,0.1435142,0.1440707,534.2369,3.883168
0,19.9589,0.860002,-1.08395,0.0226981,0.00531277,0.00501723,0.000295536,0.950018,34.5097,0.087034,0.00864462,0.144071,81.2423,3.49386
0,5.34317,0.413732,-0.523522,0.0220329,3.70193e-05,3.93209e-06,3.30872e-05,0.907885,16.6901,3.28146e-05,6.65816e-06,0.144071,0.0307391,2.51279
0,7.5167,0.20039,-0.99521,0.017235,0.01386,0.0021137,0.011746,0.82379,7.9719,0.0085436,0.0036419,0.14407,6.9234,3.2642
0,70.926142,0.28714072,-1.386088,0.013776374,0.23453165,0.17931358,0.055218074,0.7192888,8.8670098,1.0385637,0.69035042,0.14407067,1336.3362,4.1836055
0,50.4297,0.208849,-1.19986,0.0150424,0.032346,0.0318264,0.00051953,0.813146,8.15283,0.134075,0.0578117,0.144071,99.3825,3.62365
0,4.82073,0.793535,-0.527426,0.022518,3.94672e-05,4.04516e-06,3.5422e-05,0.949746,32.0113,6.47481e-05,6.84976e-06,0.144071,0.0592569,2.55042
1,0.33819,0.74487,-1.9942,0.0086317,,,,,,,,,,
0,34.57655,0.6898491,-1.232791,0.02380369,0.03288915,0.02926034,0.003628806,0.9211128,26.91445,0.4071539,0.05577013,0.1440707,442.1361,3.799837
1,0.30568,0.82584,-1.7317,0.016656,,,,,,,,,,
0,19.2341,0.209293,-0.839939,0.0120174,0.956683,1.42303e-05,0.956669,0.173114,0.365734,6.00751e-05,0.000710771,0.144071,0.205689,2.92691
0,58.05178,0.6752096,-1.271109,0.02132386,0.05736959,0.04729018,0.01007941,0.9037877,25.67646,0.6440725,0.1018435,0.1440707,703.2424,3.912703
0,13.72722,0.7287254,-1.130979,0.01249974,0.0172174,0.01635025,0.0008671494,0.9343694,28.89193,0.240333,0.0287205,0.1440707,126.5284,3.572452
0,6.45412,0.780394,-0.827675,0.0138245,0.000381331,0.000311456,6.98749e-05,0.948722,31.4705,0.00490271,0.00052781,0.144071,2.75887,3.04854
0,14.611365,0.4883086,-1.4247348,0.011512537,0.75523531,0.051734079,0.70350123,0.58276091,4.8216791,0.5095611,0,0.14407067,1473.4613,4.2538989
0,0.284889,0.951718,-1.78463,0.0221528,0,0,0,0,38.394,0,0,0.144071,-Inf,-Inf
0,44.3215555,0.799933053,-1.52334549,0.0157900257,0.28864084,0.0904769341,0.198163906,1.29915746,22.9560804,1.45987842,0,0.144070667,11167.6323,6.33903062
0,29.681351,0.96693971,-1.3586397,0.019770328,0.031029915,0.021519568,0.009510347,2.0419998,37.797662,0.41971851,0,0.14407067,1410.3673,4.1733033
0,6.48077,0.627422,-0.741263,0.0193542,0.000116062,7.3361e-05,4.27008e-05,0.937232,25.3084,0.000928433,0.000124253,0.144071,0.740178,2.89413
0,23.807663,0.232677074,-1.70237588,0.0152748274,0.250879085,0.11790426,0.132974825,1.15168924,7.03170566,0.553360636,0,0.144070667,38473.5141,11.8839778
2,14.8292117,0.407817734145113,-1.593463601957148,0.0215058625251865,-21540.82815098439,-21540.82983524586,0.001684261467744363,-1.160319221868656e-05,354408.256168345,-177195.9158902603,0,0.1440706666666666,-47511813189176.66,-9226023156.922386
0,6.82603,0.35643,-0.893602,0.00892194,0.00122501,0.00112421,0.000100804,0.893896,14.3614,0.00808252,0.00190739,0.144071,3.11635,3.1208
1,0.13651,0.5303,-1.9178,0.014819,,,,,,,,,,
0,37.1474,0.522714,-1.08872,0.0102942,0.0121698,0.0117303,0.000439534,0.91789,20.8306,0.12368,0.0202657,0.144071,53.964,3.47232
0,6.55666,0.87879,-0.76016,0.00951231,0.000283025,0.000190243,9.27817e-05,0.954239,35.4419,0.00337224,0.000322266,0.144071,1.29777,2.94199
2,9.0269306,0.919708648451,-1.60510646515,0.0104676278298,-5.36352113899,-5.90527814964,0.541757010655,-0.0044012744001,236.103773209,-109.550862056,0,0.144070666667,-96905588.7071,-18816.3208271
0,38.03332,0.2910382,-1.247886,0.02229799,0.03843053,0.03729133,0.001139196,0.8500174,11.28979,0.2189188,0.07227449,0.1440707,243.9754,3.745902
0,28.7364,0.509642,-1.08127,0.0203681,0.00561208,0.00541148,0.000200605,0.920337,20.4445,0.0556297,0.00930786,0.144071,48.003,3.4577
0,0.458276,0.4144182330322059,-1.914927348479113,0.02170381070866837,0,0,0,-5.177481735134876e-67,16.71837339934189,0,0,0.1440706666666666,-3.120461263420905e+72,-6.059429423055355e+68
0,46.985072,0.48916017,-1.3772274,0.0099416718,0.28969967,0.20660864,0.08309103,0.72124425,14.016781,2.0385658,0.85372238,0.14407067,1880.093,4.297875
0,0.38852,0.21175,-0.80333,0.015899,0,0,0,-0.063394,8.5424,0,0,0.14407,-8.1979,1.2054
0,4.94763,0.545962,-0.551231,0.0109767,8.10166e-05,1.12663e-05,6.97504e-05,0.928569,22.0233,0.00012407,1.90777e-05,0.144071,0.0566116,2.57188
0,13.2585108,0.6875980032343,-1.605182626011,0.009847068931668,0.06196435109175,0.0005440574073276,0.06142029368442,-0.000204880285367,26.0201092993,0.007545786356965,0,0.1440706666667,-229645610.047,-44592.32328434
0,5.79035,0.29845,-0.583457,0.021284,4.01552e-05,8.78991e-06,3.13652e-05,0.876696,12.0395,5.29153e-05,1.48839e-05,0.144071,0.0495871,2.5973
0,49.760593,0.26675275,-1.4543889,0.020926442,0.30052459,0.21317102,0.087353574,0.66480581,7.527253,1.1469969,1.0927527,0.14407067,2951.1842,4.6061927
0,56.469888,0.20337004,-1.4595062,0.016225557,0.41144476,0.27375271,0.13769205,0.55427594,4.8286904,1.1229762,1.505096,0.14407067,2424.9595,4.4990346
0,5.07627,0.803588,-0.623112,0.0125885,8.88942e-05,2.47311e-05,6.41631e-05,0.950311,32.4153,0.000400868,4.18801e-05,0.144071,0.204977,2.70991
0,6.278,0.383788,-0.784111,0.0157013,0.000205471,0.000156766,4.87048e-05,0.901302,15.4795,0.00121358,0.000265566,0.144071,0.816265,2.94203
0,0.7899182,0.509640629,-1.74273874,0.018367382,0.0291874609,0.0291874609,4.85722573e-17,16.0415322,19.9597265,0.300044402,0,0.144070667,13167.6189,6.95525363
0,5.51992,0.371742,-0.572184,0.0131923,6.61828e-05,1.22694e-05,5.39134e-05,0.89852,14.9957,9.20004e-05,2.07761e-05,0.144071,0.052139,2.58861
2,1.5164546,0.8428299277601656,-1.944429972804238,0.01528169422220823,-89.93369953793183,-89.93369968414554,1.46213707807874e-07,-5.168822837608018e-09,3091.861096782726,-1528.92991683001,0,0.1440706666666666,-8.444043643529285e+16,-16396962559013.16
0,4.9516,0.864575,-0.588744,0.0221687,4.54606e-05,9.03176e-06,3.64288e-05,0.953678,34.8769,0.000157507,1.5294e-05,0.144071,0.14133,2.65642
0,8.9173295,0.78180889,-1.4238818,0.012330332,0.0099283033,0.0015338676,0.0083944357,3.7812101,31.226436,0.024188762,0,0.14407067,1454.6687,4.2487371
0,5.78335,0.282526,-0.556124,0.0180345,4.37464e-05,7.30236e-06,3.6444e-05,0.870644,11.3971,4.16147e-05,1.23649e-05,0.144071,0.0332727,2.54946
0,6.29163,0.82057,-0.739768,0.0175684,0.000128138,7.928e-05,4.88576e-05,0.951263,33.099,0.00131221,0.000134279,0.144071,0.935608,2.90472
0,49.839071,0.99268433,-1.3310757,0.01319979,0.18125059,0.12384506,0.05740553,0.83531041,32.788182,2.4797906,0.35543011,0.14407067,2099.0753,4.2999073
0,5.08513,0.514974,-0.587049,0.00962168,9.94287e-05,2.03611e-05,7.90675e-05,0.924586,20.7729,0.000211501,3.44792e-05,0.144071,0.0849564,2.62856
0,24.0443,0.309884,-1.09147,0.0247337,0.00519582,0.00507269,0.000123124,0.877501,12.4363,0.0317075,0.00873762,0.144071,34.9111,3.44899
0,13.88062,0.8659256,-1.114925,0.01288011,0.01379552,0.01299464,0.0008008735,0.9447807,34.45107,0.2269709,0.02267872,0.1440707,121.4079,3.553281
0,7.43553,0.233302,-1.0435,0.0128172,0.00543657,0.00531444,0.000122124,0.844246,9.36066,0.0250093,0.00910545,0.144071,14.7492,3.35283
0,0.4521171,0.6310310542762421,-1.767179032264927,0.01651559840535369,0,0,0,-1.207561571368308e-54,25.45692238196172,0,0,0.1440706666666666,-3.053753583507946e+59,-5.929893933175499e+55
0,55.206444,0.76177923,-1.3038829,0.021756063,0.079579353,0.059564701,0.020014652,0.8951553,28.285942,0.91525744,0.15207142,0.14407067,1191.6193,4.0674093
0,44.555771,0.36136064,-1.4418998,0.015348763,0.30970521,0.30970335,1.8544096e-06,0.68654885,10.063073,2.2574177,1.2690366,0.14407067,3254.1984,4.6575661
0,17.5753,0.935336,-1.08489,0.0205109,0.00597434,0.0056156,0.000358736,0.953164,37.5077,0.105947,0.00968262,0.144071,89.0775,3.50106
0,0.4789393,0.464490818973,-1.9078628609,0.0211208197557,0,0,0,-0.0703511265441,18.7383911546,0,0,0.144070666667,-23506920.2201,-4563.1148946
0,6.16853,0.598546,-0.660348,0.0088748,0.000145384,5.65922e-05,8.87915e-05,0.934387,24.1429,0.000683249,9.58392e-05,0.144071,0.250497,2.75745
0,34.780604,0.70316913,-1.4856705,0.014072174,0.69820954,0.65857714,0.039632403,0.54907892,8.5609206,9.3409622,0,0.14407067,6073.5561,5.2808729
1,0.11898,0.68615,-1.8602,0.013449,,,,,,,,,,
2,1.0989127,0.350874825241,-1.90245804347,0.0225954115048,0.309758788115,0.309758788115,-5.55111512313e-17,-0.0263456802902,9.77030815173,2.19230521192,0,0.144070666667,-30533940.3114,-5927.66701398
0,5.33202,0.814003,-0.641494,0.0191447,6.30108e-05,2.05929e-05,4.24179e-05,0.950932,32.8363,0.000338118,3.48723e-05,0.144071,0.262767,2.74106
0,36.352708,0.51268477,-1.5167946,0.021555756,0.1339541,0.10175674,0.032197366,1.442238,17.912099,1.052298,0,0.14407067,7215.9054,5.5426781
0,1.1418816,0.33983307,-1.8925303,0.014949992,0.03686806,0.031665328,0.0052027317,118.734,13.204033,0.2170575,0,0.14407067,8059.9799,6.0880035
0,6.64814,0.375732,-0.956453,0.0162542,0.00145364,0.00138094,7.27004e-05,0.898617,15.1357,0.0104659,0.00234715,0.144071,7.32438,3.22838
0,4.85976,0.909786,-0.519377,0.0092872,9.55724e-05,8.84436e-06,8.67281e-05,0.955845,36.6989,0.000162305,1.49767e-05,0.144071,0.0608702,2.54376
0,5.06259,0.742101,-0.552901,0.0147374,6.24796e-05,8.57328e-06,5.39063e-05,0.946436,29.9358,0.000128332,1.45175e-05,0.144071,0.077135,2.58945
0,6.40297,0.614626,-0.882963,0.0156777,0.000625798,0.000558291,6.75073e-05,0.935683,24.7796,0.00692145,0.000946818,0.144071,4.48076,3.12908
0,10.92,0.56726,-1.0094,0.0156553,0.0029589,0.00282092,0.000137976,0.929219,22.8166,0.0322774,0.00481064,0.144071,21.0782,3.33831
0,60.445939,0.66532278,-1.3754551,0.0091236588,0.30707798,0.30707401,3.9718812e-06,0.72679035,18.598243,4.1209811,0.90932694,0.14407067,2419.8542,4.4138838
0,11.054551,0.84896004,-1.5533143,0.020801604,0.28654707,0.0087641229,0.27778295,3.731699,24.434741,0.15007933,0,0.14407067,6081.4294,5.3501121
0,21.260878,0.65370884,-1.4259827,0.023075497,0.29939571,0.036838592,0.26255712,1.650205,18.476186,0.48574971,0,0.14407067,2026.1256,4.3788311
0,13.28614,0.7950085,-1.132358,0.01681787,0.01311232,0.01238233,0.0007299901,0.9413307,31.65153,0.1985634,0.02172774,0.1440707,140.0475,3.581672
0,6.57141,0.823845,-0.918334,0.0235824,0.000643077,0.000584206,5.88707e-05,0.951113,33.214,0.00970816,0.000991459,0.144071,9.30655,3.20295
2,36.016741,0.76628105,-1.407974,0.015153985,-1.5751324,-1.6234865,0.048354159,5.7069273,79.605451,-25.093541,0,0.14407067,2002.9589,4.3557329
0,44.10135,0.8271777,-1.16696,0.02411209,0.01421165,0.01322423,0.0009874255,0.9424444,32.89559,0.2206451,0.02363602,0.1440707,226.7402,3.657865
0,10.516359,0.47630537,-1.5371766,0.017980304,0.29604503,0.0088653294,0.2871797,2.1375412,13.526503,0.085173703,0,0.14407067,4776.9679,5.0682637
0,0.8277215,0.56183286412,-1.9405852978,0.020280209785,0.0038871693819,0.0020739727302,0.0018131966517,-0.49368941548,22.577239485,0.023503652185,0,0.14407066667,-6144575.0601,-1191.5275359
0,22.0770142,0.8806907699,-1.802698278,0.02005582203,0.4990260293,0.3573583118,0.1416677174,1.078801901,17.79892498,6.348227806,0,0.1440706667,377165.2173,77.87002449
0,13.607,0.537471,-1.02303,0.0132016,0.00415858,0.00398066,0.000177914,0.924914,21.5924,0.0431555,0.00679678,0.144071,23.8763,3.35889
0,52.24371,0.8693841,-1.167491,0.01223382,0.02813287,0.02605908,0.002073793,0.9355027,34.08582,0.4569786,0.04690394,0.1440707,238.3074,3.663199
0,70.519301,0.35101591,-1.3795601,0.021955609,0.1494447,0.11049915,0.038945553,0.79581669,12.044382,0.78236769,0.39833042,0.14407067,1508.6822,4.2167773
0,36.8484384,0.493326524,-1.56083039,0.0129527694,0.303806152,0.251993776,0.0518123751,1.34067073,13.8554238,2.50754913,0,0.144070667,10571.3474,6.2579072
0,6.56693,0.321937,-0.936298,0.00871565,0.00210292,0.00198864,0.000114281,0.88337,12.9602,0.0129138,0.00337891,0.144071,4.92474,3.18736
2,16.478288,0.91433348,-1.5209734,0.015389198,0.24345843,-2.0059799,2.2494384,1.8200171,27.905679,-36.996137,0,0.14407067,9399.6059,5.9844806
0,6.44798,0.378538,-0.814622,0.0120512,0.000367451,0.000302173,6.52785e-05,0.89997,15.2653,0.00230722,0.000512013,0.144071,1.19296,2.99211
0,28.0298464,0.6965612742,-1.694261413,0.01429451186,0.6938428928,0.4640569111,0.2297859818,-0.3205627992,8.603176596,6.520122288,0,0.1440706667,-152375.8374,-27.99604519
2,19.1604497,0.579307153,-1.62954614,0.024407762,-0.333756523,-1.56646794,1.23271142,2.83936171,31.1702735,-18.3044032,0,0.144070667,27144.3606,9.59328799
0,10.531617,0.54710389,-1.4917062,0.023925745,0.021092023,0.0063780068,0.014714016,3.2233115,21.605625,0.070384974,0,0.14407067,2821.577,4.6160348
0,6.24061,0.706945,-0.778139,0.0132084,0.000238443,0.000172593,6.58494e-05,0.94381,28.5126,0.00246113,0.000292379,0.144071,1.3298,2.96123
0,25.5821,0.5472262,-1.159748,0.009806238,0.03077664,0.02955049,0.001226153,0.9089428,21.39666,0.3261796,0.05297547,0.1440707,139.3875,3.608691
0,5.57229,0.37649,-0.700242,0.012334,0.000126936,6.79747e-05,5.89616e-05,0.899632,15.1863,0.000516209,0.000115119,0.144071,0.273197,2.80181
0,6.33122,0.258944,-0.611237,0.0142886,6.33207e-05,1.87075e-05,4.46132e-05,0.860497,10.4456,9.77119e-05,3.16774e-05,0.144071,0.0626269,2.63708
0,6.34058,0.523124,-0.837131,0.0173979,0.000330751,0.000279437,5.13135e-05,0.925525,21.0968,0.00294859,0.00047357,0.144071,2.14065,3.04484
0,10.730957,0.97295202,-1.4000138,0.012460138,0.65495333,0.005685577,0.64926776,1.2014307,13.543298,0.11158123,0,0.14407067,1461.3408,4.2263998
0,7.52644,0.248468,-1.05199,0.0247026,0.00314668,0.00307531,7.13752e-05,0.853586,9.99208,0.0154129,0.0052686,0.144071,17.3654,3.37022
0,23.38756,0.9039146,-1.151935,0.02473449,0.01155367,0.01073676,0.0008169105,0.9480853,36.04422,0.1957608,0.01899735,0.1440707,203.6205,3.632825
0,5.10445,0.487562,-0.548941,0.0205162,4.24916e-05,5.85317e-06,3.66384e-05,0.920721,19.6683,5.75634e-05,9.91125e-06,0.144071,0.0495109,2.5627
1,0.23787,0.76166,-1.8663,0.023909,,,,,,,,,,
0,6.27499,0.537366,-0.836458,0.0214688,0.000266332,0.00022451,4.18222e-05,0.927391,21.6725,0.0024335,0.000380468,0.144071,2.17575,3.04501
0,31.4787,0.705082,-1.07577,0.00851408,0.0126176,0.0120275,0.000590073,0.935654,28.0854,0.171056,0.0207481,0.144071,60.4392,3.46645
0,6.97777,0.486391,-0.982415,0.0132689,0.00247681,0.00235713,0.000119677,0.918996,19.5733,0.0231257,0.00401329,0.144071,12.9278,3.28462
0,6.16674,0.257612,-0.658823,0.0105161,0.000107643,4.68357e-05,6.08077e-05,0.85985,10.3914,0.000243371,7.93123e-05,0.144071,0.114891,2.71585
0,25.6089809,0.868766039,-1.61315786,0.00957885212,0.532014581,0.405356967,0.126657613,0.842539254,16.4017551,7.10338982,0,0.144070667,38997.6836,11.8972403
0,33.7108986,0.740776681,-1.37877918,0.0190443886,0.285004207,0.0494247525,0.235579455,-0.0703362745,21.3671183,0.738511014,0,0.144070667,-29980.333,-4.46076848
0,1.4151591,0.78047720772,-1.8280779974,0.011358785153,0.53948501945,0.44628246261,0.093202556841,-0.40852444587,14.499704562,7.0257908347,0,0.14407066667,-1124087.3383,-216.65551587
0,6.50181,0.724764,-0.911029,0.021193,0.000651671,0.000591961,5.97098e-05,0.944845,29.2192,0.00865396,0.00100444,0.144071,7.50345,3.18423
1,0.43408,0.88876,-1.7946,0.023865,,,,,,,,,,
1,154.4466,0.5212908,-1.308114,0.01820852,,,,,,,,,,
0,6.1961,0.57625,-0.738031,0.0146015,0.000148669,9.32848e-05,5.53838e-05,0.932022,23.2435,0.00108429,0.000157999,0.144071,0.655791,2.88467
2,8.706763,0.6364757,-1.426521,0.01323045,0.3661637,-0.005170137,0.3713338,6.688168,16.27474,-0.06637569,0,0.1440707,443.4058,3.993961
0,14.948802,0.82000668,-1.5301435,0.019643696,0.11971867,0.0090423651,0.1106763,2.07533,29.12018,0.14956315,0,0.14407067,9677.31,6.0490725
0,6.43054,0.575628,-0.908153,0.0103442,0.00127852,0.00116849,0.000110031,0.93123,23.1922,0.0135673,0.00198323,0.144071,5.82361,3.168
0,6.73335,0.546977,-0.968083,0.0218865,0.00126066,0.00119036,7.0304e-05,0.927937,22.0382,0.0131333,0.00202401,0.144071,11.9918,3.26624
0,7.02826,0.861655,-0.9581,0.0229202,0.00108074,0.00100029,8.04525e-05,0.952856,34.7231,0.0173854,0.00170011,0.144071,16.1855,3.27249
0,7.12503,0.318744,-0.99944,0.0134988,0.00298276,0.00287969,0.000103071,0.881802,12.8203,0.0185145,0.00490925,0.144071,10.9819,3.29289
0,30.325202,0.88365071,-1.3249303,0.020515273,0.10912076,0.076213375,0.032907388,0.88150739,31.758109,1.3584292,0.21133045,0.14407067,1780.35,4.2234085
2,16.2147788,0.99005644,-1.54722762,0.0112521827,0.379853848,-0.129607578,0.509461427,2.11222578,24.7690399,-2.58830541,0,0.144070667,10072.0797,6.14486884
0,4.94961,0.655335,-0.512283,0.0220281,3.892e-05,3.40423e-06,3.55158e-05,0.939791,26.4363,4.49994e-05,5.76441e-06,0.144071,0.0407135,2.51599
0,83.880557,0.61527372,-1.4884894,0.019144392,0.38279802,0.25658369,0.12621432,0.66267197,15.31972,3.1843632,1.8509883,0.14407067,9337.5908,5.9396142
0,14.1120089,0.7852792267,-1.410666043,0.01240646744,0.01613568573,0.0003221437386,0.01581354199,-0.01325434681,31.16839821,0.005102687524,0,0.1440706667,-349546.6437,-66.60967388
0,21.665339,0.65925029,-1.5284521,0.011264518,0.11021321,0.019819314,0.090393897,6.7486549,23.66418,0.26355066,0,0.14407067,2366.3908,4.5553512
2,22.948556,0.61379428,-1.4385929,0.015551168,0.78894628,-0.15710248,0.94604876,0.45464138,5.2260194,-1.9450513,0,0.14407067,2445.9048,4.4826304
2,1.5023721,0.8621756715051176,-1.963548568645622,0.01054261687453155,-62.94255752070765,-63.05795027153918,0.1153927508315249,-1.343088000542788e-07,2224.031494197005,-1096.631670683444,0,0.1440706666666666,-2988206844306048,-580261280176.6737
0,7.86738,0.329364,-1.03253,0.015773,0.00387376,0.00375831,0.000115457,0.88457,13.2356,0.0249685,0.00642703,0.144071,17.2892,3.35052
1,0.36092,0.50834,-1.9872,0.015885,,,,,,,,,,
0,27.284555,0.85285008,-1.5054596,0.013922452,0.83713617,0.5678387,0.26929747,0.36242646,5.6034114,9.7683869,0,0.14407067,7765.7268,5.6418826
0,5.54919,0.585862,-0.629911,0.0101771,0.000110365,3.33823e-05,7.6983e-05,0.933086,23.6321,0.000394491,5.65308e-05,0.144071,0.166084,2.70589
0,6.78952,0.579855,-0.919159,0.00970123,0.00155824,0.00143463,0.000123612,0.931512,23.3559,0.0167797,0.00243577,0.144071,6.75321,3.1868
0,14.32717,0.8765509,-1.130419,0.02154304,0.01007147,0.009450198,0.0006212692,0.9477446,35.00549,0.1670872,0.01654479,0.1440707,150.055,3.585222
0,0.7487558,0.970622758,-1.87454581,0.0185375704,0.000167933209,0.000167843448,8.97610054e-08,-23.6514247,39.1500839,0.00328609439,0,0.144070667,-95225.3403,-16.6939065
0,4.88328,0.89733,-0.554942,0.01556,6.01846e-05,8.3358e-06,5.18488e-05,0.955283,36.1977,0.000150878,1.41154e-05,0.144071,0.0948614,2.60213
0,19.383401,0.57074367,-1.4956349,0.022853963,0.19395379,0.054897077,0.13905671,1.8214825,18.55907,0.6319977,0,0.14407067,4511.0148,4.9721348
0,17.7481228,0.8472103575,-1.714135537,0.01317960423,0.2161129877,0.1516197977,0.06449319001,1.852748119,26.79167657,2.591029393,0,0.1440706667,105979.1962,25.05630994
0,32.0277,0.331802,-1.10846,0.0193726,0.00821092,0.00801139,0.000199533,0.882595,13.2756,0.0536182,0.013877,0.144071,46.0907,3.48243
1,0.51493,0.84894,-1.8807,0.0091525,,,,,,,,,,
0,30.4666425,0.9711266117,-1.671357534,0.009933024799,0.4065167454,0.2226995031,0.1838172423,-0.4151203897,23.25088516,4.362347657,0,0.1440706667,-236956.0312,-44.46573686
0,38.01741,0.417041,-1.246375,0.01263244,0.06708256,0.06360411,0.003478455,0.8654186,15.69557,0.5350435,0.1251231,0.1440707,326.748,3.775475
0,17.3407,0.262149,-1.08431,0.0137037,0.00852587,0.00834547,0.000180404,0.856775,10.4854,0.044129,0.0143856,0.144071,27.4993,3.42813
0,6.4174,0.772491,-0.830279,0.0174072,0.00031147,0.00025577,5.56992e-05,0.948272,31.1539,0.00398537,0.000433436,0.144071,2.82534,3.05238
0,47.88861,0.4162646,-1.287304,0.01389402,0.09773582,0.08736937,0.01036645,0.8450711,15.15159,0.7335907,0.19245,0.1440707,546.4473,3.88549
0,6.98479,0.356087,-0.999747,0.0222939,0.0018184,0.00175147,6.69357e-05,0.893433,14.3391,0.0125801,0.00298426,0.144071,12.1708,3.2987
0,15.757634,0.66292001,-1.473902,0.022915346,0.9197146,0.28193485,0.63777976,0.19570584,2.1471029,3.7699454,0,0.14407067,3674.1437,4.7773513
0,31.17925,0.9399995,-1.137052,0.01215456,0.01939703,0.01807502,0.001322004,0.9445594,37.1857,0.3427138,0.03193259,0.1440707,174.1636,3.604193
0,16.8309968,0.6984588547,-1.780488582,0.02478868389,0.4970999189,0.4282366898,0.06886322915,1.101706285,14.1702561,6.033229853,0,0.1440706667,221052.7138,47.50584708
0,5.53906,0.383701,-0.697298,0.0234897,6.54688e-05,3.43688e-05,3.10999e-05,0.90137,15.4782,0.000266001,5.82036e-05,0.144071,0.267597,2.7978
1,0.29918,0.7368,-1.9745,0.015002,,,,,,,,,,
0,34.4384,0.41198,-1.1051,0.0146133,0.0104734,0.0101677,0.000305711,0.900926,16.4459,0.0844934,0.0176185,0.144071,53.5704,3.48824
0,5.90185,0.397266,-0.605507,0.0219357,4.43517e-05,1.13209e-05,3.30308e-05,0.904428,16.0257,9.07171e-05,1.91702e-05,0.144071,0.0849294,2.64701
0,45.12845,0.5643819,-1.230303,0.02164464,0.03386772,0.03134347,0.00252425,0.9088197,21.99707,0.3568168,0.05940431,0.1440707,354.7258,3.769057
0,5.42326,0.646335,-0.623984,0.0184029,5.99875e-05,1.71082e-05,4.28793e-05,0.938991,26.0727,0.000223042,2.89708e-05,0.144071,0.168737,2.70077
1,0.25455,0.84486,-1.9847,0.018921,,,,,,,,,,
2,13.7260461,0.3558606306,-1.763724605,0.01978655188,-0.853799243,-0.8807572108,0.0269579678,-2.489456941,26.61324369,-6.322099432,0,0.1440706667,-148135.8705,-27.10179919
1,0.36214,0.93961,-1.9787,0.015633,,,,,,,,,,
0,4.95013,0.84236,-0.56781,0.0237485,4.02989e-05,6.44323e-06,3.38556e-05,0.952518,33.9809,0.000109478,1.09106e-05,0.144071,0.105361,2.62039
2,15.4417685,0.542827999,-1.65580508,0.0198182772,-0.553354826,-0.860231359,0.306876533,3.78142675,34.0163787,-9.41895411,0,0.144070667,31165.6502,10.4075145
0,6.28487,0.599474,-0.723686,0.0144984,0.000134088,7.81425e-05,5.59459e-05,0.934489,24.1806,0.000944893,0.000132347,0.144071,0.565931,2.86273
0,7.26376,0.234602,-1.0292,0.0100727,0.00577493,0.00563555,0.00013938,0.844755,9.4096,0.0266682,0.00964269,0.144071,12.3316,3.32887
0,26.838725,0.88745319,-1.4598822,0.01883595,0.85685453,0.52148512,0.33536941,0.32147276,5.1248154,9.3349618,0,0.14407067,4458.9495,4.9256754
0,5.94069,0.604463,-0.657922,0.00846176,0.00016937,5.75311e-05,0.000111839,0.934982,24.381,0.000701451,9.7434e-05,0.144071,0.245051,2.7539
0,7.10733,0.585705,-0.965512,0.0157592,0.00169885,0.0015993,9.95524e-05,0.93205,23.5883,0.0188944,0.00271962,0.144071,12.3634,3.26531
1,0.26603,0.49998,-1.9961,0.0086673,,,,,,,,,,
0,7.11731,0.68172,-0.978095,0.021127,0.00149026,0.00140156,8.86945e-05,0.94105,27.4608,0.0192727,0.00238452,0.144071,16.7563,3.29437
0,6.44894,0.668417,-0.848917,0.016807,0.000394762,0.000336493,5.8269e-05,0.94067,26.9545,0.0045368,0.000570344,0.144071,3.13082,3.07636
0,5.8226,0.23091,-0.71938,0.022689,7.4241e-05,4.7252e-05,2.6989e-05,0.84616,9.3144,0.00022008,8.0022e-05,0.14407,0.22781,2.8116
2,3.9612315,0.93329111875935,-1.6099064331185,0.011101078281531,0.30908086437429,0.30908086437429,-1.6653345369377e-16,-1.5761630206408e-05,26.013543830623,5.8185453246465,0,0.14407066666667,-3171020793.1235,-615759.78494728
0,33.54738,0.5325657,-1.18361,0.02231186,0.01830015,0.01750677,0.0007933805,0.9152052,21.09148,0.1880634,0.03163397,0.1440707,185.4024,3.656146
0,6.2985,0.405229,-0.775505,0.0182312,0.000163166,0.00012089,4.22757e-05,0.906054,16.345,0.000988137,0.000204779,0.144071,0.76766,2.93026
2,11.3958219,0.878389977678921,-1.641292444404042,0.01247784152358847,-13.01342284470685,-13.85072297574107,0.8373001310342119,-1.029015506290131e-06,496.5771878943219,-245.4058919728776,0,0.1440706666666666,-1387556615031.148,-269440978.3410881
0,17.8893495,0.80516934,-1.66199929,0.0196783142,0.744608323,0.699987258,0.0446210646,0.593391931,8.29562545,11.3684835,0,0.144070667,52445.1582,14.5725859
0,17.663262,0.62361130296,-1.73094863,0.016092400464,0.32152715441,0.22234142395,0.099185730465,-0.019971213387,17.068745971,2.7967878957,0,0.14407066667,-7773653.9295,-1508.089938
0,49.6955905,0.533755802,-1.55171859,0.0191928423,0.842127376,0.245219172,0.596908204,0.265466771,3.39941827,2.64011109,0,0.144070667,11651.9182,6.46362545
0,53.085646,0.76405245,-1.3605856,0.014910708,0.1943766,0.13271257,0.061664034,0.81738576,24.831926,2.0453159,0.45966625,0.14407067,2373.3487,4.3889867
0,19.11102,0.994369,-1.12573,0.01339486,0.01534299,0.01427791,0.001065081,0.9494551,39.49915,0.2863766,0.02505376,0.1440707,159.1335,3.585315
2,8.291927599999999,0.3957862347987214,-1.706639156669063,0.02058979332455995,-5638.219331357757,-5638.319713424718,0.1003820669602646,-3.974857539415223e-05,90039.86561029202,-45012.75082896882,0,0.1440706666666666,-15077600431195.79,-2927825342.113969
2,20.5416644,0.57172129,-1.74902252,0.0132641641,-2.13392275,-2.4955472,0.361624452,10.5841275,72.2816101,-28.7789751,0,0.144070667,78347.4751,19.710043
0,5.48227,0.752514,-0.683734,0.0222691,6.7134e-05,3.04558e-05,3.66782e-05,0.947135,30.3557,0.000462285,5.15768e-05,0.144071,0.419589,2.80738
0,6.48511,0.67952,-0.891233,0.0232243,0.000467749,0.00041909,4.86583e-05,0.941532,27.4002,0.00574427,0.000710783,0.144071,5.47566,3.14785
0,5.17149,0.895815,-0.636241,0.0223111,5.31649e-05,1.65174e-05,3.66474e-05,0.955215,36.1369,0.00029846,2.79707e-05,0.144071,0.269099,2.73703
2,27.4871427,0.8125620713,-1.733411651,0.01526559155,0.2194755006,-0.3162684923,0.5357439929,-0.6087487942,25.58575589,-5.183673573,0,0.1440706667,-394573.5847,-75.03665553
0,50.0172164,0.5551047998,-1.720297613,0.01589822017,0.9738680727,0.7395158189,0.2343522538,0.04288200304,0.585196324,8.280329545,43.77499265,0.1440706667,108252.6267,25.50502591
0,1.0767815,0.58562617,-1.81696139,0.0165104898,0.00315632905,0.00315632467,4.38003381e-09,10.1608809,23.5506391,0.0372844135,0,0.144070667,63638.0549,16.9109665
0,32.002131,0.358620611,-1.71768853,0.023310202,0.777633993,0.586568886,0.191065107,0.327930562,3.2170574,4.2430626,0,0.144070667,75254.8,19.0760923
1,0.6906,0.92323,-1.941,0.014641,,,,,,,,,,
1,53.6751,0.988317,-1.28519,0.0144986,,,,,,,,,,
0,78.3731164,0.882727638,-1.49535269,0.0175853641,0.401792058,0.267046289,0.134745769,0.663134259,21.3026712,4.75486775,2.20079779,0.144070667,14171.0305,6.9064873
0,58.791509,0.78081671,-1.3648843,0.013062605,0.22180752,0.1506335,0.071174017,0.79853697,24.512708,2.3724433,0.55448627,0.14407067,2534.2776,4.4279061
0,12.77534,0.7049289,-1.137978,0.01178226,0.01987266,0.01888944,0.0009832253,0.9309172,27.87295,0.2685898,0.03333541,0.1440707,134.0428,3.583874
0,6.25051,0.428872,-0.7424,0.0204593,0.000107835,7.04208e-05,3.74145e-05,0.910801,17.2996,0.000609192,0.000119271,0.144071,0.528295,2.8779
0,7.2724,0.301385,-1.03009,0.0200212,0.00295509,0.00287107,8.40259e-05,0.875945,12.1225,0.0174538,0.00490656,0.144071,15.496,3.3421
0,13.3678,0.206332,-1.06415,0.0119188,0.00755927,0.00741656,0.000142709,0.826446,8.26088,0.030867,0.0127656,0.144071,17.335,3.38228
1,0.24452,0.66815,-1.8523,0.014736,,,,,,,,,,
0,4.90851,0.869143,-0.56415,0.0171396,5.55121e-05,8.51769e-06,4.69944e-05,0.953904,35.0608,0.000149327,1.44234e-05,0.144071,0.103568,2.61585
0,6.40668,0.926044,-0.777296,0.0104317,0.000303187,0.000216169,8.70176e-05,0.95645,37.3469,0.00403785,0.000366212,0.144071,1.70027,2.97309
2,21.1621255,0.97931405928181,-1.80467356961571,0.0196752194025347,-344.563712095844,-1025.21711264223,680.653400546383,-0.00337655736489461,13652.2831227608,-20251.7709385658,0,0.144070666666667,-94804679320.3065,-18409529.3311635
2,14.3097274,0.5206632692427142,-1.676753893823253,0.01723144880167354,-18803.13798691811,-18906.9098802307,103.7718933125907,-8.12025773479422e-15,394971.2974036667,-198564.9842200726,0,0.1440706666666666,-2.205471059453874e+23,-4.282666920435114e+19
0,46.41653,0.5471344,-1.222981,0.01291352,0.05103746,0.04785657,0.003180894,0.8955961,20.94586,0.5281542,0.09063134,0.1440707,311.9943,3.746842
0,23.912,0.571442,-1.05155,0.0198481,0.00397174,0.0038083,0.000163438,0.929038,22.9614,0.0438964,0.00652064,0.144071,36.4597,3.4116
0,1.4767558,0.514743882,-1.82397623,0.01408083,0.195608994,0.195589344,1.96501779e-05,8.96164047,16.703734,2.03077381,0,0.144070667,56001.9944,15.4286144
2,0.7733089,0.9980981806399,-1.718208846395,0.01658213289806,0.004723330690134,0.004723330690134,-7.632783294298e-17,-0.0004155878208587,40.07488214334,0.09509261422877,0,0.1440706666667,-744679312.3976,-144603.4583612
0,4.82728,0.717118,-0.554162,0.0180675,5.09338e-05,7.10734e-06,4.38265e-05,0.944682,28.9283,0.000102807,1.20351e-05,0.144071,0.0758967,2.58988
0,7.22599,0.523078,-1.01103,0.023299,0.00202439,0.00193553,8.88676e-05,0.924437,21.0592,0.0204216,0.00330095,0.144071,19.97,3.33695
0,6.81993,0.659045,-0.969555,0.0197058,0.00143446,0.00134703,8.7433e-05,0.939211,26.5489,0.0179068,0.00229087,0.144071,14.5451,3.27813
0,5.79918,0.614237,-0.67393,0.0157539,8.83349e-05,3.79579e-05,5.0377e-05,0.93599,24.7772,0.000470287,6.42811e-05,0.144071,0.305555,2.78126
0,5.12227,0.464344,-0.516782,0.0221648,3.71583e-05,3.58452e-06,3.35738e-05,0.91709,18.7318,3.35735e-05,6.06964e-06,0.144071,0.0313207,2.50701
0,5.68447,0.303163,-0.504699,0.0232125,3.17438e-05,2.93077e-06,2.88131e-05,0.878385,12.2297,1.79219e-05,4.96254e-06,0.144071,0.0182808,2.46726
0,19.7127253,0.511377871,-1.41557325,0.00975477182,0.0580062724,0.0497384484,0.00826782398,-0.219197504,19.4332352,0.513049577,0,0.144070667,-14035.6673,-1.28878287
0,6.60091,0.669048,-0.930582,0.00987963,0.00176748,0.00163063,0.000136848,0.939838,26.9429,0.0220059,0.00276979,0.144071,8.9416,3.21307
0,0.31664,0.2062,-1.0608,0.023667,0,0,0,5.4051,8.3184,0,0,0.14407,2.556,3.2777
1,0.50678,0.78252,-1.9713,0.014353,,,,,,,,,,
0,10.4768205,0.509985627,-1.57657412,0.0192110457,0.270079688,0.00305405838,0.26702563,-1.26086652,15.0171857,0.0314166911,0,0.144070667,-14913.4333,-1.3013468
0,59.7179118,0.963458194,-1.65185035,0.0238951773,0.449452975,0.289247003,0.160205972,0.991703818,21.3984571,5.6211725,0,0.144070667,71053.1052,18.1914011
0,23.4309,0.534297,-1.05416,0.020088,0.00404762,0.00389011,0.000157512,0.924587,21.4672,0.0419247,0.00666262,0.144071,35.4199,3.41252
0,57.20383,0.2102686,-1.258354,0.01635782,0.05837512,0.05721317,0.001161957,0.798136,7.987439,0.2426585,0.1126993,0.1440707,210.288,3.742194
0,31.284339,0.43452595,-1.3397936,0.014756929,0.15363889,0.11988482,0.033754069,0.81074932,14.836333,1.0507638,0.35559655,0.14407067,1094.538,4.0801018
0,35.35931,0.4291141,-1.198742,0.01084473,0.04423489,0.04268398,0.001550915,0.882646,16.54547,0.3694561,0.07904671,0.1440707,183.1608,3.670218
2,25.8141679,0.231823167407181,-1.60727691259074,0.021723865234371,-337.380914818052,-794.969354163292,457.58843934524,-0.00023705871483642,3164.59298959171,-3717.34092402659,0,0.144070666666667,-24796706512.0864,-4815117.1445452
0,6.84895,0.93808,-0.833505,0.0179935,0.000486071,0.00025791,0.000228161,0.956967,37.8254,0.00488015,0.000437051,0.144071,3.54302,3.06738
2,9.1181105,0.6502267783,-1.485664114,0.01152681685,0.3240580191,-0.02156446846,0.3456224876,-0.05122118565,17.73084517,-0.2828321528,0,0.1440706667,-134834.637,-24.79214188
0,12.8342,0.376753,-0.657546,0.0183532,6.57572e-05,2.64001e-05,3.93572e-05,0.899734,15.1979,0.000200626,4.47051e-05,0.144071,0.157971,2.73095
0,7.46733,0.292241,-1.03602,0.0190134,0.00335122,0.00326037,9.08583e-05,0.87236,11.75,0.0192191,0.00557568,0.144071,16.2756,3.35071
2,14.4062957,0.62792240372527,-1.8264334807851,0.010091752982046,-3435.9975987147,-14424.031478049,10988.033879334,-1.1039646775638,87064.35228706,-182691.27660638,0,0.14407066666667,-2445514828.7934,-474878.06942683
0,35.238838,0.238183977,-1.61413308,0.0112306501,0.206657954,0.158233484,0.0484244704,1.22256454,7.6230397,0.76021442,0,0.144070667,12648.3895,6.72375489
0,17.0146426,0.247355992,-1.68511064,0.0244849168,0.117951385,0.0821719297,0.035779455,2.52122386,8.80177221,0.40998795,0,0.144070667,17623.0889,7.77778088
0,31.125408,0.95565012,-1.4762175,0.013462673,0.76769166,0.65165547,0.11603619,0.51757944,8.9560988,12.561518,0,0.14407067,5969.8832,5.2504036
0,5.31248,0.609252,-0.680049,0.0243624,5.91451e-05,2.65525e-05,3.25926e-05,0.93552,24.5769,0.000326308,4.4966e-05,0.144071,0.328032,2.79103
0,31.74839,0.6257226,-1.235604,0.0115782,0.06769473,0.06135153,0.006343194,0.8925985,23.53397,0.7743413,0.1188771,0.1440707,413.6333,3.793691
0,6.99989,0.741032,-0.966241,0.0226604,0.00120224,0.00112289,7.93532e-05,0.945626,29.8586,0.0167841,0.00190916,0.144071,15.5704,3.27852
0,5.03555,0.81608,-0.513402,0.015708,5.57016e-05,4.84295e-06,5.08587e-05,0.951055,32.9203,7.97201e-05,8.20072e-06,0.144071,0.050824,2.52851
0,74.1021257,0.999899936,-1.48511008,0.0123649065,0.489888145,0.314648619,0.175239526,0.592527671,20.5767662,6.34610921,2.74411856,0.144070667,13430.727,6.74973287
0,45.03915,0.9847218,-1.150277,0.01544224,0.01818249,0.01677353,0.001408957,0.9471947,39.00313,0.3331679,0.02978763,0.1440707,215.8956,3.636559
0,6.64327,0.802874,-0.905875,0.00915931,0.00142185,0.00128158,0.000140263,0.949405,32.3433,0.0207548,0.0021752,0.144071,7.73627,3.18069
0,46.53134,0.4592773,-1.207539,0.01778788,0.03044442,0.02918572,0.001258704,0.8967903,17.96399,0.2703775,0.05395812,0.1440707,219.1443,3.695219
0,5.82742,0.272733,-0.577765,0.0103316,7.93573e-05,1.68312e-05,6.25261e-05,0.866598,11.0017,9.25929e-05,2.85004e-05,0.144071,0.0426086,2.58381
0,6.93118,0.955391,-0.930991,0.0149628,0.0011901,0.00108263,0.000107473,0.957148,38.4963,0.0208635,0.00183848,0.144071,12.611,3.23186
0,5.9925,0.20707,-0.54271,0.011048,6.1239e-05,1.0032e-05,5.1208e-05,0.83145,8.353,4.19e-05,1.6989e-05,0.14407,0.021493,2.5136
0,4.97829,0.887153,-0.514962,0.0107879,8.19425e-05,7.19434e-06,7.47482e-05,0.954779,35.7864,0.00012874,1.21825e-05,0.144071,0.0561472,2.53519
0,0.7582314,0.2108299276,-1.950014491,0.01361338864,0.008462471143,0.008462388247,8.289603804e-08,-2.609606094,8.433281212,0.03598739217,0,0.1440706667,-490113.5357,-93.3835022
0,11.5183,0.73607,-0.989079,0.0102161,0.00354383,0.00333342,0.000210406,0.943769,29.5892,0.0494919,0.00567839,0.144071,20.7307,3.31706
0,6.43796,0.45076,-0.850051,0.0164651,0.000401853,0.000348519,5.33349e-05,0.914574,18.1772,0.00316881,0.000590727,0.144071,2.20341,3.05926
0,13.9407,0.728053,-1.10741,0.0106235,0.0150649,0.0143383,0.000726545,0.935728,28.9285,0.210565,0.0249655,0.144071,93.4588,3.52689
2,0.8288252,0.342994015872606,-1.967759002698618,0.02269278072569141,-508674000.775183,-508674000.775183,0,-7.51076473389969e-77,7038518407.368216,-3519259196.765612,0,0.1440706666666666,-1.785085255248564e+91,-3.466345903764685e+87
2,21.2591494,0.944141834,-1.68953598,0.0112826068,0.689669326,-0.495177072,1.1848464,0.631950536,11.8199901,-9.43024421,0,0.144070667,99941.0297,23.8561822
0,34.000617,0.74698319,-1.3212341,0.0099337192,0.1964473,0.14376431,0.052682991,0.81281937,24.214771,2.1661428,0.41620625,0.14407067,1403.9257,4.1344116
0,5.66,0.657134,-0.645225,0.0219508,5.50228e-05,1.8842e-05,3.61808e-05,0.939936,26.5085,0.00024975,3.19073e-05,0.144071,0.225147,2.73685
0,32.714571,0.59785446,-1.3306668,0.013380415,0.16199634,0.12079491,0.041201435,0.8257227,20.211407,1.4566971,0.34879518,0.14407067,1302.0861,4.1201993
1,0.25597,0.69277,-1.9554,0.019153,,,,,,,,,,
0,6.20952,0.769111,-0.745348,0.0210691,0.000111392,7.10194e-05,4.03728e-05,0.948187,31.0239,0.00110177,0.000120289,0.144071,0.945171,2.91082
1,0.3609,0.5807,-1.853,0.024927,,,,,,,,,,
0,37.1445,0.371678,-1.09596,0.014761,0.00923103,0.00898075,0.000250271,0.89274,14.8558,0.0673295,0.0155097,0.144071,43.4238,3.46634
0,15.50946,0.9090944,-1.139691,0.02464305,0.0099237,0.009261342,0.0006623578,0.9493965,36.31055,0.1698275,0.01629284,0.1440707,175.0305,3.607255
0,56.32063,0.8015723,-1.192948,0.0115831,0.04085137,0.03749754,0.003353832,0.9233893,31.01586,0.6062764,0.06870034,0.1440707,304.6631,3.714163
0,83.391141,0.82368878,-1.3999422,0.01946542,0.23399995,0.15341579,0.080584158,0.78992855,25.453477,2.5489329,0.58374826,0.14407067,4173.3617,4.8068778
0,33.923777,0.42041889,-1.3427899,0.018936982,0.12463542,0.096810911,0.027824513,0.82787672,14.846578,0.82097834,0.28797688,0.14407067,1114.7216,4.0879564
2,0.7973433,0.2157145092746,-1.940367935078,0.01056401039863,-0.8896052637807,-0.9078525460218,0.01824728224107,-0.009722240298476,16.44392978089,-3.950206904143,0,0.1440706666667,-226621727.9296,-44004.79857864
2,4.9191754,0.92561428,-1.6245815,0.01766095,2.6782578e-05,-5.6985396e-06,3.2481118e-05,10.519166,37.339937,-0.0001063944,0,0.14407067,8234.8801,5.8551206
0,48.00072,0.5077153,-1.318619,0.01617537,0.1182828,0.09354812,0.02473471,0.8458773,18.05946,0.9580331,0.2471601,0.1440707,972.8982,4.029254
0,6.1015,0.89082,-0.723554,0.0121431,0.000163257,9.31378e-05,7.01196e-05,0.954904,35.9314,0.00167356,0.000157747,0.144071,0.82157,2.8818
0,6.69833,0.325127,-0.963804,0.0176509,0.00146169,0.00139719,6.44923e-05,0.88477,13.097,0.00916295,0.00237548,0.144071,7.07453,3.2339
0,26.375228,0.96935575,-1.345075,0.01246837,0.097337699,0.030724141,0.066613558,-1.0130136,35.299103,0.60074217,0,0.14407067,-2230.4942,1.0276037
2,19.5592491,0.295394288,-1.62333165,0.0174399804,-0.00014243263,-0.00014396286,1.53022993e-06,2.30316811,11.9184317,-0.00085778358,0,0.144070667,11813.703,6.56736302
0,6.72816,0.858309,-0.668979,0.0245562,5.64035e-05,2.28515e-05,3.3552e-05,0.953349,34.6238,0.000395625,3.86981e-05,0.144071,0.393379,2.7893
0,6.48069,0.376306,-0.857417,0.0191087,0.000374101,0.000330086,4.40149e-05,0.899433,15.1752,0.00250549,0.000559517,0.144071,2.05611,3.06304
0,6.85515,0.309995,-0.992423,0.0249696,0.00147684,0.00142444,5.23976e-05,0.879849,12.4873,0.00890687,0.00242524,0.144071,9.79634,3.27977
0,6.38986,0.567726,-0.720625,0.0101529,0.000186331,0.000107283,7.90481e-05,0.931049,22.8988,0.00122856,0.000181705,0.144071,0.517173,2.85503
0,7.19788,0.249797,-1.03365,0.0158706,0.00388405,0.00378829,9.57583e-05,0.853793,10.0381,0.0190878,0.00647935,0.144071,13.7804,3.3393
0,5.25848,0.785654,-0.627215,0.0202102,5.61661e-05,1.62383e-05,3.99278e-05,0.949257,31.6929,0.000257334,2.74979e-05,0.144071,0.211488,2.71562
0,4.96442,0.720369,-0.565769,0.0162483,5.79701e-05,9.17372e-06,4.87963e-05,0.944913,29.0593,0.000133299,1.55343e-05,0.144071,0.0884769,2.60937
0,17.6788822,0.9235418886,-1.65648547,0.02111371882,0.3032819179,0.09540882995,0.2078730879,-0.4984489539,25.95785765,1.777339278,0,0.1440706667,-182006.7488,-33.79679364
0,0.7473042,0.452877573,-1.83944865,0.0218280976,0.130546077,0.0281322314,0.102413846,11.5072158,15.8848293,0.256986414,0,0.144070667,50594.3237,14.3887871
0,47.489482,0.26630593,-1.4694663,0.02365227,0.25630963,0.2563086,1.0268686e-06,0.69696005,7.9896576,1.3767947,1.1734189,0.14407067,3626.4652,4.7629862
2,15.248776,0.59130793,-1.587705,0.023214333,-2.7440765,-2.8100969,0.066020377,57.744076,89.312775,-33.516616,0,0.14407067,2234.3817,4.5860206
0,37.08,0.212253,-1.19856,0.0189006,0.0253819,0.0249671,0.000414874,0.819595,8.34532,0.106892,0.0452468,0.144071,99.2533,3.62226
0,6.75028,0.836255,-0.941935,0.0231954,0.000873306,0.000803637,6.96688e-05,0.951648,33.7066,0.0135558,0.00136496,0.144071,12.782,3.24353
2,14.4995186,0.401608017367,-1.5908404861,0.00913065924702,-0.724268789892,-0.768435616803,0.044166826911,-0.000442906549583,27.9358897193,-6.22493800654,0,0.144070666667,-94862104.7694,-18419.5225765
0,5.88643,0.308748,-0.537939,0.0194589,3.99794e-05,5.35879e-06,3.46206e-05,0.880316,12.4549,3.3373e-05,9.07264e-06,0.144071,0.0284703,2.52327
0,6.54623,0.567191,-0.934905,0.0208738,0.000877718,0.000816142,6.15758e-05,0.930546,22.8614,0.00933728,0.00138581,0.144071,8.10042,3.21215
0,44.9354163,0.6843659312,-1.738310936,0.014492243,0.9928179267,0.7196665233,0.2731514034,0.01234395033,0.1982866064,9.934473444,60.52368066,0.1440706667,160597.0196,35.70773777
0,5.55526,0.462911,-0.707691,0.0113318,0.000148894,8.14126e-05,6.74811e-05,0.916784,18.6719,0.000760176,0.000137881,0.144071,0.36271,2.82384
0,6.30025,0.663241,-0.816674,0.0134322,0.000346073,0.000278341,6.77321e-05,0.940268,26.7471,0.00372369,0.000471642,0.144071,2.0541,3.02225
2,15.9076063,0.817246368,-1.58419023,0.024638125,0.0793485433,-0.0788099544,0.158158498,2.5421276,30.353125,-1.29914984,0,0.144070667,16487.3289,7.45289132
0,20.9253,0.621884,-1.11028,0.0124931,0.0132161,0.0126646,0.000551566,0.928262,24.7564,0.158864,0.0220277,0.144071,83.6552,3.52217
2,6.3872405,0.65269153106,-1.39268593,0.023444950555,0.0059977855149,-0.011460575884,0.017458361399,-0.00074743784583,26.172818632,-0.15088274938,0,0.14407066667,-4131647.9562,-801.17726171
2,1.4352097,0.3965240625,-1.898191281,0.02453778841,-0.162514973,-0.1625150154,4.238068399e-08,9.309499937,18.59615975,-1.299834952,0,0.1440706667,155696.5611,34.9144363
0,46.470951,0.58952352,-1.3806098,0.024078003,0.1405953,0.096325275,0.044270022,0.84234346,20.438736,1.1454248,0.36814922,0.14407067,2451.5825,4.4258689
0,0.4297593,0.4373329268436352,-1.92233020270097,0.008518590535612925,0,0,0,-1.032591771347882e-35,17.64279316887768,0,0,0.1440706666666666,-1.815843661705673e+41,-3.526073738004222e+37
0,6.91915,0.540428,-0.959594,0.01123,0.00220865,0.0020799,0.000128751,0.92653,21.7537,0.0226728,0.00353712,0.144071,10.6302,3.2513
0,6.5495,0.20501,-0.91003,0.01757,0.00074573,0.0007051,4.0627e-05,0.82963,8.2641,0.0029157,0.0011961,0.14407,2.3862,3.1234
0,5.25136,0.830712,-0.638682,0.0105227,0.000113371,3.61358e-05,7.72354e-05,0.951838,33.5086,0.000605498,6.11946e-05,0.144071,0.258387,2.73738
0,6.42429,0.33797,-0.81472,0.0145329,0.000303108,0.000250899,5.22094e-05,0.889355,13.6302,0.00171042,0.000425117,0.144071,1.07925,2.98704
0,34.83794,0.2474623,-1.206421,0.02344381,0.02243671,0.02200097,0.0004357374,0.8412762,9.759084,0.1098187,0.04035647,0.1440707,125.0976,3.647031
0,6.22684,0.421934,-0.802725,0.0225066,0.000174438,0.000138893,3.55453e-05,0.909426,17.0186,0.00118209,0.000235306,0.144071,1.12963,2.97739
0,8.51715,0.24199,-1.05536,0.0109041,0.00741946,0.00725693,0.000162527,0.84769,9.68988,0.0354222,0.0124648,0.144071,17.7089,3.37467
2,15.6713804,0.884208639,-1.5971787,0.0247466562,-0.468616362,-0.682323026,0.213706665,3.76004404,52.3863672,-12.169422,0,0.144070667,22731.3438,8.69486779
0,44.826956,0.52952705,-1.4070002,0.013032764,0.32523908,0.23033211,0.094906968,0.70048826,14.41429,2.4601852,0.95460894,0.14407067,2918.0434,4.5517883
2,3.0363736,0.500729510934721,-1.50288987290974,0.0106564359466385,-0.0482569288430868,-0.0603912411638966,0.0121343123208098,-5.61851340438042e-07,21.1751305011944,-0.609961345157029,0,0.144070666666667,-18315521802.4159,-3556576.33153144
2,43.2182048,0.210152217,-1.59971322,0.0229383874,-0.125517345,-0.759184323,0.633666978,1.55322793,9.54204225,-3.21815071,0,0.144070667,10354.8678,6.25369006
2,20.5311913,0.9872830287,-1.659350183,0.01860559224,-43.70935909,-44.98230311,1.272944022,63.7606744,1780.718547,-895.794785,0,0.1440706667,101265.6984,24.08390214
0,6.201,0.545552,-0.774465,0.0105545,0.00028414,0.000206033,7.8107e-05,0.928389,22.0023,0.00226724,0.000349028,0.144071,0.995114,2.94259
1,0.25085,0.44415,-1.9991,0.0094042,,,,,,,,,,
0,5.84895,0.290403,-0.782889,0.0228929,0.000136325,0.000105852,3.0473e-05,0.873652,11.7138,0.000620045,0.000179305,0.144071,0.627319,2.92724
1,0.27843,0.78928,-1.9019,0.017169,,,,,,,,,,
0,45.849266,0.80065061,-1.3544351,0.0088431011,0.31320937,0.21490847,0.098300901,0.72928104,22.183117,3.4707373,0.71618594,0.14407067,2195.813,4.3443666
2,0.8047547,0.899963352666,-1.85479319736,0.0228163767088,0.0127918811099,-0.0169194187767,0.0297112998866,-0.0439453346127,35.8417089999,-0.30713933194,0,0.144070666667,-36405263.6796,-7067.8394411
0,3.2419009,0.8911756254,-1.63214204,0.0113231621,0.009154274261,0.001743402693,0.007410871568,-0.2356696434,35.62250909,0.03133907564,0,0.1440706667,-386421.8662,-73.55392102
0,1.1441251,0.458700465,-1.96310722,0.0201193186,0.195588861,0.00625102398,0.189337837,45.2485653,14.8854656,0.0578369677,0,0.144070667,59029.5926,16.1583612
2,21.2659975,0.445686297862237,-1.51019566268204,0.0234681176713105,-1983.43785644164,-2195.79106230352,212.353205861876,-0.000350986072118216,35679.7622535324,-19739.9235272361,0,0.144070666666667,-54262730412.1736,-10536940.9844581
0,4.92844,0.733746,-0.569954,0.0187096,5.09087e-05,8.40683e-06,4.25019e-05,0.945867,29.5991,0.000124424,1.42357e-05,0.144071,0.0950012,2.61721
1,0.49799,0.40773,-1.9882,0.023169,,,,,,,,,,
0,46.1931742,0.26036977,-1.74050861,0.0192698523,0.791312252,0.490670364,0.300641888,0.391293447,2.19201074,2.57694742,0,0.144070667,57610.0123,15.6588524
0,30.69657,0.2826093,-1.215476,0.01659872,0.03525146,0.03443873,0.0008127343,0.8488109,10.99907,0.1963174,0.06402966,0.1440707,156.9777,3.673942
0,33.4274421,0.6882977398,-1.773764941,0.01299365685,0.9850150047,0.7015318198,0.283483185,0.02958497717,0.4160908059,9.739774193,0,0.1440706667,221714.1406,47.62771531
0,15.52204,0.5980709,-1.169197,0.02324933,0.01480325,0.01411508,0.0006881697,0.9248904,23.77009,0.1702791,0.02522783,0.1440707,171.8178,3.635186
0,52.403911,0.20010689,-1.5073728,0.012403821,0.54313375,0.54313176,1.9951567e-06,0.45531819,3.6881304,2.1922617,3.6410736,0.14407067,4169.7837,4.9135695
0,40.000029,0.60773483,-1.3135255,0.016970077,0.10819116,0.083288195,0.024902969,0.86387448,21.864576,1.020993,0.22066566,0.14407067,1080.3048,4.0503974
0,6.82656,0.322507,-0.987547,0.0249998,0.00138871,0.00133677,5.19406e-05,0.883994,12.9925,0.00869605,0.00227526,0.144071,9.52898,3.27342
0,5.1727,0.826704,-0.60264,0.0161571,6.48594e-05,1.48137e-05,5.00457e-05,0.951647,33.3486,0.000247025,2.50853e-05,0.144071,0.161891,2.6773
0,28.37954,0.504773,-1.177711,0.011918,0.03152115,0.03029357,0.001227583,0.902996,19.72157,0.3084407,0.05490084,0.1440707,162.8828,3.63922
0,5.85099,0.437028,-0.719701,0.0213542,8.61366e-05,5.04095e-05,3.57272e-05,0.912333,17.629,0.000444372,8.53729e-05,0.144071,0.401526,2.84108
0,18.1815791,0.597737315,-1.6781762,0.021917152,0.667680585,0.594907187,0.0727733982,0.711377262,8.0134817,7.17273448,0,0.144070667,52018.9029,14.5055716
0,1.4750464,0.4169363251,-1.872273525,0.02312278582,0.001204022627,0.001192974708,1.104791979e-05,7.577116188,16.79970613,0.01003289208,0,0.1440706667,123879.3871,28.69839357
0,6.41806,0.953924,-0.776328,0.0157784,0.000198876,0.00014116,5.77157e-05,0.957731,38.4754,0.00271613,0.000239125,0.144071,1.72769,2.97295
0,6.38876,0.504454,-0.850895,0.0207246,0.000323806,0.000279913,4.38932e-05,0.922992,20.344,0.00284819,0.000474428,0.144071,2.47021,3.06603
0,6.96793,0.605277,-0.947383,0.024252,0.000882863,0.000824216,5.86463e-05,0.934595,24.3964,0.0100628,0.00140013,0.144071,10.1031,3.23637
0,14.8168133,0.281676964,-1.76656095,0.0156381897,0.39502932,0.312287758,0.0827415617,-2.46087314,6.87449538,1.77431801,0,0.144070667,-40145.8845,-6.06197444
0,5.09125,0.84878,-0.607329,0.0191452,5.55419e-05,1.32779e-05,4.2264e-05,0.952851,34.2394,0.000227326,2.24844e-05,0.144071,0.176311,2.68638
0,80.579704,0.88012305,-1.4192565,0.02482155,0.21169306,0.13766144,0.074031616,0.80880565,27.989421,2.4438856,0.58668422,0.14407067,5744.0786,5.1476139
1,0.087714,0.82569,-1.9157,0.017075,,,,,,,,,,
0,5.91345,0.685933,-0.716549,0.00908982,0.000203942,0.000113717,9.02254e-05,0.942215,27.6661,0.00157337,0.000192602,0.144071,0.585939,2.85738
0,4.98625,0.88992,-0.612331,0.0136693,7.92911e-05,1.98306e-05,5.94605e-05,0.954915,35.8981,0.000355969,3.35811e-05,0.144071,0.196691,2.697
2,19.5860995,0.994749132198,-1.59273948417,0.0158745049918,-248.315731414,-248.345557546,0.0298261327956,-0.817009247269,10005.0305191,-4983.04873991,0,0.144070666667,-18872405.3,-3663.47114048
0,22.2655319,0.882904571,-1.62524026,0.0101004607,0.734560991,0.51029933,0.224261661,0.520420792,9.4543936,9.08790824,0,0.144070667,42502.9087,12.594403
0,52.82451,0.8879098,-1.181737,0.02425236,0.01720126,0.01570955,0.001491705,0.9435961,35.20373,0.2813571,0.02841127,0.1440707,293.0113,3.698686
0,27.394789,0.29026847,-1.6251494,0.011065029,0.71272011,0.44107544,0.27164467,1.2129326,3.364033,2.5824856,0,0.14407067,6481.2159,5.5028507
0,38.393842,0.435384984,-1.71847775,0.0104674534,0.995268239,0.660456431,0.334811808,0.00808780004,0.0831096452,5.80019762,0,0.144070667,79630.7784,19.9295297
1,0.24992,0.89261,-1.9898,0.010069,,,,,,,,,,
0,6.1547,0.628068,-0.718455,0.008469,0.000220845,0.000125077,9.57678e-05,0.937225,25.3318,0.00158457,0.000211846,0.144071,0.552727,2.85629
0,32.655354,0.8884244222,-1.803493936,0.01125074819,0.9975830363,0.7344898683,0.2630931681,0.005262727422,0.08662550439,13.1622904,0,0.1440706667,380148.2536,78.45048218
1,0.20384,0.91718,-1.8483,0.017289,,,,,,,,,,
0,38.1647,0.993085,-1.04054,0.0232428,0.00302162,0.00282801,0.000193613,0.957484,39.9418,0.056649,0.00483391,0.144071,53.422,3.42351
0,24.3505,0.881339,-1.02977,0.0213846,0.00284807,0.00267894,0.00016913,0.952696,35.4535,0.0476245,0.004575,0.144071,41.4988,3.39745
0,32.4413,0.398513,-1.11874,0.0106185,0.0170553,0.0165768,0.000478485,0.893937,15.8025,0.133251,0.0288893,0.144071,61.8101,3.51083
0,6.52415,0.526543,-0.880323,0.0216638,0.000436632,0.000390621,4.60109e-05,0.925903,21.2324,0.00414873,0.000662352,0.144071,3.75055,3.11716
0,21.1421,0.811725,-1.01805,0.0128157,0.00408168,0.00384731,0.000234366,0.948193,32.6128,0.0629929,0.00656756,0.144071,32.9971,3.3723
2,12.4366146,0.6180769048897812,-1.512964317606987,0.01756314893959661,-62.13501085924977,-62.23550655861545,0.1004956993656805,-1.580825597026375e-06,1574.229119909066,-775.9002919575034,0,0.1440706666666666,-550805600980.9414,-106957509.2713334
0,6.34839,0.287653,-0.633644,0.0193098,5.27395e-05,1.84592e-05,3.42803e-05,0.87265,11.6038,0.000107104,3.12579e-05,0.144071,0.091482,2.67896
0,20.39212,0.6574062,-1.160698,0.01758398,0.0176589,0.01677723,0.0008816648,0.9285647,26.05261,0.222474,0.02990631,0.1440707,168.1731,3.624877
0,0.7554314,0.737212875657,-1.88236533792,0.0202208781601,0.00150675924508,0.00150670090578,5.8339303968e-08,-0.0421599967534,29.695675386,0.022405009456,0,0.144070666667,-44801296.0114,-8698.19577029
0,39.54667,0.9611406,-1.141345,0.01261157,0.01977787,0.01836551,0.001412356,0.9451973,38.00726,0.3560534,0.03251995,0.1440707,187.9751,3.615089
2,19.8850319,0.3218493923,-1.857788219,0.01931011458,-0.8640564742,-1.257356622,0.3933001474,4.543005699,24.20287319,-8.162747022,0,0.1440706667,247126.5771,52.651997
0,6.98919,0.914545,-0.95004,0.0143171,0.0015694,0.00144396,0.00012544,0.955105,36.8365,0.0266369,0.00245404,0.144071,15.4454,3.26188
0,6.51876,0.304205,-0.630262,0.0221202,4.59319e-05,1.54288e-05,3.05031e-05,0.878742,12.2716,9.46726e-05,2.61263e-05,0.144071,0.0919908,2.67587
0,0.8109298,0.623136373,-1.936750767,0.02291523733,0.4790919027,0.1321741197,0.3469177831,-9.14184722,13.09481528,1.661325377,0,0.1440706667,-183210.148,-33.75054756
2,4.3752696,0.5802924212,-1.449366782,0.02494990684,-0.1309837375,-0.1692788326,0.03829509511,-0.02260774454,26.47636898,-1.981411705,0,0.1440706667,-286180.5724,-54.25603312
0,6.06138,0.257501,-0.587248,0.0153864,5.403e-05,1.27657e-05,4.12643e-05,0.859831,10.3875,6.63054e-05,2.16162e-05,0.144071,0.0457985,2.59701
0,34.831063,0.64073265,-1.3533964,0.018919877,0.15519921,0.10872129,0.046477921,0.8349334,21.836666,1.4051304,0.33030703,0.14407067,1862.979,4.2702509
0,47.85113,0.9952805,-1.149611,0.01709474,0.0163232,0.01504485,0.001278341,0.9488351,39.496,0.302036,0.02667877,0.1440707,216.3855,3.636104
2,14.8828264,0.793662166,-1.54759746,0.0152510859,-0.309410273,-0.310380947,0.000970674324,3.25307419,41.9243741,-4.96885018,0,0.144070667,11122.0818,6.35422742
0,36.58647,0.3973635,-1.336562,0.02043251,0.1065671,0.08535648,0.02121063,0.8356567,14.32205,0.6841474,0.2463809,0.1440707,983.4297,4.049795
0,7.2279219,0.8332963475,-1.795629142,0.01555507386,0.1843533605,0.03485876696,0.1494945935,4.734927039,27.41932098,0.58591777,0,0.1440706667,120889.3868,28.03988424
0,44.982874,0.59090968,-1.3789469,0.017052311,0.18439514,0.12653356,0.057861583,0.80994955,19.442678,1.5081758,0.5088441,0.14407067,2374.1242,4.4075153
0,5.16407,0.601906,-0.563586,0.0247213,3.72795e-05,5.86291e-06,3.14166e-05,0.934798,24.2811,7.11815e-05,9.92779e-06,0.144071,0.0726625,2.59707
0,38.2139488,0.377699583,-1.61096611,0.0171865538,0.13450425,0.066755132,0.0677491179,1.51779038,13.1876257,0.508576553,0,0.144070667,16922.5924,7.56552722
2,1.1496898,0.94382824071,-1.8564879442,0.0092028403863,-0.075354896719,-0.075354896719,-8.3266726847e-17,-0.93885729399,40.944912854,-1.4345960058,0,0.14407066667,-1989494.1522,-384.70440113
0,74.942203,0.43114792,-1.4687596,0.023683277,0.28290164,0.19269847,0.090203164,0.71850583,12.472692,1.6758291,1.1612927,0.14407067,5441.9021,5.1356625
0,39.20078,0.4400483,-1.247632,0.02102289,0.0419343,0.03938219,0.002552104,0.8860071,17.00791,0.349563,0.07640861,0.1440707,351.468,3.785279
0,5.98353,0.602235,-0.724021,0.0171069,0.000113972,6.65128e-05,4.74593e-05,0.934783,24.2925,0.000807972,0.000112649,0.144071,0.570816,2.86351
0,5.37829,0.620226,-0.689363,0.0175032,8.72741e-05,4.16534e-05,4.56208e-05,0.93657,25.0189,0.000521105,7.05409e-05,0.144071,0.375945,2.80736
1,0.27308,0.9144,-1.9765,0.02238,,,,,,,,,,
0,59.68237,0.2201493,-1.269793,0.01395725,0.07754069,0.07576376,0.001776933,0.7923168,8.192561,0.3364372,0.1529886,0.1440707,251.6618,3.770896
2,20.827182,0.30875014,-1.5395196,0.012179214,0.73572871,-0.16000128,0.89573,0.54957491,3.2916399,-0.99645067,0,0.14407067,4659.4731,5.0465115
0,59.41307,0.6012294,-1.278683,0.01055728,0.1214647,0.1020946,0.01937005,0.8543539,21.30859,1.238136,0.2267247,0.1440707,680.4638,3.914162
0,29.1171776,0.4414951581,-1.789319419,0.02460394486,0.9050159493,0.6274096884,0.2776062609,0.1546603733,1.691732909,5.587304446,0,0.1440706667,210571.247,45.47685113
0,31.749331,0.57613702,-1.4888834,0.014308674,0.70577698,0.13695653,0.56882044,0.57805647,6.8384488,1.5915992,0,0.14407067,4802.5027,5.0252029
0,6.30644,0.889237,-0.872741,0.014543,0.000607019,0.000527872,7.91478e-05,0.954539,35.8516,0.00946828,0.000895097,0.144071,5.57285,3.13028
0,6.7901,0.819994,-0.928202,0.0164359,0.00104031,0.000951064,8.92495e-05,0.950639,33.0456,0.0157306,0.0016148,0.144071,10.5159,3.21933
0,42.59408,0.6851064,-1.154929,0.008842292,0.03249347,0.03084952,0.001643949,0.9211418,26.74035,0.426316,0.05522424,0.1440707,161.5744,3.61577
2,9.9519221,0.3290983,-1.5988402,0.012384836,-0.098258021,-0.12550225,0.027244225,3.5873796,14.580929,-0.83310991,0,0.14407067,6774.4793,5.5357624
0,6.06796,0.916103,-0.708826,0.00959978,0.000185588,9.75097e-05,8.80784e-05,0.956077,36.9504,0.00180184,0.000165149,0.144071,0.698395,2.8587
0,48.82955,0.2977888,-1.270304,0.0086468,0.1250257,0.1205022,0.004523496,0.7967301,10.51136,0.7238166,0.248574,0.1440707,323.2183,3.79816
0,40.2910963,0.9923598279,-1.737536122,0.02060197654,0.9718881551,0.6867951198,0.2850930353,0.04572613193,1.125417564,13.74743092,0,0.1440706667,243626.8954,51.85143065
0,6.5846,0.21813,-0.88808,0.015866,0.00063346,0.00058918,4.4275e-05,0.83827,8.7942,0.0025923,0.00099918,0.14407,1.8956,3.0895
0,25.2804259,0.7791273746,-1.779173601,0.01115164558,0.9873036332,0.7030876685,0.2842159646,0.02635561968,0.3990644964,11.04951243,0,0.1440706667,255869.3632,54.27287595
0,48.23863,0.27516893,-1.3934583,0.023646648,0.15200834,0.11337918,0.03862916,0.77027382,9.4133918,0.62930019,0.44212941,0.14407067,1456.3217,4.2186929
0,5.99427,0.60608,-0.772259,0.0248155,0.00011902,8.51884e-05,3.38316e-05,0.935166,24.4474,0.00104144,0.0001443,0.144071,1.06702,2.94399
0,7.23944,0.512044,-0.976978,0.011218,0.00274071,0.00260044,0.00014027,0.922502,20.6002,0.0268583,0.00442684,0.144071,12.6401,3.27797
1,0.24854,0.87758,-1.9817,0.015148,,,,,,,,,,
0,6.42807,0.666509,-0.870039,0.0205442,0.000411644,0.000360988,5.06555e-05,0.9405,26.8771,0.00485315,0.000612018,0.144071,4.09556,3.11147
0,35.357711,0.53665767,-1.3583752,0.018610247,0.16247764,0.11623605,0.046241592,0.81975862,18.132134,1.2582396,0.35797939,0.14407067,1679.6176,4.2343002
0,47.99631,0.3409793,-1.303161,0.01558744,0.1033992,0.09306514,0.01033408,0.8241477,12.33339,0.6400888,0.2102945,0.1440707,559.1358,3.90499
0,23.4689437,0.2830319954,-1.861563532,0.02351942442,0.9958391358,0.7483228737,0.2475162621,0.00723936184,0.04750881957,4.272181784,0,0.1440706667,319543.618,66.73119149
0,42.27366,0.7791495,-1.258183,0.02496889,0.04370956,0.03581876,0.007890802,0.9201095,30.05839,0.5629327,0.0736702,0.1440707,684.9434,3.894869
0,6.6093,0.22543,-0.98203,0.023767,0.0013529,0.0013103,4.2567e-05,0.84224,9.0821,0.0059584,0.0022296,0.14407,6.5132,3.2478
0,16.242845,0.88782094,-1.4501516,0.024722806,0.19891636,0.19808141,0.00083494088,1.953534,28.691841,3.5472703,0,0.14407067,3625.3868,4.7434467
0,6.58,0.2318,-0.93,0.02022,0.0008317,0.0007912,4.0498e-05,0.84621,9.3436,0.0036994,0.0013432,0.14407,3.4182,3.162
0,6.91994,0.780076,-0.959233,0.023315,0.00107315,0.000997775,7.53759e-05,0.948254,31.4359,0.0156998,0.00169583,0.144071,14.9402,3.26926
0,27.8780553,0.75538453029,-1.6616254342,0.0094470641176,0.7178949419,0.50219143076,0.21570351114,-0.0044437404082,8.5967466041,7.6517814075,0,0.14407066667,-7222670.3511,-1401.1634135
0,50.166217,0.33650698,-1.466333,0.015033327,0.36105019,0.36104819,1.9994327e-06,0.64270196,8.6739314,2.4506677,1.7733376,0.14407067,4101.0043,4.8583193
2,1.7971815,0.866768020457,-1.79993974592,0.0196953068172,-11.582287018,-12.7788859227,1.1965989047,-0.102647924288,439.96449807,-223.419483391,0,0.144070666667,-94571157.094,-18362.816002
0,50.75126,0.7838307,-1.235917,0.02000562,0.04112108,0.03543782,0.005683257,0.9221171,30.32084,0.560292,0.06907657,0.1440707,517.9348,3.825812
0,16.1368843,0.554673003,-1.68152199,0.0200569443,0.0201710523,0.0195799977,0.000591054586,2.28611101,21.9251443,0.219065928,0,0.144070667,46232.7094,13.3792735
0,35.0168,0.921945,-1.03294,0.0101325,0.00626138,0.00587921,0.000382177,0.952383,36.96,0.109332,0.0100568,0.144071,45.0747,3.40556
0,5.5904918,0.9867286481,-1.612039785,0.009082325503,0.1361414119,0.1356785621,0.0004628497278,-0.5065796859,34.38710057,2.700437563,0,0.1440706667,-134044.5874,-24.51204943
0,0.428061,0.5451985232933007,-1.881542949196509,0.01474209090759738,0,0,0,-1.06920218375539e-45,21.99428442734287,0,0,0.1440706666666666,-1.294673587347986e+51,-2.514046022743671e+47
0,6.65556,0.351889,-0.956174,0.0189959,0.00123761,0.00117754,6.0071e-05,0.892674,14.1783,0.00835805,0.00200121,0.144071,6.88207,3.22481
0,21.019,0.317987,-1.13143,0.0233191,0.00908094,0.00887248,0.000208463,0.877758,12.7117,0.0569087,0.0154854,0.144071,59.6075,3.52124
1,0.19705,0.48601,-1.857,0.014886,,,,,,,,,,
1,0.47867,0.25178,-1.9922,0.018066,,,,,,,,,,
0,14.0723065,0.556142788,-1.76509885,0.0230420331,0.129878423,0.0885626418,0.0413157814,-9.1106311,19.5218699,0.993486667,0,0.144070667,-30220.8122,-4.12155648
0,8.0819,0.22139,-0.6418,0.020109,0.0002521,1.9683e-05,0.00023241,0.84059,8.9291,8.7897e-05,3.3331e-05,0.14407,0.081152,2.681
2,1.1722527,0.622038729645418,-1.945464777847735,0.02132146137369714,-24.27888190307151,-24.27888216264453,2.595730208554414e-07,-1.257513499330779e-07,634.3522036700116,-304.6290271376036,0,0.1440706666666666,-721626614696693.4,-140128178894.2158
0,6.20569,0.476165,-0.66649,0.0130352,9.99913e-05,4.1694e-05,5.82974e-05,0.918941,19.2074,0.000400457,7.06071e-05,0.144071,0.219273,2.75675
0,22.1543914,0.90777053772,-1.6639884504,0.01183539889,0.44330616328,0.34160114164,0.10170502164,-0.01345502946,20.386734292,6.2549028293,0,0.14407066667,-5831191.6536,-1130.9474707
0,4.71179,0.863056,-0.549962,0.0212781,4.35246e-05,5.71801e-06,3.78066e-05,0.953602,34.8157,9.95427e-05,9.6825e-06,0.144071,0.0857367,2.59195
2,14.903557,0.432131069,-1.62533171,0.0248606761,0.257493828,-0.0123434873,0.269837315,2.07703245,12.9440662,-0.107591643,0,0.144070667,14597.4575,7.12079489
0,6.562,0.307142,-0.940176,0.0183604,0.00104652,0.000992613,5.39058e-05,0.879142,12.3777,0.00614956,0.00168587,0.144071,4.96735,3.19169
0,0.4650787,0.4520713787137155,-1.890010046600364,0.01825385065546346,0,0,0,-2.083528195660479e-20,18.23736870164166,0,0,0.1440706666666666,-6.141950732302176e+25,-1.192667168105403e+22
0,0.4892079,0.9869753159194898,-1.887322604798674,0.02172153605134661,0,0,0,-5.455045737377055e-37,39.81635109716115,0,0,0.1440706666666666,-4.94783085768446e+42,-9.607884651798808e+38
0,1.08958,0.408325541,-1.85243916,0.00836303516,0.00196287364,0.00196280078,7.2860829e-08,9.7152897,16.4402497,0.0161661997,0,0.144070667,73283.9768,18.8267775
0,6.44604,0.260306,-0.874289,0.0242483,0.000353933,0.000323008,3.09252e-05,0.860948,10.4975,0.00169599,0.000547621,0.144071,1.84547,3.07432
0,3.8214128,0.55318998032,-1.8369249262,0.012712197978,0.0048075711956,0.0047220067226,8.5564472979e-05,-0.23975867791,22.20938511,0.052689742587,0,0.14407066667,-3286799.8964,-636.66548431
0,41.8852007,0.7592459185,-1.863426596,0.01617375468,0.7620063567,0.1091170076,0.6528893491,1.444388004,7.289588106,1.671090938,0,0.1440706667,251691.361,53.54498278
0,25.2459,0.375848,-1.11144,0.0170843,0.00968764,0.00942729,0.00026035,0.893461,15.0155,0.07147,0.0163498,0.144071,53.507,3.49451
0,5.03561,0.742732,-0.599368,0.0154546,6.64967e-05,1.48498e-05,5.16469e-05,0.946477,29.9611,0.000222473,2.51463e-05,0.144071,0.140222,2.66664
0,20.80947,0.896216,-1.137376,0.01413239,0.01671564,0.0156342,0.001081437,0.9443446,35.55061,0.282627,0.02757782,0.1440707,167.2359,3.601085
0,56.77653,0.36802497,-1.4122628,0.015871115,0.24810862,0.17158877,0.076519854,0.73134726,11.163171,1.2737709,0.83871,0.14407067,2315.9037,4.42825
2,0.7870855,0.759105058,-1.82705452,0.0238599846,0.00539781431,-0.000490356263,0.00588817057,23.2360475,30.4583561,-0.00750825099,0,0.144070667,40972.6197,12.4971758
0,11.0927,0.662562,-1.00279,0.0160295,0.0026732,0.00253219,0.000141002,0.938711,26.6575,0.0338414,0.0043159,0.144071,22.3932,3.33506
0,6.61228,0.998967,-0.840117,0.0165227,0.000369945,0.00030572,6.4225e-05,0.959443,40.2852,0.00616029,0.000518144,0.144071,4.09729,3.08157
0,44.04032,0.9420174,-1.219597,0.02101094,0.03298168,0.02816328,0.004818403,0.9355431,36.74928,0.5351399,0.05333329,0.1440707,501.7256,3.804711
0,36.016353,0.95745013,-1.4292765,0.017066605,0.29293715,0.089772737,0.20316441,1.4767875,27.310481,1.7337473,0,0.14407067,3491.2246,4.694582
2,1.0597978,0.898897401396136,-1.7970503435281,0.0117342120891867,-1.35161794787977e-05,-6.30408785220137e-05,4.9524699043216e-05,-5.86312805827679e-05,36.2636204898835,-0.00114302979763968,0,0.144070666666667,-13149663743.3967,-2553450.21054647
0,6.97224,0.769806,-0.942286,0.00874174,0.00231795,0.0021405,0.000177447,0.946802,30.9834,0.033237,0.00363816,0.144071,11.8628,3.23987
1,283.6037,0.6936377,-1.283626,0.01074544,,,,,,,,,,
0,6.6019,0.560107,-0.929705,0.0125561,0.00136806,0.00126901,9.90536e-05,0.929422,22.5648,0.0143371,0.00215497,0.144071,7.48779,3.20279
0,20.3938,0.957435,-1.07906,0.0139862,0.00813836,0.00764173,0.000496622,0.952697,38.3103,0.14758,0.0131748,0.144071,84.4585,3.49159
0,6.59983,0.26795,-0.954742,0.0241727,0.000949259,0.000908664,4.05946e-05,0.864007,10.7993,0.00491115,0.00154397,0.144071,5.31719,3.20982
0,46.474814,0.65154874,-1.3635069,0.017614481,0.17078377,0.11835714,0.05242663,0.82594617,21.795652,1.5554876,0.40398684,0.14407067,2140.388,4.3413622
0,32.66565,0.27718,-1.245824,0.02474982,0.03378658,0.03286826,0.0009183181,0.8475457,10.80414,0.1837655,0.06341263,0.1440707,228.0406,3.737276
0,29.702643,0.6995798,-1.3271494,0.017953694,0.1238078,0.089602586,0.034205214,0.8606215,24.72816,1.2643956,0.24846486,0.14407067,1460.9514,4.1534462
2,33.59906,0.7122327,-1.550442,0.01364975,-2.960121,-3.988197,1.028076,-149.8875,113.7851,-57.29592,0,0.1440707,-679.5157,1.595218
0,35.0696,0.61726,-1.06283,0.0164579,0.00553643,0.00529969,0.000236735,0.932778,24.7635,0.0659848,0.00908937,0.144071,45.2669,3.4357
0,6.4548,0.652338,-0.888852,0.0234294,0.000450034,0.00040293,4.71034e-05,0.939267,26.3046,0.00530185,0.00068334,0.144071,5.11068,3.14185
0,42.212938,0.98374873,-1.3390557,0.024785364,0.10445775,0.070438668,0.034019086,0.88891536,35.540655,1.397721,0.20972097,0.14407067,2368.8606,4.3664879
0,6.16181,0.507235,-0.734296,0.0146349,0.000142596,8.87138e-05,5.38819e-05,0.923496,20.4599,0.000907665,0.000150255,0.144071,0.555293,2.87237
0,52.2282,0.59505,-1.08125,0.0162408,0.00706867,0.00678145,0.000287216,0.929577,23.8357,0.0813957,0.0116699,0.144071,55.3928,3.46646
2,41.1495111,0.4849698949,-1.580041859,0.008793867496,-604.1828403,-615.1694227,10.98658243,-19.07676195,11840.1322,-6017.757614,0,0.1440706667,-812558.5894,-156.3930485
0,2.4287965,0.414516314,-1.75654789,0.0108041016,0.14977918,0.00284846806,0.146930712,11.6632454,14.2176733,0.0238165117,0,0.144070667,15404.2741,7.41144602
0,33.551389,0.81336164,-1.327654,0.023402734,0.097975611,0.069025803,0.028949808,0.88557361,29.597643,1.1324534,0.1918522,0.14407067,1710.4216,4.2104944
1,0.326,0.52246,-1.9343,0.019513,,,,,,,,,,
0,4.86658,0.658707,-0.501006,0.017767,4.76837e-05,3.65148e-06,4.40322e-05,0.940075,26.5722,4.85162e-05,6.18311e-06,0.144071,0.0353934,2.49752
0,24.4347,0.98053,-1.02491,0.0231027,0.00249236,0.00233076,0.000161603,0.957332,39.4577,0.0460981,0.00397838,0.144071,43.1793,3.39495
2,7.3058628,0.78196404,-1.5847894,0.010013104,0.016364438,-0.23252193,0.24888637,20.735159,31.0296,-3.6675486,0,0.14407067,2082.3577,4.5499638
1,0.24413,0.56015,-1.9058,0.01579,,,,,,,,,,
1,0.31266,0.51261,-1.9245,0.01559,,,,,,,,,,
0,6.49388,0.995462,-0.750239,0.0148677,0.000166674,0.000107162,5.95115e-05,0.95944,40.152,0.00215176,0.000181515,0.144071,1.28731,2.93165
0,4.95491,0.959503,-0.61694,0.0202638,5.45572e-05,1.41931e-05,4.03641e-05,0.95806,38.706,0.000274693,2.40343e-05,0.144071,0.224273,2.70836
2,16.6936752,0.2940252928,-1.805222189,0.01206098029,0.131015818,-0.2251466895,0.3561625075,1.652424807,10.30746167,-1.335289479,0,0.1440706667,147295.3673,33.18724155
0,5.37302,0.346449,-0.676104,0.00954982,0.000138432,6.43893e-05,7.40422e-05,0.891869,13.9744,0.000449964,0.000109043,0.144071,0.18598,2.7579
0,27.3902885,0.5670047661,-1.737266845,0.02227814653,0.9620365831,0.7488635893,0.2131729938,0.06931726545,0.868374717,8.564748115,0,0.1440706667,123577.5585,28.50465133
0,6.34891,0.380657,-0.613067,0.018116,5.47403e-05,1.51057e-05,3.96347e-05,0.900666,15.3555,0.000115984,2.55791e-05,0.144071,0.0900507,2.65757
0,6.51376,0.355317,-0.787604,0.0123792,0.000268889,0.000207954,6.09352e-05,0.894199,14.3303,0.00149042,0.000352294,0.144071,0.796626,2.94426
0,5.9859,0.452271,-0.671951,0.0139511,9.60099e-05,4.17871e-05,5.42228e-05,0.915028,18.2437,0.000381212,7.07655e-05,0.144071,0.224359,2.76339
0,48.50307,0.4364618,-1.289811,0.008487844,0.1593923,0.1415863,0.01780605,0.8071889,14.80113,1.246501,0.3253356,0.1440707,577.1463,3.896766
0,12.38476,0.821318,-1.116617,0.01862187,0.009743697,0.009204407,0.0005392894,0.9450497,32.81059,0.1524868,0.01603068,0.1440707,118.1332,3.552932
0,26.2375,0.885339,-1.04058,0.0236921,0.00294796,0.00277536,0.000172607,0.952827,35.6109,0.0495625,0.00474454,0.144071,47.8854,3.41685
2,33.7939765,0.312593371,-1.62038793,0.0109580178,-0.0128677551,-0.0235978006,0.0107300455,2.05293735,12.772846,-0.148790931,0,0.144070667,13676.7582,6.93371871
0,44.22539,0.6202634,-1.224097,0.0113759,0.05962482,0.05496941,0.004655411,0.897555,23.53057,0.6877371,0.1043657,0.1440707,354.7745,3.762867
0,17.0624213,0.3950143408,-1.79343797,0.01732338727,0.1862981565,0.1029603261,0.08333783035,-0.4012171601,12.96681542,0.8203665477,0,0.1440706667,-655956.8382,-125.7591328
0,4.7406,0.916284,-0.541744,0.0150912,6.07018e-05,7.25453e-06,5.34473e-05,0.956166,36.9623,0.00013408,1.22844e-05,0.144071,0.0816851,2.58124
1,0.28615,0.66233,-1.8667,0.011172,,,,,,,,,,
0,6.64556,0.554853,-0.939505,0.0170518,0.00113609,0.00105962,7.64699e-05,0.928957,22.3583,0.0118592,0.00179969,0.144071,8.41879,3.2188
0,15.7496,0.80476,-1.10146,0.0218217,0.0068686,0.00650469,0.000363907,0.945976,32.2425,0.105589,0.0112605,0.144071,95.4622,3.52243
0,6.75875,0.763602,-0.920706,0.0143647,0.00108317,0.000988488,9.46792e-05,0.947204,30.7717,0.0152252,0.00167802,0.144071,8.92566,3.2031
0,0.337671,0.274335,-1.07134,0.0234837,0,0,0,9.00723,11.0672,0,0,0.144071,2.33708,3.2836
0,8.35148,0.276844,-0.650583,0.0190122,5.77398e-05,2.33051e-05,3.44347e-05,0.868331,11.1677,0.00013014,3.94637e-05,0.144071,0.109988,2.70537
0,42.086664,0.545607956,-1.63950491,0.0235547332,0.588159354,0.444101466,0.144057887,0.544046634,9.06494278,4.88751465,0,0.144070667,46821.2657,13.4521945
2,1.45557,0.619576,-1.42916,0.00899546,6.53729e-05,-1.62558e-06,6.69985e-05,53.111,24.9932,-2.03155e-05,0,0.144071,88.71,3.84505
0,24.3434898,0.380650143,-1.67828857,0.0119061458,0.537441948,0.379092806,0.158349143,0.814436151,7.10309149,2.91069507,0,0.144070667,40332.6828,12.2233357
0,5.14353,0.594253,-0.588859,0.021132,4.62562e-05,9.48896e-06,3.67672e-05,0.934009,23.9721,0.000113741,1.60681e-05,0.144071,0.0993341,2.63841
0,44.0688,0.450693,-1.287231,0.02200025,0.06380055,0.05571724,0.008083313,0.8736222,17.02176,0.5065188,0.1214257,0.1440707,593.2755,3.898735
0,26.4547,0.95536,-1.03094,0.0195046,0.0031814,0.00298116,0.000200237,0.955848,38.4183,0.0574483,0.00509232,0.144071,45.5031,3.40413
0,5.7795,0.23583,-0.68204,0.019301,6.6353e-05,3.4384e-05,3.1969e-05,0.84889,9.513,0.00016356,5.8225e-05,0.14407,0.14355,2.7505
0,56.945398,0.92879328,-1.5029657,0.016513995,0.30048017,0.21885437,0.081625803,1.4439231,26.210437,4.1001472,0,0.14407067,8830.1446,5.8526816
0,54.52561,0.9471706,-1.194162,0.01333996,0.03694172,0.03297528,0.003966438,0.9331448,36.79899,0.6300018,0.06058971,0.1440707,363.3102,3.735811
0,6.24163,0.554519,-0.766543,0.0184881,0.000150651,0.000106251,4.43993e-05,0.929548,22.3669,0.00118844,0.000179977,0.144071,0.912598,2.93021
0,1.4345741,0.4767358707058,-1.825764118062,0.02279817650581,0.3452446144331,0.3445692311479,0.0006753832852722,-0.0005730320748864,12.5925033754,3.313442929936,0,0.1440706666667,-675591606.8208,-131187.6344513
0,12.6456,0.891626,-0.991231,0.0150496,0.00249265,0.00232737,0.000165287,0.953428,35.8801,0.0418574,0.00396271,0.144071,25.5812,3.33096
0,6.79533,0.763046,-0.959379,0.0132981,0.00188242,0.00175184,0.000130588,0.946651,30.7247,0.0269631,0.0029788,0.144071,14.6544,3.26836
0,4.99116,0.56609,-0.547741,0.0201964,4.39678e-05,5.85486e-06,3.8113e-05,0.930955,22.8361,6.6854e-05,9.91415e-06,0.144071,0.0559834,2.56782
1,0.33239,0.82892,-1.9318,0.018361,,,,,,,,,,
0,49.69919,0.6616446,-1.250402,0.02299976,0.04167984,0.03618062,0.005499221,0.9130833,25.57941,0.4828653,0.07237133,0.1440707,531.5049,3.844261
0,19.85403,0.965832,-1.142354,0.02357282,0.0107857,0.01000228,0.0007834207,0.9513023,38.54315,0.1948614,0.01762536,0.1440707,191.8737,3.61791
0,6.4892,0.22477,-0.93572,0.023437,0.00076962,0.00073462,3.5008e-05,0.8422,9.0607,0.0033306,0.0012473,0.14407,3.5847,3.1702
2,0.7547992,0.493331438496,-1.91791287808,0.0184579741266,0.0332126370864,0.0332126370864,-2.77555756156e-17,-0.0999276934878,19.240879678,0.330496848884,0,0.144070666667,-19334681.6626,-3752.91377887
0,6.08487,0.468497,-0.753808,0.0247121,9.92663e-05,6.75006e-05,3.17657e-05,0.917725,18.8981,0.00063788,0.000114329,0.144071,0.663146,2.90102
0,5.32541,0.764004,-0.633368,0.0237289,4.89231e-05,1.49679e-05,3.39552e-05,0.947899,30.8198,0.000230665,2.53466e-05,0.144071,0.222895,2.72447
0,51.73692,0.2799283,-1.4720725,0.015186963,0.37721568,0.37721395,1.7247893e-06,0.61480138,7.0329843,2.1299026,1.889702,0.14407067,3742.0225,4.7896435
0,50.52005,0.549648,-1.21176,0.02405013,0.02416216,0.02279149,0.001370671,0.9134758,21.63802,0.2526868,0.04213143,0.1440707,273.5781,3.721409
0,33.48693,0.2728895,-1.285457,0.01195021,0.1070984,0.1027604,0.004337979,0.799177,9.82982,0.565637,0.2185076,0.1440707,366.0851,3.828037
0,51.177978,0.30272812,-1.4254799,0.012120069,0.38607273,0.26986558,0.11620715,0.61693833,7.4976447,1.6478794,1.3015029,0.14407067,2185.0967,4.4130791
0,13.5401,0.526584,-1.02663,0.0133524,0.0042996,0.00412042,0.000179188,0.923439,21.152,0.0437657,0.00703758,0.144071,24.5337,3.36401
0,6.70477,0.337802,-0.936131,0.0103202,0.00177485,0.00167613,9.87222e-05,0.888388,13.6034,0.0114208,0.00284745,0.144071,5.12891,3.18932
2,14.4902288,0.6232784867407,-1.579109014198,0.02112739754445,-262.4929024602,-262.4961343962,0.003231936046461,-0.04715004550987,6625.310314589,-3300.123704505,0,0.1440706666667,-181770364.9995,-35295.74161813
0,58.132182,0.75607347,-1.3006504,0.019269077,0.086671385,0.065438517,0.021232868,0.88995371,27.857762,0.99798179,0.16471558,0.14407067,1132.431,4.0500657
0,6.6175,0.24569,-0.97515,0.023315,0.0012675,0.0012233,4.4182e-05,0.85334,9.8989,0.0060622,0.0020805,0.14407,6.4138,3.2401
0,6.47484,0.996284,-0.772356,0.0168714,0.000179468,0.000125453,5.4015e-05,0.959463,40.1847,0.0025211,0.000212513,0.144071,1.71161,2.96849
0,21.7408,0.703355,-1.00676,0.00950494,0.00474684,0.00449043,0.000256411,0.940627,28.2399,0.0637071,0.00765938,0.144071,24.913,3.345
2,20.072666,0.9005140954,-1.8017983899,0.0095106856129,-0.15814719119,-0.3391538673,0.18100667611,-0.17062989735,42.073577302,-6.160450313,0,0.14407066667,-5572035.764,-1080.4834564
1,0.39436,0.91729,-1.9729,0.020587,,,,,,,,,,
0,6.41448,0.552474,-0.658376,0.00997833,0.000127053,4.90752e-05,7.79778e-05,0.929321,22.285,0.000546889,8.31082e-05,0.144071,0.226665,2.75034
0,4.78271,0.758493,-0.524622,0.00930174,9.49018e-05,9.44597e-06,8.54559e-05,0.947511,30.5961,0.000144519,1.59955e-05,0.144071,0.0547621,2.54357
0,12.2054,0.722523,-1.11265,0.0174055,0.00985072,0.00937441,0.000476311,0.938724,28.8608,0.136622,0.016298,0.144071,99.4089,3.53646
0,6.03081,0.279615,-0.604174,0.0177554,5.05602e-05,1.3749e-05,3.68112e-05,0.86947,11.2796,7.75456e-05,2.32814e-05,0.144071,0.0611246,2.62877
0,6.15572,0.985739,-0.660411,0.0182568,7.30001e-05,2.7533e-05,4.54671e-05,0.959118,39.7636,0.000547445,4.66261e-05,0.144071,0.402257,2.78188
0,37.5092,0.929249,-1.03347,0.0132485,0.00482558,0.00452936,0.000296222,0.953646,37.3067,0.0848974,0.00774457,0.144071,45.751,3.40699
2,29.354742,0.37198915,-1.5633467,0.011282907,0.81369109,-0.11612461,0.9298157,0.33824174,2.7958835,-0.87132409,0,0.14407067,8732.9649,5.8936232
0,29.333848,0.83648889,-1.3178159,0.021981358,0.094201646,0.067185136,0.02701651,0.88946113,30.566582,1.1335966,0.18001042,0.14407067,1549.9203,4.1644265
0,3.7109628,0.255567157,-1.81113011,0.0194312504,0.00105385195,0.000710891485,0.000342960461,4.09812017,10.2991714,0.00366465862,0,0.144070667,64022.6541,16.9801278
2,4.5679461,0.917169146,-1.42582997,0.0221331349,-0.00318541135,-0.00321776434,3.23529863e-05,-0.115216902,37.1181062,-0.0595290349,0,0.144070667,-58184.8271,-9.92464362
2,14.730971,0.75183444303437,-1.5092667726533,0.020298418184566,0.092123743278828,-0.056958000640169,0.149081743919,-2.9418918608476e-06,27.536202210806,-0.86377797168928,0,0.14407066666667,-4937022983.105,-958688.8770928
2,19.8478364,0.2774548851,-1.702481628,0.01252861721,0.01885993301,-0.1053068397,0.1241667727,-0.2500797838,10.98192702,-0.5893511373,0,0.1440706667,-277093.5254,-52.23670319
0,0.4896733,0.8086872524704212,-1.948945441104435,0.008421189569731711,0,0,0,-1.689388815916314e-39,32.6238914517974,0,0,0.1440706666666666,-2.888800730871072e+45,-5.609582259897737e+41
0,34.42642,0.84291988,-1.3370454,0.016368204,0.14633532,0.10152662,0.044808705,0.85392687,29.028779,1.7262011,0.30947227,0.14407067,1962.7645,4.2759576
0,20.183404,0.691666852,-1.67771169,0.0141527052,0.280983157,0.258458335,0.0225248222,-2.32916219,20.0627838,3.60589167,0,0.144070667,-39540.3117,-6.03245031
0,14.435668,0.71366018,-1.4607714,0.014320552,0.5246062,0.0035741485,0.52103205,1.523911,13.686744,0.051450456,0,0.14407067,2540.9688,4.525228
0,5.8964,0.21771,-0.69512,0.017767,7.74e-05,4.418e-05,3.322e-05,0.83834,8.7821,0.00019401,7.4829e-05,0.14407,0.15874,2.7688
2,1.1426646,0.92956279058,-1.8957099375,0.018149683073,-0.31931568236,-1.1530143705,0.83369868818,-1.4382752624,49.474637635,-21.619150342,0,0.14407066667,-2597052.1798,-502.65678263
0,33.856435,0.63941495,-1.3377978,0.015565583,0.1558854,0.11262802,0.043257384,0.83360914,21.774057,1.452628,0.32859044,0.14407067,1522.7708,4.1782284
0,6.41328,0.357544,-0.811897,0.0112173,0.00038215,0.000313475,6.86754e-05,0.894717,14.4184,0.00226077,0.000531157,0.144071,1.09441,2.98493
0,26.450598,0.39631482,-1.5339383,0.017337741,0.86365513,0.56355972,0.3000954,0.26935611,2.1798886,4.5051104,0,0.14407067,5860.3547,5.2859043
2,1.4653834,0.507553916963287,-1.85912920735038,0.0220038615485612,-0.135443717357302,-0.190604514797722,0.0551607974404202,-4.39639764321864e-05,23.2489295502062,-1.95137410544543,0,0.144070666666667,-24956428796.4032,-4846132.36885814
0,17.2101754,0.8567126557,-1.748578811,0.02225943858,0.3898194506,0.3285619233,0.06125752727,1.371793989,21.08864656,5.677767246,0,0.1440706667,175362.5536,38.58975222
0,6.52595,0.488364,-0.933263,0.00914922,0.00195244,0.00182228,0.000130161,0.919625,19.663,0.0179508,0.0030957,0.144071,6.90272,3.20206
0,28.6490693,0.3720960214,-1.794779366,0.01258128456,0.9978716028,0.6986952315,0.2991763713,0.003882614322,0.0319494122,5.244063913,0,0.1440706667,169919.3987,37.57736025
2,45.4294367,0.5142600844,-1.808185422,0.01102852414,-0.6660202975,-4.517279797,3.851259499,1.587430564,34.56354434,-46.85813276,0,0.1440706667,534088.0129,108.365247
0,5.01648,0.755958,-0.595584,0.0232893,4.37065e-05,9.38678e-06,3.43197e-05,0.947378,30.4954,0.000143133,1.58951e-05,0.144071,0.135821,2.66122
1,147.1362,0.6953125,-1.278268,0.009969784,,,,,,,,,,
0,0.8072026,0.64971895179,-1.8946327589,0.010222906186,0.064574237279,0.064574133436,1.0384289451e-07,-1.1758666515,24.518281549,0.84627067559,0,0.14407066667,-1552612.3499,-299.81815963
0,0.5015014,0.2093083805713409,-0.8964538662762975,0.01718629844140943,0,0,0,-2.948255602055592e-76,8.44387476969743,0,0,0.1440706666666666,-5.762631830393734e+75,-1.11900959248066e+72
2,0.8215388,0.6043847674543,-1.842716583634,0.01719743630255,-0.05454154790394,-0.06013594303647,0.005594395132537,-0.00879281312491,25.7117934988,-0.7331161831806,0,0.1440706666667,-111769688.4153,-21702.45751628
1,0.36331,0.50753,-1.9822,0.0091112,,,,,,,,,,
0,25.9318,0.396687,-1.08372,0.0210744,0.00555525,0.00539326,0.000161986,0.900826,15.9142,0.0431543,0.00928314,0.144071,39.3941,3.44832
0,7.23417,0.32298,-1.00049,0.0228345,0.00178848,0.00172654,6.19372e-05,0.883895,13.0063,0.0112481,0.00294162,0.144071,11.266,3.2953
1,119.9752,0.7330927,-1.284158,0.0152697,,,,,,,,,,
0,41.1795267,0.699317657,-1.56062618,0.0184601537,0.4005917,0.130162866,0.270428834,1.09891403,16.9103428,1.83605957,0,0.144070667,15699.3674,7.27380163
0,9.555832,0.9499831494,-1.359241037,0.01066978649,0.001076150455,0.001039017464,3.713299097e-05,-0.004483888239,38.28277847,0.01990966349,0,0.1440706667,-655580.5268,-126.1202267
0,6.24518,0.3024,-0.818601,0.0177427,0.000257298,0.000216014,4.12841e-05,0.877976,12.1962,0.00131762,0.000366008,0.144071,1.02823,2.98842
0,5.05158,0.992344,-0.628835,0.0177235,6.53e-05,1.89059e-05,4.63941e-05,0.959384,40.0303,0.000378429,3.20154e-05,0.144071,0.269862,2.72977
0,6.1061,0.862255,-0.724242,0.0143189,0.000139238,7.96875e-05,5.95501e-05,0.953498,34.7801,0.00138596,0.000134965,0.144071,0.803486,2.88134
0,8.819377,0.4285606,-1.154689,0.01921121,0.01479041,0.01433749,0.0004529208,0.9014234,17.03319,0.1239397,0.02533964,0.1440707,104.8479,3.582294
2,18.8774755,0.200684276,-1.66038006,0.0161560322,-21.2543396,-22.6326642,1.37832456,23.6960235,180.170309,-91.6166052,0,0.144070667,27936.5562,9.77943155
2,10.8120958,0.5341035934,-1.524857727,0.01190228351,0.3421936264,-0.08816904447,0.4303626709,-0.01970046152,14.17355336,-0.949875759,0,0.1440706667,-463621.3746,-88.6614559
0,38.9652536,0.438574906,-1.63497466,0.0124182615,0.204880154,0.146679488,0.0582006655,1.69145239,14.0679734,1.29759253,0,0.144070667,22050.2866,8.59885048
2,2.8690507,0.3529157646,-1.907012054,0.02002222182,0.3532523824,-0.08689654828,0.4401489307,-0.8250860837,9.207909927,-0.6185841028,0,0.1440706667,-974204.454,-187.4644047
2,24.1974167,0.8802810141,-1.702139358,0.02424686573,-0.1224846555,-0.3007953967,0.1783107412,2.106862908,39.86180076,-5.340939902,0,0.1440706667,118860.5442,27.5515565
0,5.73856,0.888357,-0.717008,0.0224854,8.39182e-05,4.62449e-05,3.76733e-05,0.954836,35.8349,0.000828661,7.83207e-05,0.144071,0.753341,2.87079
0,11.5290874,0.304000639,-1.54946346,0.0229917579,0.0205565302,0.0182709477,0.00228558246,-0.131281111,12.0118262,0.112036812,0,0.144070667,-80877.8554,-14.224549
0,6.42382,0.904675,-0.764184,0.0129822,0.000215212,0.000146791,6.84216e-05,0.955529,36.4884,0.00267865,0.000248655,0.144071,1.40505,2.95012
0,10.7624355,0.752979325,-1.43635053,0.0191000932,0.0354696218,0.00333350049,0.0321361213,-0.432704497,29.2990898,0.0506300954,0,0.144070667,-13998.8138,-1.26071412
1,0.47805,0.72766,-1.8845,0.017302,,,,,,,,,,
0,13.3942111,0.44845821061,-1.59442465272,0.0136303124956,0.66916972497,0.00112357158455,0.668046153385,-0.000300103289661,5.98525133018,0.01016360779,0,0.144070666667,-31408562.949,-6097.81402241
0,54.58952,0.7018649,-1.268084,0.009560431,0.121063,0.1005313,0.02053171,0.8628773,24.88665,1.423245,0.2184974,0.1440707,686.7182,3.905247
0,27.2892,0.723541,-1.08195,0.016867,0.00691235,0.00658214,0.000330203,0.940705,28.9872,0.0960628,0.0113384,0.144071,67.1709,3.47936
0,9.54364,0.250726,-1.07041,0.0249944,0.00392636,0.00384243,8.39264e-05,0.854223,10.075,0.0194326,0.00659734,0.144071,22.1679,3.40212
2,13.8189073,0.297873399,-1.51391539,0.0185379567,0.777124054,-0.0173106937,0.794434748,-0.0150486335,2.67824367,-0.104009106,0,0.144070667,-99648.9923,-17.9158715
0,41.9941322,0.8035688444,-1.401951244,0.0141227199,0.9324505743,0.7863054036,0.1461451707,-0.00261728122,2.189777139,12.74499064,0,0.1440706667,-111194.5436,-20.27542733
0,15.9835421,0.2028541753,-1.788206381,0.008949791537,0.6100553116,0.4918562417,0.1181990699,-0.2122297984,3.191112582,2.012552918,0,0.1440706667,-285346.8373,-53.75514578
1,0.46713,0.91636,-1.7832,0.0090659,,,,,,,,,,
0,6.08845,0.260037,-0.60062,0.0223354,3.88598e-05,1.04421e-05,2.84178e-05,0.861017,10.49,5.47705e-05,1.76815e-05,0.144071,0.0548421,2.61964
0,5.61793,0.557692,-0.620175,0.0239233,4.48594e-05,1.25323e-05,3.23271e-05,0.929988,22.4973,0.000140978,2.12218e-05,0.144071,0.139989,2.68736
0,23.6198063,0.5020201078,-1.876974963,0.02131096028,0.85491085,0.6197411594,0.2351696906,0.4247449173,2.938402029,6.275619783,0,0.1440706667,410592.5356,84.43970726
0,22.3839,0.314429,-1.06384,0.00946131,0.00956764,0.0093217,0.000245934,0.876295,12.5633,0.0591211,0.0160183,0.144071,24.7661,3.40175
0,54.148617,0.75696988,-1.3638429,0.011941522,0.24042659,0.16450956,0.075917034,0.78482534,23.195488,2.511857,0.59848237,0.14407067,2407.5697,4.3996246
0,4.71713,0.984028,-0.589526,0.0143375,7.09673e-05,1.41058e-05,5.68616e-05,0.959051,39.6946,0.000279982,2.38864e-05,0.144071,0.161567,2.66408
0,6.96824,0.836808,-0.92616,0.0117265,0.0014231,0.00129836,0.000124739,0.951321,33.7103,0.0219152,0.00220471,0.144071,10.4422,3.21691
0,36.8842,0.781565,-1.06458,0.0194591,0.00483176,0.00458244,0.000249326,0.945908,31.3774,0.0722415,0.00786223,0.144071,57.8461,3.4525
0,6.95394,0.874925,-0.949852,0.0236433,0.000946545,0.000872559,7.39866e-05,0.953615,35.2626,0.0153989,0.00148245,0.144071,14.7729,3.25927
0,17.432834,0.622135215,-1.64331543,0.0204113624,0.170987239,0.0771180721,0.0938691672,1.95909949,20.8066023,0.967756548,0,0.144070667,31341.2038,10.4294031
0,79.071999,0.82902879,-1.4239006,0.013883474,0.35400997,0.23133627,0.1226737,0.6985038,21.604817,3.8684635,1.1133756,0.14407067,5449.5294,5.0923565
2,19.6948739,0.7751678221823588,-1.667427025493751,0.02097358397756693,-44745507.34807696,-44745507.46002808,0.111951120197773,-1.079561972859573e-14,1399266217.475143,-699633094.8521911,0,0.1440706666666666,-5.213495245204006e+26,-1.012376178357552e+23
0,26.603,0.709761,-1.08913,0.01464,0.00870393,0.00829605,0.000407884,0.938542,28.3838,0.11877,0.0143249,0.144071,72.2918,3.49131
0,49.31601,0.6851859,-1.238515,0.01186101,0.06897652,0.06113392,0.007842607,0.8967845,25.735,0.8449205,0.120463,0.1440707,467.3573,3.813309
0,29.612144,0.74314418,-1.380677,0.010022149,0.14620562,0.12990241,0.016303212,1.7882881,25.596556,1.947222,0,0.14407067,1447.4399,4.2038726
0,6.6328019,0.71550108,-1.4385044,0.014959884,0.0010810029,6.5888369e-05,0.0010151145,5.4532579,28.833392,0.00095092052,0,0.14407067,1123.785,4.1858469
0,6.58132,0.90699,-0.791833,0.0090943,0.000400693,0.000298834,0.000101859,0.955516,36.575,0.0054671,0.000506311,0.144071,2.00895,2.99626
0,0.8405368,0.52693102364,-1.9542216108,0.022827579079,0.045925004401,0.020562169525,0.025362834876,-2.763031622,20.28109732,0.21854852248,0,0.14407066667,-1175032.4412,-226.42436206
0,6.16134,0.689741,-0.742275,0.0204346,0.000111248,7.03915e-05,4.08565e-05,0.942575,27.8223,0.000979335,0.000119224,0.144071,0.819676,2.9004
0,48.89505,0.9324944,-1.233652,0.0218153,0.03774953,0.03138404,0.006365493,0.9319717,36.19841,0.5903101,0.0615304,0.1440707,594.2579,3.845431
0,7.42701,0.238184,-1.04273,0.0194872,0.0035461,0.00346497,8.11315e-05,0.848046,9.57469,0.0166471,0.00593001,0.144071,14.8713,3.35251
0,4.93324,0.610235,-0.508931,0.0122521,6.91715e-05,5.86244e-06,6.33091e-05,0.93561,24.6162,7.21607e-05,9.92706e-06,0.144071,0.0364749,2.50699
0,6.0269,0.22998,-0.59491,0.013373,6.1081e-05,1.6208e-05,4.4872e-05,0.84565,9.2773,7.5189e-05,2.7445e-05,0.14407,0.045894,2.6048
0,47.4484123,0.802315208,-1.66912768,0.0199994288,0.761667418,0.44818651,0.313480908,0.322555461,7.71407059,7.25318869,18.0346744,0.144070667,98320.1283,23.520181
0,44.285243,0.3420419,-1.4412763,0.021212094,0.23652554,0.23652426,1.2801918e-06,0.73447279,10.534866,1.6318498,0.91093215,0.14407067,3159.0768,4.6369473
0,6.46936,0.391799,-0.940745,0.0234299,0.000831295,0.000783644,4.76508e-05,0.902728,15.7927,0.00619309,0.0013308,0.144071,6.21754,3.20403
0,10.200974,0.91546141,-1.3900671,0.022636377,0.011846157,0.0081442553,0.0037019019,4.1613057,36.493857,0.15038918,0,0.14407067,1000.5278,4.1075057
0,6.41211,0.9181,-0.801014,0.0228758,0.000174966,0.000133679,4.12867e-05,0.956175,37.0313,0.00247559,0.000226477,0.144071,2.28702,3.01215
0,6.25286,0.70414,-0.80984,0.0219434,0.000197583,0.000156079,4.15035e-05,0.943626,28.4006,0.00221681,0.000264442,0.144071,1.99067,3.01379
0,5.99292,0.329627,-0.756646,0.022867,0.000106995,7.56554e-05,3.13396e-05,0.886998,13.2963,0.000503022,0.000128141,0.144071,0.50066,2.88938
0,33.91529,0.732485,-1.153035,0.01268706,0.0223167,0.02109699,0.001219704,0.9312959,28.8903,0.3117055,0.03756396,0.1440707,168.5132,3.617384
0,7.22107,0.397463,-1.00915,0.00946536,0.00482528,0.00464504,0.000180248,0.901456,15.957,0.0372401,0.00793122,0.144071,15.1468,3.31993
0,33.7704,0.508582,-1.05778,0.00992565,0.0085464,0.00822889,0.000317504,0.918314,20.3417,0.0844165,0.0141257,0.144071,35.4,3.41611
0,49.74703,0.6758901,-1.190322,0.02256901,0.02001916,0.01875647,0.001262692,0.9285396,26.72076,0.2557127,0.03408973,0.1440707,252.3607,3.691704
1,0.36184,0.92666,-1.9521,0.022216,,,,,,,,,,
0,6.09193,0.453739,-0.763759,0.0204837,0.000130847,9.25335e-05,3.83138e-05,0.915258,18.3023,0.000846897,0.000156736,0.144071,0.731771,2.91604
0,6.4733,0.788841,-0.801853,0.0208781,0.000192061,0.000148056,4.40052e-05,0.949363,31.8172,0.00235582,0.000250837,0.144071,2.00055,3.00606
0,13.9848557,0.5543538588,-1.837375932,0.02455847952,0.3791502314,0.2943646918,0.08478553958,1.41246504,13.88445268,3.291531093,0,0.1440706667,350814.9001,72.78417676
0,6.537,0.825285,-0.763647,0.0184804,0.000149801,0.000102414,4.73867e-05,0.951513,33.2885,0.00170486,0.000173477,0.144071,1.27841,2.9447
0,4.95486,0.974124,-0.595172,0.0197316,5.23342e-05,1.10206e-05,4.13135e-05,0.958664,39.2959,0.000216544,1.8662e-05,0.144071,0.172043,2.67296
2,1.4277828,0.9063906565677129,-1.734914860198997,0.01476912555899788,-2.6738904192638,-2.673890419442906,1.791060633138386e-10,-7.946151371066375e-07,134.3373523817993,-48.88596535481296,0,0.1440706666666666,-1618055411923.585,-314200104.3576912
0,52.05984,0.249776,-1.330417,0.01869466,0.1083559,0.0980129,0.01034296,0.7886995,8.984574,0.4938092,0.2488443,0.1440707,604.0438,3.944935
2,14.8805109,0.4597468335004389,-1.580732192001778,0.01520894863086798,-63860.91150045482,-537173.1801201432,473312.2686196884,-1.251282820149852e-18,1184447.529616799,-4981478.2490904,0,0.1440706666666666,-1.250299694745998e+27,-2.4278791237663e+23
0,15.454807,0.97404526,-1.4398515,0.02359782,0.014957187,0.0098430888,0.0051140983,3.6246847,38.706991,0.19339076,0,0.14407067,2309.2859,4.4544065
0,53.644681,0.20220677,-1.4484556,0.015910641,0.35619106,0.24570963,0.11048143,0.59711964,5.2517962,1.0021738,1.3317762,0.14407067,2124.236,4.4227852
0,4.92074,0.62896,-0.536902,0.0123855,7.12603e-05,8.30625e-06,6.29541e-05,0.937405,25.3716,0.000105379,1.40653e-05,0.144071,0.0537429,2.55488
0,6.6401,0.22782,-0.89907,0.016667,0.00069112,0.00064572,4.5396e-05,0.84403,9.1845,0.0029674,0.0010954,0.14407,2.2644,3.1097
0,6.46394,0.644285,-0.925649,0.0183452,0.00089537,0.000824741,7.06288e-05,0.938271,25.9684,0.0107182,0.00140005,0.144071,8.10254,3.20291
1,0.31806,0.52049,-1.9243,0.01729,,,,,,,,,,
0,31.02797,0.7523908,-1.224034,0.02006711,0.03527285,0.03134047,0.003932377,0.9239753,29.28216,0.4756354,0.05911685,0.1440707,428.5251,3.78683
0,21.6625,0.401206,-1.06965,0.0209951,0.00467248,0.00453089,0.000141593,0.902357,16.1097,0.036667,0.00777736,0.144071,33.2275,3.4243
0,6.43234,0.806966,-0.801094,0.0138121,0.000288335,0.000221615,6.67193e-05,0.950379,32.5451,0.00360728,0.000375477,0.144071,2.02428,3.00591
2,26.2414486,0.912039605,-1.61734413,0.0123489855,-2.67192655,-3.00745441,0.335527865,9.80105327,135.102333,-55.3271018,0,0.144070667,29139.4647,9.97214707
0,6.31853,0.680717,-0.898046,0.0224489,0.000524953,0.000473146,5.1807e-05,0.941592,27.4469,0.0064966,0.000802591,0.144071,5.98629,3.15934
0,6.55444,0.427916,-0.9347,0.0202026,0.000897011,0.000841052,5.5959e-05,0.910121,17.2474,0.00725949,0.00142808,0.144071,6.23192,3.19811
0,6.55879,0.390247,-0.863453,0.0152759,0.000502606,0.000446131,5.6475e-05,0.902588,15.7353,0.00351177,0.000756325,0.144071,2.29582,3.07479
0,30.23671,0.2707546,-1.265706,0.01746341,0.06013137,0.05824979,0.001881583,0.8283516,10.26593,0.3181232,0.1160189,0.1440707,286.2057,3.780126
0,40.18003,0.3593082,-1.263155,0.02214767,0.04705391,0.0445747,0.002479209,0.8655217,13.81308,0.3230581,0.0885327,0.1440707,356.6825,3.802572
2,21.7835005,0.613791571554732,-1.697192179754837,0.01242465638717508,-4239.520693753148,-4250.842521454374,11.32182770122563,-2.537375922942238e-14,105001.4444712447,-52628.51394995222,0,0.1440706666666666,-2.439663732211153e+22,-4.73743108899067e+18
0,20.1212,0.455473,-1.12594,0.0206329,0.00966446,0.00935906,0.000305399,0.909491,18.197,0.0859844,0.0163098,0.144071,76.7447,3.53206
0,51.01792,0.5011366,-1.272017,0.01773015,0.06687742,0.05911915,0.007758266,0.8792801,18.86471,0.5975985,0.123923,0.1440707,537.3092,3.867561
0,6.30186,0.649685,-0.77925,0.00891242,0.000355607,0.000259444,9.61625e-05,0.939096,26.2001,0.00339995,0.000439534,0.144071,1.24572,2.95897
0,8.5285,0.378707,-1.02779,0.0122678,0.00470457,0.00454756,0.000157005,0.897282,15.2058,0.0347382,0.0077745,0.144071,18.4228,3.34926
0,12.6787,0.303864,-1.1342,0.0239497,0.00913275,0.00893155,0.000201192,0.872982,12.1465,0.0547434,0.0156226,0.144071,59.3383,3.52372
0,7.0817,0.856396,-0.95542,0.0234679,0.0010207,0.000943989,7.6715e-05,0.952623,34.5133,0.0163067,0.00160424,0.144071,15.547,3.26761
0,5.09092,0.539746,-0.525077,0.0243572,3.49669e-05,3.6286e-06,3.13383e-05,0.927835,21.7736,3.95052e-05,6.14432e-06,0.144071,0.040031,2.52792
0,33.023473,0.93728482,-1.3044106,0.016713527,0.10666018,0.076654083,0.0300061,0.88558921,33.77874,1.4492124,0.19929826,0.14407067,1448.1718,4.1277744
1,0.24647,0.8342,-1.9028,0.016563,,,,,,,,,,
2,36.9028964,0.68257755,-1.56912337,0.0210054861,0.0673971146,-0.0100189154,0.07741603,1.91731119,25.6805264,-0.137942432,0,0.144070667,15240.735,7.19171644
0,19.9375248,0.3594333887,-1.757588635,0.02207676097,0.363463272,0.2593622774,0.1041009946,1.168124687,9.229901172,1.880400677,0,0.1440706667,101191.8913,24.167771
2,14.8387802,0.944587361,-1.60605879,0.0190241709,0.0090276088,-0.00533986493,0.0143674737,-1.07819596,37.7623359,-0.101741368,0,0.144070667,-64046.8848,-10.8876635
2,19.452345,0.9298979,-1.7013929,0.015104671,0.64072187,-0.15282496,0.79354684,-50.545105,13.477868,-2.8665184,0,0.14407067,-1659.1862,1.5100643
0,25.3409475,0.4354725138,-1.837391054,0.02349390104,0.870352923,0.5727092662,0.2976436568,0.2318589245,2.277606242,5.030603965,0,0.1440706667,350643.7952,72.75094103
0,45.22852,0.5988581,-1.255202,0.01051166,0.09312301,0.08239392,0.01072909,0.8730706,21.90925,0.9952776,0.168419,0.1440707,506.3816,3.841694
0,7.12339,0.399802,-0.989466,0.0169064,0.0021131,0.002025,8.81021e-05,0.903672,16.0946,0.0163303,0.0034484,0.144071,11.8352,3.28692
0,8.58624,0.54109,-1.00386,0.00923359,0.00466784,0.00445202,0.000215824,0.925037,21.7266,0.0485905,0.00759624,0.144071,18.7776,3.32638
0,51.7302155,0.8666448383,-1.710856607,0.02400895934,0.8618772616,0.6533334044,0.2085438572,0.2086659678,4.829047764,11.42092262,25.67645785,0.1440706667,162613.1461,36.07242353
0,16.1568,0.817168,-1.00345,0.0133321,0.00326772,0.00307096,0.000196755,0.949033,32.8583,0.0506186,0.00523355,0.144071,27.5356,3.34735
1,0.25274,0.38044,-1.9977,0.018889,,,,,,,,,,
0,36.12009,0.3760766,-1.25577,0.01303987,0.07213846,0.06860454,0.003533921,0.8534059,14.07715,0.5204205,0.1367609,0.1440707,335.2984,3.787858
0,9.31499,0.48555,-1.01839,0.0220858,0.0023385,0.00224318,9.53199e-05,0.918957,19.5422,0.0219696,0.00382735,0.144071,20.4893,3.34572
0,35.4014464,0.5474780088,-1.739629512,0.02319912827,0.1891900228,0.04567407369,0.1435159491,1.53750463,17.90774614,0.5043843441,0,0.1440706667,118434.5366,27.5061384
0,22.519888,0.226157014,-1.72845404,0.014145001,0.876518879,0.711005133,0.165513746,0.210010319,1.12658974,3.24345568,0,0.144070667,47253.8575,13.6256185
0,77.656945,0.46918371,-1.511901,0.02096289,0.39136008,0.25538247,0.1359776,0.64078284,11.520161,2.4169028,2.2834641,0.14407067,9809.1264,6.0571217
0,6.30631,0.480119,-0.766613,0.0163943,0.000168541,0.000119928,4.86125e-05,0.919511,19.3656,0.00116143,0.000203144,0.144071,0.799483,2.92346
0,34.457418,0.76980179,-1.3365207,0.013592976,0.18436635,0.12952402,0.054842331,0.82294097,25.329651,2.011196,0.37015321,0.14407067,1765.2,4.231618
0,6.67088,0.929788,-0.89986,0.0168942,0.000721767,0.000643449,7.83179e-05,0.956345,37.4822,0.0120677,0.00109162,0.144071,8.23868,3.17801
2,1.4248493,0.836097743496513,-1.78608013060289,0.0189865956114107,-244.520934828107,-244.927102853076,0.406168024968707,-0.0021483727972604,8281.34249856857,-4130.6563681189,0,0.144070666666667,-71181515422.0424,-13822294.2339658
0,6.51147,0.978229,-0.847725,0.0127361,0.000522165,0.00043727,8.48948e-05,0.958525,39.4429,0.0086281,0.000741205,0.144071,4.42771,3.09322
1,0.31517,0.69148,-1.844,0.013063,,,,,,,,,,
0,6.62602,0.683637,-0.924406,0.0237956,0.000681395,0.000625843,5.55523e-05,0.941724,27.5603,0.0086301,0.00106228,0.144071,8.43208,3.20378
1,0.52898,0.39024,-1.9857,0.015833,,,,,,,,,,
0,39.23682,0.5061584,-1.316958,0.009342271,0.1894328,0.1527078,0.036725,0.7969629,16.55124,1.559096,0.4189032,0.1440707,926.3945,4.016045
0,4.83476,0.716449,-0.517891,0.0195663,4.44767e-05,4.11873e-06,4.0358e-05,0.944637,28.9016,5.95215e-05,6.97433e-06,0.144071,0.0475888,2.52962
2,17.298722,0.66348585,-1.5383776,0.020553246,-1.1402856,-1.14534,0.0050544073,6.273307,57.287327,-15.328204,0,0.14407067,7000.7268,5.5209214
0,47.999571,0.27123815,-1.3907558,0.023469003,0.15173796,0.1138238,0.037914153,0.76799652,9.2818806,0.62274328,0.43027787,0.14407067,1391.0979,4.2009707
0,39.1842,0.556883,-1.08811,0.0188966,0.00660984,0.00635748,0.000252353,0.925684,22.3172,0.0714125,0.0109532,0.144071,56.877,3.47497
0,6.297,0.336685,-0.857319,0.0210798,0.000337194,0.00029885,3.83447e-05,0.888959,13.5779,0.00202956,0.000506557,0.144071,1.85901,3.05773
0,29.0827196,0.8235661899,-1.735879882,0.02306310372,0.6548849295,0.3321362964,0.3227486331,0.6307828546,11.46614949,5.51747048,0,0.1440706667,176146.6866,38.72954844
0,32.7927,0.706305,-1.07282,0.0135104,0.00768251,0.00732068,0.000361824,0.938947,28.2747,0.104296,0.0125891,0.144071,58.3791,3.46132
0,19.6738065,0.9214793699,-1.718961678,0.01436552129,0.8192853587,0.4915207158,0.3277646429,0.3618869754,6.717909097,9.135926851,0,0.1440706667,144750.6925,32.60595104
0,6.2236,0.883887,-0.836679,0.0166903,0.000350602,0.000289594,6.10085e-05,0.954445,35.6451,0.00516311,0.000490788,0.144071,3.48693,3.06972
0,4.90886,0.858066,-0.569108,0.0112677,8.52736e-05,1.38082e-05,7.14653e-05,0.953318,34.613,0.000238992,2.33825e-05,0.144071,0.109035,2.62345
2,7.3228602,0.909323649,-1.36956487,0.0210059054,0.124124067,-0.00435255843,0.128476625,-0.0676484382,32.1304084,-0.0798340694,0,0.144070667,-41641.5397,-6.75128196
2,2.1063159,0.96333970957,-1.7504091941,0.010684623194,0.96513773114,-0.18317126793,1.1483089991,-0.0097007552427,1.3548470705,-3.5592786107,0,0.14407066667,-1631069.5168,-315.20002492
0,4.371089,0.6695763,-1.432286,0.01139283,0.9764063,0.002738589,0.9736677,0.1598443,0.6373116,0.03698726,0,0.1440707,782.3647,4.094723
0,12.7777161,0.8371318438,-1.443800432,0.02311242795,0.1398201452,0.01197620188,0.1278439433,-0.01823481776,29.04947553,0.2022265353,0,0.1440706667,-362430.0895,-69.08015538
1,0.25962,0.6708,-1.8953,0.014874,,,,,,,,,,
0,6.46228,0.74437,-0.892857,0.0235936,0.000471049,0.000421211,4.98374e-05,0.946326,30.0151,0.00632432,0.000714407,0.144071,6.09363,3.15509
0,46.47761,0.5017678,-1.26741,0.01604445,0.06960258,0.06217384,0.007428742,0.8775676,18.8333,0.629268,0.1290738,0.1440707,506.5777,3.85396
0,107.1787,0.7878532,-1.280481,0.02337703,0.05927904,0.04616878,0.01311026,0.910314,29.89932,0.7337006,0.1047839,0.1440707,917.0467,3.977233
0,51.25423,0.9220148,-1.244086,0.01044102,0.08757293,0.07176429,0.01580864,0.897953,33.93839,1.334663,0.1469971,0.1440707,661.1905,3.874346
0,20.283419,0.344243,-1.5365455,0.015386099,0.03991687,0.024283576,0.015633293,1.8720877,13.333038,0.16861761,0,0.14407067,5332.9055,5.1812434
0,14.6487,0.996346,-0.984417,0.0168585,0.0020536,0.00190424,0.000149358,0.958243,40.1118,0.0382699,0.00324105,0.144071,26.0698,3.32521
0,6.12147,0.53365,-0.650844,0.0163937,7.44334e-05,2.71171e-05,4.73163e-05,0.927046,21.5268,0.000291894,4.59209e-05,0.144071,0.199252,2.73618
0,6.1718,0.977231,-0.663497,0.0130319,0.000103876,4.01307e-05,6.37451e-05,0.958757,39.4191,0.00079104,6.7961e-05,0.144071,0.415054,2.78658
0,19.8465145,0.92465268009,-1.6854155211,0.012014334442,0.42576204384,0.36671667833,0.059045365513,-0.015187193185,21.420307161,6.8396592444,0,0.14407066667,-7147797.4309,-1386.5999819
0,6.3316,0.20686,-0.79874,0.013418,0.00026845,0.00022371,4.4738e-05,0.83119,8.3429,0.00093345,0.00037498,0.14407,0.57565,2.9387
0,16.7965468,0.464532127,-1.61458595,0.0209547905,0.294957455,0.170621252,0.124336202,1.54224854,13.2125379,1.59872605,0,0.144070667,17479.8231,7.67901688
0,23.2543,0.777934,-1.03026,0.0239829,0.00254191,0.00240428,0.000137638,0.947169,31.3035,0.037727,0.0041052,0.144071,37.0884,3.39131
2,22.628996,0.64049505,-1.5053153,0.013524965,0.63642337,-0.18174524,0.81816861,-1.5842011,9.3943536,-2.3480319,0,0.14407067,-2973.0453,1.0288873
0,50.978721,0.43779872,-1.3959338,0.013015163,0.28907696,0.20150083,0.087576128,0.71483535,12.556027,1.7794119,0.829238,0.14407067,2160.789,4.3782381
0,6.41482,0.435581,-0.860411,0.0088598,0.000839904,0.000739634,0.000100269,0.91159,17.5574,0.00649847,0.00125407,0.144071,2.43917,3.07489
0,6.63241,0.462956,-0.927481,0.00947327,0.00175395,0.00163444,0.000119506,0.915772,18.6437,0.0152628,0.00277582,0.144071,6.10201,3.18979
2,26.8346028,0.776924194,-1.60915243,0.0228242502,-0.339523168,-0.424859466,0.0853362977,2.21358254,41.9840221,-6.65808162,0,0.144070667,36089.6654,11.324563
0,16.0973,0.698097,-1.10212,0.0247503,0.00607098,0.0057891,0.000281876,0.93937,27.9915,0.0815178,0.0100125,0.144071,84.1689,3.51443
0,0.4917892,0.6533932985206217,-1.984921455784556,0.01587445448070933,0,0,0,-4.16706744256171e-61,26.35905534698445,0,0,0.1440706666666666,-1.502107441003423e+67,-2.916848906699218e+63
0,6.6823,0.33536,-0.637092,0.0140952,7.6043e-05,2.64318e-05,4.96112e-05,0.888733,13.528,0.000178799,4.47611e-05,0.144071,0.109464,2.69163
0,6.4423,0.2346,-0.86542,0.01539,0.00051737,0.0004541,6.3272e-05,0.84795,9.4592,0.0021488,0.00076989,0.14407,1.5066,3.055
1,0.27375,0.98799,-1.8939,0.0087464,,,,,,,,,,
0,40.27582,0.6546304,-1.235736,0.01678854,0.04762118,0.04267143,0.004949745,0.9085269,25.15134,0.5634541,0.08212194,0.1440707,435.0436,3.800573
0,5.15353,0.579312,-0.596031,0.0172619,5.784e-05,1.27372e-05,4.51029e-05,0.932415,23.3691,0.000148837,2.15686e-05,0.144071,0.106361,2.6491
2,20.373981,0.47582329,-1.4510171,0.021934977,0.068766198,-0.16009668,0.22886287,-1.1487224,17.875557,-1.5365729,0,0.14407067,-3884.095,0.7839433
0,25.02492,0.9053552,-1.51624,0.012989043,0.41188926,0.1213938,0.29049547,6.6501256,21.47995,2.2168722,0,0.14407067,1863.3352,4.4331735
0,5.8124931,0.681996823,-1.64940565,0.0233961813,0.12294579,0.0575274887,0.0654183009,-2.83986864,24.1303686,0.791376114,0,0.144070667,-27115.0661,-3.62859219
0,14.082067,0.74876973,-1.5092862,0.016386356,0.0019744078,0.0017253994,0.00024900841,2.5566388,30.147071,0.026059321,0,0.14407067,6221.1679,5.3343863
0,85.145507,0.8964608,-1.4430325,0.0089851581,0.53974714,0.36362522,0.17612192,0.54515304,16.644968,6.5752228,2.1995845,0.14407067,6878.0959,5.4008554
0,5.30216,0.364777,-0.537919,0.00846243,9.58499e-05,1.23169e-05,8.3533e-05,0.896764,14.7144,9.06261e-05,2.08566e-05,0.144071,0.0330095,2.53085
0,11.8814,0.480046,-1.0334,0.0196669,0.00317167,0.00305035,0.000121323,0.917589,19.3045,0.0295364,0.00521209,0.144071,24.5808,3.37089
0,6.34691,0.932132,-0.747838,0.019336,0.000125172,7.98987e-05,4.52729e-05,0.956837,37.5992,0.00150225,0.00013533,0.144071,1.17203,2.92441
0,5.92764,0.534334,-0.622111,0.0216569,4.96767e-05,1.41923e-05,3.54843e-05,0.927148,21.5549,0.000152965,2.40328e-05,0.144071,0.137923,2.68853
2,18.676898,0.99622851206575,-1.67191447866326,0.0199372582352145,-1.29167172533461,-1.73984385459342,0.448172129258806,-1.72014248226897e-05,92.1014652934235,-34.9618504732423,0,0.144070666666667,-22814520384.3068,-4430208.69411807
0,6.79129,0.953578,-0.91785,0.00937027,0.00161821,0.0014605,0.000157716,0.956793,38.4068,0.028092,0.00247976,0.144071,10.6314,3.20956
2,17.955586,0.21113645,-1.6380059,0.02258047,-0.16090051,-0.1719727,0.011072193,12.307509,9.888112,-0.73239925,0,0.14407067,2214.5998,4.6320232
0,3.8958275,0.32669777,-1.5111862,0.0094171886,0.89511901,0.11322067,0.78189833,0.55574753,1.3822867,0.74610006,0,0.14407067,1344.6704,4.3106415
0,4.64649,0.947463,-0.567603,0.00840105,0.000114667,1.81651e-05,9.65022e-05,0.957511,38.218,0.000347157,3.07609e-05,0.144071,0.117569,2.62582
2,19.510797,0.94517886,-1.4937149,0.018783577,-0.0074713018,-0.024730697,0.017259395,2.6258634,38.415089,-0.4714933,0,0.14407067,6319.2003,5.3386546
0,6.0495,0.22634,-0.57212,0.015269,4.9458e-05,1.0512e-05,3.8945e-05,0.84356,9.1306,4.7995e-05,1.7937e-05,0.14407,0.033789,2.5663
0,42.8242,0.6510422,-1.157806,0.009328084,0.03183556,0.03029953,0.00153603,0.9187792,25.42807,0.3978966,0.05431894,0.1440707,159.8392,3.617755
0,32.173096,0.53636323,-1.3349296,0.01377119,0.15910384,0.12040162,0.038702225,0.82137181,18.195187,1.3026163,0.35797138,0.14407067,1244.7263,4.1110089
2,11.836185,0.44558316,-1.510688,0.0091883856,0.080415062,-0.10526329,0.18567835,-2.3779,16.530112,-0.94608654,0,0.14407067,-3734.2067,0.87474221
0,5.47501,0.454604,-0.588859,0.0224418,4.21223e-05,8.93524e-06,3.31871e-05,0.915461,18.3388,8.19341e-05,1.51303e-05,0.144071,0.0775304,2.62567
0,5.11545,0.769012,-0.624481,0.0214897,5.2179e-05,1.47446e-05,3.74345e-05,0.948219,31.0217,0.000228713,2.49683e-05,0.144071,0.200085,2.71003
0,28.4456421,0.5076049441,-1.778335453,0.008578587366,0.9970224202,0.6458634889,0.3511589313,0.005947896178,0.06097396292,6.612896846,0,0.1440706667,171377.5413,37.84450303
0,16.1126,0.468523,-1.04777,0.0136635,0.00546426,0.005268,0.000196264,0.914317,18.7978,0.0497854,0.00902334,0.144071,28.8919,3.3944
1,0.34437,0.71659,-1.9299,0.01952,,,,,,,,,,
0,22.9289,0.755617,-1.0905,0.0145452,0.00894412,0.00850168,0.000442443,0.941591,30.2103,0.129578,0.0146742,0.144071,78.0554,3.49774
0,6.62079,0.970035,-0.737105,0.0125393,0.000176734,0.000107341,6.93937e-05,0.958417,39.126,0.00210028,0.00018181,0.144071,1.06081,2.90853
0,51.03043,0.6053723,-1.210638,0.01920748,0.02996665,0.02802128,0.001945375,0.9157286,23.68996,0.342165,0.05199901,0.1440707,294.5102,3.72814
0,12.1317,0.989862,-0.991223,0.0235136,0.00160339,0.0014898,0.000113591,0.958283,39.8688,0.029746,0.00253601,0.144071,28.2779,3.33663
1,0.47092,0.53644,-1.922,0.0099216,,,,,,,,,,
0,119.88451,0.78464786,-1.298634,0.024115447,0.068960941,0.051800414,0.017160527,0.90371498,29.471203,0.81984773,0.12824839,0.14407067,1149.6111,4.052159
2,0.8259211,0.2979170954,-1.963384184,0.02350051328,-0.05521201285,-0.05521201285,3.469446952e-17,-4.978726608,12.68207502,-0.3317830352,0,0.1440706667,-458700.5064,-87.2668284
0,13.93781,0.8099734,-1.140915,0.02220422,0.01109666,0.01044521,0.0006514578,0.94352,32.31319,0.1706526,0.0183689,0.1440707,159.2153,3.600542
0,6.1097,0.40484,-0.735071,0.0173263,0.000119009,7.56851e-05,4.33236e-05,0.906,16.33,0.000618043,0.000128186,0.144071,0.456289,2.86303
0,6.13267,0.772525,-0.727089,0.0231746,8.74499e-05,5.10716e-05,3.63783e-05,0.948419,31.1623,0.000795825,8.64971e-05,0.144071,0.750724,2.88069
0,5.12629,0.696694,-0.699936,0.0228429,7.2233e-05,3.65591e-05,3.56739e-05,0.94314,28.1039,0.000513763,6.19141e-05,0.144071,0.480361,2.83054
0,5.35944,0.376156,-0.700566,0.0157063,9.99267e-05,5.36032e-05,4.63236e-05,0.899569,15.1733,0.000406709,9.07788e-05,0.144071,0.27412,2.80231
0,0.4559443,0.7978608748173692,-1.812695125168335,0.009946627086207896,0,0,0,-1.161933707037352e-46,32.18713599622374,0,0,0.1440706666666666,-7.200247370321172e+51,-1.398171202457772e+48
0,151.001,0.5745486,-1.297428,0.02066006,0.07644504,0.06162455,0.01482048,0.8819116,21.40645,0.7141767,0.1473967,0.1440707,842.5123,3.97535
0,81.0088879,0.439109579,-1.54901239,0.00895771183,0.786852898,0.529258618,0.25759428,0.288892806,3.7757872,4.68776703,0,0.144070667,11486.2258,6.42800855
1,0.25503,0.89375,-1.9121,0.022332,,,,,,,,,,
0,28.7667,0.26077,-1.17476,0.0230993,0.01561,0.0153071,0.00030287,0.85179,10.3557,0.0805148,0.0272722,0.144071,87.2977,3.58954
0,55.757365,0.8209302,-1.2998053,0.019271637,0.086613725,0.06446327,0.022150455,0.89385147,30.249339,1.0674407,0.1629155,0.14407067,1211.0689,4.0679404
1,0.25493,0.74079,-1.8532,0.019642,,,,,,,,,,
0,0.8093615,0.43599188435,-1.8707705085,0.020055032899,2.8539022293e-05,2.258882821e-05,5.9501940825e-06,-0.49536831593,17.58819115,0.0001986539836,0,0.14407066667,-1945851.812,-376.21434458
0,48.24014,0.9590404,-1.152863,0.0122051,0.02366478,0.02186739,0.001797391,0.9425358,37.77383,0.4230182,0.03896114,0.1440707,217.2219,3.639717
0,6.611,0.737476,-0.826432,0.0207833,0.00024966,0.000203908,4.57521e-05,0.945997,29.7437,0.00303324,0.000345527,0.144071,2.57358,3.04369
1,0.33184,0.34597,-1.938,0.02188,,,,,,,,,,
0,24.9170815,0.4040833003,-1.84607188,0.01025340291,0.9983621189,0.8382103859,0.160151733,0.003483695435,0.02669982637,6.832019712,0,0.1440706667,305847.6231,64.05390898
1,0.47357,0.95147,-1.7306,0.0086399,,,,,,,,,,
0,5.07126,0.370493,-0.52544,0.00945432,8.43775e-05,9.39195e-06,7.49856e-05,0.898201,14.9451,7.01877e-05,1.59036e-05,0.144071,0.028516,2.51085
0,5.44849,0.443726,-0.688818,0.0226801,6.51326e-05,3.19225e-05,3.32101e-05,0.913554,17.8995,0.000285717,5.40603e-05,0.144071,0.273822,2.7905
0,48.2792247,0.425543148,-1.59437763,0.00854170219,0.427459244,0.340447081,0.0870121629,1.04511536,9.82890584,2.92225686,0,0.144070667,14801.8178,7.13023862
0,21.6793709,0.6041327335,-1.884233909,0.01077300161,0.9110465299,0.6432674214,0.2677791086,0.19937007,2.167955823,7.838791174,0,0.1440706667,708454.7741,142.3150079
1,0.39018,0.64423,-1.9883,0.011896,,,,,,,,,,
1,0.3323,0.84113,-1.7862,0.015987,,,,,,,,,,
0,35.66336,0.2250603,-1.233615,0.02311065,0.03136298,0.03076057,0.0006024147,0.8237655,8.79458,0.1396428,0.05805381,0.1440707,163.2645,3.695319
0,53.54068,0.4819988,-1.225137,0.02149842,0.03131271,0.02966137,0.001651335,0.8997964,18.83583,0.2883781,0.05596852,0.1440707,287.0967,3.73989
0,6.00379,0.337417,-0.603274,0.0166081,5.63515e-05,1.45296e-05,4.18219e-05,0.889348,13.6112,9.88888e-05,2.46035e-05,0.144071,0.0712819,2.63577
0,6.81728,0.898185,-0.957746,0.0101674,0.00242816,0.00224321,0.000184957,0.953783,36.1464,0.0406406,0.00381512,0.144071,16.7561,3.27402
0,0.5056021000000001,0.7112757211481122,-1.973806559131712,0.02380161229535451,0,0,0,-8.532222710490932e-67,28.69413589511684,0,0,0.1440706666666666,-6.923549540005835e+72,-1.344440973726451e+69
0,5.52458,0.408742,-0.602803,0.010573,9.16606e-05,2.2685e-05,6.89756e-05,0.906831,16.4879,0.000187031,3.84143e-05,0.144071,0.0841716,2.64384
2,36.7158994,0.771670952,-1.43140554,0.0235451596,-37.8101755,-37.8188794,0.00870387702,-11.2341491,1208.18357,-588.661969,0,0.144070667,-20865.8399,-2.619633
0,4.79745,0.992747,-0.515164,0.00884221,0.000100328,8.80019e-06,9.15276e-05,0.959377,40.0452,0.00017622,1.4902e-05,0.144071,0.0626906,2.54106
0,17.1545522,0.470528293,-1.69365862,0.00885355963,0.330230333,0.256594971,0.0736353618,1.41096042,12.7135368,2.43533693,0,0.144070667,50764.4053,14.2761966
0,6.67661,0.556188,-0.914252,0.020988,0.000677906,0.000622951,5.49558e-05,0.929407,22.4224,0.00698876,0.00105711,0.144071,6.10104,3.17655
0,5.66806,0.38238,-0.60006,0.0165838,5.74482e-05,1.39624e-05,4.34859e-05,0.901068,15.425,0.000107691,2.3643e-05,0.144071,0.0765054,2.63619
0,5.41638,0.389086,-0.707353,0.0114489,0.000144448,8.02316e-05,6.42164e-05,0.902552,15.6941,0.000629674,0.000135879,0.144071,0.308334,2.81515
0,20.4542622,0.83600593995,-1.8949092589,0.017527717467,0.68772104474,0.46685340245,0.2208676423,0.71142716631,10.531912616,7.8725433722,0,0.14407066667,1106242.4627,219.5924956
0,6.45343,0.544368,-0.752363,0.0111645,0.000219056,0.000146651,7.24046e-05,0.928286,21.956,0.00161029,0.000248406,0.144071,0.747671,2.90575
0,5.23074,0.94703,-0.687837,0.0219641,7.07047e-05,3.25498e-05,3.81549e-05,0.957521,38.2022,0.000621781,5.51237e-05,0.144071,0.55059,2.82547
0,6.60032,0.927932,-0.917373,0.0167242,0.000900612,0.000813563,8.70488e-05,0.956146,37.4007,0.0152277,0.00138089,0.144071,10.2967,3.20738
0,5.75644,0.673114,-0.721426,0.0139485,0.000137708,7.88984e-05,5.88099e-05,0.941224,27.1509,0.00107123,0.000133627,0.144071,0.612846,2.86457
2,17.198427,0.45158802,-1.5161026,0.014342814,-0.6427337,-0.82259235,0.17985865,4.8389895,29.927108,-7.4929399,0,0.14407067,3561.4842,4.7960751
0,17.7703974,0.6842055261,-1.81137514,0.02140067554,0.8227367217,0.8227156781,2.104364972e-05,0.5163407441,4.892834437,11.35433024,0,0.1440706667,242162.6105,51.64061954
2,9.902926,0.6470676,-1.501531,0.01457739,-0.1395095,-0.1439497,0.004440159,60.36869,29.7456,-1.878822,0,0.1440707,235.3114,3.996007
0,25.1432339,0.908079919,-1.62512327,0.0143681416,0.304098639,0.144069099,0.160029539,1.26791877,25.4933509,2.63888268,0,0.144070667,46970.2069,13.466898
2,0.8208245,0.7339065081,-1.827759808,0.01199722079,0.0001388878877,-0.0002477725179,0.0003866604057,-1.247690388,29.60299029,-0.00366791315,0,0.1440706667,-748363.6803,-143.6754921
0,14.4197,0.253284,-1.12237,0.0207544,0.00906232,0.00888929,0.00017303,0.852317,10.1253,0.045415,0.0154862,0.144071,43.5211,3.49289
0,5.52694,0.412909,-0.563564,0.0239115,3.65277e-05,6.05978e-06,3.04679e-05,0.907718,16.6569,5.04703e-05,1.02611e-05,0.144071,0.0513189,2.57917
0,41.52106,0.434484,-1.243185,0.01743759,0.04731356,0.04472573,0.002587831,0.8815753,16.69856,0.3919732,0.08700415,0.1440707,327.5543,3.772568
0,28.8655081,0.587186032,-1.69828897,0.0131500889,0.706063472,0.478227814,0.227835658,0.516614719,6.96280836,5.66416267,0,0.144070667,80585.2503,20.0952961
0,0.5041286,0.5536055257211515,-1.849293750896214,0.01062571056187716,0,0,0,-4.914920509926581e-89,22.33343795524053,0,0,0.1440706666666666,-1.889944135899171e+94,-3.669964834764129e+90
0,15.4470635,0.2630805766,-1.863656841,0.02170855124,0.85107491,0.7815525131,0.06952239696,0.285573152,1.580563041,4.147363674,0,0.1440706667,276839.495,58.43346595
0,32.615419,0.54392696,-1.461505,0.015212689,0.19664378,0.17758145,0.019062337,2.0944103,17.628035,1.9483337,0,0.14407067,2403.772,4.4964682
2,0.8134318,0.7713524605048734,-1.958241349434932,0.01323159135996678,-147.8484717023449,-147.8580331105915,0.009561408246639758,-0.0001165013383515791,4631.827909103724,-2300.503849701372,0,0.1440706666666666,-6701772147094.607,-1301375401.804379
0,6.23393,0.529854,-0.797977,0.0239042,0.000158248,0.000123039,3.52092e-05,0.926509,21.3719,0.00131499,0.000208442,0.144071,1.31005,2.9803
1,0.24047,0.8284,-1.8492,0.019793,,,,,,,,,,
0,6.32737,0.849213,-0.8738,0.0161069,0.000553818,0.000483159,7.06594e-05,0.95255,34.2398,0.00827621,0.000819263,0.144071,5.4065,3.12975
0,5.86338,0.253905,-0.565848,0.00865126,8.97164e-05,1.72474e-05,7.24689e-05,0.858106,10.2421,8.83326e-05,2.92053e-05,0.144071,0.0343736,2.56086
0,6.34169,0.948637,-0.736221,0.0152521,0.000144088,8.72526e-05,5.68358e-05,0.957542,38.2642,0.00166957,0.000147783,0.144071,1.02666,2.90596
0,34.8974,0.604312,-1.07535,0.0135238,0.00787768,0.00755208,0.000325603,0.929997,24.187,0.0920562,0.0129926,0.144071,52.0874,3.45677
0,12.878,0.411275,-1.1469,0.0242341,0.0106545,0.010344,0.000310429,0.900668,16.4148,0.0858119,0.0181752,0.144071,91.4985,3.56491
0,80.425521,0.99281419,-1.3974018,0.01824536,0.23800518,0.15571478,0.082290403,0.79403238,30.519342,3.1183365,0.60278877,0.14407067,4818.2782,4.9369531
0,29.0627,0.359028,-1.10807,0.0224502,0.00707218,0.00688847,0.000183705,0.890908,14.3814,0.0498858,0.011915,0.144071,49.2175,3.48602
0,6.2420934,0.53079931,-1.5166882,0.018744674,0.054490079,0.054034565,0.00045551389,5.9255369,20.246577,0.57853172,0,0.14407067,1982.4929,4.4599452
0,4.88867,0.829218,-0.596543,0.0141212,7.29413e-05,1.56727e-05,5.72686e-05,0.951782,33.4497,0.000262143,2.65399e-05,0.144071,0.150128,2.66733
0,6.94344,0.887954,-0.9355,0.00880756,0.00212889,0.00194775,0.000181138,0.953488,35.7454,0.0348859,0.00330955,0.144071,12.4557,3.2357
0,5.24299,0.556576,-0.683626,0.0191552,7.63377e-05,3.53582e-05,4.09796e-05,0.929837,22.4515,0.000396953,5.98789e-05,0.144071,0.315673,2.79263
0,19.7832238,0.660009886,-1.552528,0.009340845,0.858430875,0.170397863,0.688033012,0.33371499,3.76941674,2.26850507,0,0.144070667,10385.2428,6.21255367
0,0.4433741,0.9527410060369474,-1.817531838204633,0.02350660091196825,0,0,0,-1.245352244304554e-41,38.4352777512868,0,0,0.1440706666666666,-8.536219822704138e+46,-1.657595374174171e+43
0,36.15808,0.9425333,-1.151146,0.02033615,0.01394524,0.01291307,0.001032178,0.9482463,37.49323,0.2454999,0.02287299,0.1440707,209.6336,3.634699
0,19.817476,0.20377591,-1.5670165,0.016647938,0.69326306,0.67821882,0.01504424,0.51305489,2.5215877,2.7877117,0,0.14407067,5443.1667,5.2341768
2,24.299927,0.78265969,-1.3869748,0.01686422,0.25175357,-0.021738837,0.2734924,1.8988633,23.625053,-0.34318986,0,0.14407067,1364.1675,4.1909558
0,5.68175,0.665902,-0.642587,0.0160965,7.4238e-05,2.48385e-05,4.93995e-05,0.940667,26.8617,0.000333627,4.20622e-05,0.144071,0.220373,2.7331
0,6.09112,0.365498,-0.832498,0.0200555,0.000268175,0.00022842,3.97551e-05,0.896838,14.7409,0.00168401,0.000387077,0.144071,1.45438,3.02021
0,6.79168,0.668736,-0.977856,0.0180327,0.00173923,0.00163675,0.000102479,0.93983,26.9311,0.0220782,0.00278513,0.144071,16.4039,3.29297
0,6.53566,0.452072,-0.848134,0.0089321,0.000724726,0.000626728,9.79976e-05,0.914595,18.2242,0.00571495,0.00106243,0.144071,2.15532,3.0562
0,48.802,0.5344047,-1.210762,0.0109774,0.05152699,0.0488368,0.00269019,0.8937708,20.44798,0.5264324,0.091129,0.1440707,260.8662,3.715498
0,6.25076,0.603358,-0.754032,0.0196465,0.000127132,8.51469e-05,4.19855e-05,0.934887,24.3375,0.00103626,0.000144221,0.144071,0.840751,2.91347
1,67.6805,0.948053,-1.26183,0.0203787,,,,,,,,,,
2,16.3136248,0.231355012,-1.71192445,0.0218045328,-0.473136778,-0.627067824,0.153931046,3.07904369,13.7491912,-2.92629834,0,0.144070667,31810.0222,10.589812
0,10.9506212,0.523258391,-1.809813795,0.02155612803,0.2047430305,0.1010618942,0.1036811364,1.756656322,16.78722269,1.066666868,0,0.1440706667,239367.4747,51.09569166
0,67.301802,0.33881033,-1.381418,0.022690289,0.14920114,0.11056219,0.038638951,0.7930851,11.628902,0.7555939,0.39474147,0.14407067,1496.956,4.2159572
0,5.7682,0.22369,-0.56103,0.0097037,7.5677e-05,1.4461e-05,6.1216e-05,0.84198,9.0234,6.525e-05,2.4476e-05,0.14407,0.029012,2.5473
0,10.9774,0.26022,-0.695978,0.0142233,0.000960199,5.57613e-05,0.000904437,0.860956,10.4877,0.000292684,9.45064e-05,0.144071,0.186637,2.77795
1,0.53212,0.45222,-1.9539,0.023976,,,,,,,,,,
0,6.44713,0.435363,-0.851298,0.0116176,0.000576842,0.000501869,7.49727e-05,0.911716,17.5532,0.00440725,0.000850735,0.144071,2.16892,3.05969
0,0.5083192,0.8187410845844896,-1.934966193423062,0.01660350728865731,0,0,0,-1.468959459238853e-43,33.02948103734111,0,0,0.1440706666666666,-2.810741466909607e+49,-5.458003835792703e+45
1,0.25553,0.7384,-1.9565,0.010778,,,,,,,,,,
0,40.504857,0.58603086,-1.3875763,0.014505487,0.22319589,0.22319353,2.3672354e-06,0.78204649,18.364841,2.6383187,0.66830431,0.14407067,2594.7678,4.4635563
0,6.39649,0.48619,-0.841123,0.0129075,0.000464789,0.000396422,6.83671e-05,0.920247,19.6047,0.00388767,0.000671894,0.144071,2.10589,3.04799
2,11.827257,0.89116041,-1.429699,0.015587578,0.36853463,-0.025438268,0.3939729,2.8801127,22.701815,-0.45726566,0,0.14407067,1496.1477,4.2640535
0,27.8770761,0.3185878132,-1.842998914,0.02222038248,0.9722931061,0.6725528314,0.2997402747,0.04831635009,0.3561001585,4.321959916,0,0.1440706667,282730.4124,59.5578105
0,30.168738,0.96781513,-1.3308442,0.023742731,0.1012403,0.069200944,0.032039352,0.89064667,35.09063,1.3509199,0.19701488,0.14407067,2100.6454,4.300019
0,4.2271023,0.652312901,-1.68228668,0.0213287749,0.601602166,0.601015109,0.000587056904,2.64987327,10.4840263,7.90799759,0,0.144070667,19260.7403,8.09752803
0,17.276005,0.93315385598675,-1.695020863065799,0.01943052367942241,0.06822688677276165,0.04919897539662933,0.01902791137613231,-6.994706468653002e-09,35.07668927969678,0.9260501018804057,0,0.1440706666666666,-28751204261253.79,-5583017327.340592
0,5.48477,0.581047,-0.682066,0.0213585,6.80228e-05,3.10813e-05,3.69415e-05,0.932597,23.4389,0.000364281,5.26359e-05,0.144071,0.322058,2.7921
0,6.64752,0.679253,-0.939871,0.023041,0.000850387,0.000787956,6.24308e-05,0.941264,27.379,0.0107959,0.00133816,0.144071,10.2224,3.22949
0,54.96801,0.8699659,-1.250903,0.0154277,0.06461014,0.05265828,0.01195187,0.9110767,32.82842,0.9240469,0.1085872,0.1440707,688.0381,3.888421
0,4.97682,0.997977,-0.561984,0.0122206,7.80941e-05,1.16184e-05,6.64757e-05,0.959595,40.257,0.000233879,1.96742e-05,0.144071,0.114968,2.61905
0,6.36819,0.477935,-0.85633,0.0230049,0.000309799,0.000270389,3.941e-05,0.919084,19.2748,0.00260665,0.000458311,0.144071,2.5203,3.0725
0,0.4661115,0.9971378496775505,-1.761682229957289,0.01945645938312583,0,0,0,-1.666739061549903e-20,40.22632590161786,0,0,0.1440706666666666,-3.25774071360234e+25,-6.326003839267887e+21
0,44.64417,0.8244888,-1.15278,0.0111051,0.02560067,0.02399245,0.001608217,0.9348312,32.40984,0.3990107,0.04277449,0.1440707,187.7105,3.6264
2,28.7063975,0.7381475533,-1.397302641,0.01240064092,-44.87262406,-44.87454202,0.001917961427,-0.4170899223,1366.003885,-668.1414024,0,0.1440706667,-410038.0976,-78.37769737
0,4.62708,0.932534,-0.579314,0.0196016,5.05426e-05,9.0494e-06,4.14932e-05,0.956903,37.6182,0.00017022,1.53238e-05,0.144071,0.134594,2.64448
2,1.96754,0.86640164,-1.52204356,0.0146365216,0.612564297,-0.0154803625,0.628044659,-0.37223565,13.5417275,-0.27053631,0,0.144070667,-22610.9347,-2.87199113
0,13.0808,0.412424,-0.659845,0.0200429,6.17389e-05,2.48992e-05,3.68397e-05,0.907604,16.6369,0.000207136,4.21637e-05,0.144071,0.176568,2.73897
0,15.857043,0.362621745,-1.73845494,0.0161733149,0.558351682,0.253534843,0.304816839,0.86373002,6.46078948,1.85445657,0,0.144070667,74921.9608,19.031999
0,6.39979,0.953783,-0.8148,0.0218993,0.000211418,0.000166674,4.47441e-05,0.957717,38.4692,0.00320659,0.000282407,0.144071,2.83152,3.03702
0,17.3845706,0.939596784,-1.58008555,0.0227316664,0.0599756226,0.0421102927,0.0178653299,2.22552215,35.6316394,0.798095666,0,0.144070667,20972.5097,8.33209964
0,6.16133,0.333101,-0.780352,0.0219442,0.000140194,0.000106887,3.33065e-05,0.888023,13.436,0.000718171,0.00018106,0.144071,0.685211,2.92925
1,0.25548,0.9297,-1.9988,0.015612,,,,,,,,,,
0,7.7543644,0.9489470529,-1.473449841,0.02233184351,0.3670905277,0.01160155018,0.3554889776,-0.00952025,24.22918149,0.222066565,0,0.1440706667,-847374.499,-163.2624809
0,6.26546,0.472449,-0.757097,0.0195494,0.00012932,8.90053e-05,4.03144e-05,0.918338,19.057,0.000848196,0.000150757,0.144071,0.697108,2.90688
2,17.7987238,0.4126015443,-1.656313199,0.01808784192,-2.690603342,-3.08400527,0.3934019283,-0.4992990581,61.43040605,-25.66676481,0,0.1440706667,-429043.1494,-81.81148748
0,56.168891,0.62187235,-1.378039,0.012271718,0.27238404,0.18641119,0.085972855,0.74891828,18.254025,2.3382901,0.69887251,0.14407067,2382.6752,4.4084526
0,5.5382,0.385648,-0.531856,0.0247062,3.30352e-05,3.90286e-06,2.91324e-05,0.901839,15.5572,3.03598e-05,6.60865e-06,0.144071,0.032104,2.52336
0,5.1216,0.529602,-0.57367,0.0209049,4.44081e-05,7.89197e-06,3.65162e-05,0.926549,21.3641,8.43064e-05,1.33637e-05,0.144071,0.0734228,2.60769
0,13.9355867,0.84944211090403,-1.47891128865838,0.0220503328639719,0.819120692857693,0.81710330783697,0.00201738502072202,-4.22665780062608e-08,6.19837488253257,14.0002543678097,0,0.144070666666667,-52375977381.5365,-10170564.1913082
2,2.0754086,0.6552578112,-1.839084019,0.01112228998,-1.663654623,-1.817187796,0.1535331726,-7.308384009,70.41177382,-24.01801926,0,0.1440706667,-351462.8072,-66.55362467
0,50.142184,0.46093505,-1.356491,0.017775163,0.15451264,0.11452257,0.039990062,0.81410686,15.721791,1.0647705,0.36583534,0.14407067,1431.3874,4.1759965
0,11.8102,0.628278,-1.01992,0.0229984,0.00230815,0.00219743,0.000110721,0.935902,25.2874,0.0278479,0.0037486,0.144071,26.5508,3.36175
0,5.49213,0.287306,-0.670423,0.00911743,0.000135637,6.26981e-05,7.2939e-05,0.872465,11.5888,0.000363349,0.000106177,0.144071,0.146566,2.73997
0,50.1188,0.7447512,-1.188478,0.01654043,0.02680847,0.0249069,0.001901571,0.9291601,29.23915,0.3741588,0.04542587,0.1440707,269.5017,3.696565
0,50.47241,0.6784583,-1.26393,0.01770684,0.06349428,0.05324125,0.01025303,0.8999487,25.63237,0.7286124,0.1118442,0.1440707,642.9284,3.889205
0,35.1556,0.279099,-1.13138,0.0108876,0.0193269,0.0189315,0.000395432,0.857342,11.0417,0.106578,0.0331421,0.144071,52.9704,3.51383
0,251.5708,0.9399089,-1.266792,0.01157749,0.1020915,0.07928199,0.02280948,0.8888464,34.04654,1.503092,0.1774608,0.1440707,897.0168,3.958519
0,4.9796,0.997094,-0.539942,0.0084379,0.000108749,1.26775e-05,9.60716e-05,0.959541,40.2202,0.000254974,2.14679e-05,0.144071,0.0865451,2.58241
0,6.62778,0.577132,-0.816159,0.0180716,0.000254276,0.000205531,4.87449e-05,0.932051,23.2766,0.00239264,0.00034825,0.144071,1.79145,3.01465
0,34.2051007,0.434150676,-1.735711291,0.02011744725,0.8485610667,0.5754748376,0.2730862292,0.2361171051,2.652364396,5.0395527,0,0.1440706667,108618.0563,25.59157324
0,0.5182229,0.9297175189103268,-1.833671461976907,0.009465361915503706,0,0,0,-2.998925374560837e-35,37.50646906465772,0,0,0.1440706666666666,-4.256006795701891e+40,-8.264474584224641e+36
0,42.47136,0.8945801,-1.193215,0.01473939,0.03278378,0.0295746,0.003209177,0.9335819,34.90583,0.5336583,0.05417417,0.1440707,340.2943,3.727032
0,53.90041,0.8048395,-1.205198,0.02271817,0.0246947,0.022297,0.002397706,0.9342364,31.66686,0.3619769,0.04099663,0.1440707,359.838,3.74568
0,5.06728,0.632167,-0.551365,0.0143668,6.29863e-05,8.62267e-06,5.43637e-05,0.937708,25.5011,0.000109951,1.46011e-05,0.144071,0.0650242,2.57914
0,5.8244,0.2131,-0.73068,0.024392,7.4981e-05,5.084e-05,2.4141e-05,0.83542,8.5961,0.00021853,8.6053e-05,0.14407,0.24618,2.8269
0,29.58561,0.5645903,-1.229376,0.009151823,0.07736318,0.07197526,0.005387923,0.8801087,21.01452,0.8196753,0.1388315,0.1440707,345.7929,3.765085
0,0.4857118,0.3439158284,-1.930031878,0.008994587138,0,0,0,12.32463525,13.87418019,0,0,0.1440706667,132079.7999,30.35183254
2,9.772460000000001,0.7220512615282142,-1.456721165053334,0.008505139021247604,-13.42087814236335,-13.4268335945619,0.00595545219854543,-6.686464603094088e-11,420.0634590494364,-195.554046991223,0,0.1440706666666666,-1687265169631660,-327639517054.8958
0,0.5113982,0.865331829034,-1.953447822101,0.01671043745976,0,0,0,-0.008011395494342,34.90903507376,0,0,0.1440706666667,-690649016.5478,-134111.4125359
0,5.68976,0.911219,-0.715327,0.018634,0.000100145,5.46105e-05,4.55341e-05,0.955908,36.7565,0.00100375,9.24895e-05,0.144071,0.755362,2.86925
0,6.05147,0.453084,-0.637296,0.0201842,5.55957e-05,1.85073e-05,3.70884e-05,0.915193,18.2772,0.00016914,3.134e-05,0.144071,0.143994,2.70593
0,6.44644,0.651696,-0.908214,0.0191328,0.000694963,0.000632451,6.25117e-05,0.939053,26.2723,0.00831376,0.00107308,0.144071,6.54723,3.17422
0,6.90451,0.911129,-0.922203,0.0163763,0.000974661,0.000883869,9.07913e-05,0.955335,36.7208,0.016244,0.00150048,0.144071,10.7656,3.21458
0,4.3773992,0.359975,-1.6046098,0.016689965,0.0017736833,0.0016743518,9.9331443e-05,4.5346992,14.496278,0.012157499,0,0.14407067,5738.0126,5.3317349
0,31.82694,0.2574936,-1.303244,0.01276885,0.1231523,0.1168068,0.006345436,0.7821555,9.108477,0.6066801,0.2569875,0.1440707,435.5659,3.868245
0,5.01461,0.842613,-0.531353,0.00988911,9.10981e-05,9.6873e-06,8.14108e-05,0.952499,33.9894,0.000164648,1.64041e-05,0.144071,0.0659823,2.55988
0,42.4568,0.490671,-1.10109,0.0246498,0.00594457,0.00574256,0.000202009,0.917421,19.6769,0.0568356,0.00992085,0.144071,59.7843,3.49108
1,0.12253,0.78628,-1.8598,0.012521,,,,,,,,,,
0,6.52061,0.308664,-0.865372,0.0194616,0.000399699,0.000358933,4.07656e-05,0.880065,12.4471,0.00223473,0.000608471,0.144071,1.90901,3.06715
1,0.48622,0.39231,-1.9416,0.012634,,,,,,,,,,
0,47.315615,0.39483593,-1.3878666,0.016186304,0.21057825,0.15081245,0.059765799,0.76398322,12.574216,1.2010996,0.60114368,0.14407067,1825.4099,4.296379
0,4.84826,0.942538,-0.580446,0.0168109,5.90232e-05,1.07061e-05,4.83171e-05,0.957335,38.0214,0.000203543,1.81294e-05,0.144071,0.137967,2.64689
0,5.1382,0.842474,-0.631349,0.017987,6.44086e-05,1.92404e-05,4.51682e-05,0.952509,33.9847,0.000326961,3.25819e-05,0.144071,0.238335,2.7259
0,25.8212231,0.4229792397,-1.852333451,0.01537229934,0.9996322436,0.8038146132,0.1958176304,0.0007434143517,0.006275299123,6.858041677,0,0.1440706667,365064.9823,75.56831491
0,6.23163,0.749335,-0.849813,0.0192738,0.000349347,0.000296824,5.25228e-05,0.94674,30.219,0.00448643,0.000503101,0.144071,3.52785,3.08346
0,24.7656,0.485979,-1.10892,0.0158047,0.0102064,0.0098647,0.000341676,0.914,19.4052,0.0967001,0.0171102,0.144071,65.4411,3.50465
0,5.36357,0.967398,-0.64916,0.00930441,0.000135522,4.6754e-05,8.87681e-05,0.958335,39.0213,0.000912324,7.91778e-05,0.144071,0.341911,2.76227
0,35.96269,0.54168451,-1.4689538,0.019300787,0.34932542,0.23491433,0.11441109,0.68248369,14.218881,2.5667354,1.428538,0.14407067,6547.5268,5.3600547
0,0.4865035,0.6967377856,-1.958216956,0.01064012282,0,0,0,16.86555935,28.10764955,0,0,0.1440706667,280837.9915,59.30520602
0,43.68146,0.587969,-1.24833,0.01230286,0.07358265,0.0660644,0.007518257,0.8850501,21.97436,0.7835146,0.1317423,0.1440707,458.6878,3.820479
0,5.30467,0.76918,-0.64412,0.0100505,0.000121325,4.05708e-05,8.07546e-05,0.948185,31.0263,0.000629458,6.87055e-05,0.144071,0.257544,2.74265
0,42.3129164,0.525557022,-1.54933476,0.00873911605,0.418771849,0.286171429,0.132600421,0.992498844,12.3231476,3.0336906,0,0.144070667,10957.1238,6.32316477
0,7.5340738,0.86045776,-1.5286795,0.018164589,0.090933042,0.0088328558,0.082100186,4.4056519,31.555902,0.15330484,0,0.14407067,4847.8727,5.0742923
0,5.69566,0.534498,-0.675624,0.0243106,5.72506e-05,2.51392e-05,3.21114e-05,0.927164,21.5614,0.000271033,4.25722e-05,0.144071,0.274333,2.77741
2,13.3895008,0.6402667076,-1.77837307,0.0184280722,-0.4765442452,-4.079901619,3.603357374,4.321246242,38.13840722,-52.69091999,0,0.1440706667,147616.9564,33.22295187
0,6.79677,0.440365,-0.66409,0.0248018,5.14204e-05,2.12487e-05,3.01717e-05,0.912961,17.7642,0.000188742,3.59827e-05,0.144071,0.197928,2.74908
0,6.71735,0.820308,-0.919801,0.0199017,0.000775554,0.00070536,7.01943e-05,0.950828,33.067,0.0116711,0.00119718,0.144071,9.4445,3.2052
2,14.6234388,0.753969734,-1.6281249,0.0111662514,0.279774423,-0.042975921,0.322750344,1.96011115,21.9067332,-0.653588311,0,0.144070667,27134.9094,9.59001359
0,6.23027,0.747917,-0.824552,0.0219218,0.000232041,0.000188709,4.33318e-05,0.946721,30.1653,0.0028469,0.000319764,0.144071,2.54583,3.04125
0,24.1515,0.573778,-1.10828,0.0142794,0.0112577,0.0108211,0.000436546,0.924612,22.8866,0.12524,0.0187831,0.144071,75.6721,3.51347
0,25.214501,0.42541841,-1.5249507,0.024001015,0.078440076,0.068157358,0.010282718,1.7128523,15.815941,0.58486308,0,0.14407067,5957.371,5.2965994
0,11.6581639,0.80073883073,-1.5842401131,0.01130358891,0.21047499474,0.006606820995,0.20386817375,-0.021019954051,25.504214065,0.10671085515,0,0.14407066667,-1676496.7302,-324.1888332
0,43.944772,0.31666642,-1.4395507,0.014203237,0.33020223,0.33020047,1.7608303e-06,0.66057446,8.5565931,2.1091374,1.3306258,0.14407067,2790.3566,4.5572451
2,17.0962022,0.5626918358,-1.701073926,0.01833412249,-0.4632370926,-0.5146652586,0.05142816602,-0.3020851012,33.21547611,-5.841449648,0,0.1440706667,-681372.8082,-130.7888191
0,6.416,0.907555,-0.797319,0.0122242,0.000315093,0.000238554,7.65394e-05,0.955598,36.6009,0.00436702,0.000404174,0.144071,2.15695,3.00542
0,6.37987,0.364857,-0.909789,0.0173072,0.000768603,0.000713401,5.5202e-05,0.896363,14.7077,0.00525027,0.00121051,0.144071,3.91826,3.14891
0,15.9992995,0.922148885,-1.71800541,0.0098900286,0.372905358,0.240894055,0.132011304,3.34663831,23.3286336,4.48076634,0,0.144070667,53691.4961,14.8718174
0,5.87308,0.986534,-0.709319,0.0142328,0.000126038,6.61884e-05,5.98491e-05,0.959115,39.7935,0.0013171,0.000112098,0.144071,0.754514,2.86318
0,21.9471485,0.7836584,-1.6633428,0.0182520385,0.596940898,0.38391717,0.213023728,0.770034153,12.7423841,6.06861378,0,0.144070667,63158.7168,16.6638798
2,32.5197278,0.75086362,-1.55241238,0.022326876,0.606810957,-0.185805774,0.792616731,0.853126874,11.9101611,-2.81413831,0,0.144070667,12816.7313,6.69540279
0,7.01232,0.973338,-0.942004,0.0223032,0.000915055,0.0008365,7.85546e-05,0.95807,39.2303,0.0164231,0.00142082,0.144071,14.7899,3.25148
1,0.49299,0.33539,-1.9743,0.022486,,,,,,,,,,
0,53.307301,0.31083373,-1.4791828,0.016418938,0.3593972,0.35939542,1.7810104e-06,0.63734374,8.0328959,2.2533354,1.9150645,0.14407067,4517.1468,4.9569432
0,5.15204,0.644275,-0.692982,0.0133263,0.000117692,5.73116e-05,6.03802e-05,0.938771,25.9882,0.000744799,9.70603e-05,0.144071,0.408134,2.8152
0,54.46324,0.2141127,-1.270636,0.01642769,0.06629987,0.06481817,0.001481699,0.7957105,8.06501,0.2799396,0.1313968,0.1440707,249.3724,3.770825
0,6.0337,0.24585,-0.78646,0.018353,0.00017375,0.00013823,3.5519e-05,0.85409,9.9163,0.0006855,0.00023416,0.14407,0.56872,2.9258
0,16.222,0.425268,-1.06154,0.0238261,0.00372316,0.00360294,0.00012022,0.907826,17.0922,0.0309062,0.00617572,0.144071,31.5771,3.41326
2,2.285528,0.898779358711,-1.55607286003,0.0173004860159,0.010801451826,-0.0371043539674,0.0479058057934,-0.000775090073164,35.8667252792,-0.672671665799,0,0.144070666667,-44527938.0723,-8645.44007224
0,27.0859841,0.977467411,-1.70152305,0.00959667289,0.982305744,0.372319011,0.609986733,0.0435718539,0.697733792,7.3407878,0,0.144070667,99807.4057,23.8421529
0,0.8295653,0.3838841875,-1.9318276401,0.015002283868,0.0011286899605,0.0011286335012,5.6459316995e-08,-0.35984608319,15.469095799,0.0087393338746,0,0.14407066667,-5161415.9585,-1000.6137906
0,10.9134,0.659443,-0.667292,0.016044,8.4119e-05,3.42258e-05,4.98932e-05,0.940115,26.6009,0.000455256,5.79597e-05,0.144071,0.29991,2.77366
0,29.33559,0.25281131,-1.5377639,0.012301058,0.23436106,0.18739719,0.046963871,1.1650011,7.808645,0.95561891,0,0.14407067,5098.0829,5.1345492
2,3.0460166,0.622885721,-1.81989812,0.0197953316,-5.55585509e-05,-0.00422127385,0.0041657153,-16.5308256,25.1297211,-0.0530367707,0,0.144070667,-43343.2123,-6.63344389
0,4.8419,0.573428,-0.554474,0.0247622,3.63551e-05,5.20668e-06,3.11484e-05,0.931783,23.1323,6.02234e-05,8.81655e-06,0.144071,0.0617774,2.57961
0,5.23863,0.723064,-0.618567,0.0202167,5.40532e-05,1.45266e-05,3.95265e-05,0.94511,29.1681,0.000211869,2.45991e-05,0.144071,0.174942,2.69721
2,21.8798038,0.5524421856,-1.758533873,0.02110326554,-11.4700157,-11.56000319,0.08998748281,-3.983052845,277.9130889,-128.8160444,0,0.1440706667,-904489.9678,-174.0716457
2,27.7762795,0.8068266119,-1.78116124,0.01409692958,0.8921690929,-0.7953698085,1.687538901,0.1985728891,3.50976985,-12.9441783,0,0.1440706667,306404.4335,64.09721534
1,0.24277,0.67915,-1.9999,0.0093966,,,,,,,,,,
0,11.24115,0.6208181,-1.14637,0.0223105,0.01165178,0.01113377,0.0005180111,0.9291686,24.7531,0.1394222,0.01960837,0.1440707,132.8382,3.591568
0,26.0354,0.740595,-1.04746,0.022593,0.00334467,0.00317585,0.000168821,0.944209,29.777,0.0474424,0.00543533,0.144071,44.1418,3.41883
0,8.9865037,0.909158364,-1.67989701,0.0168100351,0.3977926,0.388615068,0.00917753185,2.67003756,22.0872066,7.12663218,0,0.144070667,39053.752,11.9749408
1,51.2865,0.968573,-1.28929,0.020672,,,,,,,,,,
0,48.73635,0.7137563,-1.157169,0.008768796,0.03374748,0.03193858,0.001808904,0.922474,27.82247,0.459823,0.05731314,0.1440707,172.7719,3.623628
2,20.057628,0.69152934,-1.5210101,0.016708836,0.63047529,-0.0018346445,0.63230994,0.89762676,10.308827,-0.025591026,0,0.14407067,7043.8633,5.512246
2,21.131386,0.57724914,-1.5021043,0.022390953,-0.19461452,-0.24731603,0.052701502,2.6486114,27.819303,-2.8796567,0,0.14407067,5053.1285,5.0897051
0,37.313358,0.63667947,-1.3441022,0.017532249,0.13867642,0.099608051,0.039068367,0.8456672,22.122915,1.2792059,0.31633808,0.14407067,1653.7479,4.2142061
0,5.00219,0.543861,-0.509649,0.0243966,3.42715e-05,2.97148e-06,3.13e-05,0.928342,21.9396,3.25976e-05,5.0316e-06,0.144071,0.0330668,2.50267
1,0.29333,0.52708,-1.9347,0.0084964,,,,,,,,,,
0,10.2779,0.60459,-1.00579,0.0177362,0.00250148,0.00237835,0.000123124,0.933486,24.3292,0.0290043,0.00405392,0.144071,21.3596,3.33543
2,40.1753663,0.5284685546677006,-1.725697027485086,0.02206797865681102,-73931169.70929772,-73931170.12591128,0.4166135638952255,-5.874566882438454e-22,1576165801.273421,-788082894.4179957,0,0.1440706666666666,-2.281173442925827e+34,-4.429668665075421e+30
0,5.52613,0.685363,-0.678596,0.0137987,0.000104474,4.60121e-05,5.84616e-05,0.942234,27.6459,0.000636089,7.79222e-05,0.144071,0.35959,2.7943
2,37.8143222,0.4171671222,-1.668522295,0.02259945959,0.1554410683,-0.05457788666,0.2100189549,-0.3412649339,14.21330903,-0.4592529546,0,0.1440706667,-169898.5407,-31.43000199
0,6.56363,0.867008,-0.746619,0.0114626,0.000208219,0.000132679,7.55395e-05,0.953696,34.9694,0.00232033,0.000224737,0.144071,1.07665,2.91881
1,265.6702,0.7589425,-1.285686,0.02494087,,,,,,,,,,
0,16.4644079,0.329264787,-1.876269141,0.01508237168,0.7517658806,0.6142354561,0.1375304245,0.5008231171,3.297326313,4.079484998,0,0.1440706667,387229.2865,79.89922738
0,8.05362,0.770249,-0.977321,0.014485,0.00216226,0.00202357,0.000138684,0.946931,31.006,0.0314394,0.00344349,0.144071,18.6158,3.29937
0,5.33773,0.312276,-0.572829,0.0167128,5.04848e-05,9.7656e-06,4.07192e-05,0.881501,12.5971,6.15123e-05,1.65361e-05,0.144071,0.0450162,2.5817
0,29.0129,0.507251,-1.08087,0.0242948,0.00468237,0.00451547,0.000166899,0.920601,20.3676,0.046201,0.00776298,0.144071,47.5608,3.45673
0,8.21542,0.750957,-0.839852,0.0193767,0.00438979,0.000258861,0.00413093,0.946644,30.162,0.0039211,0.000440326,0.144071,3.0986,3.06675
0,6.59636,0.745328,-0.732766,0.0102898,0.000205163,0.000123716,8.14471e-05,0.946563,30.0617,0.00185994,0.000209546,0.144071,0.780525,2.88837
0,39.458429,0.202221941,-1.76788716,0.0108312426,0.840608559,0.662482504,0.178126055,0.271928618,1.30031459,2.70226451,0,0.144070667,69900.6401,18.0828077
0,23.4890378,0.838816025,-1.63279851,0.0222645773,0.253856206,0.174934889,0.078921317,1.69509122,25.2490136,2.95984059,0,0.144070667,38402.0353,11.8004248
0,24.7307,0.40034,-1.12356,0.0112955,0.0170247,0.0165462,0.000478508,0.894349,15.8755,0.133614,0.0288931,0.144071,66.0326,3.51987
0,11.22157,0.7001897,-1.14216,0.02159054,0.01148682,0.01091174,0.0005750757,0.9360146,27.92244,0.1541115,0.01919571,0.1440707,140.921,3.591963
0,51.425297,0.97297544,-1.4836347,0.019625731,0.093406235,0.056496823,0.036909413,1.4985968,35.585229,1.1087945,0,0.14407067,9011.2671,5.8695649
2,12.6557681,0.84195859293,-1.5278213146,0.024410534342,-0.5823034497,-0.75905109801,0.17674764831,-0.032021979222,53.744703923,-12.891009159,0,0.14407066667,-1123520.0358,-216.84558567
0,35.39942,0.2847106,-1.282194,0.02279105,0.05553807,0.05300783,0.002530232,0.8367636,10.84784,0.304417,0.1098684,0.1440707,370.0113,3.826084
1,0.32247,0.61829,-1.9339,0.010071,,,,,,,,,,
2,11.2726329,0.9325095092539,-1.602305582992,0.01239807113982,0.3376084920089,-0.01933680620389,0.3569452982128,-4.750286872694e-05,24.91857433448,-0.3637166516856,0,0.1440706666667,-914119822.7525,-177506.1824346
0,19.5225416,0.4634622992,-1.826253791,0.01955467432,0.4253012009,0.3335079753,0.0917932256,1.829584504,10.7450853,3.117782436,0,0.1440706667,181693.8019,39.89867528
2,11.1956926,0.67817200618,-1.4296941601,0.01378114754,0.022135437365,-9.3801623502e-05,0.022229238989,-0.00097197334737,26.753076584,-0.0012831439614,0,0.14407066667,-5224150.5137,-1013.2985775
0,37.005172,0.23955441,-1.3960721,0.0085946102,0.3810719,0.29841509,0.082656809,0.59555635,5.9813545,1.4419497,1.2579808,0.14407067,1237.6966,4.1704954
0,6.34801,0.295709,-0.885735,0.024392,0.000405303,0.000371891,3.34112e-05,0.87547,11.9246,0.00221822,0.000630614,0.144071,2.38809,3.09911
0,6.22133,0.400456,-0.834751,0.0185527,0.000298576,0.000254165,4.44107e-05,0.904957,16.1503,0.00205303,0.000430721,0.144071,1.62552,3.02822
0,6.08675,0.379333,-0.724195,0.0103748,0.000180734,0.000109915,7.08192e-05,0.900275,15.3002,0.000841015,0.000186161,0.144071,0.374135,2.84194
0,7.48991,0.538956,-0.994508,0.00979205,0.00391362,0.00372555,0.000188071,0.925256,21.6574,0.0405013,0.00635217,0.144071,16.595,3.31026
0,13.546698,0.84360162,-1.5903451,0.01126644,0.041116582,0.021781361,0.019335221,-6.1289044,32.633104,0.37063599,0,0.14407067,-7957.0939,0.09551082
0,55.53599,0.2775894,-1.267005,0.02090177,0.05053745,0.04883874,0.001698708,0.8372045,10.63251,0.2734592,0.09856564,0.1440707,298.2293,3.785875
0,6.6515,0.23054,-0.90774,0.0098097,0.0013033,0.0012257,7.7584e-05,0.84521,9.2884,0.0056997,0.0020801,0.14407,2.556,3.1246
0,42.848183,0.93617499,-1.3622027,0.016633427,0.8699464,0.26975697,0.60018943,0.21579204,4.911731,5.0939524,0,0.14407067,1815.5084,4.268513
2,23.7462121,0.6818875814,-1.72658843,0.01880631735,-155.9804037,-234.053175,78.07277125,143.0774191,4318.305754,-3219.233574,0,0.1440706667,259565.6339,54.93878353
0,6.75296,0.446491,-0.931376,0.00887036,0.00196249,0.00183468,0.000127809,0.91284,17.9769,0.0165234,0.00311658,0.144071,6.2055,3.19456
0,4.85921,0.961505,-0.599789,0.0236359,4.42498e-05,9.76242e-06,3.44874e-05,0.95815,38.7871,0.000189336,1.65313e-05,0.144071,0.18029,2.67998
0,31.913299,0.57624644,-1.3521954,0.010023027,0.24946281,0.18113546,0.068327349,0.7612695,17.447598,2.1054111,0.61395591,0.14407067,1607.5727,4.2118777
0,5.20326,0.448626,-0.503116,0.0138021,5.84247e-05,4.82962e-06,5.35951e-05,0.914421,18.0973,4.37042e-05,8.17804e-06,0.144071,0.0254624,2.48271
0,1.4388452,0.404503006574,-1.75059952961,0.0142794410041,0.00867465655216,0.000420622129302,0.00825403442286,-0.00867854102564,16.1768191119,0.00343193490671,0,0.144070666667,-21822069.0906,-4236.09758682
0,6.02946,0.587927,-0.754458,0.02216,0.000112966,7.59036e-05,3.7062e-05,0.933303,23.7154,0.000900142,0.000128564,0.144071,0.825149,2.91293
0,0.487069,0.4307943174482976,-1.984578280829685,0.009152707652743031,0,0,0,-1.244185244519659e-119,17.37901396065157,0,0,0.1440706666666666,-3.302382601993942e+125,-6.41269114258159e+121
0,49.669,0.9670265,-1.238956,0.02345474,0.03802053,0.03093847,0.007082064,0.9332443,37.52834,0.6034793,0.06126404,0.1440707,658.624,3.868518
0,4.99977,0.654295,-0.525243,0.0176553,4.93571e-05,5.01666e-06,4.43404e-05,0.939695,26.3941,6.62084e-05,8.49481e-06,0.144071,0.048016,2.53743
0,6.39039,0.820738,-0.853895,0.0179982,0.00039334,0.000334946,5.83937e-05,0.9511,33.097,0.00554505,0.000567759,0.144071,4.05316,3.09478
0,7.93568,0.368853,-1.03514,0.0227206,0.00278754,0.00269888,8.86593e-05,0.896098,14.8387,0.0200799,0.00461335,0.144071,19.784,3.36054
0,48.82961,0.3054353,-1.310765,0.02179846,0.07945164,0.07172156,0.007730074,0.8289828,11.34282,0.4418696,0.1658026,0.1440707,563.6767,3.913891
0,6.55118,0.627747,-0.809272,0.0133007,0.000322342,0.000255614,6.67282e-05,0.93713,25.3163,0.00323664,0.000433105,0.144071,1.77381,3.00725
0,6.47489,0.591844,-0.860004,0.0194839,0.000384673,0.000334648,5.00246e-05,0.933541,23.8669,0.00399504,0.000567282,0.144071,3.22087,3.08892
1,0.50839,0.73095,-1.9709,0.023319,,,,,,,,,,
0,38.23211,0.3455604,-1.237139,0.01561282,0.04863666,0.04696001,0.001676647,0.8609356,13.2625,0.3273236,0.08991185,0.1440707,246.4849,3.736168
0,52.885207,0.24334218,-1.4457157,0.014998408,0.38302651,0.26091835,0.12210816,0.59640797,6.0567419,1.2806993,1.3639198,0.14407067,2367.9197,4.4729448
0,17.2014,0.339467,-1.14812,0.0187553,0.0138876,0.0135503,0.000337272,0.881287,13.5045,0.0927836,0.0238555,0.144071,78.1469,3.55544
0,25.6641706,0.542789799,-1.62693443,0.0176523533,0.26359525,0.161960076,0.101635173,1.23000438,16.1251374,1.77322898,0,0.144070667,31346.3683,10.4140334
0,5.09901,0.517896,-0.561463,0.01611,5.59203e-05,8.75465e-06,4.71657e-05,0.925006,20.8917,9.14549e-05,1.48245e-05,0.144071,0.0614812,2.58636
2,11.8721583,0.96467979,-1.56594082,0.010795368,0.801535139,-0.00855310104,0.81008824,0.762948286,7.72363908,-0.16643013,0,0.144070667,11057.7761,6.35978571
0,8.2134923,0.55426094,-1.5551633,0.016718873,0.11319624,0.0018550052,0.11134123,9.8690949,19.828824,0.020738846,0,0.14407067,1910.9045,4.4826293
0,6.32897,0.583589,-0.80249,0.0248601,0.000160152,0.000125368,3.47846e-05,0.932811,23.5392,0.00147577,0.00021239,0.144071,1.5187,2.99244
2,41.4735893,0.576041955,-1.56524835,0.015373643,-1.21446121,-3.78202156,2.56756035,3.85506513,51.4608977,-43.9443744,0,0.144070667,14451.8567,7.03192315
0,52.622039,0.53818609,-1.3783827,0.010105317,0.29451802,0.20663229,0.087885732,0.72400619,15.316995,2.2431371,0.85245359,0.14407067,2077.2526,4.3424396
0,5.34553,0.505932,-0.592672,0.0146202,6.65544e-05,1.44037e-05,5.21507e-05,0.923363,20.4089,0.000146991,2.43906e-05,0.144071,0.089838,2.63706
0,1.315854,0.5571936,-1.483422,0.02341442,0.4409366,0.007770652,0.4331659,5.650243,12.56673,0.08733509,0,0.1440707,841.7246,4.161143
0,10.5171,0.62529,-1.1207,0.0119938,0.0156727,0.0150097,0.000663011,0.926991,24.83,0.189312,0.0262308,0.144071,96.052,3.5421
0,6.63248,0.318805,-0.957827,0.0202146,0.00118435,0.00113026,5.40867e-05,0.88294,12.8459,0.00726825,0.00192091,0.144071,6.43938,3.22296
2,10.31104,0.5666371,-1.434843,0.02285291,-0.9167847,-1.33713,0.4203455,17.46875,43.81608,-15.28283,0,0.1440707,508.616,4.021995
0,6.0809,0.905837,-0.725213,0.0155526,0.000129198,7.42875e-05,5.49106e-05,0.955639,36.5384,0.00135735,0.000125819,0.144071,0.85279,2.88538
0,6.46552,0.734872,-0.892998,0.0246172,0.000452002,0.000404431,4.75708e-05,0.945686,29.6326,0.00599489,0.000685945,0.144071,6.03099,3.15469
0,6.32225,0.982698,-0.842285,0.0181808,0.000344278,0.000285757,5.85209e-05,0.95882,39.6302,0.00566424,0.000484189,0.144071,4.14718,3.08437
0,47.77013,0.2104575,-1.237615,0.009806343,0.07595655,0.07463379,0.001322755,0.7874468,7.845343,0.3168291,0.144029,0.1440707,160.3929,3.69785
0,6.48565,0.376639,-0.792464,0.0153285,0.000228766,0.000178757,5.00085e-05,0.899604,15.1908,0.00135805,0.000302833,0.144071,0.893449,2.95504
0,35.7862,0.42409,-1.07545,0.00841814,0.0125141,0.0121247,0.000389426,0.902021,16.8944,0.103718,0.0208971,0.144071,37.5549,3.43723
0,6.24725,0.293606,-0.621416,0.0140696,6.89736e-05,2.16518e-05,4.73218e-05,0.874899,11.8438,0.000128228,3.66641e-05,0.144071,0.0795961,2.65958
0,42.59386,0.4209824,-1.239699,0.01543138,0.05142332,0.04889633,0.002526992,0.8763747,16.10985,0.4152077,0.09401051,0.1440707,303.9626,3.76066
0,7.10208,0.296907,-1.0055,0.0202689,0.00214167,0.00207315,6.85189e-05,0.874835,11.9521,0.0124158,0.00353409,0.144071,11.1548,3.29978
1,0.50271,0.77539,-1.9747,0.010148,,,,,,,,,,
0,0.473009,0.696637165,-1.65860446,0.0124834874,0,0,0,-2.07125846,28.1035903,0,0,0.144070667,-48729.005,-7.84658923
0,5.27333,0.413901,-0.536668,0.0155517,5.34043e-05,6.5955e-06,4.68088e-05,0.907909,16.6966,5.50642e-05,1.11682e-05,0.144071,0.036407,2.53463
0,5.46894,0.358376,-0.554815,0.00960745,8.67689e-05,1.34785e-05,7.32904e-05,0.89512,14.4563,9.74329e-05,2.28236e-05,0.144071,0.040365,2.55808
0,36.142,0.404514,-1.1108,0.0205759,0.00799922,0.00777025,0.000228972,0.900953,16.1883,0.0634007,0.0134645,0.144071,56.7392,3.49752
0,14.0357996,0.74473068,-1.62439184,0.0182038629,0.469897434,0.243073515,0.226823919,1.44540763,15.9262789,3.65142225,0,0.144070667,25499.4454,9.26550579
1,0.42739,0.83089,-1.816,0.023769,,,,,,,,,,
0,13.9204,0.7883321,-1.139362,0.01909124,0.01261245,0.01189946,0.0007129906,0.9412552,31.40162,0.1892176,0.02094228,0.1440707,152.0338,3.595223
1,161.4078,0.7713189,-1.273953,0.01383347,,,,,,,,,,
0,10.6195,0.32197,-1.15647,0.0239418,0.0120734,0.0117927,0.000280697,0.877161,12.832,0.0765866,0.0208032,0.144071,83.0502,3.56787
0,0.4307142,0.4849677620572511,-1.882533907316643,0.02368983752233443,0,0,0,-2.725807139123514e-22,19.56446769581738,0,0,0.1440706666666666,-4.575211823896365e+27,-8.884318952267968e+23
0,6.56879,0.834427,-0.753051,0.00834274,0.000302167,0.000197985,0.000104183,0.951919,33.6521,0.00333231,0.000335376,0.144071,1.12743,2.92762
2,9.7097953,0.650471858,-1.4804383,0.0240259956,-0.0564412205,-0.138839878,0.0823986571,-0.122029342,27.7222845,-1.82166244,0,0.144070667,-82743.6183,-14.657047
0,5.58547,0.843334,-0.645915,0.0123995,9.94211e-05,3.36519e-05,6.57692e-05,0.952532,34.0182,0.000572446,5.69881e-05,0.144071,0.287645,2.75013
2,28.4892873,0.433625745,-1.53853734,0.0122311726,-15.3747282,-118.299922,102.925193,6.07486247,286.447031,-1034.72439,0,0.144070667,36222.6278,11.279956
2,1.4319306,0.4550219520377501,-1.95409583331211,0.02307448120690948,-6990.733475374461,-6990.757821354553,0.024345980092221,-2.95282620399419e-05,128343.0571473558,-64162.57382589795,0,0.1440706666666666,-694667713287028.9,-134893197696.7175
0,43.23141,0.7732967,-1.259133,0.02020144,0.05439849,0.04459533,0.00980316,0.9126316,29.49915,0.6956018,0.09217436,0.1440707,686.0311,3.896112
0,5.40102,0.815494,-0.6279,0.0149398,7.63471e-05,2.21607e-05,5.41864e-05,0.951008,32.896,0.000364527,3.75272e-05,0.144071,0.221049,2.71858
0,50.3767,0.857977,-1.05661,0.0110511,0.00771464,0.00728227,0.000432369,0.948349,34.3453,0.126028,0.0124969,0.144071,57.0091,3.44361
2,2.0823345,0.53507338806386,-1.8453333455821,0.016106968689631,-64.462937036477,-64.462937433417,3.96940237124e-07,-0.029286613497248,1413.0710672965,-695.74262875913,0,0.14407066666667,-1907268451.8206,-370359.32535369
0,42.3740739,0.734432097,-1.65148447,0.0140234317,0.804804674,0.566228902,0.238575772,0.296629401,5.78330677,8.38820146,0,0.144070667,63900.3971,16.7966436
0,16.5014907,0.6855323275,-1.718465348,0.008649515502,0.01896018377,0.003399105889,0.01556107788,-0.3569709871,27.13124603,0.04700215864,0,0.1440706667,-588881.0084,-112.803525
0,48.34817,0.5138545,-1.317554,0.02004547,0.09397228,0.07432714,0.01964514,0.8631895,18.78178,0.7703937,0.1967313,0.1440707,978.0428,4.029458
0,5.23438,0.709712,-0.590867,0.0173323,5.76793e-05,1.18713e-05,4.58079e-05,0.944133,28.6294,0.000169944,2.01024e-05,0.144071,0.120426,2.65032
0,42.00914,0.3543133,-1.297731,0.01251385,0.1210743,0.1096256,0.01144873,0.8157403,12.56304,0.7834741,0.244296,0.1440707,536.6455,3.893082
0,6.41917,0.536384,-0.725846,0.0110242,0.000177945,0.000105656,7.2289e-05,0.927325,21.6348,0.00114313,0.00017895,0.144071,0.524612,2.86099
0,6.22912,0.280093,-0.764637,0.0140856,0.000184364,0.000136089,4.82751e-05,0.869581,11.2974,0.000768865,0.000230513,0.144071,0.480813,2.89529
2,20.82024,0.35926941,-1.55099,0.020742684,-0.073753491,-0.077192342,0.0034388519,2.0898177,15.562522,-0.55939635,0,0.14407067,6712.9019,5.4754857
0,16.9763925,0.803837604,-1.52932083,0.0160069014,0.0849365755,0.0773737631,0.00756281244,2.00696274,29.6739036,1.25454779,0,0.144070667,10090.0573,6.13054465
2,13.1920718,0.662568973,-1.58102921,0.0218710971,0.0257728391,-0.000380091954,0.0261529311,-1.91045959,26.0403307,-0.00507978045,0,0.144070667,-18072.5449,-1.92021211
2,10.6231254,0.959640351,-1.7273484,0.0218598012,0.0631815625,-0.0542778901,0.117459453,4.80988762,36.2676233,-1.05064653,0,0.144070667,65482.996,17.1810796
2,1.424225,0.48103167996396,-1.877285304698,0.02397364505048,-20.074098769958,-20.226799577787,0.15270080782922,-0.019731350740293,408.95719800768,-196.25739089224,0,0.14407066666667,-1235037911.0642,-239823.00819728
2,10.903468,0.98725721,-1.4920101,0.017963407,0.038166551,-0.049110821,0.087277372,3.2923275,38.307636,-0.97798608,0,0.14407067,4917.0506,5.0517841
0,6.12936,0.435741,-0.764967,0.0248494,0.000108789,7.74697e-05,3.13195e-05,0.912082,17.5767,0.000680903,0.00013122,0.144071,0.716233,2.91614
1,0.32359,0.83064,-1.8541,0.020651,,,,,,,,,,
2,7.6946121,0.267001887,-1.76928565,0.00926607927,-4.71799931,-5.21012381,0.492124504,17.2770963,61.590481,-28.0599922,0,0.144070667,53055.6781,14.79902
0,19.0005,0.551987,-1.12273,0.0192565,0.0100026,0.00962504,0.000377509,0.922929,22.0454,0.107166,0.0167688,0.144071,87.9155,3.538
2,21.0238383,0.8232457689,-1.755362741,0.01286198496,0.517888204,-0.5104159926,1.028304197,1.029123051,16.01151517,-8.475765865,0,0.1440706667,193635.9369,42.15002392
0,31.471715,0.90830409,-1.3215618,0.023904974,0.092016945,0.064280183,0.027736763,0.89436,33.270872,1.1776969,0.17368409,0.14407067,1760.5058,4.2156107
0,34.3736,0.622066,-1.06472,0.0117627,0.00792335,0.00758383,0.000339517,0.931698,24.8964,0.0951591,0.0130313,0.144071,46.6868,3.43946
1,58.8709,0.453966,-1.36966,0.0199864,,,,,,,,,,
0,4.3419388,0.4225058476,-1.895721736,0.02346116706,0.007050332581,0.007033910276,1.642230473e-05,5.267039916,16.92447185,0.05994524213,0,0.1440706667,242635.5297,51.81689962
0,47.37277,0.701762,-1.220411,0.01367301,0.04848902,0.04398397,0.004505049,0.9117097,26.93759,0.6226004,0.08281755,0.1440707,381.3521,3.768055
0,5.07432,0.492298,-0.555859,0.0183566,4.82054e-05,7.14965e-06,4.10557e-05,0.92142,19.8592,7.09967e-05,1.21066e-05,0.144071,0.0545956,2.57465
0,5.16852,0.539255,-0.573411,0.0196874,4.7231e-05,8.35213e-06,3.88788e-05,0.927767,21.7535,9.08483e-05,1.41429e-05,0.144071,0.0744141,2.60812
0,5.72114,0.468809,-0.623297,0.0155675,6.83215e-05,2.00466e-05,4.82748e-05,0.917795,18.9113,0.000189567,3.39466e-05,0.144071,0.124116,2.6843
0,6.3661,0.994281,-0.763923,0.0178397,0.000156925,0.000106468,5.04571e-05,0.9594,40.1048,0.00213527,0.000180345,0.144071,1.53294,2.95436
0,29.299608,0.5225315786,-1.814473534,0.01725653685,0.8324940183,0.6342403117,0.1982537067,0.3151077895,3.531002526,6.684848266,0,0.1440706667,297993.01,62.4957354
2,9.5084255,0.727783745,-1.47638819,0.0117644866,-4.48606862,-4.49843352,0.0123649004,-0.839278746,161.071518,-66.037227,0,0.144070667,-66357.3409,-11.4678082
2,21.2043364,0.61774199337335,-1.7256979143798,0.021256863460771,-0.13608029254467,-0.26548595148031,0.12940565893564,-5.3330135981111e-05,28.312050062416,-3.3080635226683,0,0.14407066666667,-4513732663.7227,-876492.54467236
0,6.71461,0.721082,-0.887823,0.0196147,0.000532991,0.000474959,5.80319e-05,0.944658,29.0742,0.00690822,0.000805522,0.144071,5.5428,3.14508
2,30.884544,0.28907121,-1.5003449,0.016502766,0.44316971,-0.44468748,0.88785719,0.88521618,6.49356,-2.5928949,0,0.14407067,3450.2542,4.757088
0,6.56494,0.703086,-0.840664,0.0188881,0.000320805,0.000269332,5.14732e-05,0.943467,28.3546,0.00381963,0.000456455,0.144071,2.95339,3.06507
0,41.00141,0.2572193,-1.322051,0.009308333,0.1965957,0.1823292,0.01426649,0.7338246,8.336674,0.9459862,0.448852,0.1440707,541.0196,3.918669
2,1.0740285,0.8206610071609999,-1.948925799344602,0.01877879406477897,-310.8103416613727,-310.8103417484465,8.707377219252521e-08,-7.47822483526056e-05,10323.08444900387,-5144.988758867775,0,0.1440706666666666,-20644902113898.77,-4008904989.267056
0,20.3963,0.691063,-1.02947,0.0243118,0.0024713,0.00234813,0.000123172,0.941155,27.8098,0.0327314,0.00400871,0.144071,32.8243,3.38341
0,6.30058,0.45694,-0.754886,0.0142111,0.000174009,0.00011901,5.49993e-05,0.915773,18.4306,0.0010969,0.000201582,0.144071,0.657156,2.90163
2,10.187704,0.44242059,-1.5970501,0.01510995,-0.040077108,-0.10304461,0.062967498,4.3346566,18.563336,-0.91957206,0,0.14407067,6975.6297,5.5745359
0,5.72686,0.250281,-0.663217,0.0243013,4.73088e-05,2.1445e-05,2.58637e-05,0.856373,10.0963,0.000108263,3.63144e-05,0.144071,0.11859,2.72188
0,47.22475,0.4548964,-1.260487,0.02218489,0.04662349,0.04285041,0.003773082,0.8855124,17.49573,0.3931811,0.08540627,0.1440707,426.6991,3.822709
2,14.5282361,0.734185156,-1.58862297,0.0100769623,0.121167751,-0.0937776095,0.21494536,2.6270666,26.0295555,-1.38876873,0,0.144070667,14483.3074,7.06151668
1,0.97492,0.99869,-1.7598,0.02101,,,,,,,,,,
2,17.8796823,0.418385206,-1.63480629,0.0164330982,0.0558713649,-0.0192912413,0.0751626062,3.07897909,15.9353885,-0.162802722,0,0.144070667,13691.7542,6.95110536
0,5.25765,0.858592,-0.641456,0.00971699,0.000124516,4.05513e-05,8.39651e-05,0.953319,34.6328,0.000702291,6.86726e-05,0.144071,0.276313,2.74361
0,6.09583,0.53844,-0.72769,0.0138576,0.000143386,8.60695e-05,5.73169e-05,0.927604,21.7185,0.000934786,0.000145774,0.144071,0.539106,2.86424
0,5.72375,0.288282,-0.548996,0.0125786,6.19e-05,9.55365e-06,5.23463e-05,0.872888,11.6291,5.55537e-05,1.6177e-05,0.144071,0.0308999,2.53853
0,5.16453,0.685611,-0.597243,0.0207547,4.89066e-05,1.076e-05,3.81466e-05,0.942289,27.6574,0.000148804,1.82205e-05,0.144071,0.126515,2.65923
2,10.7401818,0.73493569,-1.64417839,0.0221228528,0.0273473082,-0.00416712365,0.0315144319,6.05640729,28.8378114,-0.0617747357,0,0.144070667,14207.9749,7.0626208
0,44.44681,0.8070218,-1.145002,0.008764901,0.02927026,0.02754903,0.00172123,0.9314384,31.60376,0.4484528,0.04904253,0.1440707,166.2424,3.608213
0,35.912,0.625353,-1.06951,0.0109884,0.0090091,0.00862398,0.000385119,0.931308,25.0006,0.108782,0.0148342,0.144071,49.8765,3.44827
0,6.55381,0.899832,-0.75511,0.0235735,0.000113186,7.195e-05,4.12356e-05,0.955369,36.2967,0.00130592,0.000121871,0.144071,1.24411,2.93476
2,1.7291361,0.2614496155,-1.889936462,0.01842474568,0.08804727005,-0.04393283805,0.1319801081,6.615108009,9.618680549,-0.2316874115,0,0.1440706667,101932.2487,24.44425877
0,6.90233,0.867246,-0.930128,0.0195772,0.000896366,0.00081847,7.78959e-05,0.953261,34.9549,0.0143176,0.00138964,0.144071,11.3707,3.22544
0,6.11254,0.67984,-0.727147,0.0192883,0.000104161,6.14074e-05,4.2754e-05,0.941793,27.4231,0.000842079,0.000104003,0.144071,0.665793,2.87456
0,7.1939,0.355357,-1.00379,0.0107109,0.0039777,0.00383478,0.000142919,0.891886,14.2787,0.0274872,0.0065424,0.144071,12.7874,3.3054
0,56.36602,0.6646255,-1.209557,0.0170772,0.03354417,0.03105032,0.002493849,0.9187341,25.91279,0.4162634,0.05767892,0.1440707,316.6617,3.735087
0,27.4286289,0.2812364344,-1.82346896,0.01222387511,0.9968724251,0.7974381199,0.1994343052,0.005734366287,0.03548415493,4.523699481,0,0.1440706667,184712.685,40.48295526
0,6.41888,0.871146,-0.865319,0.0157139,0.000514916,0.000444188,7.07286e-05,0.953706,35.1255,0.00780518,0.000753078,0.144071,4.96787,3.11684
1,70.4229,0.500019,-1.30038,0.0149729,,,,,,,,,,
0,32.4304522,0.2673925981,-1.809189983,0.02310018337,0.9984656934,0.7251390264,0.273326667,0.00237102402,0.01655071228,3.911072176,0,0.1440706667,173449.8468,38.27838325
0,5.76274,0.368743,-0.60743,0.0218314,4.42633e-05,1.16595e-05,3.26038e-05,0.897793,14.8751,8.67221e-05,1.97435e-05,0.144071,0.0814002,2.64675
0,11.7133,0.319492,-1.06008,0.0229252,0.00377413,0.00367469,9.94431e-05,0.88155,12.8402,0.0236813,0.00629899,0.144071,23.9743,3.39616
0,6.40786,0.623135,-0.800505,0.0087106,0.000449154,0.000348736,0.000100418,0.936614,25.1271,0.00438333,0.000590896,0.144071,1.5739,2.9923
0,6.30865,0.74354,-0.764255,0.0164994,0.000167871,0.000115608,5.22625e-05,0.946466,29.9907,0.00173388,0.000195828,0.144071,1.16697,2.9406
0,49.739108,0.2095458,-1.482991,0.012499071,0.46665831,0.46665662,1.6929212e-06,0.5193696,4.5085788,1.9724299,2.6417675,0.14407067,3267.178,4.7013822
0,33.783553,0.47549498,-1.3382903,0.015037463,0.14934819,0.11482407,0.03452412,0.82020297,16.317474,1.1012959,0.34228889,0.14407067,1167.1759,4.0960052
0,44.355247,0.37106028,-1.41667,0.022821337,0.20193005,0.13161959,0.070310464,0.76463658,11.946497,0.98512232,0.61725347,0.14407067,2508.5772,4.4741775
0,11.6496,0.71234,-1.00856,0.0169766,0.00272113,0.00257391,0.000147223,0.942607,28.6589,0.0369833,0.00438865,0.144071,25.8196,3.34881
0,48.58754,0.3370125,-1.243951,0.008924436,0.09075283,0.08768471,0.00306812,0.8313616,12.36184,0.596067,0.1716801,0.1440707,259.6756,3.748221
0,6.44829,0.789963,-0.882774,0.0200749,0.000492351,0.000434974,5.73773e-05,0.949237,31.8528,0.00693099,0.000737629,0.144071,5.66374,3.14116
1,122.522,0.9810226,-1.273116,0.01046438,,,,,,,,,,
0,38.67823,0.8896719,-1.228554,0.02332621,0.03291344,0.02795202,0.004961422,0.9332313,34.70966,0.5016123,0.05389702,0.1440707,532.9756,3.82284
2,16.6605755,0.914678494,-1.67271167,0.0117413198,0.046168189,-0.0507588419,0.0969270309,2.14641773,35.1961724,-0.936494743,0,0.144070667,70589.0788,18.1218194
0,6.44066,0.949736,-0.894794,0.0111204,0.00103279,0.000915886,0.000116901,0.957011,38.2745,0.0175457,0.00155392,0.144071,7.87732,3.17056
0,43.19107,0.9164295,-1.212897,0.01599432,0.03944581,0.03435788,0.005087928,0.9300813,35.51208,0.6351125,0.06428426,0.1440707,447.4691,3.781595
0,0.497205,0.467888,-1.99135,0.0104648,0,0,0,0,18.8755,0,0,0.144071,-Inf,-Inf
2,1.4629985,0.48347654037,-1.8472173551,0.021358829762,-0.59555040537,-0.70180263027,0.10625222489,-0.16513824128,31.12010836,-6.8440877291,0,0.14407066667,-7631682.0235,-1480.4040818
2,14.3252826,0.81279362,-1.72087057,0.0128374801,0.609596682,-1.15300636,1.76260304,1.58732754,12.801149,-18.9032797,0,0.144070667,64445.194,16.9722566
0,45.609558,0.29296963,-1.4286541,0.017824575,0.29360696,0.20189092,0.091716042,0.6792563,8.3488024,1.1930663,0.92180228,0.14407067,2301.8913,4.4416084
0,66.79592,0.486649,-1.301073,0.01604057,0.0990322,0.08257142,0.01646078,0.8559459,17.68806,0.8105331,0.198944,0.1440707,751.6608,3.95549
0,22.2361968,0.535494951,-1.63092026,0.00980239127,0.382793105,0.254041467,0.128751638,1.43928028,13.3334125,2.74400667,0,0.144070667,23314.234,8.84309813
0,46.4492121,0.582307029,-1.62461152,0.0140846351,0.784812286,0.549186867,0.235625419,0.290413771,5.05504086,6.45055891,14.4560397,0.144070667,40396.1266,12.1820591
0,38.7317,0.2218898,-1.518371,0.01072026,0.5054402,0.3560851,0.1493551,6.332495,4.427019,1.593736,0,0.1440707,414.4882,4.07673
0,6.3272,0.803537,-0.866352,0.0236838,0.000344618,0.00029867,4.59488e-05,0.950142,32.4049,0.00484086,0.000506332,0.144071,4.66172,3.11454
0,7.38091,0.417139,-0.998935,0.0141572,0.00284369,0.00272841,0.000115273,0.906795,16.7803,0.0229571,0.00465069,0.144071,13.8874,3.30501
0,6.13966,0.61062,-0.742504,0.0196557,0.000115127,7.33967e-05,4.17305e-05,0.935619,24.6307,0.000904008,0.000124313,0.144071,0.733196,2.89489
0,25.9357603,0.268299779,-1.68265991,0.0155177411,0.807931396,0.668473223,0.139458172,0.300450119,2.07889169,3.61767461,0,0.144070667,33846.3237,10.9591523
0,35.873626,0.86882849,-1.4501235,0.018666863,0.02911361,0.011150484,0.017963125,2.0511901,34.029662,0.19541278,0,0.14407067,4093.6622,4.840592
0,15.4914442,0.952812475,-1.52742517,0.0115673961,0.074164535,0.0548148787,0.0193496563,2.35182413,35.5874126,1.05349157,0,0.144070667,10078.0149,6.12624919
0,35.45015,0.8320159,-1.219909,0.0089624,0.07419887,0.06542524,0.008773622,0.9025661,31.07453,1.098,0.1255337,0.1440707,441.5171,3.786763
0,5.00548,0.615857,-0.527886,0.02426,3.58181e-05,3.77699e-06,3.20411e-05,0.936182,24.8439,4.69192e-05,6.3956e-06,0.144071,0.046932,2.5389
0,47.813767,0.81559959,-1.297922,0.013449702,0.12034469,0.090202767,0.030141926,0.8702685,28.943076,1.4839594,0.22785702,0.14407067,1161.7263,4.0543382
0,6.1831847,0.85715893,-1.5266152,0.021948807,0.96317785,0.95635775,0.0068201067,0.2355905,1.2732851,16.535103,0,0.14407067,3562.32,4.8067621
2,9.6752632,0.62704303,-1.4862435,0.024815715,-0.022459663,-0.025148755,0.0026890928,4.9697954,25.864179,-0.31808194,0,0.14407067,2042.2734,4.4426354
0,50.308,0.714004,-1.176081,0.01386703,0.02719711,0.02555715,0.001639958,0.9267765,28.02081,0.3680766,0.04620697,0.1440707,220.8177,3.664476
0,18.5500683,0.7786832383,-1.80149411,0.01030354337,0.7210772826,0.4438480944,0.2772291881,0.6201657109,8.761932036,6.971405688,0,0.1440706667,318019.9085,66.37499682
0,6.49426,0.447915,-0.81847,0.00982474,0.000473838,0.0003894,8.44385e-05,0.914034,18.0611,0.00351816,0.000659871,0.144071,1.46016,3.00639
1,0.25909,0.32823,-1.9995,0.010138,,,,,,,,,,
0,6.62105,0.258952,-0.945832,0.0161945,0.00126698,0.00120981,5.71639e-05,0.859764,10.4333,0.00631921,0.00205538,0.144071,4.60408,3.19337
1,0.36559,0.5138,-1.9912,0.011238,,,,,,,,,,
0,7.32528,0.228971,-1.04613,0.0163895,0.00439605,0.00429958,9.64694e-05,0.842445,9.19648,0.0198578,0.00736592,0.144071,15.0214,3.35646
0,3.9749727,0.42367881,-1.5575055,0.024745586,0.98043317,0.048678556,0.93175461,0.11355286,0.3344355,0.41600601,0,0.14407067,2886.6832,4.6956487
0,49.56438,0.4155663,-1.222467,0.02157792,0.02985618,0.02864804,0.001208139,0.8892771,16.26416,0.2401377,0.05388186,0.1440707,242.3729,3.719834
0,40.37019,0.9292955,-1.225374,0.008841974,0.082787,0.07046802,0.01231898,0.9012535,34.38581,1.320903,0.1364956,0.1440707,524.8527,3.817294
0,16.9928,0.358404,-0.795387,0.0131485,0.14246,0.000185162,0.142275,0.878866,12.3989,0.0013386,0.000366552,0.144071,0.775012,2.95063
0,0.4498842,0.4928106313407467,-1.921396530063673,0.02180599560579456,0,0,0,-6.532204167553514e-117,19.88086308277787,0,0,0.1440706666666666,-3.196000313833667e+122,-6.206114001398417e+118
2,36.6605539,0.626620181887,-1.80573740705,0.024317207831,-791.852572498,-798.075082696,6.22251019827,-8.99722788666,20042.5042387,-10087.2619845,0,0.144070666667,-52951277.5485,-10280.8751525
0,45.54803,0.84475,-1.166282,0.0226201,0.01504468,0.01397543,0.001069244,0.9428475,33.56603,0.2381325,0.0249767,0.1440707,229.2584,3.658244
0,5.10395,0.488181,-0.556384,0.0152917,5.78427e-05,8.64072e-06,4.9202e-05,0.920804,19.6929,8.50855e-05,1.46316e-05,0.144071,0.0545416,2.57512
2,5.2254332,0.85148130079,-1.6710103764,0.023670011745,-0.53279694926,-0.53706431166,0.004267362391,-0.033216073775,52.652004344,-9.2241547335,0,0.14407066667,-6676246.3223,-1295.0433067
2,2.4783615,0.575400476,-1.43463658,0.019881357,0.0295155421,-0.00128510873,0.0308006508,-0.332034189,22.5275503,-0.0149154123,0,0.144070667,-13721.402,-1.20753076
0,22.7727104,0.592625908,-1.66915142,0.0180777325,0.352403543,0.248880756,0.103522786,1.19205895,15.4824706,2.97506954,0,0.144070667,53411.9224,14.7684065
0,8.7073529,0.40319921,-1.6148982,0.0084921954,0.17672742,0.025442473,0.15128495,2.806564,13.391169,0.20692081,0,0.14407067,9774.4129,6.153196
0,6.0527,0.21659,-0.76092,0.0144,0.00016892,0.00012689,4.2028e-05,0.83759,8.7362,0.00055437,0.00021497,0.14407,0.36801,2.8778
0,41.374114,0.7323138,-1.3540788,0.023569342,0.11714049,0.080757971,0.036382521,0.86830008,26.082186,1.1929103,0.26748263,0.14407067,2158.5122,4.3358868
0,5.33954,0.896607,-0.632816,0.0102125,0.000114523,3.45312e-05,7.99917e-05,0.955213,36.1666,0.00062451,5.84771e-05,0.144071,0.257728,2.73139
0,14.240827,0.39302266,-1.6063874,0.0083801318,0.4408605,0.28644432,0.15441618,-3.8911906,8.8652897,2.2708214,0,0.14407067,-4183.892,0.87727748
0,6.55734,0.64342,-0.738279,0.00951955,0.000230172,0.000143536,8.66363e-05,0.938622,25.9508,0.00186286,0.000243121,0.144071,0.72935,2.89039
2,35.451465,0.82758761,-1.4527597,0.02452015,-0.22451961,-1.5085037,1.2839841,2.192427,40.882259,-25.181727,0,0.14407067,4759.6593,4.9802992
0,4.95233,0.712427,-0.586939,0.0141384,6.99706e-05,1.38369e-05,5.61336e-05,0.944326,28.7386,0.000198841,2.3431e-05,0.144071,0.114914,2.64398
2,12.1242445,0.557881341,-1.58785582,0.0197396921,0.0289357285,-0.0150010278,0.0439367562,2.70899491,21.8547065,-0.168806055,0,0.144070667,11676.9483,6.50473336
0,6.34172,0.564858,-0.759784,0.0149424,0.000175367,0.000120532,5.48349e-05,0.930731,22.7834,0.0013733,0.000204164,0.144071,0.8512,2.91986
0,42.36954,0.9455305,-1.207919,0.01963257,0.03028619,0.02643003,0.003856157,0.937495,36.98914,0.5040788,0.04912687,0.1440707,433.7493,3.772352
1,0.25885,0.54977,-1.9975,0.015205,,,,,,,,,,
0,30.471,0.54724912,-1.502719,0.022476646,0.19906938,0.18175951,0.01730987,1.4978541,17.682153,2.0063532,0,0.14407067,5724.36,5.2270706
0,4.91815,0.769373,-0.540797,0.0117039,7.72455e-05,9.24093e-06,6.80046e-05,0.948226,31.0355,0.000143409,1.56482e-05,0.144071,0.0683246,2.57111
0,34.9947391,0.252339572,-1.72156213,0.0132350777,0.997862689,0.709685923,0.288176766,0.00333385758,0.0217574629,3.61224105,0,0.144070667,52617.1299,14.6657111
0,49.727235,0.34782204,-1.4308783,0.022047288,0.24297388,0.16836424,0.07460964,0.73025784,10.622412,1.1812237,0.76684843,0.14407067,2803.1667,4.5512955
0,6.38696,0.564689,-0.893841,0.0123363,0.000902245,0.000815663,8.65822e-05,0.930246,22.76,0.00929064,0.00138372,0.144071,4.76041,3.14313
0,45.163072,0.43486072,-1.3885959,0.016427755,0.22494642,0.15816032,0.066786106,0.7612726,13.596811,1.387308,0.59788303,0.14407067,1999.5333,4.3356017
0,6.35932,0.327458,-0.817535,0.00908665,0.000498892,0.000416005,8.28871e-05,0.886091,13.2036,0.00274776,0.00070495,0.144071,1.08796,2.99027
2,26.0224495,0.2783066938,-1.84390859,0.01718613436,-1.800571452,-2.894600757,1.094029305,4.293614615,31.4431086,-16.24940615,0,0.1440706667,284231.0192,59.85038567
0,5.60562,0.79104,-0.72111,0.0234917,8.23262e-05,4.66585e-05,3.56677e-05,0.949568,31.9093,0.000744482,7.90217e-05,0.144071,0.711032,2.87191
0,24.5977,0.672199,-1.09562,0.0248105,0.00557236,0.00532297,0.000249385,0.937641,26.9666,0.0721735,0.00918719,0.144071,74.7216,3.49996
0,5.35154,0.292701,-0.687169,0.0214248,6.44286e-05,3.30852e-05,3.13434e-05,0.874564,11.8073,0.000195336,5.60282e-05,0.144071,0.184723,2.76861
0,36.816143,0.93893448,-1.306045,0.023575297,0.077602067,0.055499157,0.02210291,0.90556508,34.938864,1.0511068,0.14428843,0.14407067,1495.9432,4.1403527
0,0.5009883,0.91575160733202,-1.9597620109039,0.018618342883538,0,0,0,-0.0010898252913776,36.943059190242,0,0,0.14407066666667,-5826759038.9794,-1131460.7396076
0,7.91972,0.622512,-0.98967,0.0232254,0.0015623,0.00147844,8.38627e-05,0.935839,25.074,0.0185642,0.00251678,0.144071,17.8512,3.30941
0,32.0741107,0.398210096,-1.753562734,0.01045627797,0.7984704717,0.4154249053,0.3830455664,0.3710797178,3.237472747,3.336798385,0,0.1440706667,106100.7608,25.11940191
0,8.98633,0.66346,-1.00449,0.0209202,0.00209286,0.00198309,0.000109764,0.939161,26.7091,0.0265389,0.0033801,0.144071,22.922,3.33807
2,11.0513507,0.38959002489,-1.5301376629,0.020850691291,0.12740961243,-0.072279521323,0.19968913375,-0.0023188677003,13.714292859,-0.56799990995,0,0.14407066667,-4078611.9697,-790.74041816
0,8.7546856,0.39236595,-1.5839638,0.012317047,0.00015264546,0.00015264537,9.3175033e-11,3.4234421,15.826329,0.0012080923,0,0.14407067,6364.9961,5.4381674
0,4.83589,0.951069,-0.578812,0.0110141,8.97028e-05,1.60011e-05,7.37016e-05,0.957681,38.3644,0.000306964,2.70961e-05,0.144071,0.136271,2.64461
0,4.71977,0.897742,-0.542102,0.0235935,3.88273e-05,4.66165e-06,3.41657e-05,0.955316,36.2151,8.44144e-05,7.89368e-06,0.144071,0.0804734,2.58083
0,5.09095,0.897553,-0.695219,0.0201552,8.05157e-05,3.89985e-05,4.15172e-05,0.95528,36.206,0.000706046,6.60453e-05,0.144071,0.575063,2.83509
0,47.04586,0.22425,-1.326092,0.01765378,0.1102426,0.1027936,0.007448964,0.7743176,8.049319,0.4649688,0.249278,0.1440707,521.4337,3.917013
2,9.5991045,0.793621646,-1.61692499,0.0242378163,0.248355366,-0.175404418,0.423759784,2.82548481,24.0647432,-2.80788426,0,0.144070667,17907.7748,7.76570002
0,21.111,0.77539,-1.02202,0.0173956,0.00315704,0.00298315,0.000173895,0.946611,31.1819,0.0466573,0.0050915,0.144071,33.2548,3.37672
0,16.5714925,0.978594815,-1.62901469,0.0236335825,0.112722674,0.0194346414,0.0932880326,2.50251852,35.0281709,0.383622977,0,0.144070667,34374.4089,11.0088482
0,21.6647,0.573143,-1.11229,0.0149363,0.0113175,0.0108786,0.000438906,0.924503,22.8599,0.125765,0.0189066,0.144071,79.5902,3.52083
0,7.1003,0.20157,-0.9524,0.01513,0.0014855,0.0014084,7.7155e-05,0.8268,8.1196,0.0057262,0.0023936,0.14407,4.0538,3.1933
0,19.89676,0.6949774,-1.16393,0.02310571,0.01407799,0.01331128,0.0007667124,0.9339291,27.64193,0.1866017,0.02372405,0.1440707,184.9269,3.636242
0,48.87761,0.5767187,-1.267384,0.01463293,0.07752449,0.06716074,0.01036375,0.881302,21.46219,0.7812764,0.1414788,0.1440707,574.6578,3.873634
0,20.154,0.798503,-1.0903,0.0207287,0.00627799,0.0059507,0.000327289,0.945993,32.0108,0.0958451,0.0102709,0.144071,82.1156,3.50094
0,23.7556,0.962107,-1.02424,0.0248088,0.00229976,0.00215252,0.000147235,0.956706,38.7238,0.041773,0.00367335,0.144071,42.0442,3.3927
0,24.803,0.849356,-1.03518,0.0197402,0.00329727,0.00310871,0.00018856,0.950775,34.1516,0.0532593,0.00531296,0.144071,42.9397,3.40489
0,27.3462,0.523176,-1.07454,0.0230307,0.00456311,0.00439493,0.000168182,0.922826,21.0096,0.0463794,0.00754949,0.144071,45.119,3.44722
0,29.2786147,0.413429263,-1.59204115,0.0241385534,0.122570826,0.0576512448,0.0649195815,1.79546628,14.6341819,0.480767467,0,0.144070667,12448.911,6.66211065
0,38.275675,0.3095765,-1.3909772,0.0093575321,0.37753611,0.28516509,0.092371018,0.62394246,7.7738709,1.7806949,1.0822238,0.14407067,1438.1644,4.2120413
1,72.6679,0.937195,-1.26656,0.010633,,,,,,,,,,
2,1.387999,0.5756132076213,-1.89241538628,0.01648012338939,-2.80585328433,-2.896791943091,0.09093865876128,-0.02450080649502,88.37673619383,-33.63358992542,0,0.1440706666667,-261047277.1575,-50689.73684178
0,53.95304,0.9820814,-1.168673,0.01605258,0.02217328,0.02021595,0.001957335,0.9444357,38.74044,0.400467,0.03629274,0.1440707,272.3918,3.677868
0,33.7073,0.3085081,-1.260872,0.01483548,0.06689963,0.06444231,0.002457317,0.8380564,11.61315,0.401017,0.128349,0.1440707,300.7519,3.780664
2,8.9359365,0.622757125,-1.40079903,0.00877651872,0.588178315,-0.00606197387,0.594240289,-0.0592815297,10.3462527,-0.0761479009,0,0.144070667,-22854.4117,-3.04106528
0,5.57264,0.480413,-0.591526,0.0242348,3.96571e-05,8.56246e-06,3.10946e-05,0.919638,19.3799,8.29733e-05,1.44991e-05,0.144071,0.0844022,2.6327
0,49.8517909,0.434855142,-1.58704123,0.0240010159,0.980863708,0.625117952,0.355745756,0.0301999518,0.335704813,5.48317051,0,0.144070667,15922.0776,7.3441872
2,9.1577254,0.93849253,-1.5577132,0.013114542,0.28589956,-0.0010325306,0.28693209,3.3586446,27.036177,-0.019546046,0,0.14407067,7910.8761,5.7232734
0,22.1127,0.989753,-0.997367,0.0105225,0.00386722,0.00359825,0.000268967,0.956802,39.774,0.0718362,0.00613237,0.144071,30.5746,3.34723
0,4.96182,0.598751,-0.535972,0.0113174,7.74311e-05,8.98225e-06,6.84488e-05,0.934452,24.1528,0.000108482,1.521e-05,0.144071,0.0507136,2.55097
0,16.9064,0.540633,-1.12774,0.0225719,0.00908657,0.00874844,0.000338123,0.922145,21.6119,0.0954022,0.0152575,0.144071,91.9989,3.54614
0,25.4407,0.432942,-1.07802,0.0225737,0.00483839,0.0046857,0.000152695,0.908568,17.3811,0.0409193,0.00805492,0.144071,39.6481,3.443
0,5.47869,0.306136,-0.668636,0.0148556,8.33674e-05,3.7608e-05,4.57594e-05,0.879391,12.349,0.000232231,6.36865e-05,0.144071,0.151434,2.73986
0,4.9455,0.560711,-0.508856,0.022955,3.65612e-05,3.1261e-06,3.34351e-05,0.930344,22.6193,3.53564e-05,5.29343e-06,0.144071,0.0336734,2.50281
2,37.2020066,0.2646645831,-1.774458657,0.01329824699,0.3671415666,-0.2903103581,0.6574519247,0.9840812773,6.757056754,-1.549828099,0,0.1440706667,109212.6554,25.74606262
0,6.33249,0.369786,-0.861468,0.014056,0.00053263,0.000472651,5.99786e-05,0.897745,14.9099,0.00352546,0.000801274,0.144071,2.13206,3.06897
0,14.98897,0.61982334,-1.4277117,0.018831448,0.074502504,0.020977997,0.053524507,2.8320038,23.141864,0.26227514,0,0.14407067,1511.9648,4.265678
0,25.7817,0.402241,-1.12067,0.0148408,0.0125247,0.0121711,0.000353597,0.897609,16.0239,0.0987508,0.0211886,0.144071,63.9849,3.51496
0,7.29343,0.369116,-1.01349,0.0232149,0.00207722,0.00200448,7.27403e-05,0.89661,14.8599,0.0149242,0.003419,0.144071,14.9939,3.32371
0,5.01969,0.510686,-0.511371,0.0117564,7.06246e-05,6.30417e-06,6.43204e-05,0.924019,20.6005,6.49392e-05,1.0675e-05,0.144071,0.0318916,2.50253
0,22.9257,0.300351,-1.13557,0.0149059,0.0149238,0.0145983,0.000325491,0.868137,11.9359,0.0884417,0.0255485,0.144071,59.6798,3.52545
2,21.9903722,0.665275327,-1.7238520894,0.0084730383527,-0.12360989616,-0.50239341032,0.37878351417,-0.058028833508,30.155889193,-6.7417170606,0,0.14407066667,-4314879.4852,-836.42891486
0,47.44957,0.438141,-1.21674,0.02133244,0.02831491,0.02713453,0.001180379,0.8945255,17.17491,0.2398067,0.05063677,0.1440707,236.3991,3.711665
0,4.89607,0.703425,-0.586566,0.0133822,7.38097e-05,1.45491e-05,5.92607e-05,0.943652,28.3753,0.000206432,2.4637e-05,0.144071,0.113,2.64274
0,57.64652,0.2109283,-1.261239,0.01710096,0.05795515,0.05677067,0.001184475,0.7988165,8.016071,0.2415372,0.1118722,0.1440707,218.8239,3.748782
0,9.10682,0.350353,-1.03426,0.0239087,0.00261782,0.00253693,8.08864e-05,0.891393,14.0969,0.0179283,0.00433492,0.144071,18.6822,3.3565
0,6.19286,0.313926,-0.832765,0.0149727,0.00035753,0.000307004,5.05254e-05,0.88186,12.6598,0.001944,0.000520263,0.144071,1.27464,3.01367
0,12.1943713,0.725497387,-1.57202017,0.0105086447,0.0029891917,0.00298822048,9.71222764e-07,2.84100199,29.1803761,0.0437294144,0,0.144070667,12130.3565,6.57889961
0,6.53505,0.588131,-0.926983,0.0228559,0.000728335,0.000673451,5.48836e-05,0.93293,23.709,0.00798924,0.00114318,0.144071,7.56853,3.20064
0,6.46268,0.990661,-0.890164,0.0162528,0.000670132,0.000590637,7.94943e-05,0.958923,39.9382,0.0118024,0.00100183,0.144071,7.72972,3.16493
2,8.9485223,0.922045811963659,-1.69493217780369,0.0174022446551425,0.802133101395597,-0.172784287485494,0.974917388881091,-1.78096250206798e-06,7.36005080743599,-3.21352672829422,0,0.144070666666667,-23666729631.6385,-4595693.88020118
2,7.4047649,0.48601472,-1.5727991,0.0088665922,0.84396826,-0.04041875,0.88438701,0.61702048,3.0592681,-0.39623923,0,0.14407067,5914.4926,5.3357504
0,5.9538959,0.65893253,-1.4734414,0.023257345,4.3002541e-05,4.3002483e-05,5.8612613e-11,4.8495595,26.581375,0.00057155713,0,0.14407067,1824.79,4.381816
0,6.03138,0.257389,-0.676782,0.0150814,8.36506e-05,4.11378e-05,4.25127e-05,0.859761,10.3827,0.000213578,6.96526e-05,0.144071,0.144593,2.74563
0,70.92301,0.52746104,-1.4818217,0.01764869,0.38672015,0.26383409,0.12288606,0.65150827,13.049812,2.8070262,1.8430496,0.14407067,7426.2769,5.5500325
2,13.3028309,0.679133007,-1.61956152,0.0118725395,-0.0895687073,-0.0909318493,0.00136314203,3.04846961,29.8513947,-1.24565,0,0.144070667,21298.2466,8.43562036
0,11.7147,0.258375,-1.07526,0.0246999,0.00422647,0.0041355,9.09659e-05,0.857684,10.3793,0.0215528,0.00710476,0.144071,24.2059,3.41188
0,8.90694,0.654323,-0.993241,0.010554,0.00359775,0.0034024,0.000195344,0.937411,26.3016,0.0449059,0.00579844,0.144071,19.5712,3.31804
0,29.4405,0.747583,-1.07125,0.0158949,0.00641935,0.00610204,0.000317311,0.94269,29.9652,0.0920153,0.0104872,0.144071,60.3953,3.46188
0,36.05442,0.6191985,-1.24255,0.009917738,0.08560616,0.07698783,0.008618322,0.8799595,22.84117,0.9615617,0.1517301,0.1440707,445.2227,3.810552
0,34.84683,0.8872388,-1.21742,0.01184851,0.05575215,0.04858575,0.0071664,0.9177807,33.79727,0.86951,0.0919673,0.1440707,457.3799,3.789167
0,33.660288,0.61598728,-1.3290415,0.010244536,0.2004708,0.15005827,0.05041253,0.80033344,19.868324,1.8644763,0.4461504,0.14407067,1293.3056,4.1165213
2,26.5083717,0.7261757556,-1.747322535,0.02399580409,-16.08880523,-16.43327803,0.3444727994,-7.702010112,500.6204788,-240.7083294,0,0.1440706667,-729580.9869,-140.1073291
0,6.08386,0.57402,-0.740682,0.020701,0.000107186,6.80792e-05,3.91063e-05,0.931803,23.1545,0.000788255,0.000115306,0.144071,0.676071,2.88889
0,6.15038,0.797826,-0.784729,0.0198643,0.000169984,0.0001249,4.50833e-05,0.949918,32.1802,0.00201001,0.000211585,0.144071,1.62293,2.97811
0,5.4303,0.775482,-0.700242,0.0192112,8.66243e-05,4.36409e-05,4.29835e-05,0.948606,31.2816,0.000682637,7.39082e-05,0.144071,0.533689,2.83627
0,1.427151,0.5452630957349,-1.88044633906,0.01954997386114,0.2591543076172,0.2591542464752,6.114200978846e-08,-0.002877222399661,16.29630075428,2.850293648009,0,0.1440706666667,-351486384.4265,-68251.57119131
2,1.1393329,0.9274238379259,-1.993313509477,0.02297747493977,-3.314451960668,-3.766324445153,0.4518724844851,-0.1299939807177,161.4206375895,-70.45651439022,0,0.1440706666667,-328437030.5671,-63775.64433649
0,24.4039255,0.249176592938,-1.67446698129,0.0169069501536,0.345204332827,0.261142235752,0.0840620970756,-0.00244549868676,6.58215653642,1.31253088571,0,0.144070666667,-11850836.1997,-2299.8907228
1,0.22242,0.81274,-1.9196,0.011545,,,,,,,,,,
0,5.01177,0.727966,-0.544244,0.0233739,3.87372e-05,4.83673e-06,3.39005e-05,0.945469,29.3663,7.10211e-05,8.19015e-06,0.144071,0.0677738,2.57414
2,4.9997374,0.81696439,-1.4599846,0.0093039818,0.58980772,-0.012370054,0.60217778,2.8319923,13.519037,-0.20384493,0,0.14407067,1336.9757,4.2576508
0,5.64698,0.361417,-0.664281,0.0133744,9.28617e-05,3.95001e-05,5.33617e-05,0.895907,14.5789,0.00028796,6.68911e-05,0.144071,0.165936,2.74021
0,32.9619499,0.2653292349,-1.845454871,0.01283903277,0.9993416384,0.7710906343,0.2282510041,0.001176845581,0.007047008285,4.12682168,0,0.1440706667,237071.9671,50.68508726
0,50.597184,0.7896959,-1.3486758,0.018108824,0.14862137,0.10226379,0.04635758,0.84994371,27.123005,1.6289469,0.32479723,0.14407067,2139.378,4.3263107
2,17.4684729,0.429996544,-1.72937787,0.00999449176,-0.229234035,-0.358545452,0.129311416,4.85431498,21.3233143,-3.10981356,0,0.144070667,39155.4656,12.0443065
2,10.1065699,0.5932829716,-1.426010479,0.01621472762,0.6323820703,-0.006874498327,0.6392565686,-0.01522616849,8.798603245,-0.08226745541,0,0.1440706667,-104609.2748,-18.96947889
0,6.34719,0.909065,-0.856426,0.0100868,0.000725401,0.000617283,0.000108119,0.955402,36.6467,0.0113189,0.00104655,0.144071,4.6153,3.10409
0,85.785036,0.76644666,-1.4593375,0.0093884115,0.59422474,0.38964099,0.20458375,0.49002447,12.546502,6.0238166,2.5955557,0.14407067,7111.557,5.4642097
0,51.58573,0.3013299,-1.343201,0.02289037,0.1156,0.1002376,0.01536245,0.8132894,10.75093,0.6092534,0.2395023,0.1440707,826.0394,4.01691
0,5.8157,0.21491,-0.66147,0.020131,5.4481e-05,2.5526e-05,2.8955e-05,0.8366,8.6695,0.00011065,4.2864e-05,0.14407,0.10192,2.7123
0,10.60797,0.5329231,-1.148509,0.02182216,0.01215514,0.01169387,0.0004612786,0.919211,21.23775,0.1257036,0.02060552,0.1440707,118.4164,3.585002
1,0.17772,0.21762,-1.8623,0.019956,,,,,,,,,,
0,24.7067893,0.4743669214,-1.813782013,0.01092157333,0.9987833737,0.7792173227,0.219566051,0.002481743112,0.02328234818,7.455867241,0,0.1440706667,247274.6129,52.63676771
0,6.99623,0.604297,-0.986981,0.0136779,0.00256049,0.00242411,0.000136381,0.933419,24.316,0.029548,0.00412846,0.144071,16.7672,3.30329
0,6.4562,0.22372,-0.9592,0.011504,0.0020982,0.0020201,7.8137e-05,0.84078,9.0062,0.0091158,0.0034351,0.14407,4.8251,3.2092
1,0.26297,0.64559,-1.9166,0.021204,,,,,,,,,,
0,7.05057,0.311134,-1.02495,0.00846276,0.00654418,0.00634996,0.000194218,0.877084,12.4696,0.0398514,0.0108664,0.144071,14.902,3.33484
2,1.1522756,0.7904447672,-1.741583413,0.01214671507,0.03296086043,-0.01113594619,0.04409680662,-2.7601149,30.83690244,-0.1775512863,0,0.1440706667,-116492.2905,-20.96692318
0,5.61199,0.857245,-0.658478,0.0136897,9.59721e-05,3.5818e-05,6.01542e-05,0.953268,34.5795,0.000619343,6.06569e-05,0.144071,0.343332,2.7718
0,0.4306913,0.565260053,-1.8276943,0.00873419062,0,0,0,17.5607779,22.8036025,0,0,0.144070667,40924.0137,12.4883161
0,47.259663,0.22046389,-1.41385,0.016487274,0.26081601,0.19345555,0.067360464,0.67232264,6.5742345,0.86028793,0.82399489,0.14407067,1514.1823,4.2523222
0,47.98236,0.6484037,-1.18502,0.01423811,0.02942314,0.02776305,0.001660092,0.9201024,25.38812,0.3631097,0.05047823,0.1440707,226.0416,3.675631
0,32.2689,0.269309,-1.16703,0.0160136,0.0204643,0.0200585,0.000405789,0.852562,10.6421,0.108962,0.03562,0.144071,81.1559,3.57687
0,5.76355,0.612677,-0.756637,0.0244699,0.000104563,7.06897e-05,3.38731e-05,0.935828,24.7139,0.0008736,0.000119733,0.144071,0.88192,2.91854
0,4.77607,0.881238,-0.606163,0.0197225,5.38253e-05,1.26976e-05,4.11277e-05,0.954508,35.5488,0.000225704,2.15017e-05,0.144071,0.180019,2.68628
0,6.18304,0.366043,-0.866178,0.0203089,0.000389319,0.000347533,4.17855e-05,0.8969,14.7611,0.00256598,0.000589156,0.144071,2.24455,3.07634
0,5.05287,0.391307,-0.681226,0.0235105,5.9015e-05,2.79342e-05,3.10808e-05,0.903105,15.7851,0.000220485,4.73053e-05,0.144071,0.221574,2.77202
0,5.10191,0.437482,-0.586722,0.0141937,6.57984e-05,1.37449e-05,5.20535e-05,0.912428,17.6476,0.00012129,2.32749e-05,0.144071,0.0728294,2.62032
0,26.2924093,0.809099275,-1.64369221,0.0139210047,0.630472921,0.428121479,0.202351442,0.639994778,12.0615535,6.98705238,0,0.144070667,55885.567,15.2256152
0,23.3006417,0.5178650094,-1.812264217,0.02399410653,0.7278441575,0.3966561353,0.3311880223,-1.20385197,5.685771418,4.143390964,0,0.1440706667,-122084.0547,-21.98448129
0,14.8481,0.282124,-1.12518,0.0190156,0.0102771,0.0100629,0.000214196,0.864165,11.2644,0.0572649,0.0175232,0.144071,49.5076,3.50348
0,51.368227,0.33688816,-1.426943,0.01045133,0.46829246,0.32308202,0.14521045,0.5574673,7.2262624,2.1954508,1.5379425,0.14407067,2374.8889,4.4556764
0,6.11936,0.939696,-0.858888,0.0113134,0.000666322,0.000568038,9.82836e-05,0.956817,37.8838,0.0107669,0.000963068,0.144071,4.91712,3.10987
0,32.999186,0.41027414,-1.3518283,0.018556945,0.14187187,0.10827358,0.033598299,0.81416344,14.203044,0.89602843,0.33005177,0.14407067,1217.8554,4.1215683
2,19.1100786,0.6227946037,-1.605312423,0.01203652632,0.1540919746,-0.5665670136,0.7206589882,-0.1192573523,21.25314241,-7.117398738,0,0.1440706667,-322783.4467,-61.21395604
2,21.7503099,0.971779724948459,-1.67328568199755,0.0212869822853725,-6470.20782382368,-6816.51191464576,346.304090822077,-0.0195597752685515,253692.92011344,-133614.995816402,0,0.144070666666667,-56247457415.0827,-10922342.6014426
2,20.544298,0.67147482,-1.5365969,0.0090994519,-0.93331759,-1.0074378,0.074120198,4.3445839,52.370666,-13.644987,0,0.14407067,9032.0754,5.9266863
0,25.7717283,0.7543870338,-1.727033115,0.01736116771,0.8109021346,0.5986034077,0.2122987269,0.3504974387,5.754876497,9.108745554,0,0.1440706667,142015.8146,32.08197347
0,17.3906,0.882666,-1.09045,0.0176688,0.00741386,0.00699025,0.000423607,0.949785,35.3443,0.124456,0.0120729,0.144071,90.4792,3.50769
2,0.7708187,0.7644896061153927,-1.864727451332505,0.02355426114059388,-0.3225924776527551,-0.3225924776527551,0,-6.445859608964999e-08,40.78991493537936,-4.974517829408031,0,0.1440706666666666,-32090604777628.39,-6231474719.725716
0,29.615587,0.736027496,-1.63005178,0.0241141578,0.49404849,0.395711704,0.0983367857,0.874064162,15.0230496,5.87486788,0,0.144070667,42775.5104,12.6524779
0,32.2992,0.461087,-1.08291,0.017694,0.00657547,0.00635911,0.000216359,0.912397,18.4788,0.0591432,0.0109432,0.144071,44.6989,3.45503
0,2.2802221,0.968090648296,-1.71750903049,0.024613561571,5.51307482929e-05,5.51307482929e-05,2.12503625807e-17,-0.00791813059221,39.0523566941,0.0010765521747,0,0.144070666667,-37746835.5476,-7328.49007209
0,4.93495,0.624139,-0.539502,0.0191051,4.63248e-05,5.5678e-06,4.0757e-05,0.936968,25.1777,7.00956e-05,9.42809e-06,0.144071,0.0551699,2.55883
0,35.77265,0.265629,-1.350253,0.02390585,0.1010184,0.08538477,0.01563359,0.8003871,9.633444,0.4574895,0.2510719,0.1440707,823.4193,4.02329
0,5.38123,0.7033,-0.680497,0.0200523,7.29845e-05,3.24457e-05,4.05389e-05,0.943643,28.3703,0.00046028,5.49466e-05,0.144071,0.377572,2.79871
0,12.6889472,0.69836821300952,-1.5114646954289,0.012487757442963,0.14669002063979,0.14654994850915,0.00014007213063935,-1.2494077543137e-05,24.040663775303,2.0644069116817,0,0.14407066666667,-1043977315.8302,-202722.49808692
2,15.3026993,0.991125244,-1.56360198,0.0197581509,0.723234263,-0.066459186,0.789693449,0.705142235,11.0661366,-1.32864429,0,0.144070667,16634.6297,7.46136352
0,6.22867,0.553182,-0.813938,0.0134099,0.000333986,0.000269184,6.48022e-05,0.929273,22.3089,0.0030036,0.000456112,0.144071,1.67367,3.00891
1,0.17683,0.95456,-1.9289,0.0099524,,,,,,,,,,
0,4.67319,0.788745,-0.563827,0.0220787,4.27917e-05,6.58494e-06,3.62068e-05,0.949454,31.818,0.000104764,1.11505e-05,0.144071,0.0940384,2.61056
0,23.6067,0.376945,-1.07812,0.0222231,0.00490658,0.00476745,0.000139134,0.896736,15.132,0.0362484,0.00819255,0.144071,35.0182,3.43582
0,12.7342014,0.87984293995,-1.7749728281,0.018109443112,0.33676579437,0.25766019325,0.07910560112,-0.10642488524,23.541126231,4.5727520402,0,0.14407066667,-3541593.3083,-686.20801886
0,13.00666,0.8105637,-1.136155,0.01598253,0.01448085,0.01364763,0.0008332202,0.9413451,32.22607,0.223136,0.02400612,0.1440707,149.7143,3.590776
0,6.3097,0.931012,-0.73361,0.00941994,0.000228659,0.00013661,9.20492e-05,0.95672,37.5501,0.00256544,0.000231389,0.144071,0.975111,2.90069
0,6.10814,0.416168,-0.856961,0.0191882,0.000372078,0.000326799,4.52785e-05,0.908163,16.7827,0.00274331,0.000553945,0.144071,2.23891,3.067
0,19.425649,0.87749017,-1.6081074,0.024998607,0.071208631,0.047477876,0.023730755,13.713684,32.878773,0.84034711,0,0.14407067,4501.181,5.0825857
0,20.7072,0.436372,-1.06198,0.0188663,0.00472912,0.00457373,0.000155384,0.90927,17.5208,0.0402581,0.00784301,0.144071,32.4987,3.41535
0,7.09072,0.2333,-1.04441,0.0146389,0.00481747,0.00470971,0.000107758,0.84462,9.36639,0.0221633,0.00806657,0.144071,14.926,3.35439
0,27.90196,0.88352299,-1.464745,0.024363344,0.56666201,0.046589442,0.52007257,0.84817998,15.445422,0.83029138,0,0.14407067,5421.7196,5.1275378
0,5.00234,0.897861,-0.632486,0.0209494,5.59144e-05,1.67629e-05,3.91515e-05,0.955311,36.2193,0.000303587,2.83863e-05,0.144071,0.256987,2.73091
0,23.0974,0.2959,-1.09338,0.0125101,0.0104855,0.0102474,0.000238163,0.869293,11.8119,0.061162,0.0177044,0.144071,34.3032,3.44988
0,5.48998,0.306289,-0.5264,0.0249797,3.06226e-05,3.5989e-06,2.70237e-05,0.879477,12.3559,2.22345e-05,6.0939e-06,0.144071,0.0243763,2.50375
0,24.9112941,0.4881002907,-1.831779406,0.01199865017,0.9943237587,0.7318455268,0.262478232,0.01165860766,0.1117699561,7.205326406,0,0.1440706667,318409.085,66.48091671
0,76.7115171,0.694073584,-1.49983012,0.0201320523,0.395386739,0.258660332,0.136726407,0.658093891,16.9292746,3.62126674,2.03620079,0.144070667,12019.7786,6.4847666
0,4.78665,0.773606,-0.585693,0.0217949,4.55333e-05,8.83368e-06,3.66997e-05,0.948515,31.2072,0.000137844,1.49585e-05,0.144071,0.122262,2.64592
0,5.15859,0.532619,-0.614429,0.0194382,5.38777e-05,1.43265e-05,3.95512e-05,0.926928,21.4856,0.000153916,2.42601e-05,0.144071,0.124591,2.67563
0,23.1556465,0.923631089,-1.719150908,0.01726697093,0.2484714158,0.07187841569,0.1765930001,1.487077968,28.00265516,1.339128365,0,0.1440706667,147190.764,33.08082149
0,23.9879724,0.450439397,-1.6803526,0.0099048511,0.569081535,0.356437689,0.212643846,0.754026846,7.83044851,3.23850937,0,0.144070667,49315.1825,13.9799868
0,5.37769,0.352605,-0.560411,0.0180462,4.65558e-05,7.71058e-06,3.88452e-05,0.893612,14.224,5.48404e-05,1.30563e-05,0.144071,0.0427484,2.56663
0,5.10294,0.633463,-0.691976,0.00903378,0.000172222,8.34561e-05,8.87664e-05,0.937757,25.5506,0.00106636,0.000141341,0.144071,0.396539,2.81271
0,18.3560617,0.2458282055,-1.826810807,0.02487878832,0.2977931822,0.2454113614,0.05238182082,1.332901047,6.963890263,1.216890627,0,0.1440706667,162796.1035,36.22396287
0,0.4454824,0.57392064,-1.83220047,0.0158506214,0,0,0,12.6547029,23.152986,0,0,0.144070667,61095.748,16.430436
0,6.17718,0.707573,-0.883672,0.0222718,0.000446583,0.000396625,4.9958e-05,0.943723,28.532,0.00566078,0.000672588,0.144071,5.16213,3.1372
0,17.34052,0.9321462,-1.13323,0.01633182,0.01380472,0.01288465,0.0009200668,0.947894,37.08533,0.24226,0.02262632,0.1440707,164.789,3.595707
0,0.4380192,0.9315464729691,-1.730437276005,0.02302451020199,0,0,0,-0.001043296788721,37.58025234553,0,0,0.1440706666667,-325482243.0473,-63202.13495872
0,7.1317569,0.3439578314486,-1.506713330537,0.01997302687456,0.2755687881748,0.2430478288115,0.03252095936333,-1.525932019941e-05,10.05211669755,1.686250604901,0,0.1440706666667,-336252799.2899,-65293.82760626
0,0.308,0.20098,-0.54826,0.022037,0,0,0,4.5179,8.1078,0,0,0.14407,0.0041229,2.4343
0,47.6031,0.493241,-1.09629,0.0161548,0.00853508,0.00824264,0.000292435,0.916143,19.7284,0.082007,0.0142319,0.144071,56.4327,3.48266
0,4.46771,0.997516,-0.603866,0.0233895,4.53546e-05,1.03956e-05,3.4959e-05,0.959598,40.2397,0.000209168,1.76037e-05,0.144071,0.196801,2.68857
0,4.88138,0.557397,-0.556226,0.012578,7.15481e-05,1.04834e-05,6.10647e-05,0.929936,22.4848,0.000117867,1.77521e-05,0.144071,0.0615369,2.58116
0,4.94401,0.676743,-0.588442,0.00912612,0.000108358,2.18541e-05,8.65042e-05,0.941539,27.2981,0.000298319,3.70077e-05,0.144071,0.111612,2.64398
0,23.21553,0.3598803,-1.203727,0.02364632,0.02167343,0.02103606,0.0006373663,0.8819279,14.20356,0.1527031,0.03864993,0.1440707,167.7698,3.667704
0,29.699426,0.4952023,-1.3347529,0.020620535,0.10890665,0.08319122,0.02571543,0.85045457,17.801681,0.83096996,0.23852526,0.14407067,1173.4958,4.0939725
0,45.0897,0.381903,-1.316351,0.01236825,0.1427465,0.1223128,0.02043366,0.8084018,13.20741,0.9422153,0.3139587,0.1440707,723.1167,3.963236
2,1.3898125,0.94940860423,-1.9653366443,0.019950581063,0.15804852512,-0.35609047968,0.5141390048,-1.3755781287,32.247450998,-6.819282724,0,0.14407066667,-4328715.1173,-838.87425006
0,5.20297,0.667502,-0.638538,0.0117483,0.000100234,3.22991e-05,6.79349e-05,0.940784,26.9255,0.000434878,5.47095e-05,0.144071,0.209676,2.7265
0,47.01712,0.4329523,-1.262938,0.01802791,0.05840284,0.05399383,0.004409006,0.8740304,16.446,0.4715301,0.1084615,0.1440707,419.3651,3.822846
0,30.7801153,0.43598366,-1.7776753,0.0184203145,0.876117969,0.591634485,0.284483484,0.612144477,2.17888193,5.20294055,0,0.144070667,59002.4443,15.9676339
0,6.74887,0.961502,-0.963532,0.0185305,0.00143671,0.00132612,0.000110593,0.957243,38.733,0.0257192,0.0022548,0.144071,19.2705,3.28748
0,48.4375,0.934508,-1.03899,0.0157839,0.00434741,0.00408127,0.000266134,0.95419,37.5358,0.0769314,0.00697815,0.144071,49.3859,3.41715
0,18.129,0.934683,-1.00747,0.0202723,0.0022746,0.00212651,0.000148095,0.95555,37.621,0.0400919,0.0036243,0.144071,32.9718,3.36168
0,5.93453,0.920514,-0.774731,0.0186006,0.00016589,0.000117315,4.85751e-05,0.95629,37.129,0.00217825,0.000198727,0.144071,1.63586,2.96853
0,29.1573681,0.3403412417,-1.767562626,0.01479588126,0.9836709308,0.7142366636,0.2694342672,0.02831412702,0.2241977109,4.903225752,0,0.1440706667,115267.0633,26.91760669
0,5.74985,0.788582,-0.656771,0.0230928,5.59871e-05,2.07732e-05,3.52139e-05,0.949436,31.811,0.000330428,3.51782e-05,0.144071,0.310241,2.76488
0,28.30152,0.6075431,-1.163899,0.01383006,0.02320116,0.02213507,0.001066091,0.9203961,23.94073,0.2712584,0.03961949,0.1440707,162.4549,3.62519
0,17.6466899,0.3765152402,-1.877226915,0.009054543644,0.9756169073,0.7696551535,0.2059617538,0.05164502749,0.3703620809,5.845261056,0,0.1440706667,427003.5941,87.62873422
0,5.7389,0.21236,-0.74926,0.019298,0.00011221,8.154e-05,3.0669e-05,0.83493,8.5662,0.00034928,0.0001381,0.14407,0.31166,2.8576
0,6.10887,0.868636,-0.890257,0.0117511,0.000922451,0.000817777,0.000104674,0.953315,35.01,0.0143284,0.00138726,0.144071,6.82386,3.15845
0,0.7825427,0.353519788,-1.94707408,0.0126348527,0.14350132,0.143501201,1.191209e-07,21.205218,12.2150597,1.02327988,0,0.144070667,84124.9904,21.0336501
2,28.4700633,0.3770518948011374,-1.788724463149606,0.01192884041258374,-7487.437135452235,-13158.78123181842,5671.344096366183,-0.001925164454853883,113906.2310364426,-100078.7713135416,0,0.1440706666666666,-1130334650713.184,-219492646.5978194
0,74.129105,0.53594479,-1.4588245,0.017979727,0.34255853,0.23036992,0.11218862,0.68691074,14.214524,2.4904108,1.3464112,0.14407067,5709.9214,5.1802426
0,15.1778,0.264279,-1.06194,0.00862013,0.0102101,0.00997727,0.000232829,0.856695,10.5526,0.0531863,0.0171573,0.144071,20.7651,3.39002
0,5.42798,0.442163,-0.591643,0.0203783,4.65291e-05,1.01983e-05,3.63308e-05,0.913287,17.8368,9.09569e-05,1.72691e-05,0.144071,0.0783404,2.62899
0,40.4017,0.523423,-1.08864,0.0183748,0.00683133,0.00658365,0.000247678,0.921406,20.9716,0.0695096,0.011342,0.144071,54.0667,3.47235
0,6.05734,0.282105,-0.909915,0.0185856,0.000711247,0.000665429,4.58183e-05,0.870065,11.3725,0.0037865,0.00112907,0.144071,3.12637,3.13728
0,6.2278,0.848579,-0.915012,0.00897347,0.0016243,0.00147055,0.000153753,0.951822,34.1776,0.0251708,0.00249673,0.144071,9.16971,3.19884
1,0.32395,0.88408,-1.8659,0.022015,,,,,,,,,,
0,69.40055,0.822693,-1.262449,0.02183304,0.05229511,0.04197059,0.01032452,0.916924,31.45329,0.696479,0.08899718,0.1440707,759.732,3.918982
0,37.73779,0.234884,-1.356084,0.01905586,0.1294964,0.1111901,0.01830637,0.7677562,8.24858,0.5267987,0.3394706,0.1440707,792.1799,4.021068
0,1.0620137,0.4326887925132,-1.838713106248,0.0187774424213,0.6209941467105,0.00347464509447,0.617519501616,-0.000567161459592,6.615714112227,0.03032573031122,0,0.1440706666667,-423502860.7813,-82236.053614
1,0.24178,0.95218,-1.8697,0.0093772,,,,,,,,,,
0,5.80019,0.332123,-0.587345,0.0192784,4.60241e-05,1.02012e-05,3.58229e-05,0.887789,13.3978,6.834e-05,1.72738e-05,0.144071,0.0572824,2.6086
0,5.76036,0.468692,-0.634266,0.0126533,8.79037e-05,2.8395e-05,5.95087e-05,0.917764,18.9062,0.000268444,4.80844e-05,0.144071,0.142862,2.7025
1,0.2708,0.82792,-1.9708,0.02252,,,,,,,,,,
